/*--------------------------------*- C++ -*----------------------------------*\
| =========                 |                                                 |
| \\      /  F ield         | OpenFOAM: The Open Source CFD Toolbox           |
|  \\    /   O peration     | Version:  2606                                  |
|   \\  /    A nd           | Website:  www.openfoam.com                      |
|    \\/     M anipulation  |                                                 |
\*---------------------------------------------------------------------------*/
FoamFile
{
    version     2.0;
    format      ascii;
    arch        "LSB;label=32;scalar=64";
    note        "nPoints:18427  nCells:10864  nFaces:39902  nInternalFaces:25282";
    class       labelList;
    location    "constant/Trenton_3U_BAM_2/polyMesh";
    object      neighbour;
}
// * * * * * * * * * * * * * * * * * * * * * * * * * * * * * * * * * * * * * //


25282
(
1
16
608
2
17
609
3
18
610
4
19
611
5
20
612
6
21
613
7
22
614
8
23
615
9
24
616
10
25
617
11
26
618
12
27
619
13
28
620
14
29
621
15
30
622
31
623
17
32
624
18
33
19
34
20
35
21
36
22
37
23
38
24
39
25
40
26
41
27
42
28
43
29
44
30
45
31
46
47
625
33
48
626
34
49
35
50
36
51
37
52
38
53
39
54
40
55
41
56
42
57
43
58
44
59
45
60
46
61
47
62
63
627
49
64
628
50
65
51
66
52
67
53
68
54
69
55
70
56
71
57
72
58
73
59
74
60
75
61
76
62
77
63
78
79
629
65
80
630
66
81
67
82
68
83
69
84
70
85
71
86
72
87
73
88
74
89
75
90
76
91
77
92
78
93
79
94
95
631
81
96
632
82
97
83
98
84
99
85
100
86
101
87
102
88
103
89
104
90
105
91
106
92
107
93
108
94
109
95
110
111
633
97
112
634
98
113
99
114
100
115
101
116
102
117
103
118
104
119
105
120
106
121
107
122
108
123
109
124
110
125
111
126
127
635
113
128
636
114
129
115
130
116
131
117
132
118
133
119
134
120
135
121
136
122
137
123
138
124
139
125
140
126
141
127
142
143
637
129
144
638
130
145
131
146
132
147
133
148
134
149
135
150
136
151
137
152
138
153
139
154
140
155
141
156
142
157
143
158
159
639
145
160
640
146
161
147
162
148
163
149
164
150
165
151
166
152
167
153
168
154
169
155
170
156
171
157
172
158
173
159
174
175
641
161
176
642
162
177
163
178
164
179
165
180
166
181
167
182
168
183
169
184
170
185
171
186
172
187
173
188
174
189
175
190
191
643
177
192
644
178
193
179
194
180
195
181
196
182
197
183
198
184
199
185
200
186
201
187
202
188
203
189
204
190
205
191
206
207
645
193
208
646
194
209
195
210
196
211
197
212
198
213
199
214
200
215
201
216
202
217
203
218
204
219
205
220
206
221
207
222
223
647
209
224
648
210
225
211
226
212
227
213
228
214
229
215
230
216
231
217
232
218
233
219
234
220
235
221
236
222
237
223
238
239
649
225
240
650
226
241
227
242
228
243
229
244
230
245
231
246
232
247
233
248
234
249
235
250
236
251
237
252
238
253
239
254
255
651
241
256
652
242
257
243
258
244
259
245
260
246
261
247
262
248
263
249
264
250
265
251
266
252
267
253
268
254
269
255
270
271
653
257
272
654
258
273
259
274
260
275
261
276
262
277
263
278
264
279
265
280
266
281
267
282
268
283
269
284
270
285
271
286
287
655
273
288
656
274
289
275
290
276
291
277
292
278
293
279
294
280
295
281
296
282
297
283
298
284
299
285
300
286
301
287
302
303
657
289
304
658
290
305
291
306
292
307
293
308
294
309
295
310
296
311
297
312
298
313
299
314
300
315
301
316
302
317
303
318
319
659
305
320
660
306
321
307
322
308
323
309
324
310
325
311
326
312
327
313
328
314
329
315
330
316
331
317
332
318
333
319
334
335
661
321
336
662
322
337
323
338
324
339
325
340
326
341
327
342
328
343
329
344
330
345
331
346
332
347
333
348
334
349
335
350
351
663
337
352
664
338
353
339
354
340
355
341
356
342
357
343
358
344
359
345
360
346
361
347
362
348
363
349
364
350
365
351
366
367
665
353
368
666
354
369
355
370
356
371
357
372
358
373
359
374
360
375
361
376
362
377
363
378
364
379
365
380
366
381
367
382
383
667
369
384
668
370
385
371
386
372
387
373
388
374
389
375
390
376
391
377
392
378
393
379
394
380
395
381
396
382
397
383
398
399
669
385
400
670
386
401
387
402
388
403
389
404
390
405
391
406
392
407
393
408
394
409
395
410
396
411
397
412
398
413
399
414
415
671
401
416
672
402
417
403
418
404
419
405
420
406
421
407
422
408
423
409
424
410
425
411
426
412
427
413
428
414
429
415
430
431
673
417
432
674
418
433
419
434
420
435
421
436
422
437
423
438
424
439
425
440
426
441
427
442
428
443
429
444
430
445
431
446
447
675
433
448
676
434
449
435
450
436
451
437
452
438
453
439
454
440
455
441
456
442
457
443
458
444
459
445
460
446
461
447
462
463
677
449
464
678
450
465
451
466
452
467
453
468
454
469
455
470
456
471
457
472
458
473
459
474
460
475
461
476
462
477
463
478
479
679
465
480
680
466
481
467
482
468
483
469
484
470
485
471
486
472
487
473
488
474
489
475
490
476
491
477
492
478
493
479
494
495
681
481
496
682
482
497
483
498
484
499
485
500
486
501
487
502
488
503
489
504
490
505
491
506
492
507
493
508
494
509
495
510
511
683
497
512
684
498
513
499
514
500
515
501
516
502
517
503
518
504
519
505
520
506
521
507
522
508
523
509
524
510
525
511
526
527
685
513
528
686
514
529
515
530
516
531
517
532
518
533
519
534
520
535
521
536
522
537
523
538
524
539
525
540
526
541
527
542
543
687
529
544
688
530
545
531
546
532
547
533
548
534
549
535
550
536
551
537
552
538
553
539
554
540
555
541
556
542
557
543
558
559
689
545
560
690
546
561
547
562
548
563
549
564
550
565
551
566
552
567
553
568
554
569
555
570
556
571
557
572
558
573
559
574
575
691
561
576
692
562
577
563
578
564
579
565
580
566
581
567
582
568
583
569
584
570
585
571
586
572
587
573
588
574
589
575
590
591
693
577
592
694
578
593
579
594
580
595
581
596
582
597
583
598
584
599
585
600
586
601
587
602
588
603
589
604
590
605
591
606
607
695
593
696
594
697
595
698
596
699
597
700
598
701
599
702
600
703
601
704
602
705
603
706
604
707
605
708
606
709
607
710
711
609
624
712
610
713
611
714
612
613
614
615
616
617
618
619
620
621
622
715
623
716
625
717
626
718
627
719
628
720
629
721
630
722
631
723
632
724
633
725
634
726
635
727
636
728
637
729
638
730
639
731
640
732
641
733
642
734
643
735
644
736
645
737
646
738
647
739
648
740
649
741
650
742
651
743
652
744
653
745
654
746
655
747
656
748
657
749
658
750
659
751
660
752
661
753
662
754
663
755
664
756
665
757
666
758
667
759
668
760
669
761
670
762
671
763
672
764
673
765
674
766
675
767
676
768
677
769
678
770
679
771
680
772
681
773
682
774
683
775
684
776
685
777
686
778
687
779
688
780
689
781
690
782
691
783
692
784
693
785
694
786
695
787
696
788
711
789
697
790
698
791
699
700
701
702
703
704
705
706
707
708
709
710
711
792
793
713
718
794
714
795
796
716
797
717
798
719
799
720
800
721
801
722
802
723
803
724
804
725
805
726
806
727
807
728
808
729
809
730
810
731
811
732
812
733
813
734
814
735
815
736
816
737
817
738
818
739
819
740
820
741
821
742
822
743
823
744
824
745
825
746
826
747
827
748
828
749
829
750
830
751
831
752
832
753
833
754
834
755
835
756
836
757
837
758
838
759
839
760
840
761
841
762
842
763
843
764
844
765
845
766
846
767
847
768
848
769
849
770
850
771
851
772
852
773
853
774
854
775
855
776
856
777
857
778
858
779
859
780
860
781
861
782
862
783
863
784
864
785
865
786
866
787
867
788
868
789
869
790
870
793
871
791
872
873
793
874
875
795
800
876
796
877
878
798
879
799
880
801
881
802
882
803
883
804
884
805
885
806
886
807
887
808
888
809
889
810
890
811
891
812
892
813
893
814
894
815
895
816
896
817
897
818
898
819
899
820
900
821
901
822
902
823
903
824
904
825
905
826
906
827
907
828
908
829
909
830
910
831
911
832
912
833
913
834
914
835
915
836
916
837
917
838
918
839
919
840
920
841
921
842
922
843
923
844
924
845
925
846
926
847
927
848
928
849
929
850
930
851
931
852
932
853
933
854
934
855
935
856
936
857
937
858
938
859
939
860
940
861
941
862
942
863
943
864
944
865
945
866
946
867
947
868
948
869
949
870
950
871
951
872
952
875
953
873
954
955
875
956
957
877
882
958
878
959
960
880
961
881
962
883
963
884
964
885
965
886
966
887
967
888
968
889
969
890
970
891
971
892
972
893
973
894
974
895
975
896
976
897
977
898
978
899
979
900
980
901
981
902
982
903
983
904
984
905
985
906
986
907
987
908
988
909
989
910
990
911
991
912
992
913
993
914
994
915
995
916
996
917
997
918
998
919
999
920
1000
921
1001
922
1002
923
1003
924
1004
925
1005
926
1006
927
1007
928
1008
929
1009
930
1010
931
1011
932
1012
933
1013
934
1014
935
1015
936
1016
937
1017
938
1018
939
1023
940
1024
941
1029
942
1030
943
1035
944
1036
945
1041
946
1042
947
1047
948
1048
949
1053
950
1054
951
1055
952
1056
953
1057
954
1058
957
1059
955
1060
1061
957
1062
1063
959
964
1064
960
1065
1066
962
1067
963
1068
965
1069
966
1070
967
1071
968
1072
969
1073
970
1074
971
1075
972
1076
973
1077
974
1078
975
1079
976
1080
977
1081
978
1082
979
1083
980
1084
981
1085
982
1086
983
1087
984
1088
985
1089
986
1090
987
1091
988
1092
989
1093
990
1094
991
1095
992
1096
993
1097
994
1098
995
1099
996
1100
997
1101
998
1102
999
1103
1000
1104
1001
1105
1002
1106
1003
1107
1004
1108
1005
1109
1006
1110
1007
1111
1008
1112
1009
1113
1010
1114
1011
1115
1012
1116
1013
1117
1014
1118
1015
1119
1016
1120
1017
1121
1018
1122
1023
1123
1024
1124
1020
1025
1125
1021
1026
1126
1022
1027
1127
1028
1128
1029
1129
1030
1130
1026
1031
1131
1027
1032
1132
1028
1033
1133
1034
1134
1035
1135
1036
1136
1032
1037
1137
1033
1038
1138
1034
1039
1139
1040
1140
1041
1141
1042
1142
1038
1043
1143
1039
1044
1144
1040
1045
1145
1046
1146
1047
1147
1048
1148
1044
1049
1149
1045
1050
1150
1046
1051
1151
1052
1152
1053
1153
1054
1154
1050
1155
1051
1156
1052
1157
1158
1055
1159
1056
1160
1057
1161
1058
1162
1059
1163
1060
1164
1063
1165
1061
1166
1167
1063
1168
1169
1065
1070
1170
1066
1171
1172
1068
1173
1069
1174
1071
1175
1072
1176
1073
1177
1074
1178
1075
1179
1076
1180
1077
1181
1078
1182
1079
1183
1080
1184
1081
1185
1082
1186
1083
1187
1084
1188
1085
1189
1086
1190
1087
1191
1088
1192
1089
1193
1090
1194
1091
1195
1092
1196
1093
1197
1094
1198
1095
1199
1096
1200
1097
1201
1098
1202
1099
1203
1100
1204
1101
1205
1102
1206
1103
1207
1104
1208
1105
1209
1106
1210
1107
1211
1108
1212
1109
1213
1110
1214
1111
1215
1112
1216
1113
1217
1114
1218
1115
1219
1116
1220
1117
1221
1118
1222
1119
1223
1120
1224
1121
1225
1122
1226
1123
1227
1124
1228
1129
1229
1130
1230
1126
1131
1231
1127
1132
1232
1128
1133
1233
1134
1234
1135
1235
1136
1236
1132
1137
1237
1133
1138
1238
1134
1139
1239
1140
1240
1141
1241
1142
1242
1138
1143
1243
1139
1144
1244
1140
1145
1245
1146
1246
1147
1247
1148
1248
1144
1149
1249
1145
1150
1250
1146
1151
1251
1152
1252
1153
1253
1154
1254
1150
1155
1255
1151
1156
1256
1152
1157
1257
1158
1258
1159
1259
1160
1260
1156
1261
1157
1262
1158
1263
1264
1161
1265
1162
1266
1163
1267
1164
1268
1165
1269
1166
1270
1169
1271
1167
1272
1273
1169
1274
1275
1171
1176
1276
1172
1277
1278
1174
1279
1175
1280
1177
1281
1178
1282
1179
1283
1180
1284
1181
1285
1182
1286
1183
1287
1184
1288
1185
1289
1186
1290
1187
1291
1188
1292
1189
1293
1190
1294
1191
1295
1192
1296
1193
1297
1194
1298
1195
1303
1196
1304
1197
1309
1198
1310
1199
1315
1200
1316
1201
1321
1202
1322
1203
1327
1204
1328
1205
1333
1206
1334
1207
1339
1208
1340
1209
1345
1210
1346
1211
1351
1212
1352
1213
1357
1214
1358
1215
1363
1216
1364
1217
1369
1218
1370
1219
1375
1220
1376
1221
1381
1222
1382
1223
1387
1224
1388
1225
1393
1226
1394
1227
1399
1228
1400
1229
1401
1230
1402
1235
1403
1236
1404
1232
1237
1405
1233
1238
1406
1234
1239
1407
1240
1408
1241
1409
1242
1410
1238
1243
1411
1239
1244
1412
1240
1245
1413
1246
1414
1247
1415
1248
1416
1244
1249
1417
1245
1250
1418
1246
1251
1419
1252
1420
1253
1421
1254
1422
1250
1255
1423
1251
1256
1424
1252
1257
1425
1258
1426
1259
1427
1260
1428
1256
1261
1429
1257
1262
1430
1258
1263
1431
1264
1432
1265
1433
1266
1434
1262
1435
1263
1436
1264
1437
1438
1267
1439
1268
1440
1269
1441
1270
1442
1271
1443
1272
1444
1275
1445
1273
1446
1447
1275
1448
1449
1277
1282
1450
1278
1451
1452
1280
1453
1281
1454
1283
1455
1284
1456
1285
1457
1286
1458
1287
1459
1288
1460
1289
1461
1290
1462
1291
1463
1292
1464
1293
1465
1294
1466
1295
1467
1296
1468
1297
1469
1298
1470
1303
1471
1304
1472
1300
1305
1473
1301
1306
1474
1302
1307
1475
1308
1476
1309
1477
1310
1478
1306
1311
1479
1307
1312
1480
1308
1313
1481
1314
1482
1315
1483
1316
1484
1312
1317
1485
1313
1318
1486
1314
1319
1487
1320
1488
1321
1489
1322
1490
1318
1323
1491
1319
1324
1492
1320
1325
1493
1326
1494
1327
1495
1328
1496
1324
1329
1497
1325
1330
1498
1326
1331
1499
1332
1500
1333
1501
1334
1502
1330
1335
1503
1331
1336
1504
1332
1337
1505
1338
1506
1339
1507
1340
1508
1336
1341
1509
1337
1342
1510
1338
1343
1511
1344
1512
1345
1513
1346
1514
1342
1347
1515
1343
1348
1516
1344
1349
1517
1350
1518
1351
1519
1352
1520
1348
1353
1521
1349
1354
1522
1350
1355
1523
1356
1524
1357
1525
1358
1526
1354
1359
1527
1355
1360
1528
1356
1361
1529
1362
1530
1363
1531
1364
1532
1360
1365
1533
1361
1366
1534
1362
1367
1535
1368
1536
1369
1537
1370
1538
1366
1371
1539
1367
1372
1540
1368
1373
1541
1374
1542
1375
1543
1376
1544
1372
1377
1545
1373
1378
1546
1374
1379
1547
1380
1548
1381
1549
1382
1550
1378
1383
1551
1379
1384
1552
1380
1385
1553
1386
1554
1387
1555
1388
1556
1384
1389
1557
1385
1390
1558
1386
1391
1559
1392
1560
1393
1561
1394
1562
1390
1395
1563
1391
1396
1564
1392
1397
1565
1398
1566
1399
1567
1400
1568
1396
1569
1397
1570
1398
1571
1572
1401
1573
1402
1574
1403
1575
1404
1576
1409
1577
1410
1578
1406
1411
1579
1407
1412
1580
1408
1413
1581
1414
1582
1415
1583
1416
1584
1412
1417
1585
1413
1418
1586
1414
1419
1587
1420
1588
1421
1589
1422
1590
1418
1423
1591
1419
1424
1592
1420
1425
1593
1426
1594
1427
1595
1428
1596
1424
1429
1597
1425
1430
1598
1426
1431
1599
1432
1600
1433
1601
1434
1602
1430
1435
1603
1431
1436
1604
1432
1437
1605
1438
1606
1439
1607
1440
1608
1436
1609
1437
1610
1438
1611
1612
1441
1613
1442
1614
1443
1615
1444
1616
1445
1617
1446
1618
1449
1619
1447
1620
1621
1449
1622
1623
1451
1456
1624
1452
1625
1626
1454
1627
1455
1628
1457
1629
1458
1630
1459
1631
1460
1632
1461
1633
1462
1634
1463
1635
1464
1636
1465
1637
1466
1638
1467
1639
1468
1640
1469
1641
1470
1642
1471
1643
1472
1644
1477
1645
1478
1646
1474
1479
1647
1475
1480
1648
1476
1481
1649
1482
1650
1483
1651
1484
1652
1480
1485
1653
1481
1486
1654
1482
1487
1655
1488
1656
1489
1657
1490
1658
1486
1491
1659
1487
1492
1660
1488
1493
1661
1494
1662
1495
1663
1496
1664
1492
1497
1665
1493
1498
1666
1494
1499
1667
1500
1668
1501
1669
1502
1670
1498
1503
1671
1499
1504
1672
1500
1505
1673
1506
1674
1507
1675
1508
1676
1504
1509
1677
1505
1510
1678
1506
1511
1679
1512
1680
1513
1681
1514
1682
1510
1515
1683
1511
1516
1684
1512
1517
1685
1518
1686
1519
1687
1520
1688
1516
1521
1689
1517
1522
1690
1518
1523
1691
1524
1692
1525
1693
1526
1694
1522
1527
1695
1523
1528
1696
1524
1529
1697
1530
1698
1531
1699
1532
1700
1528
1533
1701
1529
1534
1702
1530
1535
1703
1536
1704
1537
1705
1538
1706
1534
1539
1707
1535
1540
1708
1536
1541
1709
1542
1710
1543
1711
1544
1712
1540
1545
1713
1541
1546
1714
1542
1547
1715
1548
1716
1549
1717
1550
1718
1546
1551
1719
1547
1552
1720
1548
1553
1721
1554
1722
1555
1723
1556
1724
1552
1557
1725
1553
1558
1726
1554
1559
1727
1560
1728
1561
1729
1562
1730
1558
1563
1731
1559
1564
1732
1560
1565
1733
1566
1734
1567
1735
1568
1736
1564
1569
1737
1565
1570
1738
1566
1571
1739
1572
1740
1573
1741
1574
1742
1570
1743
1571
1744
1572
1745
1746
1575
1747
1576
1748
1577
1749
1578
1750
1583
1751
1584
1752
1580
1585
1753
1581
1586
1754
1582
1587
1755
1588
1756
1589
1757
1590
1758
1586
1591
1759
1587
1592
1760
1588
1593
1761
1594
1762
1595
1763
1596
1764
1592
1597
1765
1593
1598
1766
1594
1599
1767
1600
1768
1601
1769
1602
1770
1598
1603
1771
1599
1604
1772
1600
1605
1773
1606
1774
1607
1775
1608
1776
1604
1609
1777
1605
1610
1778
1606
1611
1779
1612
1780
1613
1781
1614
1782
1610
1783
1611
1784
1612
1785
1786
1615
1787
1616
1788
1617
1789
1618
1790
1619
1791
1620
1792
1623
1793
1621
1794
1795
1623
1796
1797
1625
1630
1798
1626
1799
1800
1628
1801
1629
1802
1631
1803
1632
1804
1633
1805
1634
1806
1635
1807
1636
1808
1637
1809
1638
1810
1639
1811
1640
1812
1641
1813
1642
1814
1643
1815
1644
1816
1645
1817
1646
1818
1651
1819
1652
1820
1648
1653
1821
1649
1654
1822
1650
1655
1823
1656
1824
1657
1825
1658
1826
1654
1659
1827
1655
1660
1828
1656
1661
1829
1662
1830
1663
1831
1664
1832
1660
1665
1833
1661
1666
1834
1662
1667
1835
1668
1836
1669
1837
1670
1838
1666
1671
1839
1667
1672
1840
1668
1673
1841
1674
1842
1675
1843
1676
1844
1672
1677
1845
1673
1678
1846
1674
1679
1847
1680
1848
1681
1849
1682
1850
1678
1683
1851
1679
1684
1852
1680
1685
1853
1686
1854
1687
1855
1688
1856
1684
1689
1857
1685
1690
1858
1686
1691
1859
1692
1860
1693
1861
1694
1862
1690
1695
1863
1691
1696
1864
1692
1697
1865
1698
1866
1699
1867
1700
1868
1696
1701
1869
1697
1702
1870
1698
1703
1871
1704
1872
1705
1873
1706
1874
1702
1707
1875
1703
1708
1876
1704
1709
1877
1710
1878
1711
1879
1712
1880
1708
1713
1881
1709
1714
1882
1710
1715
1883
1716
1884
1717
1885
1718
1886
1714
1719
1887
1715
1720
1888
1716
1721
1889
1722
1890
1723
1891
1724
1892
1720
1725
1893
1721
1726
1894
1722
1727
1895
1728
1896
1729
1897
1730
1898
1726
1731
1899
1727
1732
1900
1728
1733
1901
1734
1902
1735
1903
1736
1904
1732
1737
1905
1733
1738
1906
1734
1739
1907
1740
1908
1741
1909
1742
1910
1738
1743
1911
1739
1744
1912
1740
1745
1913
1746
1914
1747
1915
1748
1916
1744
1917
1745
1918
1746
1919
1920
1749
1921
1750
1922
1751
1923
1752
1924
1757
1925
1758
1926
1754
1759
1927
1755
1760
1928
1756
1761
1929
1762
1930
1763
1931
1764
1932
1760
1765
1933
1761
1766
1934
1762
1767
1935
1768
1936
1769
1937
1770
1938
1766
1771
1939
1767
1772
1940
1768
1773
1941
1774
1942
1775
1943
1776
1944
1772
1777
1945
1773
1778
1946
1774
1779
1947
1780
1948
1781
1949
1782
1950
1778
1783
1951
1779
1784
1952
1780
1785
1953
1786
1954
1787
1955
1788
1956
1784
1957
1785
1958
1786
1959
1960
1789
1961
1790
1962
1791
1963
1792
1964
1793
1965
1794
1966
1797
1967
1795
1968
1969
1797
1970
1971
1799
1804
1972
1800
1973
1974
1802
1975
1803
1976
1805
1977
1806
1978
1807
1979
1808
1980
1809
1981
1810
1982
1811
1983
1812
1984
1813
1985
1814
1986
1815
1987
1816
1988
1817
1989
1818
1990
1819
1991
1820
1992
1825
1993
1826
1994
1822
1827
1995
1823
1828
1996
1824
1829
1997
1830
1998
1831
1999
1832
2000
1828
1833
2001
1829
1834
2002
1830
1835
2003
1836
2004
1837
2005
1838
2006
1834
1839
2007
1835
1840
2008
1836
1841
2009
1842
2010
1843
2011
1844
2012
1840
1845
2013
1841
1846
2014
1842
1847
2015
1848
2016
1849
2017
1850
2018
1846
1851
2019
1847
1852
2020
1848
1853
2021
1854
2022
1855
2023
1856
2024
1852
1857
2025
1853
1858
2026
1854
1859
2027
1860
2028
1861
2029
1862
2030
1858
1863
2031
1859
1864
2032
1860
1865
2033
1866
2034
1867
2035
1868
2036
1864
1869
2037
1865
1870
2038
1866
1871
2039
1872
2040
1873
2041
1874
2042
1870
1875
2043
1871
1876
2044
1872
1877
2045
1878
2046
1879
2047
1880
2048
1876
1881
2049
1877
1882
2050
1878
1883
2051
1884
2052
1885
2053
1886
2054
1882
1887
2055
1883
1888
2056
1884
1889
2057
1890
2058
1891
2059
1892
2060
1888
1893
2061
1889
1894
2062
1890
1895
2063
1896
2064
1897
2065
1898
2066
1894
1899
2067
1895
1900
2068
1896
1901
2069
1902
2070
1903
2071
1904
2072
1900
1905
2073
1901
1906
2074
1902
1907
2075
1908
2076
1909
2077
1910
2078
1906
1911
2079
1907
1912
2080
1908
1913
2081
1914
2082
1915
2083
1916
2084
1912
1917
2085
1913
1918
2086
1914
1919
2087
1920
2088
1921
2089
1922
2090
1918
2091
1919
2092
1920
2093
2094
1923
2095
1924
2096
1925
2097
1926
2098
1931
2099
1932
2100
1928
1933
2101
1929
1934
2102
1930
1935
2103
1936
2104
1937
2105
1938
2106
1934
1939
2107
1935
1940
2108
1936
1941
2109
1942
2110
1943
2111
1944
2112
1940
1945
2113
1941
1946
2114
1942
1947
2115
1948
2116
1949
2117
1950
2118
1946
1951
2119
1947
1952
2120
1948
1953
2121
1954
2122
1955
2123
1956
2124
1952
1957
2125
1953
1958
2126
1954
1959
2127
1960
2128
1961
2129
1962
2130
1958
2131
1959
2132
1960
2133
2134
1963
2135
1964
2136
1965
2137
1966
2138
1967
2139
1968
2140
1971
2141
1969
2142
2143
1971
2144
2145
1973
1978
2146
1974
2147
2148
1976
2149
1977
2150
1979
2151
1980
2152
1981
2153
1982
2154
1983
2155
1984
2156
1985
2157
1986
2158
1987
2159
1988
2160
1989
2161
1990
2162
1991
2163
1992
2164
1993
2165
1994
2166
1999
2167
2000
2168
1996
2001
2169
1997
2002
2170
1998
2003
2171
2004
2172
2005
2173
2006
2174
2002
2007
2175
2003
2008
2176
2004
2009
2177
2010
2178
2011
2179
2012
2180
2008
2013
2181
2009
2014
2182
2010
2015
2183
2016
2184
2017
2185
2018
2186
2014
2019
2187
2015
2020
2188
2016
2021
2189
2022
2190
2023
2191
2024
2192
2020
2025
2193
2021
2026
2194
2022
2027
2195
2028
2196
2029
2197
2030
2198
2026
2031
2199
2027
2032
2200
2028
2033
2201
2034
2202
2035
2203
2036
2204
2032
2037
2205
2033
2038
2206
2034
2039
2207
2040
2208
2041
2209
2042
2210
2038
2043
2211
2039
2044
2212
2040
2045
2213
2046
2214
2047
2215
2048
2216
2044
2049
2217
2045
2050
2218
2046
2051
2219
2052
2220
2053
2221
2054
2222
2050
2055
2223
2051
2056
2224
2052
2057
2225
2058
2226
2059
2227
2060
2228
2056
2061
2229
2057
2062
2230
2058
2063
2231
2064
2232
2065
2233
2066
2234
2062
2067
2235
2063
2068
2236
2064
2069
2237
2070
2238
2071
2239
2072
2240
2068
2073
2241
2069
2074
2242
2070
2075
2243
2076
2244
2077
2245
2078
2246
2074
2079
2247
2075
2080
2248
2076
2081
2249
2082
2250
2083
2251
2084
2252
2080
2085
2253
2081
2086
2254
2082
2087
2255
2088
2256
2089
2257
2090
2258
2086
2091
2259
2087
2092
2260
2088
2093
2261
2094
2262
2095
2263
2096
2264
2092
2265
2093
2266
2094
2267
2268
2097
2269
2098
2270
2099
2271
2100
2272
2105
2273
2106
2274
2102
2107
2275
2103
2108
2276
2104
2109
2277
2110
2278
2111
2279
2112
2280
2108
2113
2281
2109
2114
2282
2110
2115
2283
2116
2284
2117
2285
2118
2286
2114
2119
2287
2115
2120
2288
2116
2121
2289
2122
2290
2123
2291
2124
2292
2120
2125
2293
2121
2126
2294
2122
2127
2295
2128
2296
2129
2297
2130
2298
2126
2131
2299
2127
2132
2300
2128
2133
2301
2134
2302
2135
2303
2136
2304
2132
2305
2133
2306
2134
2307
2308
2137
2309
2138
2310
2139
2311
2140
2312
2141
2313
2142
2314
2145
2315
2143
2316
2317
2145
2318
2319
2147
2152
2320
2148
2321
2322
2150
2323
2151
2324
2153
2325
2154
2326
2155
2327
2156
2328
2157
2329
2158
2330
2159
2331
2160
2332
2161
2333
2162
2334
2163
2335
2164
2336
2165
2337
2166
2338
2167
2339
2168
2340
2173
2341
2174
2342
2170
2175
2343
2171
2176
2344
2172
2177
2345
2178
2346
2179
2347
2180
2348
2176
2181
2349
2177
2182
2350
2178
2183
2351
2184
2352
2185
2353
2186
2354
2182
2187
2355
2183
2188
2356
2184
2189
2357
2190
2358
2191
2359
2192
2360
2188
2193
2361
2189
2194
2362
2190
2195
2363
2196
2364
2197
2365
2198
2366
2194
2199
2367
2195
2200
2368
2196
2201
2369
2202
2370
2203
2371
2204
2372
2200
2205
2373
2201
2206
2374
2202
2207
2375
2208
2376
2209
2377
2210
2378
2206
2211
2379
2207
2212
2380
2208
2213
2381
2214
2382
2215
2383
2216
2384
2212
2217
2385
2213
2218
2386
2214
2219
2387
2220
2388
2221
2389
2222
2390
2218
2223
2391
2219
2224
2392
2220
2225
2393
2226
2394
2227
2395
2228
2396
2224
2229
2397
2225
2230
2398
2226
2231
2399
2232
2400
2233
2401
2234
2402
2230
2235
2403
2231
2236
2404
2232
2237
2405
2238
2406
2239
2407
2240
2408
2236
2241
2409
2237
2242
2410
2238
2243
2411
2244
2412
2245
2413
2246
2414
2242
2247
2415
2243
2248
2416
2244
2249
2417
2250
2418
2251
2419
2252
2420
2248
2253
2421
2249
2254
2422
2250
2255
2423
2256
2424
2257
2425
2258
2426
2254
2259
2427
2255
2260
2428
2256
2261
2429
2262
2430
2263
2431
2264
2432
2260
2265
2433
2261
2266
2434
2262
2267
2435
2268
2436
2269
2437
2270
2438
2266
2439
2267
2440
2268
2441
2442
2271
2443
2272
2444
2273
2445
2274
2446
2279
2447
2280
2448
2276
2281
2449
2277
2282
2450
2278
2283
2451
2284
2452
2285
2453
2286
2454
2282
2287
2455
2283
2288
2456
2284
2289
2457
2290
2458
2291
2459
2292
2460
2288
2293
2461
2289
2294
2462
2290
2295
2463
2296
2464
2297
2465
2298
2466
2294
2299
2467
2295
2300
2468
2296
2301
2469
2302
2470
2303
2471
2304
2472
2300
2305
2473
2301
2306
2474
2302
2307
2475
2308
2476
2309
2477
2310
2478
2306
2479
2307
2480
2308
2481
2482
2311
2483
2312
2484
2313
2485
2314
2486
2315
2487
2316
2488
2319
2489
2317
2490
2491
2319
2492
2493
2321
2326
2494
2322
2495
2496
2324
2497
2325
2498
2327
2499
2328
2500
2329
2501
2330
2502
2331
2503
2332
2504
2333
2505
2334
2506
2335
2507
2336
2508
2337
2509
2338
2510
2339
2511
2340
2512
2341
2513
2342
2514
2347
2515
2348
2516
2344
2349
2517
2345
2350
2518
2346
2351
2519
2352
2520
2353
2521
2354
2522
2350
2355
2523
2351
2356
2524
2352
2357
2525
2358
2526
2359
2527
2360
2528
2356
2361
2529
2357
2362
2530
2358
2363
2531
2364
2532
2365
2533
2366
2534
2362
2367
2535
2363
2368
2536
2364
2369
2537
2370
2538
2371
2539
2372
2540
2368
2373
2541
2369
2374
2542
2370
2375
2543
2376
2544
2377
2545
2378
2546
2374
2379
2547
2375
2380
2548
2376
2381
2549
2382
2550
2383
2551
2384
2552
2380
2385
2553
2381
2386
2554
2382
2387
2555
2388
2556
2389
2557
2390
2558
2386
2391
2559
2387
2392
2560
2388
2393
2561
2394
2562
2395
2563
2396
2564
2392
2397
2565
2393
2398
2566
2394
2399
2567
2400
2568
2401
2569
2402
2570
2398
2403
2571
2399
2404
2572
2400
2405
2573
2406
2574
2407
2575
2408
2576
2404
2409
2577
2405
2410
2578
2406
2411
2579
2412
2580
2413
2581
2414
2582
2410
2415
2583
2411
2416
2584
2412
2417
2585
2418
2586
2419
2587
2420
2588
2416
2421
2589
2417
2422
2590
2418
2423
2591
2424
2592
2425
2593
2426
2594
2422
2427
2595
2423
2428
2596
2424
2429
2597
2430
2598
2431
2599
2432
2600
2428
2433
2601
2429
2434
2602
2430
2435
2603
2436
2604
2437
2605
2438
2606
2434
2439
2607
2435
2440
2608
2436
2441
2609
2442
2610
2443
2611
2444
2612
2440
2613
2441
2614
2442
2615
2616
2445
2617
2446
2618
2447
2619
2448
2620
2453
2621
2454
2622
2450
2455
2623
2451
2456
2624
2452
2457
2625
2458
2626
2459
2627
2460
2628
2456
2461
2629
2457
2462
2630
2458
2463
2631
2464
2632
2465
2633
2466
2634
2462
2467
2635
2463
2468
2636
2464
2469
2637
2470
2638
2471
2639
2472
2640
2468
2473
2641
2469
2474
2642
2470
2475
2643
2476
2644
2477
2645
2478
2646
2474
2479
2647
2475
2480
2648
2476
2481
2649
2482
2650
2483
2651
2484
2652
2480
2653
2481
2654
2482
2655
2656
2485
2657
2486
2658
2487
2659
2488
2660
2489
2661
2490
2662
2493
2663
2491
2664
2665
2493
2666
2667
2495
2500
2668
2496
2669
2670
2498
2671
2499
2672
2501
2673
2502
2674
2503
2675
2504
2676
2505
2677
2506
2678
2507
2679
2508
2680
2509
2681
2510
2682
2511
2683
2512
2684
2513
2685
2514
2686
2515
2687
2516
2688
2521
2689
2522
2690
2518
2523
2691
2519
2524
2692
2520
2525
2693
2526
2694
2527
2695
2528
2696
2524
2529
2697
2525
2530
2698
2526
2531
2699
2532
2700
2533
2701
2534
2702
2530
2535
2703
2531
2536
2704
2532
2537
2705
2538
2706
2539
2707
2540
2708
2536
2541
2709
2537
2542
2710
2538
2543
2711
2544
2712
2545
2713
2546
2714
2542
2547
2715
2543
2548
2716
2544
2549
2717
2550
2718
2551
2719
2552
2720
2548
2553
2721
2549
2554
2722
2550
2555
2723
2556
2724
2557
2725
2558
2726
2554
2559
2727
2555
2560
2728
2556
2561
2729
2562
2730
2563
2731
2564
2732
2560
2565
2733
2561
2566
2734
2562
2567
2735
2568
2736
2569
2737
2570
2738
2566
2571
2739
2567
2572
2740
2568
2573
2741
2574
2742
2575
2743
2576
2744
2572
2577
2745
2573
2578
2746
2574
2579
2747
2580
2748
2581
2749
2582
2750
2578
2583
2751
2579
2584
2752
2580
2585
2753
2586
2754
2587
2755
2588
2756
2584
2589
2757
2585
2590
2758
2586
2591
2759
2592
2760
2593
2761
2594
2762
2590
2595
2763
2591
2596
2764
2592
2597
2765
2598
2766
2599
2767
2600
2768
2596
2601
2769
2597
2602
2770
2598
2603
2771
2604
2772
2605
2773
2606
2774
2602
2607
2775
2603
2608
2776
2604
2609
2777
2610
2778
2611
2779
2612
2780
2608
2613
2781
2609
2614
2782
2610
2615
2783
2616
2784
2617
2785
2618
2786
2614
2787
2615
2788
2616
2789
2790
2619
2791
2620
2792
2621
2793
2622
2794
2627
2795
2628
2796
2624
2629
2797
2625
2630
2798
2626
2631
2799
2632
2800
2633
2801
2634
2802
2630
2635
2803
2631
2636
2804
2632
2637
2805
2638
2806
2639
2807
2640
2808
2636
2641
2809
2637
2642
2810
2638
2643
2811
2644
2812
2645
2813
2646
2814
2642
2647
2815
2643
2648
2816
2644
2649
2817
2650
2818
2651
2819
2652
2820
2648
2653
2821
2649
2654
2822
2650
2655
2823
2656
2824
2657
2825
2658
2826
2654
2827
2655
2828
2656
2829
2830
2659
2831
2660
2832
2661
2833
2662
2834
2663
2835
2664
2836
2667
2837
2665
2838
2839
2667
2840
2841
2669
2674
2842
2670
2843
2844
2672
2845
2673
2846
2675
2847
2676
2848
2677
2849
2678
2850
2679
2851
2680
2852
2681
2853
2682
2854
2683
2855
2684
2856
2685
2857
2686
2858
2687
2859
2688
2860
2689
2861
2690
2862
2695
2863
2696
2864
2692
2697
2865
2693
2698
2866
2694
2699
2867
2700
2868
2701
2869
2702
2870
2698
2703
2871
2699
2704
2872
2700
2705
2873
2706
2874
2707
2875
2708
2876
2704
2709
2877
2705
2710
2878
2706
2711
2879
2712
2880
2713
2881
2714
2882
2710
2715
2883
2711
2716
2884
2712
2717
2885
2718
2886
2719
2887
2720
2888
2716
2721
2889
2717
2722
2890
2718
2723
2891
2724
2892
2725
2893
2726
2894
2722
2727
2895
2723
2728
2896
2724
2729
2897
2730
2898
2731
2899
2732
2900
2728
2733
2901
2729
2734
2902
2730
2735
2903
2736
2904
2737
2905
2738
2906
2734
2739
2907
2735
2740
2908
2736
2741
2909
2742
2910
2743
2911
2744
2912
2740
2745
2913
2741
2746
2914
2742
2747
2915
2748
2916
2749
2917
2750
2918
2746
2751
2919
2747
2752
2920
2748
2753
2921
2754
2922
2755
2923
2756
2924
2752
2757
2925
2753
2758
2926
2754
2759
2927
2760
2928
2761
2929
2762
2930
2758
2763
2931
2759
2764
2932
2760
2765
2933
2766
2934
2767
2935
2768
2936
2764
2769
2937
2765
2770
2938
2766
2771
2939
2772
2940
2773
2941
2774
2942
2770
2775
2943
2771
2776
2944
2772
2777
2945
2778
2946
2779
2947
2780
2948
2776
2781
2949
2777
2782
2950
2778
2783
2951
2784
2952
2785
2953
2786
2954
2782
2787
2955
2783
2788
2956
2784
2789
2957
2790
2958
2791
2959
2792
2960
2788
2961
2789
2962
2790
2963
2964
2793
2965
2794
2966
2795
2967
2796
2968
2801
2969
2802
2970
2798
2803
2971
2799
2804
2972
2800
2805
2973
2806
2974
2807
2975
2808
2976
2804
2809
2977
2805
2810
2978
2806
2811
2979
2812
2980
2813
2981
2814
2982
2810
2815
2983
2811
2816
2984
2812
2817
2985
2818
2986
2819
2987
2820
2988
2816
2821
2989
2817
2822
2990
2818
2823
2991
2824
2992
2825
2993
2826
2994
2822
2827
2995
2823
2828
2996
2824
2829
2997
2830
2998
2831
2999
2832
3000
2828
3001
2829
3002
2830
3003
3004
2833
3005
2834
3006
2835
3007
2836
3008
2837
3009
2838
3010
2841
3011
2839
3012
3013
2841
3014
3015
2843
2848
3016
2844
3017
3018
2846
3019
2847
3020
2849
3021
2850
3022
2851
3023
2852
3024
2853
3025
2854
3026
2855
3027
2856
3028
2857
3029
2858
3030
2859
3031
2860
3032
2861
3033
2862
3034
2863
3035
2864
3036
2869
3037
2870
3038
2866
2871
3039
2867
2872
3040
2868
2873
3041
2874
3042
2875
3043
2876
3044
2872
2877
3045
2873
2878
3046
2874
2879
3047
2880
3048
2881
3049
2882
3050
2878
2883
3051
2879
2884
3052
2880
2885
3053
2886
3054
2887
3055
2888
3056
2884
2889
3057
2885
2890
3058
2886
2891
3059
2892
3060
2893
3061
2894
3062
2890
2895
3063
2891
2896
3064
2892
2897
3065
2898
3066
2899
3067
2900
3068
2896
2901
3069
2897
2902
3070
2898
2903
3071
2904
3072
2905
3073
2906
3074
2902
2907
3075
2903
2908
3076
2904
2909
3077
2910
3078
2911
3079
2912
3080
2908
2913
3081
2909
2914
3082
2910
2915
3083
2916
3084
2917
3085
2918
3086
2914
2919
3087
2915
2920
3088
2916
2921
3089
2922
3090
2923
3091
2924
3092
2920
2925
3093
2921
2926
3094
2922
2927
3095
2928
3096
2929
3097
2930
3098
2926
2931
3099
2927
2932
3100
2928
2933
3101
2934
3102
2935
3103
2936
3104
2932
2937
3105
2933
2938
3106
2934
2939
3107
2940
3108
2941
3109
2942
3110
2938
2943
3111
2939
2944
3112
2940
2945
3113
2946
3114
2947
3115
2948
3116
2944
2949
3117
2945
2950
3118
2946
2951
3119
2952
3120
2953
3121
2954
3122
2950
2955
3123
2951
2956
3124
2952
2957
3125
2958
3126
2959
3127
2960
3128
2956
2961
3129
2957
2962
3130
2958
2963
3131
2964
3132
2965
3133
2966
3134
2962
3135
2963
3136
2964
3137
3138
2967
3139
2968
3140
2969
3141
2970
3142
2975
3143
2976
3144
2972
2977
3145
2973
2978
3146
2974
2979
3147
2980
3148
2981
3149
2982
3150
2978
2983
3151
2979
2984
3152
2980
2985
3153
2986
3154
2987
3155
2988
3156
2984
2989
3157
2985
2990
3158
2986
2991
3159
2992
3160
2993
3161
2994
3162
2990
2995
3163
2991
2996
3164
2992
2997
3165
2998
3166
2999
3167
3000
3168
2996
3001
3169
2997
3002
3170
2998
3003
3171
3004
3172
3005
3173
3006
3174
3002
3175
3003
3176
3004
3177
3178
3007
3179
3008
3180
3009
3181
3010
3182
3011
3183
3012
3184
3015
3185
3013
3186
3187
3015
3188
3189
3017
3022
3190
3018
3191
3192
3020
3193
3021
3194
3023
3195
3024
3196
3025
3197
3026
3198
3027
3199
3028
3200
3029
3201
3030
3202
3031
3203
3032
3204
3033
3205
3034
3206
3035
3207
3036
3208
3037
3209
3038
3210
3043
3211
3044
3212
3040
3045
3213
3041
3046
3214
3042
3047
3215
3048
3216
3049
3217
3050
3218
3046
3051
3219
3047
3052
3220
3048
3053
3221
3054
3222
3055
3223
3056
3224
3052
3057
3225
3053
3058
3226
3054
3059
3227
3060
3228
3061
3229
3062
3230
3058
3063
3231
3059
3064
3232
3060
3065
3233
3066
3234
3067
3235
3068
3236
3064
3069
3237
3065
3070
3238
3066
3071
3239
3072
3240
3073
3241
3074
3242
3070
3075
3243
3071
3076
3244
3072
3077
3245
3078
3246
3079
3247
3080
3248
3076
3081
3249
3077
3082
3250
3078
3083
3251
3084
3252
3085
3253
3086
3254
3082
3087
3255
3083
3088
3256
3084
3089
3257
3090
3258
3091
3259
3092
3260
3088
3093
3261
3089
3094
3262
3090
3095
3263
3096
3264
3097
3265
3098
3266
3094
3099
3267
3095
3100
3268
3096
3101
3269
3102
3270
3103
3271
3104
3272
3100
3105
3273
3101
3106
3274
3102
3107
3275
3108
3276
3109
3277
3110
3278
3106
3111
3279
3107
3112
3280
3108
3113
3281
3114
3282
3115
3283
3116
3284
3112
3117
3285
3113
3118
3286
3114
3119
3287
3120
3288
3121
3289
3122
3290
3118
3123
3291
3119
3124
3292
3120
3125
3293
3126
3294
3127
3295
3128
3296
3124
3129
3297
3125
3130
3298
3126
3131
3299
3132
3300
3133
3301
3134
3302
3130
3135
3303
3131
3136
3304
3132
3137
3305
3138
3306
3139
3307
3140
3308
3136
3309
3137
3310
3138
3311
3312
3141
3313
3142
3314
3143
3315
3144
3316
3149
3317
3150
3318
3146
3151
3319
3147
3152
3320
3148
3153
3321
3154
3322
3155
3323
3156
3324
3152
3157
3325
3153
3158
3326
3154
3159
3327
3160
3328
3161
3329
3162
3330
3158
3163
3331
3159
3164
3332
3160
3165
3333
3166
3334
3167
3335
3168
3336
3164
3169
3337
3165
3170
3338
3166
3171
3339
3172
3340
3173
3341
3174
3342
3170
3175
3343
3171
3176
3344
3172
3177
3345
3178
3346
3179
3347
3180
3348
3176
3349
3177
3350
3178
3351
3352
3181
3353
3182
3354
3183
3355
3184
3356
3185
3357
3186
3358
3189
3359
3187
3360
3361
3189
3362
3363
3191
3196
3364
3192
3365
3366
3194
3367
3195
3368
3197
3369
3198
3370
3199
3371
3200
3372
3201
3373
3202
3374
3203
3375
3204
3376
3205
3377
3206
3378
3207
3379
3208
3380
3209
3381
3210
3382
3211
3383
3212
3384
3217
3385
3218
3386
3214
3219
3387
3215
3220
3388
3216
3221
3389
3222
3390
3223
3391
3224
3392
3220
3225
3393
3221
3226
3394
3222
3227
3395
3228
3396
3229
3397
3230
3398
3226
3231
3399
3227
3232
3400
3228
3233
3401
3234
3402
3235
3403
3236
3404
3232
3237
3405
3233
3238
3406
3234
3239
3407
3240
3408
3241
3409
3242
3410
3238
3243
3411
3239
3244
3412
3240
3245
3413
3246
3414
3247
3415
3248
3416
3244
3249
3417
3245
3250
3418
3246
3251
3419
3252
3420
3253
3421
3254
3422
3250
3255
3423
3251
3256
3424
3252
3257
3425
3258
3426
3259
3427
3260
3428
3256
3261
3429
3257
3262
3430
3258
3263
3431
3264
3432
3265
3433
3266
3434
3262
3267
3435
3263
3268
3436
3264
3269
3437
3270
3438
3271
3439
3272
3440
3268
3273
3441
3269
3274
3442
3270
3275
3443
3276
3444
3277
3445
3278
3446
3274
3279
3447
3275
3280
3448
3276
3281
3449
3282
3450
3283
3451
3284
3452
3280
3285
3453
3281
3286
3454
3282
3287
3455
3288
3456
3289
3457
3290
3458
3286
3291
3459
3287
3292
3460
3288
3293
3461
3294
3462
3295
3463
3296
3464
3292
3297
3465
3293
3298
3466
3294
3299
3467
3300
3468
3301
3469
3302
3470
3298
3303
3471
3299
3304
3472
3300
3305
3473
3306
3474
3307
3475
3308
3476
3304
3309
3477
3305
3310
3478
3306
3311
3479
3312
3480
3313
3481
3314
3482
3310
3483
3311
3484
3312
3485
3486
3315
3487
3316
3488
3317
3489
3318
3490
3323
3491
3324
3492
3320
3325
3493
3321
3326
3494
3322
3327
3495
3328
3496
3329
3497
3330
3498
3326
3331
3499
3327
3332
3500
3328
3333
3501
3334
3502
3335
3503
3336
3504
3332
3337
3505
3333
3338
3506
3334
3339
3507
3340
3508
3341
3509
3342
3510
3338
3343
3511
3339
3344
3512
3340
3345
3513
3346
3514
3347
3515
3348
3516
3344
3349
3517
3345
3350
3518
3346
3351
3519
3352
3520
3353
3521
3354
3522
3350
3523
3351
3524
3352
3525
3526
3355
3527
3356
3528
3357
3529
3358
3530
3359
3531
3360
3532
3363
3533
3361
3534
3535
3363
3536
3537
3365
3370
3538
3366
3539
3540
3368
3541
3369
3542
3371
3543
3372
3544
3373
3545
3374
3546
3375
3547
3376
3548
3377
3549
3378
3550
3379
3551
3380
3552
3381
3553
3382
3554
3383
3555
3384
3556
3385
3557
3386
3558
3391
3559
3392
3560
3388
3393
3561
3389
3394
3562
3390
3395
3563
3396
3564
3397
3565
3398
3566
3394
3399
3567
3395
3400
3568
3396
3401
3569
3402
3570
3403
3571
3404
3572
3400
3405
3573
3401
3406
3574
3402
3407
3575
3408
3576
3409
3577
3410
3578
3406
3411
3579
3407
3412
3580
3408
3413
3581
3414
3582
3415
3583
3416
3584
3412
3417
3585
3413
3418
3586
3414
3419
3587
3420
3588
3421
3589
3422
3590
3418
3423
3591
3419
3424
3592
3420
3425
3593
3426
3594
3427
3595
3428
3596
3424
3429
3597
3425
3430
3598
3426
3431
3599
3432
3600
3433
3601
3434
3602
3430
3435
3603
3431
3436
3604
3432
3437
3605
3438
3606
3439
3607
3440
3608
3436
3441
3609
3437
3442
3610
3438
3443
3611
3444
3612
3445
3613
3446
3614
3442
3447
3615
3443
3448
3616
3444
3449
3617
3450
3618
3451
3619
3452
3620
3448
3453
3621
3449
3454
3622
3450
3455
3623
3456
3624
3457
3625
3458
3626
3454
3459
3627
3455
3460
3628
3456
3461
3629
3462
3630
3463
3631
3464
3632
3460
3465
3633
3461
3466
3634
3462
3467
3635
3468
3636
3469
3637
3470
3638
3466
3471
3639
3467
3472
3640
3468
3473
3641
3474
3642
3475
3643
3476
3644
3472
3477
3645
3473
3478
3646
3474
3479
3647
3480
3648
3481
3649
3482
3650
3478
3483
3651
3479
3484
3652
3480
3485
3653
3486
3654
3487
3655
3488
3656
3484
3657
3485
3658
3486
3659
3660
3489
3661
3490
3662
3491
3663
3492
3664
3497
3665
3498
3666
3494
3499
3667
3495
3500
3668
3496
3501
3669
3502
3670
3503
3671
3504
3672
3500
3505
3673
3501
3506
3674
3502
3507
3675
3508
3676
3509
3677
3510
3678
3506
3511
3679
3507
3512
3680
3508
3513
3681
3514
3682
3515
3683
3516
3684
3512
3517
3685
3513
3518
3686
3514
3519
3687
3520
3688
3521
3689
3522
3690
3518
3523
3691
3519
3524
3692
3520
3525
3693
3526
3694
3527
3695
3528
3696
3524
3697
3525
3698
3526
3699
3700
3529
3701
3530
3702
3531
3703
3532
3704
3533
3705
3534
3706
3537
3707
3535
3708
3709
3537
3710
3711
3539
3544
3712
3540
3713
3714
3542
3715
3543
3716
3545
3717
3546
3718
3547
3719
3548
3720
3549
3721
3550
3722
3551
3723
3552
3724
3553
3725
3554
3726
3555
3727
3556
3728
3557
3729
3558
3730
3559
3731
3560
3732
3565
3733
3566
3734
3562
3567
3735
3563
3568
3736
3564
3569
3737
3570
3738
3571
3739
3572
3740
3568
3573
3741
3569
3574
3742
3570
3575
3743
3576
3744
3577
3745
3578
3746
3574
3579
3747
3575
3580
3748
3576
3581
3749
3582
3750
3583
3751
3584
3752
3580
3585
3753
3581
3586
3754
3582
3587
3755
3588
3756
3589
3757
3590
3758
3586
3591
3759
3587
3592
3760
3588
3593
3761
3594
3762
3595
3763
3596
3764
3592
3597
3765
3593
3598
3766
3594
3599
3767
3600
3768
3601
3769
3602
3770
3598
3603
3771
3599
3604
3772
3600
3605
3773
3606
3774
3607
3775
3608
3776
3604
3609
3777
3605
3610
3778
3606
3611
3779
3612
3780
3613
3781
3614
3782
3610
3615
3783
3611
3616
3784
3612
3617
3785
3618
3786
3619
3787
3620
3788
3616
3621
3789
3617
3622
3790
3618
3623
3791
3624
3792
3625
3793
3626
3794
3622
3627
3795
3623
3628
3796
3624
3629
3797
3630
3798
3631
3799
3632
3800
3628
3633
3801
3629
3634
3802
3630
3635
3803
3636
3804
3637
3805
3638
3806
3634
3639
3807
3635
3640
3808
3636
3641
3809
3642
3810
3643
3811
3644
3812
3640
3645
3813
3641
3646
3814
3642
3647
3815
3648
3816
3649
3817
3650
3818
3646
3651
3819
3647
3652
3820
3648
3653
3821
3654
3822
3655
3823
3656
3824
3652
3657
3825
3653
3658
3826
3654
3659
3827
3660
3828
3661
3829
3662
3830
3658
3831
3659
3832
3660
3833
3834
3663
3835
3664
3836
3665
3837
3666
3838
3671
3839
3672
3840
3668
3673
3841
3669
3674
3842
3670
3675
3843
3676
3844
3677
3845
3678
3846
3674
3679
3847
3675
3680
3848
3676
3681
3849
3682
3850
3683
3851
3684
3852
3680
3685
3853
3681
3686
3854
3682
3687
3855
3688
3856
3689
3857
3690
3858
3686
3691
3859
3687
3692
3860
3688
3693
3861
3694
3862
3695
3863
3696
3864
3692
3697
3865
3693
3698
3866
3694
3699
3867
3700
3868
3701
3869
3702
3870
3698
3871
3699
3872
3700
3873
3874
3703
3875
3704
3876
3705
3877
3706
3878
3707
3879
3708
3880
3711
3881
3709
3882
3883
3711
3884
3885
3713
3718
3886
3714
3887
3888
3716
3889
3717
3890
3719
3891
3720
3892
3721
3893
3722
3894
3723
3895
3724
3896
3725
3897
3726
3898
3727
3899
3728
3900
3729
3901
3730
3902
3731
3903
3732
3904
3733
3905
3734
3906
3739
3907
3740
3908
3736
3741
3909
3737
3742
3910
3738
3743
3911
3744
3912
3745
3913
3746
3914
3742
3747
3915
3743
3748
3916
3744
3749
3917
3750
3918
3751
3919
3752
3920
3748
3753
3921
3749
3754
3922
3750
3755
3923
3756
3924
3757
3925
3758
3926
3754
3759
3927
3755
3760
3928
3756
3761
3929
3762
3930
3763
3931
3764
3932
3760
3765
3933
3761
3766
3934
3762
3767
3935
3768
3936
3769
3937
3770
3938
3766
3771
3939
3767
3772
3940
3768
3773
3941
3774
3942
3775
3943
3776
3944
3772
3777
3945
3773
3778
3946
3774
3779
3947
3780
3948
3781
3949
3782
3950
3778
3783
3951
3779
3784
3952
3780
3785
3953
3786
3954
3787
3955
3788
3956
3784
3789
3957
3785
3790
3958
3786
3791
3959
3792
3960
3793
3961
3794
3962
3790
3795
3963
3791
3796
3964
3792
3797
3965
3798
3966
3799
3967
3800
3968
3796
3801
3969
3797
3802
3970
3798
3803
3971
3804
3972
3805
3973
3806
3974
3802
3807
3975
3803
3808
3976
3804
3809
3977
3810
3978
3811
3979
3812
3980
3808
3813
3981
3809
3814
3982
3810
3815
3983
3816
3984
3817
3985
3818
3986
3814
3819
3987
3815
3820
3988
3816
3821
3989
3822
3990
3823
3991
3824
3992
3820
3825
3993
3821
3826
3994
3822
3827
3995
3828
3996
3829
3997
3830
3998
3826
3831
3999
3827
3832
4000
3828
3833
4001
3834
4002
3835
4003
3836
4004
3832
4005
3833
4006
3834
4007
4008
3837
4009
3838
4010
3839
4011
3840
4012
3845
4013
3846
4014
3842
3847
4015
3843
3848
4016
3844
3849
4017
3850
4018
3851
4019
3852
4020
3848
3853
4021
3849
3854
4022
3850
3855
4023
3856
4024
3857
4025
3858
4026
3854
3859
4027
3855
3860
4028
3856
3861
4029
3862
4030
3863
4031
3864
4032
3860
3865
4033
3861
3866
4034
3862
3867
4035
3868
4036
3869
4037
3870
4038
3866
3871
4039
3867
3872
4040
3868
3873
4041
3874
4042
3875
4043
3876
4044
3872
4045
3873
4046
3874
4047
4048
3877
4049
3878
4050
3879
4051
3880
4052
3881
4053
3882
4054
3885
4055
3883
4056
4057
3885
4058
4059
3887
3892
4060
3888
4061
4062
3890
4063
3891
4064
3893
4065
3894
4066
3895
4067
3896
4068
3897
4069
3898
4070
3899
4071
3900
4072
3901
4073
3902
4074
3903
4075
3904
4076
3905
4077
3906
4078
3907
4079
3908
4080
3913
4081
3914
4082
3910
3915
4083
3911
3916
4084
3912
3917
4085
3918
4086
3919
4087
3920
4088
3916
3921
4089
3917
3922
4090
3918
3923
4091
3924
4092
3925
4093
3926
4094
3922
3927
4095
3923
3928
4096
3924
3929
4097
3930
4098
3931
4099
3932
4100
3928
3933
4101
3929
3934
4102
3930
3935
4103
3936
4104
3937
4105
3938
4106
3934
3939
4107
3935
3940
4108
3936
3941
4109
3942
4110
3943
4111
3944
4112
3940
3945
4113
3941
3946
4114
3942
3947
4115
3948
4116
3949
4117
3950
4118
3946
3951
4119
3947
3952
4120
3948
3953
4121
3954
4122
3955
4123
3956
4124
3952
3957
4125
3953
3958
4126
3954
3959
4127
3960
4128
3961
4129
3962
4130
3958
3963
4131
3959
3964
4132
3960
3965
4133
3966
4134
3967
4135
3968
4136
3964
3969
4137
3965
3970
4138
3966
3971
4139
3972
4140
3973
4141
3974
4142
3970
3975
4143
3971
3976
4144
3972
3977
4145
3978
4146
3979
4147
3980
4148
3976
3981
4149
3977
3982
4150
3978
3983
4151
3984
4152
3985
4153
3986
4154
3982
3987
4155
3983
3988
4156
3984
3989
4157
3990
4158
3991
4159
3992
4160
3988
3993
4161
3989
3994
4162
3990
3995
4163
3996
4164
3997
4165
3998
4166
3994
3999
4167
3995
4000
4168
3996
4001
4169
4002
4170
4003
4171
4004
4172
4000
4005
4173
4001
4006
4174
4002
4007
4175
4008
4176
4009
4177
4010
4178
4006
4179
4007
4180
4008
4181
4182
4011
4183
4012
4184
4013
4185
4014
4186
4019
4187
4020
4188
4016
4021
4189
4017
4022
4190
4018
4023
4191
4024
4192
4025
4193
4026
4194
4022
4027
4195
4023
4028
4196
4024
4029
4197
4030
4198
4031
4199
4032
4200
4028
4033
4201
4029
4034
4202
4030
4035
4203
4036
4204
4037
4205
4038
4206
4034
4039
4207
4035
4040
4208
4036
4041
4209
4042
4210
4043
4211
4044
4212
4040
4045
4213
4041
4046
4214
4042
4047
4215
4048
4216
4049
4217
4050
4218
4046
4219
4047
4220
4048
4221
4222
4051
4223
4052
4224
4053
4225
4054
4226
4055
4227
4056
4228
4059
4229
4057
4230
4231
4059
4232
4233
4061
4066
4234
4062
4235
4236
4064
4237
4065
4238
4067
4239
4068
4240
4069
4241
4070
4242
4071
4243
4072
4244
4073
4245
4074
4246
4075
4247
4076
4248
4077
4249
4078
4250
4079
4251
4080
4252
4081
4253
4082
4254
4087
4255
4088
4256
4084
4089
4257
4085
4090
4258
4086
4091
4259
4092
4260
4093
4261
4094
4262
4090
4095
4263
4091
4096
4264
4092
4097
4265
4098
4266
4099
4267
4100
4268
4096
4101
4269
4097
4102
4270
4098
4103
4271
4104
4272
4105
4273
4106
4274
4102
4107
4275
4103
4108
4276
4104
4109
4277
4110
4278
4111
4279
4112
4280
4108
4113
4281
4109
4114
4282
4110
4115
4283
4116
4284
4117
4285
4118
4286
4114
4119
4287
4115
4120
4288
4116
4121
4289
4122
4290
4123
4291
4124
4292
4120
4125
4293
4121
4126
4294
4122
4127
4295
4128
4296
4129
4297
4130
4298
4126
4131
4299
4127
4132
4300
4128
4133
4301
4134
4302
4135
4303
4136
4304
4132
4137
4305
4133
4138
4306
4134
4139
4307
4140
4308
4141
4309
4142
4310
4138
4143
4311
4139
4144
4312
4140
4145
4313
4146
4314
4147
4315
4148
4316
4144
4149
4317
4145
4150
4318
4146
4151
4319
4152
4320
4153
4321
4154
4322
4150
4155
4323
4151
4156
4324
4152
4157
4325
4158
4326
4159
4327
4160
4328
4156
4161
4329
4157
4162
4330
4158
4163
4331
4164
4332
4165
4333
4166
4334
4162
4167
4335
4163
4168
4336
4164
4169
4337
4170
4338
4171
4339
4172
4340
4168
4173
4341
4169
4174
4342
4170
4175
4343
4176
4344
4177
4345
4178
4346
4174
4179
4347
4175
4180
4348
4176
4181
4349
4182
4350
4183
4351
4184
4352
4180
4353
4181
4354
4182
4355
4356
4185
4357
4186
4358
4187
4359
4188
4360
4193
4361
4194
4362
4190
4195
4191
4196
4192
4197
4198
4199
4363
4200
4364
4196
4201
4197
4202
4198
4203
4204
4205
4365
4206
4366
4202
4207
4203
4208
4204
4209
4210
4211
4367
4212
4368
4208
4213
4209
4214
4210
4215
4216
4217
4369
4218
4370
4214
4219
4215
4220
4216
4221
4222
4223
4371
4224
4372
4220
4221
4222
4225
4373
4226
4374
4227
4375
4228
4376
4229
4377
4230
4378
4233
4379
4231
4380
4381
4233
4382
4383
4235
4240
4384
4236
4385
4386
4238
4387
4239
4388
4241
4389
4242
4390
4243
4391
4244
4392
4245
4393
4246
4394
4247
4395
4248
4396
4249
4397
4250
4398
4251
4399
4252
4400
4253
4401
4254
4402
4255
4403
4256
4404
4261
4405
4262
4406
4258
4263
4407
4259
4264
4408
4260
4265
4409
4266
4410
4267
4411
4268
4412
4264
4269
4413
4265
4270
4414
4266
4271
4415
4272
4416
4273
4417
4274
4418
4270
4275
4419
4271
4276
4420
4272
4277
4421
4278
4422
4279
4423
4280
4424
4276
4281
4425
4277
4282
4426
4278
4283
4427
4284
4428
4285
4429
4286
4430
4282
4287
4431
4283
4288
4432
4284
4289
4433
4290
4434
4291
4435
4292
4436
4288
4293
4437
4289
4294
4438
4290
4295
4439
4296
4440
4297
4441
4298
4442
4294
4299
4443
4295
4300
4444
4296
4301
4445
4302
4446
4303
4447
4304
4448
4300
4305
4449
4301
4306
4450
4302
4307
4451
4308
4452
4309
4453
4310
4454
4306
4311
4455
4307
4312
4456
4308
4313
4457
4314
4458
4315
4459
4316
4460
4312
4317
4461
4313
4318
4462
4314
4319
4463
4320
4464
4321
4465
4322
4466
4318
4323
4467
4319
4324
4468
4320
4325
4469
4326
4470
4327
4471
4328
4472
4324
4329
4473
4325
4330
4474
4326
4331
4475
4332
4476
4333
4477
4334
4478
4330
4335
4479
4331
4336
4480
4332
4337
4481
4338
4482
4339
4483
4340
4484
4336
4341
4485
4337
4342
4486
4338
4343
4487
4344
4488
4345
4489
4346
4490
4342
4347
4491
4343
4348
4492
4344
4349
4493
4350
4494
4351
4495
4352
4496
4348
4353
4497
4349
4354
4498
4350
4355
4499
4356
4500
4357
4501
4358
4502
4354
4503
4355
4504
4356
4505
4506
4359
4507
4360
4508
4361
4509
4362
4510
4363
4511
4364
4512
4365
4519
4366
4520
4367
4527
4368
4528
4369
4535
4370
4536
4371
4543
4372
4544
4373
4551
4374
4552
4375
4559
4376
4560
4377
4567
4378
4568
4379
4569
4380
4570
4383
4571
4381
4572
4573
4383
4574
4575
4385
4390
4576
4386
4577
4578
4388
4579
4389
4580
4391
4581
4392
4582
4393
4583
4394
4584
4395
4585
4396
4586
4397
4587
4398
4588
4399
4589
4400
4590
4401
4591
4402
4592
4403
4593
4404
4594
4405
4595
4406
4596
4411
4597
4412
4598
4408
4413
4599
4409
4414
4600
4410
4415
4601
4416
4602
4417
4603
4418
4604
4414
4419
4605
4415
4420
4606
4416
4421
4607
4422
4608
4423
4609
4424
4610
4420
4425
4611
4421
4426
4612
4422
4427
4613
4428
4614
4429
4615
4430
4616
4426
4431
4617
4427
4432
4618
4428
4433
4619
4434
4620
4435
4621
4436
4622
4432
4437
4623
4433
4438
4624
4434
4439
4625
4440
4626
4441
4627
4442
4628
4438
4443
4629
4439
4444
4630
4440
4445
4631
4446
4632
4447
4633
4448
4634
4444
4449
4635
4445
4450
4636
4446
4451
4637
4452
4638
4453
4639
4454
4640
4450
4455
4641
4451
4456
4642
4452
4457
4643
4458
4644
4459
4645
4460
4646
4456
4461
4647
4457
4462
4648
4458
4463
4649
4464
4650
4465
4651
4466
4652
4462
4467
4653
4463
4468
4654
4464
4469
4655
4470
4656
4471
4657
4472
4658
4468
4473
4659
4469
4474
4660
4470
4475
4661
4476
4662
4477
4663
4478
4664
4474
4479
4665
4475
4480
4666
4476
4481
4667
4482
4668
4483
4669
4484
4670
4480
4485
4671
4481
4486
4672
4482
4487
4673
4488
4674
4489
4675
4490
4676
4486
4491
4677
4487
4492
4678
4488
4493
4679
4494
4680
4495
4681
4496
4682
4492
4497
4683
4493
4498
4684
4494
4499
4685
4500
4686
4501
4687
4502
4688
4498
4503
4689
4499
4504
4690
4500
4505
4691
4506
4692
4507
4693
4508
4694
4504
4695
4505
4696
4506
4697
4698
4509
4699
4510
4700
4511
4701
4512
4702
4519
4703
4520
4704
4514
4521
4705
4515
4522
4706
4516
4523
4707
4517
4524
4708
4518
4525
4709
4526
4710
4527
4711
4528
4712
4522
4529
4713
4523
4530
4714
4524
4531
4715
4525
4532
4716
4526
4533
4717
4534
4718
4535
4719
4536
4720
4530
4537
4721
4531
4538
4722
4532
4539
4723
4533
4540
4724
4534
4541
4725
4542
4726
4543
4727
4544
4728
4538
4545
4729
4539
4546
4730
4540
4547
4731
4541
4548
4732
4542
4549
4733
4550
4734
4551
4735
4552
4736
4546
4553
4737
4547
4554
4738
4548
4555
4739
4549
4556
4740
4550
4557
4741
4558
4742
4559
4743
4560
4744
4554
4561
4745
4555
4562
4746
4556
4563
4747
4557
4564
4748
4558
4565
4749
4566
4750
4567
4751
4568
4752
4562
4753
4563
4754
4564
4755
4565
4756
4566
4757
4758
4569
4759
4570
4760
4571
4761
4572
4762
4575
4763
4573
4764
4765
4575
4766
4767
4577
4582
4768
4578
4769
4770
4580
4771
4581
4772
4583
4773
4584
4774
4585
4775
4586
4776
4587
4777
4588
4778
4589
4779
4590
4780
4591
4781
4592
4782
4593
4783
4594
4784
4595
4785
4596
4786
4597
4787
4598
4788
4603
4789
4604
4790
4600
4605
4791
4601
4606
4792
4602
4607
4793
4608
4794
4609
4795
4610
4796
4606
4611
4797
4607
4612
4798
4608
4613
4799
4614
4800
4615
4801
4616
4802
4612
4617
4803
4613
4618
4804
4614
4619
4805
4620
4806
4621
4807
4622
4808
4618
4623
4809
4619
4624
4810
4620
4625
4811
4626
4812
4627
4813
4628
4814
4624
4629
4815
4625
4630
4816
4626
4631
4817
4632
4818
4633
4819
4634
4820
4630
4635
4821
4631
4636
4822
4632
4637
4823
4638
4824
4639
4825
4640
4826
4636
4641
4827
4637
4642
4828
4638
4643
4829
4644
4830
4645
4831
4646
4832
4642
4647
4833
4643
4648
4834
4644
4649
4835
4650
4836
4651
4837
4652
4838
4648
4653
4839
4649
4654
4840
4650
4655
4841
4656
4842
4657
4843
4658
4844
4654
4659
4845
4655
4660
4846
4656
4661
4847
4662
4848
4663
4849
4664
4850
4660
4665
4851
4661
4666
4852
4662
4667
4853
4668
4854
4669
4855
4670
4856
4666
4671
4857
4667
4672
4858
4668
4673
4859
4674
4860
4675
4861
4676
4862
4672
4677
4863
4673
4678
4864
4674
4679
4865
4680
4866
4681
4867
4682
4868
4678
4683
4869
4679
4684
4870
4680
4685
4871
4686
4872
4687
4873
4688
4874
4684
4689
4875
4685
4690
4876
4686
4691
4877
4692
4878
4693
4879
4694
4880
4690
4695
4881
4691
4696
4882
4692
4697
4883
4698
4884
4699
4885
4700
4886
4696
4887
4697
4888
4698
4889
4890
4701
4891
4702
4892
4703
4893
4704
4894
4711
4895
4712
4896
4706
4713
4897
4707
4714
4898
4708
4715
4899
4709
4716
4900
4710
4717
4901
4718
4902
4719
4903
4720
4904
4714
4721
4905
4715
4722
4906
4716
4723
4907
4717
4724
4908
4718
4725
4909
4726
4910
4727
4911
4728
4912
4722
4729
4913
4723
4730
4914
4724
4731
4915
4725
4732
4916
4726
4733
4917
4734
4918
4735
4919
4736
4920
4730
4737
4921
4731
4738
4922
4732
4739
4923
4733
4740
4924
4734
4741
4925
4742
4926
4743
4927
4744
4928
4738
4745
4929
4739
4746
4930
4740
4747
4931
4741
4748
4932
4742
4749
4933
4750
4934
4751
4935
4752
4936
4746
4753
4937
4747
4754
4938
4748
4755
4939
4749
4756
4940
4750
4757
4941
4758
4942
4759
4943
4760
4944
4754
4945
4755
4946
4756
4947
4757
4948
4758
4949
4950
4761
4951
4762
4952
4763
4953
4764
4954
4767
4955
4765
4956
4957
4767
4958
4959
4769
4774
4960
4770
4961
4962
4772
4963
4773
4964
4775
4965
4776
4966
4777
4967
4778
4968
4779
4969
4780
4970
4781
4971
4782
4972
4783
4973
4784
4974
4785
4975
4786
4976
4787
4977
4788
4978
4789
4979
4790
4980
4795
4981
4796
4982
4792
4797
4983
4793
4798
4984
4794
4799
4985
4800
4986
4801
4987
4802
4988
4798
4803
4989
4799
4804
4990
4800
4805
4991
4806
4992
4807
4993
4808
4994
4804
4809
4995
4805
4810
4996
4806
4811
4997
4812
4998
4813
4999
4814
5000
4810
4815
5001
4811
4816
5002
4812
4817
5003
4818
5004
4819
5005
4820
5006
4816
4821
5007
4817
4822
5008
4818
4823
5009
4824
5010
4825
5011
4826
5012
4822
4827
5013
4823
4828
5014
4824
4829
5015
4830
5016
4831
5017
4832
5018
4828
4833
5019
4829
4834
5020
4830
4835
5021
4836
5022
4837
5023
4838
5024
4834
4839
5025
4835
4840
5026
4836
4841
5027
4842
5028
4843
5029
4844
5030
4840
4845
5031
4841
4846
5032
4842
4847
5033
4848
5034
4849
5035
4850
5036
4846
4851
5037
4847
4852
5038
4848
4853
5039
4854
5040
4855
5041
4856
5042
4852
4857
5043
4853
4858
5044
4854
4859
5045
4860
5046
4861
5047
4862
5048
4858
4863
5049
4859
4864
5050
4860
4865
5051
4866
5052
4867
5053
4868
5054
4864
4869
5055
4865
4870
5056
4866
4871
5057
4872
5058
4873
5059
4874
5060
4870
4875
5061
4871
4876
5062
4872
4877
5063
4878
5064
4879
5065
4880
5066
4876
4881
5067
4877
4882
5068
4878
4883
5069
4884
5070
4885
5071
4886
5072
4882
4887
5073
4883
4888
5074
4884
4889
5075
4890
5076
4891
5077
4892
5078
4888
5079
4889
5080
4890
5081
5082
4893
5083
4894
5084
4895
5085
4896
5086
4903
5087
4904
5088
4898
4905
5089
4899
4906
5090
4900
4907
5091
4901
4908
5092
4902
4909
5093
4910
5094
4911
5095
4912
5096
4906
4913
5097
4907
4914
5098
4908
4915
5099
4909
4916
5100
4910
4917
5101
4918
5102
4919
5103
4920
5104
4914
4921
5105
4915
4922
5106
4916
4923
5107
4917
4924
5108
4918
4925
5109
4926
5110
4927
5111
4928
5112
4922
4929
5113
4923
4930
5114
4924
4931
5115
4925
4932
5116
4926
4933
5117
4934
5118
4935
5119
4936
5120
4930
4937
5121
4931
4938
5122
4932
4939
5123
4933
4940
5124
4934
4941
5125
4942
5126
4943
5127
4944
5128
4938
4945
5129
4939
4946
5130
4940
4947
5131
4941
4948
5132
4942
4949
5133
4950
5134
4951
5135
4952
5136
4946
5137
4947
5138
4948
5139
4949
5140
4950
5141
5142
4953
5143
4954
5144
4955
5145
4956
5146
4959
5147
4957
5148
5149
4959
5150
5151
4961
4966
5152
4962
5153
5154
4964
5155
4965
5156
4967
5157
4968
5158
4969
5159
4970
5160
4971
5161
4972
5162
4973
5163
4974
5164
4975
5165
4976
5166
4977
5167
4978
5168
4979
5169
4980
5170
4981
5171
4982
5172
4987
5173
4988
5174
4984
4989
5175
4985
4990
5176
4986
4991
5177
4992
5178
4993
5179
4994
5180
4990
4995
5181
4991
4996
5182
4992
4997
5183
4998
5184
4999
5185
5000
5186
4996
5001
5187
4997
5002
5188
4998
5003
5189
5004
5190
5005
5191
5006
5192
5002
5007
5193
5003
5008
5194
5004
5009
5195
5010
5196
5011
5197
5012
5198
5008
5013
5199
5009
5014
5200
5010
5015
5201
5016
5202
5017
5203
5018
5204
5014
5019
5205
5015
5020
5206
5016
5021
5207
5022
5208
5023
5209
5024
5210
5020
5025
5211
5021
5026
5212
5022
5027
5213
5028
5214
5029
5215
5030
5216
5026
5031
5217
5027
5032
5218
5028
5033
5219
5034
5220
5035
5221
5036
5222
5032
5037
5223
5033
5038
5224
5034
5039
5225
5040
5226
5041
5227
5042
5228
5038
5043
5229
5039
5044
5230
5040
5045
5231
5046
5232
5047
5233
5048
5234
5044
5049
5235
5045
5050
5236
5046
5051
5237
5052
5238
5053
5239
5054
5240
5050
5055
5241
5051
5056
5242
5052
5057
5243
5058
5244
5059
5245
5060
5246
5056
5061
5247
5057
5062
5248
5058
5063
5249
5064
5250
5065
5251
5066
5252
5062
5067
5253
5063
5068
5254
5064
5069
5255
5070
5256
5071
5257
5072
5258
5068
5073
5259
5069
5074
5260
5070
5075
5261
5076
5262
5077
5263
5078
5264
5074
5079
5265
5075
5080
5266
5076
5081
5267
5082
5268
5083
5269
5084
5270
5080
5271
5081
5272
5082
5273
5274
5085
5275
5086
5276
5087
5277
5088
5278
5095
5279
5096
5280
5090
5097
5281
5091
5098
5282
5092
5099
5283
5093
5100
5284
5094
5101
5285
5102
5286
5103
5287
5104
5288
5098
5105
5289
5099
5106
5290
5100
5107
5291
5101
5108
5292
5102
5109
5293
5110
5294
5111
5295
5112
5296
5106
5113
5297
5107
5114
5298
5108
5115
5299
5109
5116
5300
5110
5117
5301
5118
5302
5119
5303
5120
5304
5114
5121
5305
5115
5122
5306
5116
5123
5307
5117
5124
5308
5118
5125
5309
5126
5310
5127
5311
5128
5312
5122
5129
5313
5123
5130
5314
5124
5131
5315
5125
5132
5316
5126
5133
5317
5134
5318
5135
5319
5136
5320
5130
5137
5321
5131
5138
5322
5132
5139
5323
5133
5140
5324
5134
5141
5325
5142
5326
5143
5327
5144
5328
5138
5329
5139
5330
5140
5331
5141
5332
5142
5333
5334
5145
5335
5146
5336
5147
5337
5148
5338
5151
5339
5149
5340
5341
5151
5342
5343
5153
5158
5344
5154
5345
5346
5156
5347
5157
5348
5159
5349
5160
5350
5161
5351
5162
5352
5163
5353
5164
5354
5165
5355
5166
5356
5167
5357
5168
5358
5169
5359
5170
5360
5171
5361
5172
5362
5173
5363
5174
5364
5179
5365
5180
5366
5176
5181
5367
5177
5182
5368
5178
5183
5369
5184
5370
5185
5371
5186
5372
5182
5187
5373
5183
5188
5374
5184
5189
5375
5190
5376
5191
5377
5192
5378
5188
5193
5379
5189
5194
5380
5190
5195
5381
5196
5382
5197
5383
5198
5384
5194
5199
5385
5195
5200
5386
5196
5201
5387
5202
5388
5203
5389
5204
5390
5200
5205
5391
5201
5206
5392
5202
5207
5393
5208
5394
5209
5395
5210
5396
5206
5211
5397
5207
5212
5398
5208
5213
5399
5214
5400
5215
5401
5216
5402
5212
5217
5403
5213
5218
5404
5214
5219
5405
5220
5406
5221
5407
5222
5408
5218
5223
5409
5219
5224
5410
5220
5225
5411
5226
5412
5227
5413
5228
5414
5224
5229
5415
5225
5230
5416
5226
5231
5417
5232
5418
5233
5419
5234
5420
5230
5235
5421
5231
5236
5422
5232
5237
5423
5238
5424
5239
5425
5240
5426
5236
5241
5427
5237
5242
5428
5238
5243
5429
5244
5430
5245
5431
5246
5432
5242
5247
5433
5243
5248
5434
5244
5249
5435
5250
5436
5251
5437
5252
5438
5248
5253
5439
5249
5254
5440
5250
5255
5441
5256
5442
5257
5443
5258
5444
5254
5259
5445
5255
5260
5446
5256
5261
5447
5262
5448
5263
5449
5264
5450
5260
5265
5451
5261
5266
5452
5262
5267
5453
5268
5454
5269
5455
5270
5456
5266
5271
5457
5267
5272
5458
5268
5273
5459
5274
5460
5275
5461
5276
5462
5272
5463
5273
5464
5274
5465
5466
5277
5467
5278
5468
5279
5469
5280
5470
5287
5471
5288
5472
5282
5289
5473
5283
5290
5474
5284
5291
5475
5285
5292
5476
5286
5293
5477
5294
5478
5295
5479
5296
5480
5290
5297
5481
5291
5298
5482
5292
5299
5483
5293
5300
5484
5294
5301
5485
5302
5486
5303
5487
5304
5488
5298
5305
5489
5299
5306
5490
5300
5307
5491
5301
5308
5492
5302
5309
5493
5310
5494
5311
5495
5312
5496
5306
5313
5497
5307
5314
5498
5308
5315
5499
5309
5316
5500
5310
5317
5501
5318
5502
5319
5503
5320
5504
5314
5321
5505
5315
5322
5506
5316
5323
5507
5317
5324
5508
5318
5325
5509
5326
5510
5327
5511
5328
5512
5322
5329
5513
5323
5330
5514
5324
5331
5515
5325
5332
5516
5326
5333
5517
5334
5518
5335
5519
5336
5520
5330
5521
5331
5522
5332
5523
5333
5524
5334
5525
5526
5337
5527
5338
5528
5339
5529
5340
5530
5343
5531
5341
5532
5533
5343
5534
5535
5345
5350
5536
5346
5537
5538
5348
5539
5349
5540
5351
5541
5352
5542
5353
5543
5354
5544
5355
5545
5356
5546
5357
5547
5358
5548
5359
5549
5360
5550
5361
5551
5362
5552
5363
5553
5364
5554
5365
5555
5366
5556
5371
5565
5372
5566
5368
5373
5569
5369
5374
5570
5370
5375
5571
5376
5572
5377
5575
5378
5576
5374
5379
5579
5375
5380
5580
5376
5381
5581
5382
5582
5383
5585
5384
5586
5380
5385
5589
5381
5386
5590
5382
5387
5591
5388
5592
5389
5595
5390
5596
5386
5391
5599
5387
5392
5600
5388
5393
5601
5394
5602
5395
5605
5396
5606
5392
5397
5609
5393
5398
5610
5394
5399
5611
5400
5612
5401
5615
5402
5616
5398
5403
5619
5399
5404
5620
5400
5405
5621
5406
5622
5407
5625
5408
5626
5404
5409
5629
5405
5410
5630
5406
5411
5631
5412
5632
5413
5635
5414
5636
5410
5415
5639
5411
5416
5640
5412
5417
5641
5418
5642
5419
5645
5420
5646
5416
5421
5649
5417
5422
5650
5418
5423
5651
5424
5652
5425
5655
5426
5656
5422
5427
5659
5423
5428
5660
5424
5429
5661
5430
5662
5431
5665
5432
5666
5428
5433
5669
5429
5434
5670
5430
5435
5671
5436
5672
5437
5675
5438
5676
5434
5439
5679
5435
5440
5680
5436
5441
5681
5442
5682
5443
5685
5444
5686
5440
5445
5689
5441
5446
5690
5442
5447
5691
5448
5692
5449
5695
5450
5696
5446
5451
5699
5447
5452
5700
5448
5453
5701
5454
5702
5455
5705
5456
5706
5452
5457
5709
5453
5458
5710
5454
5459
5711
5460
5712
5461
5715
5462
5716
5458
5463
5719
5459
5464
5720
5460
5465
5721
5466
5722
5467
5725
5468
5726
5464
5729
5465
5730
5466
5731
5732
5469
5735
5470
5736
5471
5745
5472
5746
5479
5747
5480
5748
5474
5481
5749
5475
5482
5750
5476
5483
5751
5477
5484
5752
5478
5485
5753
5486
5754
5487
5755
5488
5756
5482
5489
5757
5483
5490
5758
5484
5491
5759
5485
5492
5760
5486
5493
5761
5494
5762
5495
5763
5496
5764
5490
5497
5765
5491
5498
5766
5492
5499
5767
5493
5500
5768
5494
5501
5769
5502
5770
5503
5771
5504
5772
5498
5505
5773
5499
5506
5774
5500
5507
5775
5501
5508
5776
5502
5509
5777
5510
5778
5511
5779
5512
5780
5506
5513
5781
5507
5514
5782
5508
5515
5783
5509
5516
5784
5510
5517
5785
5518
5786
5519
5787
5520
5788
5514
5521
5789
5515
5522
5790
5516
5523
5791
5517
5524
5792
5518
5525
5793
5526
5794
5527
5795
5528
5796
5522
5797
5523
5798
5524
5799
5525
5800
5526
5801
5802
5529
5803
5530
5804
5531
5805
5532
5806
5535
5807
5533
5808
5809
5535
5810
5811
5537
5542
5812
5538
5813
5814
5540
5815
5541
5816
5543
5817
5544
5818
5545
5819
5546
5820
5547
5821
5548
5822
5549
5823
5550
5824
5551
5825
5552
5826
5553
5827
5554
5828
5555
5829
5556
5830
5565
5831
5566
5832
5558
5567
5833
5559
5568
5834
5560
5569
5835
5561
5570
5836
5562
5571
5837
5563
5572
5838
5564
5573
5839
5574
5840
5575
5841
5576
5842
5568
5577
5843
5569
5578
5844
5570
5579
5845
5571
5580
5846
5572
5581
5847
5573
5582
5848
5574
5583
5849
5584
5850
5585
5851
5586
5852
5578
5587
5853
5579
5588
5854
5580
5589
5855
5581
5590
5856
5582
5591
5857
5583
5592
5858
5584
5593
5859
5594
5860
5595
5861
5596
5862
5588
5597
5863
5589
5598
5864
5590
5599
5865
5591
5600
5866
5592
5601
5867
5593
5602
5868
5594
5603
5869
5604
5870
5605
5871
5606
5872
5598
5607
5873
5599
5608
5874
5600
5609
5875
5601
5610
5876
5602
5611
5877
5603
5612
5878
5604
5613
5879
5614
5880
5615
5881
5616
5882
5608
5617
5883
5609
5618
5884
5610
5619
5885
5611
5620
5886
5612
5621
5887
5613
5622
5888
5614
5623
5889
5624
5890
5625
5891
5626
5892
5618
5627
5893
5619
5628
5894
5620
5629
5895
5621
5630
5896
5622
5631
5897
5623
5632
5898
5624
5633
5899
5634
5900
5635
5901
5636
5902
5628
5637
5903
5629
5638
5904
5630
5639
5905
5631
5640
5906
5632
5641
5907
5633
5642
5908
5634
5643
5909
5644
5910
5645
5911
5646
5912
5638
5647
5913
5639
5648
5914
5640
5649
5915
5641
5650
5916
5642
5651
5917
5643
5652
5918
5644
5653
5919
5654
5920
5655
5921
5656
5922
5648
5657
5923
5649
5658
5924
5650
5659
5925
5651
5660
5926
5652
5661
5927
5653
5662
5928
5654
5663
5929
5664
5930
5665
5931
5666
5932
5658
5667
5933
5659
5668
5934
5660
5669
5935
5661
5670
5936
5662
5671
5937
5663
5672
5938
5664
5673
5939
5674
5940
5675
5941
5676
5942
5668
5677
5943
5669
5678
5944
5670
5679
5945
5671
5680
5946
5672
5681
5947
5673
5682
5948
5674
5683
5949
5684
5950
5685
5951
5686
5952
5678
5687
5953
5679
5688
5954
5680
5689
5955
5681
5690
5956
5682
5691
5957
5683
5692
5958
5684
5693
5959
5694
5960
5695
5961
5696
5962
5688
5697
5963
5689
5698
5964
5690
5699
5965
5691
5700
5966
5692
5701
5967
5693
5702
5968
5694
5703
5969
5704
5970
5705
5971
5706
5972
5698
5707
5973
5699
5708
5974
5700
5709
5975
5701
5710
5976
5702
5711
5977
5703
5712
5978
5704
5713
5979
5714
5980
5715
5981
5716
5982
5708
5717
5983
5709
5718
5984
5710
5719
5985
5711
5720
5986
5712
5721
5987
5713
5722
5988
5714
5723
5989
5724
5990
5725
5991
5726
5992
5718
5727
5993
5719
5728
5994
5720
5729
5995
5721
5730
5996
5722
5731
5997
5723
5732
5998
5724
5733
5999
5734
6000
5735
6001
5736
6002
5728
5737
6003
5729
5738
6004
5730
5739
6005
5731
5740
6006
5732
5741
6007
5733
5742
6008
5734
5743
6009
5744
6010
5745
6011
5746
6012
5738
6013
5739
6014
5740
6015
5741
6016
5742
6017
5743
6018
5744
6019
6020
5747
6021
5748
6022
5755
6023
5756
6024
5750
5757
6025
5751
5758
6026
5752
5759
6027
5753
5760
6028
5754
5761
6029
5762
6030
5763
6031
5764
6032
5758
5765
6033
5759
5766
6034
5760
5767
6035
5761
5768
6036
5762
5769
6037
5770
6038
5771
6039
5772
6040
5766
5773
6041
5767
5774
6042
5768
5775
6043
5769
5776
6044
5770
5777
6045
5778
6046
5779
6047
5780
6048
5774
5781
6049
5775
5782
6050
5776
5783
6051
5777
5784
6052
5778
5785
6053
5786
6054
5787
6055
5788
6056
5782
5789
6057
5783
5790
6058
5784
5791
6059
5785
5792
6060
5786
5793
6061
5794
6062
5795
6063
5796
6064
5790
5797
6065
5791
5798
6066
5792
5799
6067
5793
5800
6068
5794
5801
6069
5802
6070
5803
6071
5804
6072
5798
6073
5799
6074
5800
6075
5801
6076
5802
6077
6078
5805
6079
5806
6080
5807
6081
5808
6082
5811
6083
5809
6084
6085
5811
6086
6087
5813
5818
6088
5814
6089
6090
5816
6091
5817
6092
5819
6093
5820
6094
5821
6095
5822
6096
5823
6097
5824
6098
5825
6099
5826
6100
5827
6101
5828
6102
5829
6103
5830
6104
5831
6105
5832
6106
5841
6107
5842
6108
5834
5843
6109
5835
5844
6110
5836
5845
6111
5837
5846
6112
5838
5847
6113
5839
5848
6114
5840
5849
6115
5850
6116
5851
6117
5852
6118
5844
5853
6119
5845
5854
6120
5846
5855
6121
5847
5856
6122
5848
5857
6123
5849
5858
6124
5850
5859
6125
5860
6126
5861
6127
5862
6128
5854
5863
6129
5855
5864
6130
5856
5865
6131
5857
5866
6132
5858
5867
6133
5859
5868
6134
5860
5869
6135
5870
6136
5871
6137
5872
6138
5864
5873
6139
5865
5874
6140
5866
5875
6141
5867
5876
6142
5868
5877
6143
5869
5878
6144
5870
5879
6145
5880
6146
5881
6147
5882
6148
5874
5883
6149
5875
5884
6150
5876
5885
6151
5877
5886
6152
5878
5887
6153
5879
5888
6154
5880
5889
6155
5890
6156
5891
6157
5892
6158
5884
5893
6159
5885
5894
6160
5886
5895
6161
5887
5896
6162
5888
5897
6163
5889
5898
6164
5890
5899
6165
5900
6166
5901
6167
5902
6168
5894
5903
6169
5895
5904
6170
5896
5905
6171
5897
5906
6172
5898
5907
6173
5899
5908
6174
5900
5909
6175
5910
6176
5911
6177
5912
6178
5904
5913
6179
5905
5914
6180
5906
5915
6181
5907
5916
6182
5908
5917
6183
5909
5918
6184
5910
5919
6185
5920
6186
5921
6187
5922
6188
5914
5923
6189
5915
5924
6190
5916
5925
6191
5917
5926
6192
5918
5927
6193
5919
5928
6194
5920
5929
6195
5930
6196
5931
6197
5932
6198
5924
5933
6199
5925
5934
6200
5926
5935
6201
5927
5936
6202
5928
5937
6203
5929
5938
6204
5930
5939
6205
5940
6206
5941
6207
5942
6208
5934
5943
6209
5935
5944
6210
5936
5945
6211
5937
5946
6212
5938
5947
6213
5939
5948
6214
5940
5949
6215
5950
6216
5951
6217
5952
6218
5944
5953
6219
5945
5954
6220
5946
5955
6221
5947
5956
6222
5948
5957
6223
5949
5958
6224
5950
5959
6225
5960
6226
5961
6227
5962
6228
5954
5963
6229
5955
5964
6230
5956
5965
6231
5957
5966
6232
5958
5967
6233
5959
5968
6234
5960
5969
6235
5970
6236
5971
6237
5972
6238
5964
5973
6239
5965
5974
6240
5966
5975
6241
5967
5976
6242
5968
5977
6243
5969
5978
6244
5970
5979
6245
5980
6246
5981
6247
5982
6248
5974
5983
6249
5975
5984
6250
5976
5985
6251
5977
5986
6252
5978
5987
6253
5979
5988
6254
5980
5989
6255
5990
6256
5991
6257
5992
6258
5984
5993
6259
5985
5994
6260
5986
5995
6261
5987
5996
6262
5988
5997
6263
5989
5998
6264
5990
5999
6265
6000
6266
6001
6267
6002
6268
5994
6003
6269
5995
6004
6270
5996
6005
6271
5997
6006
6272
5998
6007
6273
5999
6008
6274
6000
6009
6275
6010
6276
6011
6277
6012
6278
6004
6013
6279
6005
6014
6280
6006
6015
6281
6007
6016
6282
6008
6017
6283
6009
6018
6284
6010
6019
6285
6020
6286
6021
6287
6022
6288
6014
6289
6015
6290
6016
6291
6017
6292
6018
6293
6019
6294
6020
6295
6296
6023
6297
6024
6298
6031
6299
6032
6300
6026
6033
6301
6027
6034
6302
6028
6035
6303
6029
6036
6304
6030
6037
6305
6038
6306
6039
6307
6040
6308
6034
6041
6309
6035
6042
6310
6036
6043
6311
6037
6044
6312
6038
6045
6313
6046
6314
6047
6315
6048
6316
6042
6049
6317
6043
6050
6318
6044
6051
6319
6045
6052
6320
6046
6053
6321
6054
6322
6055
6323
6056
6324
6050
6057
6325
6051
6058
6326
6052
6059
6327
6053
6060
6328
6054
6061
6329
6062
6330
6063
6331
6064
6332
6058
6065
6333
6059
6066
6334
6060
6067
6335
6061
6068
6336
6062
6069
6337
6070
6338
6071
6339
6072
6340
6066
6073
6341
6067
6074
6342
6068
6075
6343
6069
6076
6344
6070
6077
6345
6078
6346
6079
6347
6080
6348
6074
6349
6075
6350
6076
6351
6077
6352
6078
6353
6354
6081
6355
6082
6356
6083
6357
6084
6358
6087
6359
6085
6360
6361
6087
6362
6363
6089
6094
6364
6090
6365
6366
6092
6367
6093
6368
6095
6369
6096
6370
6097
6371
6098
6372
6099
6373
6100
6374
6101
6375
6102
6376
6103
6377
6104
6378
6105
6379
6106
6380
6107
6381
6108
6382
6117
6383
6118
6384
6110
6119
6385
6111
6120
6386
6112
6121
6387
6113
6122
6388
6114
6123
6389
6115
6124
6390
6116
6125
6391
6126
6392
6127
6393
6128
6394
6120
6129
6395
6121
6130
6396
6122
6131
6397
6123
6132
6398
6124
6133
6399
6125
6134
6400
6126
6135
6401
6136
6402
6137
6403
6138
6404
6130
6139
6405
6131
6140
6406
6132
6141
6407
6133
6142
6408
6134
6143
6409
6135
6144
6410
6136
6145
6411
6146
6412
6147
6413
6148
6414
6140
6149
6415
6141
6150
6416
6142
6151
6417
6143
6152
6418
6144
6153
6419
6145
6154
6420
6146
6155
6421
6156
6422
6157
6423
6158
6424
6150
6159
6425
6151
6160
6426
6152
6161
6427
6153
6162
6428
6154
6163
6429
6155
6164
6430
6156
6165
6431
6166
6432
6167
6433
6168
6434
6160
6169
6435
6161
6170
6436
6162
6171
6437
6163
6172
6438
6164
6173
6439
6165
6174
6440
6166
6175
6441
6176
6442
6177
6443
6178
6444
6170
6179
6445
6171
6180
6446
6172
6181
6447
6173
6182
6448
6174
6183
6449
6175
6184
6450
6176
6185
6451
6186
6452
6187
6453
6188
6454
6180
6189
6455
6181
6190
6456
6182
6191
6457
6183
6192
6458
6184
6193
6459
6185
6194
6460
6186
6195
6461
6196
6462
6197
6463
6198
6464
6190
6199
6465
6191
6200
6466
6192
6201
6467
6193
6202
6468
6194
6203
6469
6195
6204
6470
6196
6205
6471
6206
6472
6207
6473
6208
6474
6200
6209
6475
6201
6210
6476
6202
6211
6477
6203
6212
6478
6204
6213
6479
6205
6214
6480
6206
6215
6481
6216
6482
6217
6483
6218
6484
6210
6219
6485
6211
6220
6486
6212
6221
6487
6213
6222
6488
6214
6223
6489
6215
6224
6490
6216
6225
6491
6226
6492
6227
6493
6228
6494
6220
6229
6495
6221
6230
6496
6222
6231
6497
6223
6232
6498
6224
6233
6499
6225
6234
6500
6226
6235
6501
6236
6502
6237
6503
6238
6504
6230
6239
6505
6231
6240
6506
6232
6241
6507
6233
6242
6508
6234
6243
6509
6235
6244
6510
6236
6245
6511
6246
6512
6247
6513
6248
6514
6240
6249
6515
6241
6250
6516
6242
6251
6517
6243
6252
6518
6244
6253
6519
6245
6254
6520
6246
6255
6521
6256
6522
6257
6523
6258
6524
6250
6259
6525
6251
6260
6526
6252
6261
6527
6253
6262
6528
6254
6263
6529
6255
6264
6530
6256
6265
6531
6266
6532
6267
6533
6268
6534
6260
6269
6535
6261
6270
6536
6262
6271
6537
6263
6272
6538
6264
6273
6539
6265
6274
6540
6266
6275
6541
6276
6542
6277
6543
6278
6544
6270
6279
6545
6271
6280
6546
6272
6281
6547
6273
6282
6548
6274
6283
6549
6275
6284
6550
6276
6285
6551
6286
6552
6287
6553
6288
6554
6280
6289
6555
6281
6290
6556
6282
6291
6557
6283
6292
6558
6284
6293
6559
6285
6294
6560
6286
6295
6561
6296
6562
6297
6563
6298
6564
6290
6565
6291
6566
6292
6567
6293
6568
6294
6569
6295
6570
6296
6571
6572
6299
6573
6300
6574
6307
6575
6308
6576
6302
6309
6577
6303
6310
6578
6304
6311
6579
6305
6312
6580
6306
6313
6581
6314
6582
6315
6583
6316
6584
6310
6317
6585
6311
6318
6586
6312
6319
6587
6313
6320
6588
6314
6321
6589
6322
6590
6323
6591
6324
6592
6318
6325
6593
6319
6326
6594
6320
6327
6595
6321
6328
6596
6322
6329
6597
6330
6598
6331
6599
6332
6600
6326
6333
6601
6327
6334
6602
6328
6335
6603
6329
6336
6604
6330
6337
6605
6338
6606
6339
6607
6340
6608
6334
6341
6609
6335
6342
6610
6336
6343
6611
6337
6344
6612
6338
6345
6613
6346
6614
6347
6615
6348
6616
6342
6349
6617
6343
6350
6618
6344
6351
6619
6345
6352
6620
6346
6353
6621
6354
6622
6355
6623
6356
6624
6350
6625
6351
6626
6352
6627
6353
6628
6354
6629
6630
6357
6631
6358
6632
6359
6633
6360
6634
6363
6635
6361
6636
6637
6363
6638
6639
6365
6370
6640
6366
6641
6642
6368
6643
6369
6644
6371
6645
6372
6646
6373
6647
6374
6648
6375
6649
6376
6650
6377
6651
6378
6652
6379
6653
6380
6654
6381
6655
6382
6656
6383
6657
6384
6658
6393
6659
6394
6660
6386
6395
6661
6387
6396
6662
6388
6397
6663
6389
6398
6664
6390
6399
6665
6391
6400
6666
6392
6401
6667
6402
6668
6403
6669
6404
6670
6396
6405
6671
6397
6406
6672
6398
6407
6673
6399
6408
6674
6400
6409
6675
6401
6410
6676
6402
6411
6677
6412
6678
6413
6679
6414
6680
6406
6415
6681
6407
6416
6682
6408
6417
6683
6409
6418
6684
6410
6419
6685
6411
6420
6686
6412
6421
6687
6422
6688
6423
6689
6424
6690
6416
6425
6691
6417
6426
6692
6418
6427
6693
6419
6428
6694
6420
6429
6695
6421
6430
6696
6422
6431
6697
6432
6698
6433
6699
6434
6700
6426
6435
6701
6427
6436
6702
6428
6437
6703
6429
6438
6704
6430
6439
6705
6431
6440
6706
6432
6441
6707
6442
6708
6443
6709
6444
6710
6436
6445
6711
6437
6446
6712
6438
6447
6713
6439
6448
6714
6440
6449
6715
6441
6450
6716
6442
6451
6717
6452
6718
6453
6719
6454
6720
6446
6455
6721
6447
6456
6722
6448
6457
6723
6449
6458
6724
6450
6459
6725
6451
6460
6726
6452
6461
6727
6462
6728
6463
6729
6464
6730
6456
6465
6731
6457
6466
6732
6458
6467
6733
6459
6468
6734
6460
6469
6735
6461
6470
6736
6462
6471
6737
6472
6738
6473
6739
6474
6740
6466
6475
6741
6467
6476
6742
6468
6477
6743
6469
6478
6744
6470
6479
6745
6471
6480
6746
6472
6481
6747
6482
6748
6483
6749
6484
6750
6476
6485
6751
6477
6486
6752
6478
6487
6753
6479
6488
6754
6480
6489
6755
6481
6490
6756
6482
6491
6757
6492
6758
6493
6759
6494
6760
6486
6495
6761
6487
6496
6762
6488
6497
6763
6489
6498
6764
6490
6499
6765
6491
6500
6766
6492
6501
6767
6502
6768
6503
6769
6504
6770
6496
6505
6771
6497
6506
6772
6498
6507
6773
6499
6508
6774
6500
6509
6775
6501
6510
6776
6502
6511
6777
6512
6778
6513
6779
6514
6780
6506
6515
6781
6507
6516
6782
6508
6517
6783
6509
6518
6784
6510
6519
6785
6511
6520
6786
6512
6521
6787
6522
6788
6523
6789
6524
6790
6516
6525
6791
6517
6526
6792
6518
6527
6793
6519
6528
6794
6520
6529
6795
6521
6530
6796
6522
6531
6797
6532
6798
6533
6799
6534
6800
6526
6535
6801
6527
6536
6802
6528
6537
6803
6529
6538
6804
6530
6539
6805
6531
6540
6806
6532
6541
6807
6542
6808
6543
6809
6544
6810
6536
6545
6811
6537
6546
6812
6538
6547
6813
6539
6548
6814
6540
6549
6815
6541
6550
6816
6542
6551
6817
6552
6818
6553
6819
6554
6820
6546
6555
6821
6547
6556
6822
6548
6557
6823
6549
6558
6824
6550
6559
6825
6551
6560
6826
6552
6561
6827
6562
6828
6563
6829
6564
6830
6556
6565
6831
6557
6566
6832
6558
6567
6833
6559
6568
6834
6560
6569
6835
6561
6570
6836
6562
6571
6837
6572
6838
6573
6839
6574
6840
6566
6841
6567
6842
6568
6843
6569
6844
6570
6845
6571
6846
6572
6847
6848
6575
6849
6576
6850
6583
6851
6584
6852
6578
6585
6853
6579
6586
6854
6580
6587
6855
6581
6588
6856
6582
6589
6857
6590
6858
6591
6859
6592
6860
6586
6593
6861
6587
6594
6862
6588
6595
6863
6589
6596
6864
6590
6597
6865
6598
6866
6599
6867
6600
6868
6594
6601
6869
6595
6602
6870
6596
6603
6871
6597
6604
6872
6598
6605
6873
6606
6874
6607
6875
6608
6876
6602
6609
6877
6603
6610
6878
6604
6611
6879
6605
6612
6880
6606
6613
6881
6614
6882
6615
6883
6616
6884
6610
6617
6885
6611
6618
6886
6612
6619
6887
6613
6620
6888
6614
6621
6889
6622
6890
6623
6891
6624
6892
6618
6625
6893
6619
6626
6894
6620
6627
6895
6621
6628
6896
6622
6629
6897
6630
6898
6631
6899
6632
6900
6626
6901
6627
6902
6628
6903
6629
6904
6630
6905
6906
6633
6907
6634
6908
6635
6909
6636
6910
6639
6911
6637
6912
6913
6639
6914
6915
6641
6646
6916
6642
6917
6918
6644
6919
6645
6920
6647
6921
6648
6922
6649
6923
6650
6924
6651
6925
6652
6926
6653
6927
6654
6928
6655
6929
6656
6930
6657
6931
6658
6932
6659
6933
6660
6934
6669
6935
6670
6936
6662
6671
6937
6663
6672
6938
6664
6673
6939
6665
6674
6940
6666
6675
6941
6667
6676
6942
6668
6677
6943
6678
6944
6679
6945
6680
6946
6672
6681
6947
6673
6682
6948
6674
6683
6949
6675
6684
6950
6676
6685
6951
6677
6686
6952
6678
6687
6953
6688
6954
6689
6955
6690
6956
6682
6691
6957
6683
6692
6958
6684
6693
6959
6685
6694
6960
6686
6695
6961
6687
6696
6962
6688
6697
6963
6698
6964
6699
6965
6700
6966
6692
6701
6967
6693
6702
6968
6694
6703
6969
6695
6704
6970
6696
6705
6971
6697
6706
6972
6698
6707
6973
6708
6974
6709
6975
6710
6976
6702
6711
6977
6703
6712
6978
6704
6713
6979
6705
6714
6980
6706
6715
6981
6707
6716
6982
6708
6717
6983
6718
6984
6719
6985
6720
6986
6712
6721
6987
6713
6722
6988
6714
6723
6989
6715
6724
6990
6716
6725
6991
6717
6726
6992
6718
6727
6993
6728
6994
6729
6995
6730
6996
6722
6731
6997
6723
6732
6998
6724
6733
6999
6725
6734
7000
6726
6735
7001
6727
6736
7002
6728
6737
7003
6738
7004
6739
7005
6740
7006
6732
6741
7007
6733
6742
7008
6734
6743
7009
6735
6744
7010
6736
6745
7011
6737
6746
7012
6738
6747
7013
6748
7014
6749
7015
6750
7016
6742
6751
7017
6743
6752
7018
6744
6753
7019
6745
6754
7020
6746
6755
7021
6747
6756
7022
6748
6757
7023
6758
7024
6759
7025
6760
7026
6752
6761
7027
6753
6762
7028
6754
6763
7029
6755
6764
7030
6756
6765
7031
6757
6766
7032
6758
6767
7033
6768
7034
6769
7035
6770
7036
6762
6771
7037
6763
6772
7038
6764
6773
7039
6765
6774
7040
6766
6775
7041
6767
6776
7042
6768
6777
7043
6778
7044
6779
7045
6780
7046
6772
6781
7047
6773
6782
7048
6774
6783
7049
6775
6784
7050
6776
6785
7051
6777
6786
7052
6778
6787
7053
6788
7054
6789
7055
6790
7056
6782
6791
7057
6783
6792
7058
6784
6793
7059
6785
6794
7060
6786
6795
7061
6787
6796
7062
6788
6797
7063
6798
7064
6799
7065
6800
7066
6792
6801
7067
6793
6802
7068
6794
6803
7069
6795
6804
7070
6796
6805
7071
6797
6806
7072
6798
6807
7073
6808
7074
6809
7075
6810
7076
6802
6811
7077
6803
6812
7078
6804
6813
7079
6805
6814
7080
6806
6815
7081
6807
6816
7082
6808
6817
7083
6818
7084
6819
7085
6820
7086
6812
6821
7087
6813
6822
7088
6814
6823
7089
6815
6824
7090
6816
6825
7091
6817
6826
7092
6818
6827
7093
6828
7094
6829
7095
6830
7096
6822
6831
7097
6823
6832
7098
6824
6833
7099
6825
6834
7100
6826
6835
7101
6827
6836
7102
6828
6837
7103
6838
7104
6839
7105
6840
7106
6832
6841
7107
6833
6842
7108
6834
6843
7109
6835
6844
7110
6836
6845
7111
6837
6846
7112
6838
6847
7113
6848
7114
6849
7115
6850
7116
6842
7117
6843
7118
6844
7119
6845
7120
6846
7121
6847
7122
6848
7123
7124
6851
7125
6852
7126
6859
7127
6860
7128
6854
6861
7129
6855
6862
7130
6856
6863
7131
6857
6864
7132
6858
6865
7133
6866
7134
6867
7135
6868
7136
6862
6869
7137
6863
6870
7138
6864
6871
7139
6865
6872
7140
6866
6873
7141
6874
7142
6875
7143
6876
7144
6870
6877
7145
6871
6878
7146
6872
6879
7147
6873
6880
7148
6874
6881
7149
6882
7150
6883
7151
6884
7152
6878
6885
7153
6879
6886
7154
6880
6887
7155
6881
6888
7156
6882
6889
7157
6890
7158
6891
7159
6892
7160
6886
6893
7161
6887
6894
7162
6888
6895
7163
6889
6896
7164
6890
6897
7165
6898
7166
6899
7167
6900
7168
6894
6901
7169
6895
6902
7170
6896
6903
7171
6897
6904
7172
6898
6905
7173
6906
7174
6907
7175
6908
7176
6902
7177
6903
7178
6904
7179
6905
7180
6906
7181
7182
6909
7183
6910
7184
6911
7185
6912
7186
6915
7187
6913
7188
7189
6915
7190
7191
6917
6922
7192
6918
7193
7194
6920
7195
6921
7196
6923
7197
6924
7198
6925
7199
6926
7200
6927
7201
6928
7202
6929
7203
6930
7204
6931
7205
6932
7206
6933
7207
6934
7208
6935
7209
6936
7210
6945
7211
6946
7212
6938
6947
7213
6939
6948
7214
6940
6949
7215
6941
6950
7216
6942
6951
7217
6943
6952
7218
6944
6953
7219
6954
7220
6955
7221
6956
7222
6948
6957
7223
6949
6958
7224
6950
6959
7225
6951
6960
7226
6952
6961
7227
6953
6962
7228
6954
6963
7229
6964
7230
6965
7231
6966
7232
6958
6967
7233
6959
6968
7234
6960
6969
7235
6961
6970
7236
6962
6971
7237
6963
6972
7238
6964
6973
7239
6974
7240
6975
7241
6976
7242
6968
6977
7243
6969
6978
7244
6970
6979
7245
6971
6980
7246
6972
6981
7247
6973
6982
7248
6974
6983
7249
6984
7250
6985
7251
6986
7252
6978
6987
7253
6979
6988
7254
6980
6989
7255
6981
6990
7256
6982
6991
7257
6983
6992
7258
6984
6993
7259
6994
7260
6995
7261
6996
7262
6988
6997
7263
6989
6998
7264
6990
6999
7265
6991
7000
7266
6992
7001
7267
6993
7002
7268
6994
7003
7269
7004
7270
7005
7271
7006
7272
6998
7007
7273
6999
7008
7274
7000
7009
7275
7001
7010
7276
7002
7011
7277
7003
7012
7278
7004
7013
7279
7014
7280
7015
7281
7016
7282
7008
7017
7283
7009
7018
7284
7010
7019
7285
7011
7020
7286
7012
7021
7287
7013
7022
7288
7014
7023
7289
7024
7290
7025
7291
7026
7292
7018
7027
7293
7019
7028
7294
7020
7029
7295
7021
7030
7296
7022
7031
7297
7023
7032
7298
7024
7033
7299
7034
7300
7035
7301
7036
7302
7028
7037
7303
7029
7038
7304
7030
7039
7305
7031
7040
7306
7032
7041
7307
7033
7042
7308
7034
7043
7309
7044
7310
7045
7311
7046
7312
7038
7047
7313
7039
7048
7314
7040
7049
7315
7041
7050
7316
7042
7051
7317
7043
7052
7318
7044
7053
7319
7054
7320
7055
7321
7056
7322
7048
7057
7323
7049
7058
7324
7050
7059
7325
7051
7060
7326
7052
7061
7327
7053
7062
7328
7054
7063
7329
7064
7330
7065
7331
7066
7332
7058
7067
7333
7059
7068
7334
7060
7069
7335
7061
7070
7336
7062
7071
7337
7063
7072
7338
7064
7073
7339
7074
7340
7075
7341
7076
7342
7068
7077
7343
7069
7078
7344
7070
7079
7345
7071
7080
7346
7072
7081
7347
7073
7082
7348
7074
7083
7349
7084
7350
7085
7351
7086
7352
7078
7087
7353
7079
7088
7354
7080
7089
7355
7081
7090
7356
7082
7091
7357
7083
7092
7358
7084
7093
7359
7094
7360
7095
7361
7096
7362
7088
7097
7363
7089
7098
7364
7090
7099
7365
7091
7100
7366
7092
7101
7367
7093
7102
7368
7094
7103
7369
7104
7370
7105
7371
7106
7372
7098
7107
7373
7099
7108
7374
7100
7109
7375
7101
7110
7376
7102
7111
7377
7103
7112
7378
7104
7113
7379
7114
7380
7115
7381
7116
7382
7108
7117
7383
7109
7118
7384
7110
7119
7385
7111
7120
7386
7112
7121
7387
7113
7122
7388
7114
7123
7389
7124
7390
7125
7391
7126
7392
7118
7393
7119
7394
7120
7395
7121
7396
7122
7397
7123
7398
7124
7399
7400
7127
7401
7128
7402
7135
7403
7136
7404
7130
7137
7405
7131
7138
7406
7132
7139
7407
7133
7140
7408
7134
7141
7409
7142
7410
7143
7411
7144
7412
7138
7145
7413
7139
7146
7414
7140
7147
7415
7141
7148
7416
7142
7149
7417
7150
7418
7151
7419
7152
7420
7146
7153
7421
7147
7154
7422
7148
7155
7423
7149
7156
7424
7150
7157
7425
7158
7426
7159
7427
7160
7428
7154
7161
7429
7155
7162
7430
7156
7163
7431
7157
7164
7432
7158
7165
7433
7166
7434
7167
7435
7168
7436
7162
7169
7437
7163
7170
7438
7164
7171
7439
7165
7172
7440
7166
7173
7441
7174
7442
7175
7443
7176
7444
7170
7177
7445
7171
7178
7446
7172
7179
7447
7173
7180
7448
7174
7181
7449
7182
7450
7183
7451
7184
7452
7178
7453
7179
7454
7180
7455
7181
7456
7182
7457
7458
7185
7459
7186
7460
7187
7461
7188
7462
7191
7463
7189
7464
7465
7191
7466
7467
7193
7198
7468
7194
7469
7470
7196
7471
7197
7472
7199
7473
7200
7474
7201
7475
7202
7476
7203
7477
7204
7478
7205
7479
7206
7480
7207
7481
7208
7482
7209
7483
7210
7484
7211
7485
7212
7486
7221
7487
7222
7488
7214
7223
7489
7215
7224
7490
7216
7225
7491
7217
7226
7492
7218
7227
7493
7219
7228
7494
7220
7229
7495
7230
7496
7231
7497
7232
7498
7224
7233
7499
7225
7234
7500
7226
7235
7501
7227
7236
7502
7228
7237
7503
7229
7238
7504
7230
7239
7505
7240
7506
7241
7507
7242
7508
7234
7243
7509
7235
7244
7510
7236
7245
7511
7237
7246
7512
7238
7247
7513
7239
7248
7514
7240
7249
7515
7250
7516
7251
7517
7252
7518
7244
7253
7519
7245
7254
7520
7246
7255
7521
7247
7256
7522
7248
7257
7523
7249
7258
7524
7250
7259
7525
7260
7526
7261
7527
7262
7528
7254
7263
7529
7255
7264
7530
7256
7265
7531
7257
7266
7532
7258
7267
7533
7259
7268
7534
7260
7269
7535
7270
7536
7271
7537
7272
7538
7264
7273
7539
7265
7274
7540
7266
7275
7541
7267
7276
7542
7268
7277
7543
7269
7278
7544
7270
7279
7545
7280
7546
7281
7547
7282
7548
7274
7283
7549
7275
7284
7550
7276
7285
7551
7277
7286
7552
7278
7287
7553
7279
7288
7554
7280
7289
7555
7290
7556
7291
7557
7292
7558
7284
7293
7559
7285
7294
7560
7286
7295
7561
7287
7296
7562
7288
7297
7563
7289
7298
7564
7290
7299
7565
7300
7566
7301
7567
7302
7568
7294
7303
7569
7295
7304
7570
7296
7305
7571
7297
7306
7572
7298
7307
7573
7299
7308
7574
7300
7309
7575
7310
7576
7311
7577
7312
7578
7304
7313
7579
7305
7314
7580
7306
7315
7581
7307
7316
7582
7308
7317
7583
7309
7318
7584
7310
7319
7585
7320
7586
7321
7587
7322
7588
7314
7323
7589
7315
7324
7590
7316
7325
7591
7317
7326
7592
7318
7327
7593
7319
7328
7594
7320
7329
7595
7330
7596
7331
7597
7332
7598
7324
7333
7599
7325
7334
7600
7326
7335
7601
7327
7336
7602
7328
7337
7603
7329
7338
7604
7330
7339
7605
7340
7606
7341
7607
7342
7608
7334
7343
7609
7335
7344
7610
7336
7345
7611
7337
7346
7612
7338
7347
7613
7339
7348
7614
7340
7349
7615
7350
7616
7351
7617
7352
7618
7344
7353
7619
7345
7354
7620
7346
7355
7621
7347
7356
7622
7348
7357
7623
7349
7358
7624
7350
7359
7625
7360
7626
7361
7627
7362
7628
7354
7363
7629
7355
7364
7630
7356
7365
7631
7357
7366
7632
7358
7367
7633
7359
7368
7634
7360
7369
7635
7370
7636
7371
7637
7372
7638
7364
7373
7639
7365
7374
7640
7366
7375
7641
7367
7376
7642
7368
7377
7643
7369
7378
7644
7370
7379
7645
7380
7646
7381
7647
7382
7648
7374
7383
7649
7375
7384
7650
7376
7385
7651
7377
7386
7652
7378
7387
7653
7379
7388
7654
7380
7389
7655
7390
7656
7391
7657
7392
7658
7384
7393
7659
7385
7394
7660
7386
7395
7661
7387
7396
7662
7388
7397
7663
7389
7398
7664
7390
7399
7665
7400
7666
7401
7667
7402
7668
7394
7669
7395
7670
7396
7671
7397
7672
7398
7673
7399
7674
7400
7675
7676
7403
7677
7404
7678
7411
7679
7412
7680
7406
7413
7681
7407
7414
7682
7408
7415
7683
7409
7416
7684
7410
7417
7685
7418
7686
7419
7687
7420
7688
7414
7421
7689
7415
7422
7690
7416
7423
7691
7417
7424
7692
7418
7425
7693
7426
7694
7427
7695
7428
7696
7422
7429
7697
7423
7430
7698
7424
7431
7699
7425
7432
7700
7426
7433
7701
7434
7702
7435
7703
7436
7704
7430
7437
7705
7431
7438
7706
7432
7439
7707
7433
7440
7708
7434
7441
7709
7442
7710
7443
7711
7444
7712
7438
7445
7713
7439
7446
7714
7440
7447
7715
7441
7448
7716
7442
7449
7717
7450
7718
7451
7719
7452
7720
7446
7453
7721
7447
7454
7722
7448
7455
7723
7449
7456
7724
7450
7457
7725
7458
7726
7459
7727
7460
7728
7454
7729
7455
7730
7456
7731
7457
7732
7458
7733
7734
7461
7735
7462
7736
7463
7737
7464
7738
7467
7739
7465
7740
7741
7467
7742
7743
7469
7474
7744
7470
7745
7746
7472
7747
7473
7748
7475
7749
7476
7750
7477
7751
7478
7752
7479
7753
7480
7754
7481
7755
7482
7756
7483
7757
7484
7758
7485
7759
7486
7760
7487
7761
7488
7762
7497
7763
7498
7764
7490
7499
7765
7491
7500
7766
7492
7501
7767
7493
7502
7768
7494
7503
7769
7495
7504
7770
7496
7505
7771
7506
7772
7507
7773
7508
7774
7500
7509
7775
7501
7510
7776
7502
7511
7777
7503
7512
7778
7504
7513
7779
7505
7514
7780
7506
7515
7781
7516
7782
7517
7783
7518
7784
7510
7519
7785
7511
7520
7786
7512
7521
7787
7513
7522
7788
7514
7523
7789
7515
7524
7790
7516
7525
7791
7526
7792
7527
7793
7528
7794
7520
7529
7795
7521
7530
7796
7522
7531
7797
7523
7532
7798
7524
7533
7799
7525
7534
7800
7526
7535
7801
7536
7802
7537
7803
7538
7804
7530
7539
7805
7531
7540
7806
7532
7541
7807
7533
7542
7808
7534
7543
7809
7535
7544
7810
7536
7545
7811
7546
7812
7547
7813
7548
7814
7540
7549
7815
7541
7550
7816
7542
7551
7817
7543
7552
7818
7544
7553
7819
7545
7554
7820
7546
7555
7821
7556
7822
7557
7823
7558
7824
7550
7559
7825
7551
7560
7826
7552
7561
7827
7553
7562
7828
7554
7563
7829
7555
7564
7830
7556
7565
7831
7566
7832
7567
7833
7568
7834
7560
7569
7835
7561
7570
7836
7562
7571
7837
7563
7572
7838
7564
7573
7839
7565
7574
7840
7566
7575
7841
7576
7842
7577
7843
7578
7844
7570
7579
7845
7571
7580
7846
7572
7581
7847
7573
7582
7848
7574
7583
7849
7575
7584
7850
7576
7585
7851
7586
7852
7587
7853
7588
7854
7580
7589
7855
7581
7590
7856
7582
7591
7857
7583
7592
7858
7584
7593
7859
7585
7594
7860
7586
7595
7861
7596
7862
7597
7863
7598
7864
7590
7599
7865
7591
7600
7866
7592
7601
7867
7593
7602
7868
7594
7603
7869
7595
7604
7870
7596
7605
7871
7606
7872
7607
7873
7608
7874
7600
7609
7875
7601
7610
7876
7602
7611
7877
7603
7612
7878
7604
7613
7879
7605
7614
7880
7606
7615
7881
7616
7882
7617
7883
7618
7884
7610
7619
7885
7611
7620
7886
7612
7621
7887
7613
7622
7888
7614
7623
7889
7615
7624
7890
7616
7625
7891
7626
7892
7627
7893
7628
7894
7620
7629
7895
7621
7630
7896
7622
7631
7897
7623
7632
7898
7624
7633
7899
7625
7634
7900
7626
7635
7901
7636
7902
7637
7903
7638
7904
7630
7639
7905
7631
7640
7906
7632
7641
7907
7633
7642
7908
7634
7643
7909
7635
7644
7910
7636
7645
7911
7646
7912
7647
7913
7648
7914
7640
7649
7915
7641
7650
7916
7642
7651
7917
7643
7652
7918
7644
7653
7919
7645
7654
7920
7646
7655
7921
7656
7922
7657
7923
7658
7924
7650
7659
7925
7651
7660
7926
7652
7661
7927
7653
7662
7928
7654
7663
7929
7655
7664
7930
7656
7665
7931
7666
7932
7667
7933
7668
7934
7660
7669
7935
7661
7670
7936
7662
7671
7937
7663
7672
7938
7664
7673
7939
7665
7674
7940
7666
7675
7941
7676
7942
7677
7943
7678
7944
7670
7945
7671
7946
7672
7947
7673
7948
7674
7949
7675
7950
7676
7951
7952
7679
7953
7680
7954
7687
7955
7688
7956
7682
7689
7957
7683
7690
7958
7684
7691
7959
7685
7692
7960
7686
7693
7961
7694
7962
7695
7963
7696
7964
7690
7697
7965
7691
7698
7966
7692
7699
7967
7693
7700
7968
7694
7701
7969
7702
7970
7703
7971
7704
7972
7698
7705
7973
7699
7706
7974
7700
7707
7975
7701
7708
7976
7702
7709
7977
7710
7978
7711
7979
7712
7980
7706
7713
7981
7707
7714
7982
7708
7715
7983
7709
7716
7984
7710
7717
7985
7718
7986
7719
7987
7720
7988
7714
7721
7989
7715
7722
7990
7716
7723
7991
7717
7724
7992
7718
7725
7993
7726
7994
7727
7995
7728
7996
7722
7729
7997
7723
7730
7998
7724
7731
7999
7725
7732
8000
7726
7733
8001
7734
8002
7735
8003
7736
8004
7730
8005
7731
8006
7732
8007
7733
8008
7734
8009
8010
7737
8011
7738
8012
7739
8013
7740
8014
7743
8015
7741
8016
8017
7743
8018
8019
7745
7750
8020
7746
8021
8022
7748
8023
7749
8024
7751
8025
7752
8026
7753
8027
7754
8028
7755
8029
7756
8030
7757
8031
7758
8032
7759
8033
7760
8034
7761
8035
7762
8036
7763
8037
7764
8038
7773
8039
7774
8040
7766
7775
8041
7767
7776
8042
7768
7777
8043
7769
7778
8044
7770
7779
8045
7771
7780
8046
7772
7781
8047
7782
8048
7783
8049
7784
8050
7776
7785
8051
7777
7786
8052
7778
7787
8053
7779
7788
8054
7780
7789
8055
7781
7790
8056
7782
7791
8057
7792
8058
7793
8059
7794
8060
7786
7795
8061
7787
7796
8062
7788
7797
8063
7789
7798
8064
7790
7799
8065
7791
7800
8066
7792
7801
8067
7802
8068
7803
8069
7804
8070
7796
7805
8071
7797
7806
8072
7798
7807
8073
7799
7808
8074
7800
7809
8075
7801
7810
8076
7802
7811
8077
7812
8078
7813
8079
7814
8080
7806
7815
8081
7807
7816
8082
7808
7817
8083
7809
7818
8084
7810
7819
8085
7811
7820
8086
7812
7821
8087
7822
8088
7823
8089
7824
8090
7816
7825
8091
7817
7826
8092
7818
7827
8093
7819
7828
8094
7820
7829
8095
7821
7830
8096
7822
7831
8097
7832
8098
7833
8099
7834
8100
7826
7835
8101
7827
7836
8102
7828
7837
8103
7829
7838
8104
7830
7839
8105
7831
7840
8106
7832
7841
8107
7842
8108
7843
8109
7844
8110
7836
7845
8111
7837
7846
8112
7838
7847
8113
7839
7848
8114
7840
7849
8115
7841
7850
8116
7842
7851
8117
7852
8118
7853
8119
7854
8120
7846
7855
8121
7847
7856
8122
7848
7857
8123
7849
7858
8124
7850
7859
8125
7851
7860
8126
7852
7861
8127
7862
8128
7863
8129
7864
8130
7856
7865
8131
7857
7866
8132
7858
7867
8133
7859
7868
8134
7860
7869
8135
7861
7870
8136
7862
7871
8137
7872
8138
7873
8139
7874
8140
7866
7875
8141
7867
7876
8142
7868
7877
8143
7869
7878
8144
7870
7879
8145
7871
7880
8146
7872
7881
8147
7882
8148
7883
8149
7884
8150
7876
7885
8151
7877
7886
8152
7878
7887
8153
7879
7888
8154
7880
7889
8155
7881
7890
8156
7882
7891
8157
7892
8158
7893
8159
7894
8160
7886
7895
8161
7887
7896
8162
7888
7897
8163
7889
7898
8164
7890
7899
8165
7891
7900
8166
7892
7901
8167
7902
8168
7903
8169
7904
8170
7896
7905
8171
7897
7906
8172
7898
7907
8173
7899
7908
8174
7900
7909
8175
7901
7910
8176
7902
7911
8177
7912
8178
7913
8179
7914
8180
7906
7915
8181
7907
7916
8182
7908
7917
8183
7909
7918
8184
7910
7919
8185
7911
7920
8186
7912
7921
8187
7922
8188
7923
8189
7924
8190
7916
7925
8191
7917
7926
8192
7918
7927
8193
7919
7928
8194
7920
7929
8195
7921
7930
8196
7922
7931
8197
7932
8198
7933
8199
7934
8200
7926
7935
8201
7927
7936
8202
7928
7937
8203
7929
7938
8204
7930
7939
8205
7931
7940
8206
7932
7941
8207
7942
8208
7943
8209
7944
8210
7936
7945
8211
7937
7946
8212
7938
7947
8213
7939
7948
8214
7940
7949
8215
7941
7950
8216
7942
7951
8217
7952
8218
7953
8219
7954
8220
7946
8221
7947
8222
7948
8223
7949
8224
7950
8225
7951
8226
7952
8227
8228
7955
8229
7956
8230
7963
8231
7964
8232
7958
7965
8233
7959
7966
8234
7960
7967
8235
7961
7968
8236
7962
7969
8237
7970
8238
7971
8239
7972
8240
7966
7973
8241
7967
7974
8242
7968
7975
8243
7969
7976
8244
7970
7977
8245
7978
8246
7979
8247
7980
8248
7974
7981
8249
7975
7982
8250
7976
7983
8251
7977
7984
8252
7978
7985
8253
7986
8254
7987
8255
7988
8256
7982
7989
8257
7983
7990
8258
7984
7991
8259
7985
7992
8260
7986
7993
8261
7994
8262
7995
8263
7996
8264
7990
7997
8265
7991
7998
8266
7992
7999
8267
7993
8000
8268
7994
8001
8269
8002
8270
8003
8271
8004
8272
7998
8005
8273
7999
8006
8274
8000
8007
8275
8001
8008
8276
8002
8009
8277
8010
8278
8011
8279
8012
8280
8006
8281
8007
8282
8008
8283
8009
8284
8010
8285
8286
8013
8287
8014
8288
8015
8289
8016
8290
8019
8291
8017
8292
8293
8019
8294
8295
8021
8026
8296
8022
8297
8298
8024
8299
8025
8300
8027
8301
8028
8302
8029
8303
8030
8304
8031
8305
8032
8306
8033
8307
8034
8308
8035
8309
8036
8310
8037
8311
8038
8312
8039
8313
8040
8314
8049
8315
8050
8316
8042
8051
8317
8043
8052
8318
8044
8053
8319
8045
8054
8320
8046
8055
8321
8047
8056
8322
8048
8057
8323
8058
8324
8059
8325
8060
8326
8052
8061
8327
8053
8062
8328
8054
8063
8329
8055
8064
8330
8056
8065
8331
8057
8066
8332
8058
8067
8333
8068
8334
8069
8335
8070
8336
8062
8071
8337
8063
8072
8338
8064
8073
8339
8065
8074
8340
8066
8075
8341
8067
8076
8342
8068
8077
8343
8078
8344
8079
8345
8080
8346
8072
8081
8347
8073
8082
8348
8074
8083
8349
8075
8084
8350
8076
8085
8351
8077
8086
8352
8078
8087
8353
8088
8354
8089
8355
8090
8356
8082
8091
8357
8083
8092
8358
8084
8093
8359
8085
8094
8360
8086
8095
8361
8087
8096
8362
8088
8097
8363
8098
8364
8099
8365
8100
8366
8092
8101
8367
8093
8102
8368
8094
8103
8369
8095
8104
8370
8096
8105
8371
8097
8106
8372
8098
8107
8373
8108
8374
8109
8375
8110
8376
8102
8111
8377
8103
8112
8378
8104
8113
8379
8105
8114
8380
8106
8115
8381
8107
8116
8382
8108
8117
8383
8118
8384
8119
8385
8120
8386
8112
8121
8387
8113
8122
8388
8114
8123
8389
8115
8124
8390
8116
8125
8391
8117
8126
8392
8118
8127
8393
8128
8394
8129
8395
8130
8396
8122
8131
8397
8123
8132
8398
8124
8133
8399
8125
8134
8400
8126
8135
8401
8127
8136
8402
8128
8137
8403
8138
8404
8139
8405
8140
8406
8132
8141
8407
8133
8142
8408
8134
8143
8409
8135
8144
8410
8136
8145
8411
8137
8146
8412
8138
8147
8413
8148
8414
8149
8415
8150
8416
8142
8151
8417
8143
8152
8418
8144
8153
8419
8145
8154
8420
8146
8155
8421
8147
8156
8422
8148
8157
8423
8158
8424
8159
8425
8160
8426
8152
8161
8427
8153
8162
8428
8154
8163
8429
8155
8164
8430
8156
8165
8431
8157
8166
8432
8158
8167
8433
8168
8434
8169
8435
8170
8436
8162
8171
8437
8163
8172
8438
8164
8173
8439
8165
8174
8440
8166
8175
8441
8167
8176
8442
8168
8177
8443
8178
8444
8179
8445
8180
8446
8172
8181
8447
8173
8182
8448
8174
8183
8449
8175
8184
8450
8176
8185
8451
8177
8186
8452
8178
8187
8453
8188
8454
8189
8455
8190
8456
8182
8191
8457
8183
8192
8458
8184
8193
8459
8185
8194
8460
8186
8195
8461
8187
8196
8462
8188
8197
8463
8198
8464
8199
8465
8200
8466
8192
8201
8467
8193
8202
8468
8194
8203
8469
8195
8204
8470
8196
8205
8471
8197
8206
8472
8198
8207
8473
8208
8474
8209
8475
8210
8476
8202
8211
8477
8203
8212
8478
8204
8213
8479
8205
8214
8480
8206
8215
8481
8207
8216
8482
8208
8217
8483
8218
8484
8219
8485
8220
8486
8212
8221
8487
8213
8222
8488
8214
8223
8489
8215
8224
8490
8216
8225
8491
8217
8226
8492
8218
8227
8493
8228
8494
8229
8495
8230
8496
8222
8497
8223
8498
8224
8499
8225
8500
8226
8501
8227
8502
8228
8503
8504
8231
8505
8232
8506
8239
8507
8240
8508
8234
8241
8509
8235
8242
8510
8236
8243
8511
8237
8244
8512
8238
8245
8513
8246
8514
8247
8515
8248
8516
8242
8249
8517
8243
8250
8518
8244
8251
8519
8245
8252
8520
8246
8253
8521
8254
8522
8255
8523
8256
8524
8250
8257
8525
8251
8258
8526
8252
8259
8527
8253
8260
8528
8254
8261
8529
8262
8530
8263
8531
8264
8532
8258
8265
8533
8259
8266
8534
8260
8267
8535
8261
8268
8536
8262
8269
8537
8270
8538
8271
8539
8272
8540
8266
8273
8541
8267
8274
8542
8268
8275
8543
8269
8276
8544
8270
8277
8545
8278
8546
8279
8547
8280
8548
8274
8281
8549
8275
8282
8550
8276
8283
8551
8277
8284
8552
8278
8285
8553
8286
8554
8287
8555
8288
8556
8282
8557
8283
8558
8284
8559
8285
8560
8286
8561
8562
8289
8563
8290
8564
8291
8565
8292
8566
8295
8567
8293
8568
8569
8295
8570
8571
8297
8302
8572
8298
8573
8574
8300
8575
8301
8576
8303
8577
8304
8578
8305
8579
8306
8580
8307
8581
8308
8582
8309
8583
8310
8584
8311
8585
8312
8586
8313
8587
8314
8588
8315
8589
8316
8590
8325
8591
8326
8592
8318
8327
8593
8319
8328
8594
8320
8329
8595
8321
8330
8596
8322
8331
8597
8323
8332
8598
8324
8333
8599
8334
8600
8335
8601
8336
8602
8328
8337
8603
8329
8338
8604
8330
8339
8605
8331
8340
8606
8332
8341
8607
8333
8342
8608
8334
8343
8609
8344
8610
8345
8611
8346
8612
8338
8347
8613
8339
8348
8614
8340
8349
8615
8341
8350
8616
8342
8351
8617
8343
8352
8618
8344
8353
8619
8354
8620
8355
8621
8356
8622
8348
8357
8623
8349
8358
8624
8350
8359
8625
8351
8360
8626
8352
8361
8627
8353
8362
8628
8354
8363
8629
8364
8630
8365
8631
8366
8632
8358
8367
8633
8359
8368
8634
8360
8369
8635
8361
8370
8636
8362
8371
8637
8363
8372
8638
8364
8373
8639
8374
8640
8375
8641
8376
8642
8368
8377
8643
8369
8378
8644
8370
8379
8645
8371
8380
8646
8372
8381
8647
8373
8382
8648
8374
8383
8649
8384
8650
8385
8651
8386
8652
8378
8387
8653
8379
8388
8654
8380
8389
8655
8381
8390
8656
8382
8391
8657
8383
8392
8658
8384
8393
8659
8394
8660
8395
8661
8396
8662
8388
8397
8663
8389
8398
8664
8390
8399
8665
8391
8400
8666
8392
8401
8667
8393
8402
8668
8394
8403
8669
8404
8670
8405
8671
8406
8672
8398
8407
8673
8399
8408
8674
8400
8409
8675
8401
8410
8676
8402
8411
8677
8403
8412
8678
8404
8413
8679
8414
8680
8415
8681
8416
8682
8408
8417
8683
8409
8418
8684
8410
8419
8685
8411
8420
8686
8412
8421
8687
8413
8422
8688
8414
8423
8689
8424
8690
8425
8691
8426
8692
8418
8427
8693
8419
8428
8694
8420
8429
8695
8421
8430
8696
8422
8431
8697
8423
8432
8698
8424
8433
8699
8434
8700
8435
8701
8436
8702
8428
8437
8703
8429
8438
8704
8430
8439
8705
8431
8440
8706
8432
8441
8707
8433
8442
8708
8434
8443
8709
8444
8710
8445
8711
8446
8712
8438
8447
8713
8439
8448
8714
8440
8449
8715
8441
8450
8716
8442
8451
8717
8443
8452
8718
8444
8453
8719
8454
8720
8455
8721
8456
8722
8448
8457
8723
8449
8458
8724
8450
8459
8725
8451
8460
8726
8452
8461
8727
8453
8462
8728
8454
8463
8729
8464
8730
8465
8731
8466
8732
8458
8467
8733
8459
8468
8734
8460
8469
8735
8461
8470
8736
8462
8471
8737
8463
8472
8738
8464
8473
8739
8474
8740
8475
8741
8476
8742
8468
8477
8743
8469
8478
8744
8470
8479
8745
8471
8480
8746
8472
8481
8747
8473
8482
8748
8474
8483
8749
8484
8750
8485
8751
8486
8752
8478
8487
8753
8479
8488
8754
8480
8489
8755
8481
8490
8756
8482
8491
8757
8483
8492
8758
8484
8493
8759
8494
8760
8495
8761
8496
8762
8488
8497
8763
8489
8498
8764
8490
8499
8765
8491
8500
8766
8492
8501
8767
8493
8502
8768
8494
8503
8769
8504
8770
8505
8771
8506
8772
8498
8773
8499
8774
8500
8775
8501
8776
8502
8777
8503
8778
8504
8779
8780
8507
8781
8508
8782
8515
8783
8516
8784
8510
8517
8785
8511
8518
8786
8512
8519
8787
8513
8520
8788
8514
8521
8789
8522
8790
8523
8791
8524
8792
8518
8525
8793
8519
8526
8794
8520
8527
8795
8521
8528
8796
8522
8529
8797
8530
8798
8531
8799
8532
8800
8526
8533
8801
8527
8534
8802
8528
8535
8803
8529
8536
8804
8530
8537
8805
8538
8806
8539
8807
8540
8808
8534
8541
8809
8535
8542
8810
8536
8543
8811
8537
8544
8812
8538
8545
8813
8546
8814
8547
8815
8548
8816
8542
8549
8817
8543
8550
8818
8544
8551
8819
8545
8552
8820
8546
8553
8821
8554
8822
8555
8823
8556
8824
8550
8557
8825
8551
8558
8826
8552
8559
8827
8553
8560
8828
8554
8561
8829
8562
8830
8563
8831
8564
8832
8558
8833
8559
8834
8560
8835
8561
8836
8562
8837
8838
8565
8839
8566
8840
8567
8841
8568
8842
8571
8843
8569
8844
8845
8571
8846
8847
8573
8578
8848
8574
8849
8850
8576
8851
8577
8852
8579
8853
8580
8854
8581
8855
8582
8856
8583
8857
8584
8858
8585
8859
8586
8860
8587
8861
8588
8862
8589
8863
8590
8864
8591
8865
8592
8866
8601
8867
8602
8868
8594
8603
8869
8595
8604
8870
8596
8605
8871
8597
8606
8872
8598
8607
8873
8599
8608
8874
8600
8609
8875
8610
8876
8611
8877
8612
8878
8604
8613
8879
8605
8614
8880
8606
8615
8881
8607
8616
8882
8608
8617
8883
8609
8618
8884
8610
8619
8885
8620
8886
8621
8887
8622
8888
8614
8623
8889
8615
8624
8890
8616
8625
8891
8617
8626
8892
8618
8627
8893
8619
8628
8894
8620
8629
8895
8630
8896
8631
8897
8632
8898
8624
8633
8899
8625
8634
8900
8626
8635
8901
8627
8636
8902
8628
8637
8903
8629
8638
8904
8630
8639
8905
8640
8906
8641
8907
8642
8908
8634
8643
8909
8635
8644
8910
8636
8645
8911
8637
8646
8912
8638
8647
8913
8639
8648
8914
8640
8649
8915
8650
8916
8651
8917
8652
8918
8644
8653
8919
8645
8654
8920
8646
8655
8921
8647
8656
8922
8648
8657
8923
8649
8658
8924
8650
8659
8925
8660
8926
8661
8927
8662
8928
8654
8663
8929
8655
8664
8930
8656
8665
8931
8657
8666
8932
8658
8667
8933
8659
8668
8934
8660
8669
8935
8670
8936
8671
8937
8672
8938
8664
8673
8939
8665
8674
8940
8666
8675
8941
8667
8676
8942
8668
8677
8943
8669
8678
8944
8670
8679
8945
8680
8946
8681
8947
8682
8948
8674
8683
8949
8675
8684
8950
8676
8685
8951
8677
8686
8952
8678
8687
8953
8679
8688
8954
8680
8689
8955
8690
8956
8691
8957
8692
8958
8684
8693
8959
8685
8694
8960
8686
8695
8961
8687
8696
8962
8688
8697
8963
8689
8698
8964
8690
8699
8965
8700
8966
8701
8967
8702
8968
8694
8703
8969
8695
8704
8970
8696
8705
8971
8697
8706
8972
8698
8707
8973
8699
8708
8974
8700
8709
8975
8710
8976
8711
8977
8712
8978
8704
8713
8979
8705
8714
8980
8706
8715
8981
8707
8716
8982
8708
8717
8983
8709
8718
8984
8710
8719
8985
8720
8986
8721
8987
8722
8988
8714
8723
8989
8715
8724
8990
8716
8725
8991
8717
8726
8992
8718
8727
8993
8719
8728
8994
8720
8729
8995
8730
8996
8731
8997
8732
8998
8724
8733
8999
8725
8734
9000
8726
8735
9001
8727
8736
9002
8728
8737
9003
8729
8738
9004
8730
8739
9005
8740
9006
8741
9007
8742
9008
8734
8743
9009
8735
8744
9010
8736
8745
9011
8737
8746
9012
8738
8747
9013
8739
8748
9014
8740
8749
9015
8750
9016
8751
9017
8752
9018
8744
8753
9019
8745
8754
9020
8746
8755
9021
8747
8756
9022
8748
8757
9023
8749
8758
9024
8750
8759
9025
8760
9026
8761
9027
8762
9028
8754
8763
9029
8755
8764
9030
8756
8765
9031
8757
8766
9032
8758
8767
9033
8759
8768
9034
8760
8769
9035
8770
9036
8771
9037
8772
9038
8764
8773
9039
8765
8774
9040
8766
8775
9041
8767
8776
9042
8768
8777
9043
8769
8778
9044
8770
8779
9045
8780
9046
8781
9047
8782
9048
8774
9049
8775
9050
8776
9051
8777
9052
8778
9053
8779
9054
8780
9055
9056
8783
9057
8784
9058
8791
9059
8792
9060
8786
8793
9061
8787
8794
9062
8788
8795
9063
8789
8796
9064
8790
8797
9065
8798
9066
8799
9067
8800
9068
8794
8801
9069
8795
8802
9070
8796
8803
9071
8797
8804
9072
8798
8805
9073
8806
9074
8807
9075
8808
9076
8802
8809
9077
8803
8810
9078
8804
8811
9079
8805
8812
9080
8806
8813
9081
8814
9082
8815
9083
8816
9084
8810
8817
9085
8811
8818
9086
8812
8819
9087
8813
8820
9088
8814
8821
9089
8822
9090
8823
9091
8824
9092
8818
8825
9093
8819
8826
9094
8820
8827
9095
8821
8828
9096
8822
8829
9097
8830
9098
8831
9099
8832
9100
8826
8833
9101
8827
8834
9102
8828
8835
9103
8829
8836
9104
8830
8837
9105
8838
9106
8839
9107
8840
9108
8834
9109
8835
9110
8836
9111
8837
9112
8838
9113
9114
8841
9115
8842
9116
8843
9117
8844
9118
8847
9119
8845
9120
9121
8847
9122
9123
8849
8854
9124
8850
9125
9126
8852
9127
8853
9128
8855
9129
8856
9130
8857
9131
8858
9132
8859
9133
8860
9134
8861
9135
8862
9136
8863
9137
8864
9138
8865
9139
8866
9140
8867
9141
8868
9142
8877
9143
8878
9144
8870
8879
9145
8871
8880
9146
8872
8881
9147
8873
8882
9148
8874
8883
9149
8875
8884
9150
8876
8885
9151
8886
9152
8887
9153
8888
9154
8880
8889
9155
8881
8890
9156
8882
8891
9157
8883
8892
9158
8884
8893
9159
8885
8894
9160
8886
8895
9161
8896
9162
8897
9163
8898
9164
8890
8899
9165
8891
8900
9166
8892
8901
9167
8893
8902
9168
8894
8903
9169
8895
8904
9170
8896
8905
9171
8906
9172
8907
9173
8908
9174
8900
8909
9175
8901
8910
9176
8902
8911
9177
8903
8912
9178
8904
8913
9179
8905
8914
9180
8906
8915
9181
8916
9182
8917
9183
8918
9184
8910
8919
9185
8911
8920
9186
8912
8921
9187
8913
8922
9188
8914
8923
9189
8915
8924
9190
8916
8925
9191
8926
9192
8927
9193
8928
9194
8920
8929
9195
8921
8930
9196
8922
8931
9197
8923
8932
9198
8924
8933
9199
8925
8934
9200
8926
8935
9201
8936
9202
8937
9203
8938
9204
8930
8939
9205
8931
8940
9206
8932
8941
9207
8933
8942
9208
8934
8943
9209
8935
8944
9210
8936
8945
9211
8946
9212
8947
9213
8948
9214
8940
8949
9215
8941
8950
9216
8942
8951
9217
8943
8952
9218
8944
8953
9219
8945
8954
9220
8946
8955
9221
8956
9222
8957
9223
8958
9224
8950
8959
9225
8951
8960
9226
8952
8961
9227
8953
8962
9228
8954
8963
9229
8955
8964
9230
8956
8965
9231
8966
9232
8967
9233
8968
9234
8960
8969
9235
8961
8970
9236
8962
8971
9237
8963
8972
9238
8964
8973
9239
8965
8974
9240
8966
8975
9241
8976
9242
8977
9243
8978
9244
8970
8979
9245
8971
8980
9246
8972
8981
9247
8973
8982
9248
8974
8983
9249
8975
8984
9250
8976
8985
9251
8986
9252
8987
9253
8988
9254
8980
8989
9255
8981
8990
9256
8982
8991
9257
8983
8992
9258
8984
8993
9259
8985
8994
9260
8986
8995
9261
8996
9262
8997
9263
8998
9264
8990
8999
9265
8991
9000
9266
8992
9001
9267
8993
9002
9268
8994
9003
9269
8995
9004
9270
8996
9005
9271
9006
9272
9007
9273
9008
9274
9000
9009
9275
9001
9010
9276
9002
9011
9277
9003
9012
9278
9004
9013
9279
9005
9014
9280
9006
9015
9281
9016
9282
9017
9283
9018
9284
9010
9019
9285
9011
9020
9286
9012
9021
9287
9013
9022
9288
9014
9023
9289
9015
9024
9290
9016
9025
9291
9026
9292
9027
9293
9028
9294
9020
9029
9295
9021
9030
9296
9022
9031
9297
9023
9032
9298
9024
9033
9299
9025
9034
9300
9026
9035
9301
9036
9302
9037
9303
9038
9304
9030
9039
9305
9031
9040
9306
9032
9041
9307
9033
9042
9308
9034
9043
9309
9035
9044
9310
9036
9045
9311
9046
9312
9047
9313
9048
9314
9040
9049
9315
9041
9050
9316
9042
9051
9317
9043
9052
9318
9044
9053
9319
9045
9054
9320
9046
9055
9321
9056
9322
9057
9323
9058
9324
9050
9325
9051
9326
9052
9327
9053
9328
9054
9329
9055
9330
9056
9331
9332
9059
9333
9060
9334
9067
9335
9068
9336
9062
9069
9337
9063
9070
9338
9064
9071
9339
9065
9072
9340
9066
9073
9341
9074
9342
9075
9343
9076
9344
9070
9077
9345
9071
9078
9346
9072
9079
9347
9073
9080
9348
9074
9081
9349
9082
9350
9083
9351
9084
9352
9078
9085
9353
9079
9086
9354
9080
9087
9355
9081
9088
9356
9082
9089
9357
9090
9358
9091
9359
9092
9360
9086
9093
9361
9087
9094
9362
9088
9095
9363
9089
9096
9364
9090
9097
9365
9098
9366
9099
9367
9100
9368
9094
9101
9369
9095
9102
9370
9096
9103
9371
9097
9104
9372
9098
9105
9373
9106
9374
9107
9375
9108
9376
9102
9109
9377
9103
9110
9378
9104
9111
9379
9105
9112
9380
9106
9113
9381
9114
9382
9115
9383
9116
9384
9110
9385
9111
9386
9112
9387
9113
9388
9114
9389
9390
9117
9391
9118
9392
9119
9393
9120
9394
9123
9395
9121
9396
9397
9123
9398
9399
9125
9130
9400
9126
9401
9402
9128
9403
9129
9404
9131
9405
9132
9406
9133
9407
9134
9408
9135
9409
9136
9410
9137
9411
9138
9412
9139
9413
9140
9414
9141
9415
9142
9416
9143
9417
9144
9418
9153
9419
9154
9420
9146
9155
9421
9147
9156
9422
9148
9157
9423
9149
9158
9424
9150
9159
9425
9151
9160
9426
9152
9161
9427
9162
9428
9163
9429
9164
9430
9156
9165
9431
9157
9166
9432
9158
9167
9433
9159
9168
9434
9160
9169
9435
9161
9170
9436
9162
9171
9437
9172
9438
9173
9439
9174
9440
9166
9175
9441
9167
9176
9442
9168
9177
9443
9169
9178
9444
9170
9179
9445
9171
9180
9446
9172
9181
9447
9182
9448
9183
9449
9184
9450
9176
9185
9451
9177
9186
9452
9178
9187
9453
9179
9188
9454
9180
9189
9455
9181
9190
9456
9182
9191
9457
9192
9458
9193
9459
9194
9460
9186
9195
9461
9187
9196
9462
9188
9197
9463
9189
9198
9464
9190
9199
9465
9191
9200
9466
9192
9201
9467
9202
9468
9203
9469
9204
9470
9196
9205
9471
9197
9206
9472
9198
9207
9473
9199
9208
9474
9200
9209
9475
9201
9210
9476
9202
9211
9477
9212
9478
9213
9479
9214
9480
9206
9215
9481
9207
9216
9482
9208
9217
9483
9209
9218
9484
9210
9219
9485
9211
9220
9486
9212
9221
9487
9222
9488
9223
9489
9224
9490
9216
9225
9491
9217
9226
9492
9218
9227
9493
9219
9228
9494
9220
9229
9495
9221
9230
9496
9222
9231
9497
9232
9498
9233
9499
9234
9500
9226
9235
9501
9227
9236
9502
9228
9237
9503
9229
9238
9504
9230
9239
9505
9231
9240
9506
9232
9241
9507
9242
9508
9243
9509
9244
9510
9236
9245
9511
9237
9246
9512
9238
9247
9513
9239
9248
9514
9240
9249
9515
9241
9250
9516
9242
9251
9517
9252
9518
9253
9519
9254
9520
9246
9255
9521
9247
9256
9522
9248
9257
9523
9249
9258
9524
9250
9259
9525
9251
9260
9526
9252
9261
9527
9262
9528
9263
9529
9264
9530
9256
9265
9531
9257
9266
9532
9258
9267
9533
9259
9268
9534
9260
9269
9535
9261
9270
9536
9262
9271
9537
9272
9538
9273
9539
9274
9540
9266
9275
9541
9267
9276
9542
9268
9277
9543
9269
9278
9544
9270
9279
9545
9271
9280
9546
9272
9281
9547
9282
9548
9283
9549
9284
9550
9276
9285
9551
9277
9286
9552
9278
9287
9553
9279
9288
9554
9280
9289
9555
9281
9290
9556
9282
9291
9557
9292
9558
9293
9559
9294
9560
9286
9295
9561
9287
9296
9562
9288
9297
9563
9289
9298
9564
9290
9299
9565
9291
9300
9566
9292
9301
9567
9302
9568
9303
9569
9304
9570
9296
9305
9571
9297
9306
9572
9298
9307
9573
9299
9308
9574
9300
9309
9575
9301
9310
9576
9302
9311
9577
9312
9578
9313
9579
9314
9580
9306
9315
9581
9307
9316
9582
9308
9317
9583
9309
9318
9584
9310
9319
9585
9311
9320
9586
9312
9321
9587
9322
9588
9323
9589
9324
9590
9316
9325
9591
9317
9326
9592
9318
9327
9593
9319
9328
9594
9320
9329
9595
9321
9330
9596
9322
9331
9597
9332
9598
9333
9599
9334
9600
9326
9601
9327
9602
9328
9603
9329
9604
9330
9605
9331
9606
9332
9607
9608
9335
9609
9336
9610
9343
9611
9344
9612
9338
9345
9613
9339
9346
9614
9340
9347
9615
9341
9348
9616
9342
9349
9617
9350
9618
9351
9619
9352
9620
9346
9353
9621
9347
9354
9622
9348
9355
9623
9349
9356
9624
9350
9357
9625
9358
9626
9359
9627
9360
9628
9354
9361
9629
9355
9362
9630
9356
9363
9631
9357
9364
9632
9358
9365
9633
9366
9634
9367
9635
9368
9636
9362
9369
9637
9363
9370
9638
9364
9371
9639
9365
9372
9640
9366
9373
9641
9374
9642
9375
9643
9376
9644
9370
9377
9645
9371
9378
9646
9372
9379
9647
9373
9380
9648
9374
9381
9649
9382
9650
9383
9651
9384
9652
9378
9385
9653
9379
9386
9654
9380
9387
9655
9381
9388
9656
9382
9389
9657
9390
9658
9391
9659
9392
9660
9386
9661
9387
9662
9388
9663
9389
9664
9390
9665
9666
9393
9667
9394
9668
9395
9669
9396
9670
9399
9671
9397
9672
9673
9399
9674
9675
9401
9406
9676
9402
9677
9678
9404
9679
9405
9680
9407
9681
9408
9682
9409
9683
9410
9684
9411
9685
9412
9686
9413
9687
9414
9688
9415
9689
9416
9690
9417
9691
9418
9692
9419
9693
9420
9694
9429
9695
9430
9696
9422
9431
9423
9432
9424
9433
9425
9434
9426
9435
9427
9436
9428
9437
9438
9439
9697
9440
9698
9432
9441
9433
9442
9434
9443
9435
9444
9436
9445
9437
9446
9438
9447
9448
9449
9699
9450
9700
9442
9451
9443
9452
9444
9453
9445
9454
9446
9455
9447
9456
9448
9457
9458
9459
9701
9460
9702
9452
9461
9453
9462
9454
9463
9455
9464
9456
9465
9457
9466
9458
9467
9468
9469
9703
9470
9704
9462
9471
9463
9472
9464
9473
9465
9474
9466
9475
9467
9476
9468
9477
9478
9479
9705
9480
9706
9472
9481
9473
9482
9474
9483
9475
9484
9476
9485
9477
9486
9478
9487
9488
9489
9707
9490
9708
9482
9491
9483
9492
9484
9493
9485
9494
9486
9495
9487
9496
9488
9497
9498
9499
9709
9500
9710
9492
9501
9493
9502
9494
9503
9495
9504
9496
9505
9497
9506
9498
9507
9508
9509
9711
9510
9712
9502
9511
9503
9512
9504
9513
9505
9514
9506
9515
9507
9516
9508
9517
9518
9519
9713
9520
9714
9512
9521
9513
9522
9514
9523
9515
9524
9516
9525
9517
9526
9518
9527
9528
9529
9715
9530
9716
9522
9531
9523
9532
9524
9533
9525
9534
9526
9535
9527
9536
9528
9537
9538
9539
9717
9540
9718
9532
9541
9533
9542
9534
9543
9535
9544
9536
9545
9537
9546
9538
9547
9548
9549
9719
9550
9720
9542
9551
9543
9552
9544
9553
9545
9554
9546
9555
9547
9556
9548
9557
9558
9559
9721
9560
9722
9552
9561
9553
9562
9554
9563
9555
9564
9556
9565
9557
9566
9558
9567
9568
9569
9723
9570
9724
9562
9571
9563
9572
9564
9573
9565
9574
9566
9575
9567
9576
9568
9577
9578
9579
9725
9580
9726
9572
9581
9573
9582
9574
9583
9575
9584
9576
9585
9577
9586
9578
9587
9588
9589
9727
9590
9728
9582
9591
9583
9592
9584
9593
9585
9594
9586
9595
9587
9596
9588
9597
9598
9599
9729
9600
9730
9592
9601
9593
9602
9594
9603
9595
9604
9596
9605
9597
9606
9598
9607
9608
9609
9731
9610
9732
9602
9603
9604
9605
9606
9607
9608
9611
9733
9612
9734
9619
9735
9620
9736
9614
9621
9615
9622
9616
9623
9617
9624
9618
9625
9626
9627
9737
9628
9738
9622
9629
9623
9630
9624
9631
9625
9632
9626
9633
9634
9635
9739
9636
9740
9630
9637
9631
9638
9632
9639
9633
9640
9634
9641
9642
9643
9741
9644
9742
9638
9645
9639
9646
9640
9647
9641
9648
9642
9649
9650
9651
9743
9652
9744
9646
9653
9647
9654
9648
9655
9649
9656
9650
9657
9658
9659
9745
9660
9746
9654
9661
9655
9662
9656
9663
9657
9664
9658
9665
9666
9667
9747
9668
9748
9662
9663
9664
9665
9666
9669
9749
9670
9750
9671
9751
9672
9752
9675
9753
9673
9754
9755
9675
9756
9757
9677
9682
9758
9678
9759
9760
9680
9761
9681
9762
9683
9763
9684
9764
9685
9765
9686
9766
9687
9767
9688
9768
9689
9769
9690
9770
9691
9771
9692
9772
9693
9773
9694
9774
9695
9775
9696
9776
9697
9777
9698
9778
9699
9779
9700
9780
9701
9781
9702
9782
9703
9783
9704
9784
9705
9785
9706
9786
9707
9787
9708
9788
9709
9789
9710
9790
9711
9791
9712
9792
9713
9793
9714
9794
9715
9795
9716
9796
9717
9797
9718
9798
9719
9799
9720
9800
9721
9801
9722
9802
9723
9803
9724
9804
9725
9805
9726
9806
9727
9807
9728
9808
9729
9809
9730
9810
9731
9811
9732
9812
9733
9813
9734
9814
9735
9815
9736
9816
9737
9817
9738
9818
9739
9819
9740
9820
9741
9821
9742
9822
9743
9823
9744
9824
9745
9825
9746
9826
9747
9827
9748
9828
9749
9829
9750
9830
9751
9831
9752
9832
9753
9833
9754
9834
9757
9835
9755
9836
9837
9757
9838
9839
9759
9764
9840
9760
9841
9842
9762
9853
9763
9854
9765
9855
9766
9856
9767
9857
9768
9858
9769
9859
9770
9860
9771
9861
9772
9862
9773
9863
9774
9864
9775
9865
9776
9866
9777
9867
9778
9868
9779
9869
9780
9870
9781
9871
9782
9872
9783
9873
9784
9874
9785
9875
9786
9876
9787
9877
9788
9878
9789
9879
9790
9880
9791
9881
9792
9882
9793
9883
9794
9884
9795
9885
9796
9886
9797
9887
9798
9888
9799
9889
9800
9890
9801
9891
9802
9892
9803
9893
9804
9894
9805
9895
9806
9896
9807
9897
9808
9898
9809
9899
9810
9900
9811
9901
9812
9902
9813
9903
9814
9904
9815
9905
9816
9906
9817
9907
9818
9908
9819
9909
9820
9910
9821
9911
9822
9912
9823
9913
9824
9914
9825
9915
9826
9916
9827
9917
9828
9918
9829
9919
9830
9920
9831
9921
9832
9922
9833
9923
9834
9924
9835
9925
9836
9926
9839
9927
9837
9928
9929
9839
9942
9943
9841
9856
9944
9842
9945
9843
9946
9844
9947
9845
9948
9846
9949
9847
9950
9848
9951
9849
9952
9850
9953
9851
9954
9852
9955
9853
9956
9854
9957
9855
9958
9857
9959
9858
9960
9859
9961
9860
9962
9861
9963
9862
9964
9863
9965
9864
9966
9865
9967
9866
9968
9867
9969
9868
9970
9869
9971
9870
9972
9871
9973
9872
9974
9873
9975
9874
9976
9875
9977
9876
9978
9877
9979
9878
9980
9879
9981
9880
9982
9881
9983
9882
9984
9883
9985
9884
9986
9885
9987
9886
9988
9887
9989
9888
9990
9889
9991
9890
9992
9891
9993
9892
9994
9893
9995
9894
9996
9895
9997
9896
9998
9897
9999
9898
10000
9899
10001
9900
10002
9901
10003
9902
10004
9903
10005
9904
10006
9905
10007
9906
10008
9907
10009
9908
10010
9909
10011
9910
10012
9911
10013
9912
10014
9913
10015
9914
10016
9915
10017
9916
10018
9917
10019
9918
10020
9919
10021
9920
10022
9921
10023
9922
10024
9923
10025
9924
10026
9925
10027
9926
10028
9927
10029
9928
10030
9943
10031
9929
10032
9930
10033
9931
10034
9932
10035
9933
10036
9934
10037
9935
10038
9936
10039
9937
10040
9938
10041
9939
10042
9940
10043
9941
10044
9942
10045
9943
10046
10047
9945
9960
10048
9946
10049
9947
10050
9948
10051
9949
10052
9950
10053
9951
10054
9952
10055
9953
10056
9954
10057
9955
10058
9956
10059
9957
10060
9958
10061
9959
10062
9961
10063
9962
10064
9963
10065
9964
10066
9965
10067
9966
10068
9967
10069
9968
10070
9969
10071
9970
10072
9971
10073
9972
10074
9973
10075
9974
10076
9975
10077
9976
10078
9977
10079
9978
10080
9979
10081
9980
10082
9981
10083
9982
10084
9983
10085
9984
10086
9985
10087
9986
10088
9987
10089
9988
10090
9989
10091
9990
10092
9991
10093
9992
10094
9993
10095
9994
10096
9995
10097
9996
10098
9997
10099
9998
10100
9999
10101
10000
10102
10001
10103
10002
10104
10003
10105
10004
10106
10005
10107
10006
10108
10007
10109
10008
10110
10009
10111
10010
10112
10011
10113
10012
10114
10013
10115
10014
10116
10015
10117
10016
10118
10017
10119
10018
10120
10019
10121
10020
10122
10021
10123
10022
10124
10023
10125
10024
10126
10025
10127
10026
10128
10027
10129
10028
10130
10029
10131
10030
10132
10031
10133
10032
10134
10047
10135
10033
10136
10034
10137
10035
10138
10036
10139
10037
10140
10038
10141
10039
10142
10040
10143
10041
10144
10042
10145
10043
10146
10044
10147
10045
10148
10046
10149
10047
10150
10151
10049
10064
10152
10050
10153
10051
10154
10052
10155
10053
10156
10054
10157
10055
10158
10056
10159
10057
10160
10058
10161
10059
10162
10060
10163
10061
10164
10062
10165
10063
10166
10065
10167
10066
10168
10067
10169
10068
10170
10069
10171
10070
10172
10071
10173
10072
10174
10073
10175
10074
10176
10075
10177
10076
10178
10077
10179
10078
10180
10079
10181
10080
10182
10081
10183
10082
10184
10083
10185
10084
10186
10085
10187
10086
10188
10087
10189
10088
10190
10089
10191
10090
10192
10091
10193
10092
10194
10093
10195
10094
10196
10095
10197
10096
10198
10097
10199
10098
10200
10099
10201
10100
10202
10101
10203
10102
10204
10103
10205
10104
10206
10105
10207
10106
10208
10107
10209
10108
10210
10109
10211
10110
10212
10111
10213
10112
10214
10113
10215
10114
10216
10115
10217
10116
10218
10117
10219
10118
10220
10119
10221
10120
10222
10121
10223
10122
10224
10123
10225
10124
10226
10125
10227
10126
10228
10127
10229
10128
10230
10129
10231
10130
10232
10131
10233
10132
10234
10133
10235
10134
10236
10135
10237
10136
10238
10151
10239
10137
10240
10138
10241
10139
10242
10140
10243
10141
10244
10142
10245
10143
10246
10144
10247
10145
10248
10146
10249
10147
10250
10148
10251
10149
10252
10150
10253
10151
10254
10255
10153
10168
10256
10154
10257
10155
10258
10156
10259
10157
10260
10158
10261
10159
10262
10160
10263
10161
10264
10162
10265
10163
10266
10164
10267
10165
10268
10166
10269
10167
10270
10169
10271
10170
10272
10171
10287
10172
10288
10173
10303
10174
10304
10175
10319
10176
10320
10177
10335
10178
10336
10179
10351
10180
10352
10181
10367
10182
10368
10183
10383
10184
10384
10185
10399
10186
10400
10187
10415
10188
10416
10189
10431
10190
10432
10191
10447
10192
10448
10193
10463
10194
10464
10195
10479
10196
10480
10197
10495
10198
10496
10199
10511
10200
10512
10201
10527
10202
10528
10203
10543
10204
10544
10205
10559
10206
10560
10207
10575
10208
10576
10209
10591
10210
10592
10211
10607
10212
10608
10213
10623
10214
10624
10215
10639
10216
10640
10217
10655
10218
10656
10219
10671
10220
10672
10221
10687
10222
10688
10223
10703
10224
10704
10225
10719
10226
10720
10227
10735
10228
10736
10229
10751
10230
10752
10231
10767
10232
10768
10233
10783
10234
10784
10235
10799
10236
10800
10237
10815
10238
10816
10239
10831
10240
10832
10255
10847
10241
10848
10242
10849
10243
10850
10244
10851
10245
10852
10246
10853
10247
10854
10248
10855
10249
10856
10250
10857
10251
10858
10252
10859
10253
10860
10254
10861
10255
10862
10863
10257
10272
10258
10273
10259
10274
10260
10275
10261
10276
10262
10277
10263
10278
10264
10279
10265
10280
10266
10281
10267
10282
10268
10283
10269
10284
10270
10285
10271
10286
10287
10273
10288
10274
10289
10275
10290
10276
10291
10277
10292
10278
10293
10279
10294
10280
10295
10281
10296
10282
10297
10283
10298
10284
10299
10285
10300
10286
10301
10287
10302
10303
10289
10304
10290
10305
10291
10306
10292
10307
10293
10308
10294
10309
10295
10310
10296
10311
10297
10312
10298
10313
10299
10314
10300
10315
10301
10316
10302
10317
10303
10318
10319
10305
10320
10306
10321
10307
10322
10308
10323
10309
10324
10310
10325
10311
10326
10312
10327
10313
10328
10314
10329
10315
10330
10316
10331
10317
10332
10318
10333
10319
10334
10335
10321
10336
10322
10337
10323
10338
10324
10339
10325
10340
10326
10341
10327
10342
10328
10343
10329
10344
10330
10345
10331
10346
10332
10347
10333
10348
10334
10349
10335
10350
10351
10337
10352
10338
10353
10339
10354
10340
10355
10341
10356
10342
10357
10343
10358
10344
10359
10345
10360
10346
10361
10347
10362
10348
10363
10349
10364
10350
10365
10351
10366
10367
10353
10368
10354
10369
10355
10370
10356
10371
10357
10372
10358
10373
10359
10374
10360
10375
10361
10376
10362
10377
10363
10378
10364
10379
10365
10380
10366
10381
10367
10382
10383
10369
10384
10370
10385
10371
10386
10372
10387
10373
10388
10374
10389
10375
10390
10376
10391
10377
10392
10378
10393
10379
10394
10380
10395
10381
10396
10382
10397
10383
10398
10399
10385
10400
10386
10401
10387
10402
10388
10403
10389
10404
10390
10405
10391
10406
10392
10407
10393
10408
10394
10409
10395
10410
10396
10411
10397
10412
10398
10413
10399
10414
10415
10401
10416
10402
10417
10403
10418
10404
10419
10405
10420
10406
10421
10407
10422
10408
10423
10409
10424
10410
10425
10411
10426
10412
10427
10413
10428
10414
10429
10415
10430
10431
10417
10432
10418
10433
10419
10434
10420
10435
10421
10436
10422
10437
10423
10438
10424
10439
10425
10440
10426
10441
10427
10442
10428
10443
10429
10444
10430
10445
10431
10446
10447
10433
10448
10434
10449
10435
10450
10436
10451
10437
10452
10438
10453
10439
10454
10440
10455
10441
10456
10442
10457
10443
10458
10444
10459
10445
10460
10446
10461
10447
10462
10463
10449
10464
10450
10465
10451
10466
10452
10467
10453
10468
10454
10469
10455
10470
10456
10471
10457
10472
10458
10473
10459
10474
10460
10475
10461
10476
10462
10477
10463
10478
10479
10465
10480
10466
10481
10467
10482
10468
10483
10469
10484
10470
10485
10471
10486
10472
10487
10473
10488
10474
10489
10475
10490
10476
10491
10477
10492
10478
10493
10479
10494
10495
10481
10496
10482
10497
10483
10498
10484
10499
10485
10500
10486
10501
10487
10502
10488
10503
10489
10504
10490
10505
10491
10506
10492
10507
10493
10508
10494
10509
10495
10510
10511
10497
10512
10498
10513
10499
10514
10500
10515
10501
10516
10502
10517
10503
10518
10504
10519
10505
10520
10506
10521
10507
10522
10508
10523
10509
10524
10510
10525
10511
10526
10527
10513
10528
10514
10529
10515
10530
10516
10531
10517
10532
10518
10533
10519
10534
10520
10535
10521
10536
10522
10537
10523
10538
10524
10539
10525
10540
10526
10541
10527
10542
10543
10529
10544
10530
10545
10531
10546
10532
10547
10533
10548
10534
10549
10535
10550
10536
10551
10537
10552
10538
10553
10539
10554
10540
10555
10541
10556
10542
10557
10543
10558
10559
10545
10560
10546
10561
10547
10562
10548
10563
10549
10564
10550
10565
10551
10566
10552
10567
10553
10568
10554
10569
10555
10570
10556
10571
10557
10572
10558
10573
10559
10574
10575
10561
10576
10562
10577
10563
10578
10564
10579
10565
10580
10566
10581
10567
10582
10568
10583
10569
10584
10570
10585
10571
10586
10572
10587
10573
10588
10574
10589
10575
10590
10591
10577
10592
10578
10593
10579
10594
10580
10595
10581
10596
10582
10597
10583
10598
10584
10599
10585
10600
10586
10601
10587
10602
10588
10603
10589
10604
10590
10605
10591
10606
10607
10593
10608
10594
10609
10595
10610
10596
10611
10597
10612
10598
10613
10599
10614
10600
10615
10601
10616
10602
10617
10603
10618
10604
10619
10605
10620
10606
10621
10607
10622
10623
10609
10624
10610
10625
10611
10626
10612
10627
10613
10628
10614
10629
10615
10630
10616
10631
10617
10632
10618
10633
10619
10634
10620
10635
10621
10636
10622
10637
10623
10638
10639
10625
10640
10626
10641
10627
10642
10628
10643
10629
10644
10630
10645
10631
10646
10632
10647
10633
10648
10634
10649
10635
10650
10636
10651
10637
10652
10638
10653
10639
10654
10655
10641
10656
10642
10657
10643
10658
10644
10659
10645
10660
10646
10661
10647
10662
10648
10663
10649
10664
10650
10665
10651
10666
10652
10667
10653
10668
10654
10669
10655
10670
10671
10657
10672
10658
10673
10659
10674
10660
10675
10661
10676
10662
10677
10663
10678
10664
10679
10665
10680
10666
10681
10667
10682
10668
10683
10669
10684
10670
10685
10671
10686
10687
10673
10688
10674
10689
10675
10690
10676
10691
10677
10692
10678
10693
10679
10694
10680
10695
10681
10696
10682
10697
10683
10698
10684
10699
10685
10700
10686
10701
10687
10702
10703
10689
10704
10690
10705
10691
10706
10692
10707
10693
10708
10694
10709
10695
10710
10696
10711
10697
10712
10698
10713
10699
10714
10700
10715
10701
10716
10702
10717
10703
10718
10719
10705
10720
10706
10721
10707
10722
10708
10723
10709
10724
10710
10725
10711
10726
10712
10727
10713
10728
10714
10729
10715
10730
10716
10731
10717
10732
10718
10733
10719
10734
10735
10721
10736
10722
10737
10723
10738
10724
10739
10725
10740
10726
10741
10727
10742
10728
10743
10729
10744
10730
10745
10731
10746
10732
10747
10733
10748
10734
10749
10735
10750
10751
10737
10752
10738
10753
10739
10754
10740
10755
10741
10756
10742
10757
10743
10758
10744
10759
10745
10760
10746
10761
10747
10762
10748
10763
10749
10764
10750
10765
10751
10766
10767
10753
10768
10754
10769
10755
10770
10756
10771
10757
10772
10758
10773
10759
10774
10760
10775
10761
10776
10762
10777
10763
10778
10764
10779
10765
10780
10766
10781
10767
10782
10783
10769
10784
10770
10785
10771
10786
10772
10787
10773
10788
10774
10789
10775
10790
10776
10791
10777
10792
10778
10793
10779
10794
10780
10795
10781
10796
10782
10797
10783
10798
10799
10785
10800
10786
10801
10787
10802
10788
10803
10789
10804
10790
10805
10791
10806
10792
10807
10793
10808
10794
10809
10795
10810
10796
10811
10797
10812
10798
10813
10799
10814
10815
10801
10816
10802
10817
10803
10818
10804
10819
10805
10820
10806
10821
10807
10822
10808
10823
10809
10824
10810
10825
10811
10826
10812
10827
10813
10828
10814
10829
10815
10830
10831
10817
10832
10818
10833
10819
10834
10820
10835
10821
10836
10822
10837
10823
10838
10824
10839
10825
10840
10826
10841
10827
10842
10828
10843
10829
10844
10830
10845
10831
10846
10847
10833
10848
10834
10849
10835
10850
10836
10851
10837
10852
10838
10853
10839
10854
10840
10855
10841
10856
10842
10857
10843
10858
10844
10859
10845
10860
10846
10861
10847
10862
10863
10849
10850
10851
10852
10853
10854
10855
10856
10857
10858
10859
10860
10861
10862
10863
)


// ************************************************************************* //
