/*--------------------------------*- C++ -*----------------------------------*\
| =========                 |                                                 |
| \\      /  F ield         | OpenFOAM: The Open Source CFD Toolbox           |
|  \\    /   O peration     | Version:  2606                                  |
|   \\  /    A nd           | Website:  www.openfoam.com                      |
|    \\/     M anipulation  |                                                 |
\*---------------------------------------------------------------------------*/
FoamFile
{
    version     2.0;
    format      ascii;
    arch        "LSB;label=32;scalar=64";
    class       labelList;
    location    "constant/Dell_PowerEdge_R470_1U_1/polyMesh";
    object      cellRegionAddressing;
}
// * * * * * * * * * * * * * * * * * * * * * * * * * * * * * * * * * * * * * //


15694
(
13779
13780
13781
13782
13783
13784
13785
13786
13787
13841
13842
13843
13844
13845
13846
13847
13848
13849
13903
13904
13905
13906
13907
13908
13909
13910
13911
13965
13966
13967
13968
13969
13970
13971
13972
13973
14027
14028
14029
14030
14031
14032
14033
14034
14035
14089
14090
14091
14092
14093
14094
14095
14096
14097
14151
14152
14153
14154
14155
14156
14157
14158
14159
14213
14214
14215
14216
14217
14218
14219
14220
14221
14275
14276
14277
14278
14279
14280
14281
14282
14283
14337
14338
14339
14340
14341
14342
14343
14344
14345
14399
14400
14401
14402
14403
14404
14405
14406
14407
14461
14462
14463
14464
14465
14466
14467
14468
14469
14523
14524
14525
14526
14527
14528
14529
14530
14531
14585
14586
14587
14588
14589
14590
14591
14592
14593
14647
14648
14649
14650
14651
14652
14653
14654
14655
14709
14710
14711
14712
14713
14714
14715
14716
14717
14771
14772
14773
14774
14775
14776
14777
14778
14779
14833
14834
14835
14836
14837
14838
14839
14840
14841
14895
14896
14897
14898
14899
14900
14901
14902
14903
14957
14958
14959
14960
14961
14962
14963
14964
14965
15019
15020
15021
15022
15023
15024
15025
15026
15027
15081
15082
15083
15084
15085
15086
15087
15088
15089
15143
15144
15145
15146
15147
15148
15149
15150
15151
15205
15206
15207
15208
15209
15210
15211
15212
15213
15267
15268
15269
15270
15271
15272
15273
15274
15275
15329
15330
15331
15332
15333
15334
15335
15336
15337
15391
15392
15393
15394
15395
15396
15397
15398
15399
15453
15454
15455
15456
15457
15458
15459
15460
15461
15515
15516
15517
15518
15519
15520
15521
15522
15523
15577
15578
15579
15580
15581
15582
15583
15584
15585
15639
15640
15641
15642
15643
15644
15645
15646
15647
15701
15702
15703
15704
15705
15706
15707
15708
15709
15763
15764
15765
15766
15767
15768
15769
15770
15771
15825
15826
15827
15828
15829
15830
15831
15832
15833
15887
15888
15889
15890
15891
15892
15893
15894
15895
15949
15950
15951
15952
15953
15954
15955
15956
15957
16011
16012
16013
16014
16015
16016
16017
16018
16019
16073
16074
16075
16076
16077
16078
16079
16080
16081
16135
16136
16137
16138
16139
16140
16141
16142
16143
16197
16198
16199
16200
16201
16202
16203
16204
16205
16259
16260
16261
16262
16263
16264
16265
16266
16267
16321
16322
16323
16324
16325
16326
16327
16328
16329
16383
16384
16385
16386
16387
16388
16389
16390
16391
16445
16446
16447
16448
16449
16450
16451
16452
16453
16507
16508
16509
16510
16511
16512
16513
16514
16515
16569
16570
16571
16572
16573
16574
16575
16576
16577
16631
16632
16633
16634
16635
16636
16637
16638
16639
16693
16694
16695
16696
16697
16698
16699
16700
16701
16755
16756
16757
16758
16759
16760
16761
16762
16763
16817
16818
16819
16820
16821
16822
16823
16824
16825
16879
16880
16881
16882
16883
16884
16885
16886
16887
16941
16942
16943
16944
16945
16946
16947
16948
16949
17003
17004
17005
17006
17007
17008
17009
17010
17011
17065
17066
17067
17068
17069
17070
17071
17072
17073
17127
17128
17129
17130
17131
17132
17133
17134
17135
17189
17190
17191
17192
17193
17194
17195
17196
17197
17251
17252
17253
17254
17255
17256
17257
17258
17259
17313
17314
17315
17316
17317
17318
17319
17320
17321
17375
17376
17377
17378
17379
17380
17381
17382
17383
17437
17438
17439
17440
17441
17442
17443
17444
17445
17499
17500
17501
17502
17503
17504
17505
17506
17507
18305
18306
18307
18308
18309
18310
18311
18312
18313
18367
18375
18429
18437
18491
18499
18553
18561
18615
18623
18677
18685
18739
18747
18801
18809
18863
18871
18925
18933
18987
18995
19049
19057
19111
19119
19173
19181
19235
19243
19297
19305
19359
19367
19421
19429
19483
19491
19545
19553
19607
19615
19669
19677
19731
19739
19793
19801
19855
19863
19917
19925
19979
19987
20041
20049
20103
20111
20165
20173
20227
20235
20289
20297
20351
20359
20413
20421
20475
20483
20537
20545
20599
20607
20661
20669
20723
20731
20785
20793
20847
20855
20909
20917
20971
20979
21033
21041
21095
21103
21157
21165
21219
21227
21281
21289
21343
21351
21405
21413
21467
21475
21529
21537
21591
21599
21653
21661
21715
21723
21777
21785
21839
21847
21901
21909
21963
21971
22025
22026
22027
22028
22029
22030
22031
22032
22033
22831
22832
22833
22834
22835
22836
22837
22838
22839
22893
22901
22955
22963
23017
23025
23079
23087
23141
23149
23203
23211
23265
23273
23327
23335
23389
23397
23451
23459
23513
23521
23575
23583
23637
23645
23699
23707
23761
23769
23823
23831
23885
23893
23947
23955
24009
24017
24071
24079
24133
24141
24195
24203
24257
24265
24319
24327
24381
24389
24443
24451
24505
24513
24567
24575
24629
24637
24691
24699
24753
24761
24815
24823
24877
24885
24939
24947
25001
25009
25063
25071
25125
25133
25187
25195
25249
25257
25311
25319
25373
25381
25435
25443
25497
25505
25559
25567
25621
25629
25683
25691
25745
25753
25807
25815
25869
25877
25931
25939
25993
26001
26055
26063
26117
26125
26179
26187
26241
26249
26303
26311
26365
26373
26427
26435
26489
26497
26551
26552
26553
26554
26555
26556
26557
26558
26559
27357
27358
27359
27360
27361
27362
27363
27364
27365
27419
27427
27481
27489
27543
27551
27605
27613
27667
27675
27729
27737
27791
27799
27853
27861
27915
27923
27977
27985
28039
28047
28101
28109
28163
28171
28225
28233
28287
28295
28349
28357
28411
28419
28473
28481
28535
28543
28597
28605
28659
28667
28721
28729
28783
28791
28845
28853
28907
28915
28969
28977
29031
29039
29093
29101
29155
29163
29217
29225
29279
29287
29341
29349
29403
29411
29465
29473
29527
29535
29589
29597
29651
29659
29713
29721
29775
29783
29837
29845
29899
29907
29961
29969
30023
30031
30085
30093
30147
30155
30209
30217
30271
30279
30333
30341
30395
30403
30457
30465
30519
30527
30581
30589
30643
30651
30705
30713
30767
30775
30829
30837
30891
30899
30953
30961
31015
31023
31077
31078
31085
31883
31890
31891
31945
31953
32007
32015
32069
32077
32131
32139
32193
32201
32255
32263
32317
32325
32379
32387
32441
32449
32503
32511
32565
32573
32627
32635
32689
32697
32751
32759
32813
32821
32875
32883
32937
32945
32999
33007
33061
33069
33123
33131
33185
33193
33247
33255
33309
33317
33371
33379
33433
33441
33495
33503
33557
33565
33619
33627
33681
33689
33743
33751
33805
33813
33867
33875
33929
33937
33991
33999
34053
34061
34115
34123
34177
34185
34239
34247
34301
34309
34363
34371
34425
34433
34487
34495
34549
34557
34611
34619
34673
34681
34735
34743
34797
34805
34859
34867
34921
34929
34983
34991
35045
35053
35107
35115
35169
35177
35231
35239
35293
35301
35355
35363
35417
35425
35479
35487
35541
35549
35603
35604
35611
36409
36416
36417
36471
36479
36533
36541
36595
36603
36657
36665
36719
36727
36781
36789
36843
36851
36905
36913
36967
36975
37029
37037
37091
37099
37153
37161
37215
37223
37277
37285
37339
37347
37401
37409
37463
37471
37525
37533
37587
37595
37649
37657
37711
37719
37773
37781
37835
37843
37897
37905
37959
37967
38021
38029
38083
38091
38145
38153
38207
38215
38269
38277
38331
38339
38393
38401
38455
38463
38517
38525
38579
38587
38641
38649
38703
38711
38765
38773
38827
38835
38889
38897
38951
38959
39013
39021
39075
39083
39137
39145
39199
39207
39261
39269
39323
39331
39385
39393
39447
39455
39509
39517
39571
39579
39633
39641
39695
39703
39757
39765
39819
39827
39881
39889
39943
39951
40005
40013
40067
40075
40129
40130
40137
40935
40942
40943
40997
41005
41059
41067
41121
41129
41183
41191
41245
41253
41307
41315
41369
41377
41431
41439
41493
41501
41555
41563
41617
41625
41679
41687
41741
41749
41803
41811
41865
41873
41927
41935
41989
41997
42051
42059
42113
42121
42175
42183
42237
42245
42299
42307
42361
42369
42423
42431
42485
42493
42547
42555
42609
42617
42671
42679
42733
42741
42795
42803
42857
42865
42919
42927
42981
42989
43043
43051
43105
43113
43167
43175
43229
43237
43291
43299
43353
43361
43415
43423
43477
43485
43539
43547
43601
43609
43663
43671
43725
43733
43787
43795
43849
43857
43911
43919
43973
43981
44035
44043
44097
44105
44159
44167
44221
44229
44283
44291
44345
44353
44407
44415
44469
44477
44531
44539
44593
44601
44655
44656
44663
45461
45468
45469
45523
45531
45585
45593
45647
45648
45649
45650
45651
45652
45653
45655
45709
45710
45711
45712
45713
45714
45715
45717
45771
45772
45773
45774
45775
45776
45777
45779
45833
45834
45835
45836
45837
45838
45839
45841
45895
45896
45897
45898
45899
45900
45901
45903
45957
45958
45959
45960
45961
45962
45963
45965
46019
46020
46021
46022
46023
46024
46025
46027
46081
46082
46083
46084
46085
46086
46087
46089
46143
46144
46145
46146
46147
46148
46149
46151
46205
46206
46207
46208
46209
46210
46211
46213
46267
46268
46269
46270
46271
46272
46273
46275
46329
46337
46391
46399
46453
46461
46515
46523
46577
46585
46639
46647
46701
46709
46763
46771
46825
46833
46887
46895
46949
46957
47011
47019
47073
47081
47135
47143
47197
47205
47259
47267
47321
47329
47383
47391
47445
47453
47507
47515
47569
47577
47631
47639
47693
47701
47755
47763
47817
47825
47879
47887
47941
47949
48003
48011
48065
48073
48127
48135
48189
48190
48191
48192
48193
48194
48195
48197
48251
48252
48253
48254
48255
48256
48257
48259
48313
48314
48315
48316
48317
48318
48319
48321
48375
48376
48377
48378
48379
48380
48381
48383
48437
48438
48439
48440
48441
48442
48443
48445
48499
48500
48501
48502
48503
48504
48505
48507
48561
48562
48563
48564
48565
48566
48567
48569
48623
48624
48625
48626
48627
48628
48629
48631
48685
48686
48687
48688
48689
48690
48691
48693
48747
48748
48749
48750
48751
48752
48753
48755
48809
48810
48811
48812
48813
48814
48815
48817
48871
48872
48873
48874
48875
48876
48877
48879
48933
48934
48935
48936
48937
48938
48939
48941
48995
49003
49057
49065
49119
49127
49181
49182
49189
49987
49994
49995
50049
50057
50111
50119
50173
50174
50175
50176
50177
50178
50179
50181
50235
50236
50237
50238
50239
50240
50241
50243
50297
50298
50299
50300
50301
50302
50303
50305
50359
50360
50361
50362
50363
50364
50365
50367
50421
50422
50423
50424
50425
50426
50427
50429
50483
50484
50485
50486
50487
50488
50489
50491
50545
50546
50547
50548
50549
50550
50551
50553
50607
50608
50609
50610
50611
50612
50613
50615
50669
50670
50671
50672
50673
50674
50675
50677
50731
50732
50733
50734
50735
50736
50737
50739
50793
50794
50795
50796
50797
50798
50799
50801
50855
50863
50917
50925
50979
50987
51041
51049
51103
51111
51165
51173
51227
51235
51289
51297
51351
51359
51413
51421
51475
51483
51537
51545
51599
51607
51661
51669
51723
51731
51785
51793
51847
51855
51909
51917
51971
51979
52033
52041
52095
52103
52157
52165
52219
52227
52281
52289
52343
52351
52405
52413
52467
52475
52529
52537
52591
52599
52653
52661
52715
52716
52717
52718
52719
52720
52721
52723
52777
52778
52779
52780
52781
52782
52783
52785
52839
52840
52841
52842
52843
52844
52845
52847
52901
52902
52903
52904
52905
52906
52907
52909
52963
52964
52965
52966
52967
52968
52969
52971
53025
53026
53027
53028
53029
53030
53031
53033
53087
53088
53089
53090
53091
53092
53093
53095
53149
53150
53151
53152
53153
53154
53155
53157
53211
53212
53213
53214
53215
53216
53217
53219
53273
53274
53275
53276
53277
53278
53279
53281
53335
53336
53337
53338
53339
53340
53341
53343
53397
53398
53399
53400
53401
53402
53403
53405
53459
53460
53461
53462
53463
53464
53465
53467
53521
53529
53583
53591
53645
53653
53707
53708
53715
54513
54520
54521
54575
54583
54637
54645
54699
54700
54701
54702
54703
54704
54705
54707
54761
54762
54763
54764
54765
54766
54767
54769
54823
54824
54825
54826
54827
54828
54829
54831
54885
54886
54887
54888
54889
54890
54891
54893
54947
54948
54949
54950
54951
54952
54953
54955
55009
55010
55011
55012
55013
55014
55015
55017
55071
55072
55073
55074
55075
55076
55077
55079
55133
55134
55135
55136
55137
55138
55139
55141
55195
55196
55197
55198
55199
55200
55201
55203
55257
55258
55259
55260
55261
55262
55263
55265
55319
55320
55321
55322
55323
55324
55325
55327
55381
55389
55443
55451
55505
55513
55567
55575
55629
55637
55691
55699
55753
55761
55815
55823
55877
55885
55939
55947
56001
56009
56063
56071
56125
56133
56187
56195
56249
56257
56311
56319
56373
56381
56435
56443
56497
56505
56559
56567
56621
56629
56683
56691
56745
56753
56807
56815
56869
56877
56931
56939
56993
57001
57055
57063
57117
57125
57179
57187
57241
57242
57243
57244
57245
57246
57247
57249
57303
57304
57305
57306
57307
57308
57309
57311
57365
57366
57367
57368
57369
57370
57371
57373
57427
57428
57429
57430
57431
57432
57433
57435
57489
57490
57491
57492
57493
57494
57495
57497
57551
57552
57553
57554
57555
57556
57557
57559
57613
57614
57615
57616
57617
57618
57619
57621
57675
57676
57677
57678
57679
57680
57681
57683
57737
57738
57739
57740
57741
57742
57743
57745
57799
57800
57801
57802
57803
57804
57805
57807
57861
57862
57863
57864
57865
57866
57867
57869
57923
57924
57925
57926
57927
57928
57929
57931
57985
57986
57987
57988
57989
57990
57991
57993
58047
58055
58109
58117
58171
58179
58233
58234
58241
59039
59046
59047
59101
59109
59163
59171
59225
59226
59227
59228
59229
59230
59231
59233
59287
59288
59289
59290
59291
59292
59293
59295
59349
59350
59351
59352
59353
59354
59355
59357
59411
59412
59413
59414
59415
59416
59417
59419
59473
59474
59475
59476
59477
59478
59479
59481
59535
59536
59537
59538
59539
59540
59541
59543
59597
59598
59599
59600
59601
59602
59603
59605
59659
59660
59661
59662
59663
59664
59665
59667
59721
59722
59723
59724
59725
59726
59727
59729
59783
59784
59785
59786
59787
59788
59789
59791
59845
59846
59847
59848
59849
59850
59851
59853
59907
59915
59969
59977
60031
60039
60093
60101
60155
60163
60217
60225
60279
60287
60341
60349
60403
60411
60465
60473
60527
60528
60529
60530
60531
60535
60589
60590
60591
60592
60593
60597
60651
60652
60653
60654
60655
60659
60713
60714
60715
60716
60717
60721
60775
60776
60777
60778
60779
60783
60837
60838
60839
60840
60841
60845
60899
60900
60901
60902
60903
60907
60961
60962
60963
60964
60965
60969
61023
61024
61025
61026
61027
61031
61085
61086
61087
61088
61089
61093
61147
61148
61149
61150
61151
61155
61209
61210
61211
61212
61213
61217
61271
61272
61273
61274
61275
61279
61333
61334
61335
61336
61337
61341
61395
61396
61397
61398
61399
61403
61457
61458
61459
61460
61461
61465
61519
61520
61521
61522
61523
61527
61581
61589
61643
61651
61705
61713
61767
61768
61769
61770
61771
61772
61773
61775
61829
61830
61831
61832
61833
61834
61835
61837
61891
61892
61893
61894
61895
61896
61897
61899
61953
61954
61955
61956
61957
61958
61959
61961
62015
62016
62017
62018
62019
62020
62021
62023
62077
62078
62079
62080
62081
62082
62083
62085
62139
62140
62141
62142
62143
62144
62145
62147
62201
62202
62203
62204
62205
62206
62207
62209
62263
62264
62265
62266
62267
62268
62269
62271
62325
62326
62327
62328
62329
62330
62331
62333
62387
62388
62389
62390
62391
62392
62393
62395
62449
62450
62451
62452
62453
62454
62455
62457
62511
62512
62513
62514
62515
62516
62517
62519
62573
62581
62635
62643
62697
62705
62759
62760
62767
63565
63572
63573
63627
63635
63689
63697
63751
63752
63753
63754
63755
63756
63757
63759
63813
63814
63815
63816
63817
63818
63819
63821
63875
63876
63877
63878
63879
63880
63881
63883
63937
63938
63939
63940
63941
63942
63943
63945
63999
64000
64001
64002
64003
64004
64005
64007
64061
64062
64063
64064
64065
64066
64067
64069
64123
64124
64125
64126
64127
64128
64129
64131
64185
64186
64187
64188
64189
64190
64191
64193
64247
64248
64249
64250
64251
64252
64253
64255
64309
64310
64311
64312
64313
64314
64315
64317
64371
64372
64373
64374
64375
64376
64377
64379
64433
64441
64495
64503
64557
64565
64619
64627
64681
64689
64743
64751
64805
64813
64867
64875
64929
64937
64991
64999
65053
65054
65055
65056
65057
65061
65115
65116
65117
65118
65119
65123
65177
65178
65179
65180
65181
65185
65239
65240
65241
65242
65243
65247
65301
65302
65303
65304
65305
65309
65363
65364
65365
65366
65367
65371
65425
65426
65427
65428
65429
65433
65487
65488
65489
65490
65491
65495
65549
65550
65551
65552
65553
65557
65611
65612
65613
65614
65615
65619
65673
65674
65675
65676
65677
65681
65735
65736
65737
65738
65739
65743
65797
65798
65799
65800
65801
65805
65859
65860
65861
65862
65863
65867
65921
65922
65923
65924
65925
65929
65983
65984
65985
65986
65987
65991
66045
66046
66047
66048
66049
66053
66107
66115
66169
66177
66231
66239
66293
66294
66295
66296
66297
66298
66299
66301
66355
66356
66357
66358
66359
66360
66361
66363
66417
66418
66419
66420
66421
66422
66423
66425
66479
66480
66481
66482
66483
66484
66485
66487
66541
66542
66543
66544
66545
66546
66547
66549
66603
66604
66605
66606
66607
66608
66609
66611
66665
66666
66667
66668
66669
66670
66671
66673
66727
66728
66729
66730
66731
66732
66733
66735
66789
66790
66791
66792
66793
66794
66795
66797
66851
66852
66853
66854
66855
66856
66857
66859
66913
66914
66915
66916
66917
66918
66919
66921
66975
66976
66977
66978
66979
66980
66981
66983
67037
67038
67039
67040
67041
67042
67043
67045
67099
67107
67161
67169
67223
67231
67285
67286
67293
68091
68098
68099
68153
68161
68215
68223
68277
68278
68279
68280
68281
68282
68283
68285
68339
68340
68341
68342
68343
68344
68345
68347
68401
68402
68403
68404
68405
68406
68407
68409
68463
68464
68465
68466
68467
68468
68469
68471
68525
68526
68527
68528
68529
68530
68531
68533
68587
68588
68589
68590
68591
68592
68593
68595
68649
68650
68651
68652
68653
68654
68655
68657
68711
68712
68713
68714
68715
68716
68717
68719
68773
68774
68775
68776
68777
68778
68779
68781
68835
68836
68837
68838
68839
68840
68841
68843
68897
68898
68899
68900
68901
68902
68903
68905
68959
68967
69021
69029
69083
69091
69145
69153
69207
69215
69269
69277
69331
69339
69393
69401
69455
69463
69517
69525
69579
69580
69581
69582
69583
69587
69641
69642
69643
69644
69645
69649
69703
69704
69705
69706
69707
69711
69765
69766
69767
69768
69769
69773
69827
69828
69829
69830
69831
69835
69889
69890
69891
69892
69893
69897
69951
69952
69953
69954
69955
69959
70013
70014
70015
70016
70017
70021
70075
70076
70077
70078
70079
70083
70137
70138
70139
70140
70141
70145
70199
70200
70201
70202
70203
70207
70261
70262
70263
70264
70265
70269
70323
70324
70325
70326
70327
70331
70385
70386
70387
70388
70389
70393
70447
70448
70449
70450
70451
70455
70509
70510
70511
70512
70513
70517
70571
70572
70573
70574
70575
70579
70633
70641
70695
70703
70757
70765
70819
70820
70821
70822
70823
70824
70825
70827
70881
70882
70883
70884
70885
70886
70887
70889
70943
70944
70945
70946
70947
70948
70949
70951
71005
71006
71007
71008
71009
71010
71011
71013
71067
71068
71069
71070
71071
71072
71073
71075
71129
71130
71131
71132
71133
71134
71135
71137
71191
71192
71193
71194
71195
71196
71197
71199
71253
71254
71255
71256
71257
71258
71259
71261
71315
71316
71317
71318
71319
71320
71321
71323
71377
71378
71379
71380
71381
71382
71383
71385
71439
71440
71441
71442
71443
71444
71445
71447
71501
71502
71503
71504
71505
71506
71507
71509
71563
71564
71565
71566
71567
71568
71569
71571
71625
71633
71687
71695
71749
71757
71811
71812
71819
72617
72624
72625
72679
72687
72741
72749
72803
72804
72805
72806
72807
72808
72809
72811
72865
72866
72867
72868
72869
72870
72871
72873
72927
72928
72929
72930
72931
72932
72933
72935
72989
72990
72991
72992
72993
72994
72995
72997
73051
73052
73053
73054
73055
73056
73057
73059
73113
73114
73115
73116
73117
73118
73119
73121
73175
73176
73177
73178
73179
73180
73181
73183
73237
73238
73239
73240
73241
73242
73243
73245
73299
73300
73301
73302
73303
73304
73305
73307
73361
73362
73363
73364
73365
73366
73367
73369
73423
73424
73425
73426
73427
73428
73429
73431
73485
73493
73547
73555
73609
73617
73671
73679
73733
73741
73795
73803
73857
73865
73919
73927
73981
73989
74043
74051
74105
74106
74107
74108
74109
74113
74167
74168
74169
74170
74171
74175
74229
74230
74231
74232
74233
74237
74291
74292
74293
74294
74295
74299
74353
74354
74355
74356
74357
74361
74415
74416
74417
74418
74419
74423
74477
74478
74479
74480
74481
74485
74539
74540
74541
74542
74543
74547
74601
74602
74603
74604
74605
74609
74663
74664
74665
74666
74667
74671
74725
74726
74727
74728
74729
74733
74787
74788
74789
74790
74791
74795
74849
74850
74851
74852
74853
74857
74911
74912
74913
74914
74915
74919
74973
74974
74975
74976
74977
74981
75035
75036
75037
75038
75039
75043
75097
75098
75099
75100
75101
75105
75159
75167
75221
75229
75283
75291
75345
75346
75347
75348
75349
75350
75351
75353
75407
75408
75409
75410
75411
75412
75413
75415
75469
75470
75471
75472
75473
75474
75475
75477
75531
75532
75533
75534
75535
75536
75537
75539
75593
75594
75595
75596
75597
75598
75599
75601
75655
75656
75657
75658
75659
75660
75661
75663
75717
75718
75719
75720
75721
75722
75723
75725
75779
75780
75781
75782
75783
75784
75785
75787
75841
75842
75843
75844
75845
75846
75847
75849
75903
75904
75905
75906
75907
75908
75909
75911
75965
75966
75967
75968
75969
75970
75971
75973
76027
76028
76029
76030
76031
76032
76033
76035
76089
76090
76091
76092
76093
76094
76095
76097
76151
76159
76213
76221
76275
76283
76337
76338
76345
77143
77150
77151
77205
77213
77267
77275
77329
77330
77331
77332
77333
77334
77335
77337
77391
77392
77393
77394
77395
77396
77397
77399
77453
77454
77455
77456
77457
77458
77459
77461
77515
77516
77517
77518
77519
77520
77521
77523
77577
77578
77579
77580
77581
77582
77583
77585
77639
77640
77641
77642
77643
77644
77645
77647
77701
77702
77703
77704
77705
77706
77707
77709
77763
77764
77765
77766
77767
77768
77769
77771
77825
77826
77827
77828
77829
77830
77831
77833
77887
77888
77889
77890
77891
77892
77893
77895
77949
77950
77951
77952
77953
77954
77955
77957
78011
78019
78073
78081
78135
78143
78197
78205
78259
78267
78321
78329
78383
78391
78445
78453
78507
78515
78569
78577
78631
78632
78633
78634
78635
78639
78693
78694
78695
78696
78697
78701
78755
78756
78757
78758
78759
78763
78817
78818
78819
78820
78821
78825
78879
78880
78881
78882
78883
78887
78941
78942
78943
78944
78945
78949
79003
79004
79005
79006
79007
79011
79065
79066
79067
79068
79069
79073
79127
79128
79129
79130
79131
79135
79189
79190
79191
79192
79193
79197
79251
79252
79253
79254
79255
79259
79313
79314
79315
79316
79317
79321
79375
79376
79377
79378
79379
79383
79437
79438
79439
79440
79441
79445
79499
79500
79501
79502
79503
79507
79561
79562
79563
79564
79565
79569
79623
79624
79625
79626
79627
79631
79685
79693
79747
79755
79809
79817
79871
79872
79873
79874
79875
79876
79877
79879
79933
79934
79935
79936
79937
79938
79939
79941
79995
79996
79997
79998
79999
80000
80001
80003
80057
80058
80059
80060
80061
80062
80063
80065
80119
80120
80121
80122
80123
80124
80125
80127
80181
80182
80183
80184
80185
80186
80187
80189
80243
80244
80245
80246
80247
80248
80249
80251
80305
80306
80307
80308
80309
80310
80311
80313
80367
80368
80369
80370
80371
80372
80373
80375
80429
80430
80431
80432
80433
80434
80435
80437
80491
80492
80493
80494
80495
80496
80497
80499
80553
80554
80555
80556
80557
80558
80559
80561
80615
80616
80617
80618
80619
80620
80621
80623
80677
80685
80739
80747
80801
80809
80863
80864
80871
81669
81676
81677
81731
81739
81793
81801
81855
81856
81857
81858
81859
81860
81861
81863
81917
81918
81919
81920
81921
81922
81923
81925
81979
81980
81981
81982
81983
81984
81985
81987
82041
82042
82043
82044
82045
82046
82047
82049
82103
82104
82105
82106
82107
82108
82109
82111
82165
82166
82167
82168
82169
82170
82171
82173
82227
82228
82229
82230
82231
82232
82233
82235
82289
82290
82291
82292
82293
82294
82295
82297
82351
82352
82353
82354
82355
82356
82357
82359
82413
82414
82415
82416
82417
82418
82419
82421
82475
82476
82477
82478
82479
82480
82481
82483
82537
82545
82599
82607
82661
82669
82723
82731
82785
82793
82847
82855
82909
82917
82971
82979
83033
83041
83095
83103
83157
83158
83159
83160
83161
83165
83219
83220
83221
83222
83223
83227
83281
83282
83283
83284
83285
83289
83343
83344
83345
83346
83347
83351
83405
83406
83407
83408
83409
83413
83467
83468
83469
83470
83471
83475
83529
83530
83531
83532
83533
83537
83591
83592
83593
83594
83595
83599
83653
83654
83655
83656
83657
83661
83715
83716
83717
83718
83719
83723
83777
83778
83779
83780
83781
83785
83839
83840
83841
83842
83843
83847
83901
83902
83903
83904
83905
83909
83963
83964
83965
83966
83967
83971
84025
84026
84027
84028
84029
84033
84087
84088
84089
84090
84091
84095
84149
84150
84151
84152
84153
84157
84211
84219
84273
84281
84335
84343
84397
84398
84399
84400
84401
84402
84403
84405
84459
84460
84461
84462
84463
84464
84465
84467
84521
84522
84523
84524
84525
84526
84527
84529
84583
84584
84585
84586
84587
84588
84589
84591
84645
84646
84647
84648
84649
84650
84651
84653
84707
84708
84709
84710
84711
84712
84713
84715
84769
84770
84771
84772
84773
84774
84775
84777
84831
84832
84833
84834
84835
84836
84837
84839
84893
84894
84895
84896
84897
84898
84899
84901
84955
84956
84957
84958
84959
84960
84961
84963
85017
85018
85019
85020
85021
85022
85023
85025
85079
85080
85081
85082
85083
85084
85085
85087
85141
85142
85143
85144
85145
85146
85147
85149
85203
85211
85265
85273
85327
85335
85389
85390
85397
86195
86202
86203
86257
86265
86319
86327
86381
86382
86383
86384
86385
86386
86387
86389
86443
86444
86445
86446
86447
86448
86449
86451
86505
86506
86507
86508
86509
86510
86511
86513
86567
86568
86569
86570
86571
86572
86573
86575
86629
86630
86631
86632
86633
86634
86635
86637
86691
86692
86693
86694
86695
86696
86697
86699
86753
86754
86755
86756
86757
86758
86759
86761
86815
86816
86817
86818
86819
86820
86821
86823
86877
86878
86879
86880
86881
86882
86883
86885
86939
86940
86941
86942
86943
86944
86945
86947
87001
87002
87003
87004
87005
87006
87007
87009
87063
87071
87125
87133
87187
87195
87249
87257
87311
87319
87373
87381
87435
87443
87497
87505
87559
87567
87621
87629
87683
87684
87685
87686
87687
87691
87745
87746
87747
87748
87749
87753
87807
87808
87809
87810
87811
87815
87869
87870
87871
87872
87873
87877
87931
87932
87933
87934
87935
87939
87993
87994
87995
87996
87997
88001
88055
88056
88057
88058
88059
88063
88117
88118
88119
88120
88121
88125
88179
88180
88181
88182
88183
88187
88241
88242
88243
88244
88245
88249
88303
88304
88305
88306
88307
88311
88365
88366
88367
88368
88369
88373
88427
88428
88429
88430
88431
88435
88489
88490
88491
88492
88493
88497
88551
88552
88553
88554
88555
88559
88613
88614
88615
88616
88617
88621
88675
88676
88677
88678
88679
88683
88737
88745
88799
88807
88861
88869
88923
88924
88925
88926
88927
88928
88929
88931
88985
88986
88987
88988
88989
88990
88991
88993
89047
89048
89049
89050
89051
89052
89053
89055
89109
89110
89111
89112
89113
89114
89115
89117
89171
89172
89173
89174
89175
89176
89177
89179
89233
89234
89235
89236
89237
89238
89239
89241
89295
89296
89297
89298
89299
89300
89301
89303
89357
89358
89359
89360
89361
89362
89363
89365
89419
89420
89421
89422
89423
89424
89425
89427
89481
89482
89483
89484
89485
89486
89487
89489
89543
89544
89545
89546
89547
89548
89549
89551
89605
89606
89607
89608
89609
89610
89611
89613
89667
89668
89669
89670
89671
89672
89673
89675
89729
89737
89791
89799
89853
89861
89915
89916
89923
90721
90728
90729
90783
90791
90845
90853
90907
90908
90909
90910
90911
90912
90913
90915
90969
90970
90971
90972
90973
90974
90975
90977
91031
91032
91033
91034
91035
91036
91037
91039
91093
91094
91095
91096
91097
91098
91099
91101
91155
91156
91157
91158
91159
91160
91161
91163
91217
91218
91219
91220
91221
91222
91223
91225
91279
91280
91281
91282
91283
91284
91285
91287
91341
91342
91343
91344
91345
91346
91347
91349
91403
91404
91405
91406
91407
91408
91409
91411
91465
91466
91467
91468
91469
91470
91471
91473
91527
91528
91529
91530
91531
91532
91533
91535
91589
91597
91651
91659
91713
91721
91775
91783
91837
91845
91899
91907
91961
91969
92023
92031
92085
92093
92147
92155
92209
92210
92211
92212
92213
92217
92271
92272
92273
92274
92275
92279
92333
92334
92335
92336
92337
92341
92395
92396
92397
92398
92399
92403
92457
92458
92459
92460
92461
92465
92519
92520
92521
92522
92523
92527
92581
92582
92583
92584
92585
92589
92643
92644
92645
92646
92647
92651
92705
92706
92707
92708
92709
92713
92767
92768
92769
92770
92771
92775
92829
92830
92831
92832
92833
92837
92891
92892
92893
92894
92895
92899
92953
92954
92955
92956
92957
92961
93015
93016
93017
93018
93019
93023
93077
93078
93079
93080
93081
93085
93139
93140
93141
93142
93143
93147
93201
93202
93203
93204
93205
93209
93263
93271
93325
93333
93387
93395
93449
93450
93451
93452
93453
93454
93455
93457
93511
93512
93513
93514
93515
93516
93517
93519
93573
93574
93575
93576
93577
93578
93579
93581
93635
93636
93637
93638
93639
93640
93641
93643
93697
93698
93699
93700
93701
93702
93703
93705
93759
93760
93761
93762
93763
93764
93765
93767
93821
93822
93823
93824
93825
93826
93827
93829
93883
93884
93885
93886
93887
93888
93889
93891
93945
93946
93947
93948
93949
93950
93951
93953
94007
94008
94009
94010
94011
94012
94013
94015
94069
94070
94071
94072
94073
94074
94075
94077
94131
94132
94133
94134
94135
94136
94137
94139
94193
94194
94195
94196
94197
94198
94199
94201
94255
94263
94317
94325
94379
94387
94441
94442
94449
95247
95254
95255
95309
95317
95371
95379
95433
95434
95435
95436
95437
95438
95439
95441
95495
95496
95497
95498
95499
95500
95501
95503
95557
95558
95559
95560
95561
95562
95563
95565
95619
95620
95621
95622
95623
95624
95625
95627
95681
95682
95683
95684
95685
95686
95687
95689
95743
95744
95745
95746
95747
95748
95749
95751
95805
95806
95807
95808
95809
95810
95811
95813
95867
95868
95869
95870
95871
95872
95873
95875
95929
95930
95931
95932
95933
95934
95935
95937
95991
95992
95993
95994
95995
95996
95997
95999
96053
96054
96055
96056
96057
96058
96059
96061
96115
96123
96177
96185
96239
96247
96301
96309
96363
96371
96425
96433
96487
96495
96549
96557
96611
96619
96673
96681
96735
96736
96737
96738
96739
96743
96797
96798
96799
96800
96801
96805
96859
96860
96861
96862
96863
96867
96921
96922
96923
96924
96925
96929
96983
96984
96985
96986
96987
96991
97045
97046
97047
97048
97049
97053
97107
97108
97109
97110
97111
97115
97169
97170
97171
97172
97173
97177
97231
97232
97233
97234
97235
97239
97293
97294
97295
97296
97297
97301
97355
97356
97357
97358
97359
97363
97417
97418
97419
97420
97421
97425
97479
97480
97481
97482
97483
97487
97541
97542
97543
97544
97545
97549
97603
97604
97605
97606
97607
97611
97665
97666
97667
97668
97669
97673
97727
97728
97729
97730
97731
97735
97789
97797
97851
97859
97913
97921
97975
97976
97977
97978
97979
97980
97981
97983
98037
98038
98039
98040
98041
98042
98043
98045
98099
98100
98101
98102
98103
98104
98105
98107
98161
98162
98163
98164
98165
98166
98167
98169
98223
98224
98225
98226
98227
98228
98229
98231
98285
98286
98287
98288
98289
98290
98291
98293
98347
98348
98349
98350
98351
98352
98353
98355
98409
98410
98411
98412
98413
98414
98415
98417
98471
98472
98473
98474
98475
98476
98477
98479
98533
98534
98535
98536
98537
98538
98539
98541
98595
98596
98597
98598
98599
98600
98601
98603
98657
98658
98659
98660
98661
98662
98663
98665
98719
98720
98721
98722
98723
98724
98725
98727
98781
98789
98843
98851
98905
98913
98967
98968
98975
99773
99780
99781
99835
99843
99897
99905
99959
99960
99961
99962
99963
99964
99965
99967
100021
100022
100023
100024
100025
100026
100027
100029
100083
100084
100085
100086
100087
100088
100089
100091
100145
100146
100147
100148
100149
100150
100151
100153
100207
100208
100209
100210
100211
100212
100213
100215
100269
100270
100271
100272
100273
100274
100275
100277
100331
100332
100333
100334
100335
100336
100337
100339
100393
100394
100395
100396
100397
100398
100399
100401
100455
100456
100457
100458
100459
100460
100461
100463
100517
100518
100519
100520
100521
100522
100523
100525
100579
100580
100581
100582
100583
100584
100585
100587
100641
100649
100703
100711
100765
100773
100827
100835
100889
100897
100951
100959
101013
101021
101075
101083
101137
101145
101199
101207
101261
101262
101263
101264
101265
101269
101323
101324
101325
101326
101327
101331
101385
101386
101387
101388
101389
101393
101447
101448
101449
101450
101451
101455
101509
101510
101511
101512
101513
101517
101571
101572
101573
101574
101575
101579
101633
101634
101635
101636
101637
101641
101695
101696
101697
101698
101699
101703
101757
101758
101759
101760
101761
101765
101819
101820
101821
101822
101823
101827
101881
101882
101883
101884
101885
101889
101943
101944
101945
101946
101947
101951
102005
102006
102007
102008
102009
102013
102067
102068
102069
102070
102071
102075
102129
102130
102131
102132
102133
102137
102191
102192
102193
102194
102195
102199
102253
102254
102255
102256
102257
102261
102315
102323
102377
102385
102439
102447
102501
102502
102503
102504
102505
102506
102507
102509
102563
102564
102565
102566
102567
102568
102569
102571
102625
102626
102627
102628
102629
102630
102631
102633
102687
102688
102689
102690
102691
102692
102693
102695
102749
102750
102751
102752
102753
102754
102755
102757
102811
102812
102813
102814
102815
102816
102817
102819
102873
102874
102875
102876
102877
102878
102879
102881
102935
102936
102937
102938
102939
102940
102941
102943
102997
102998
102999
103000
103001
103002
103003
103005
103059
103060
103061
103062
103063
103064
103065
103067
103121
103122
103123
103124
103125
103126
103127
103129
103183
103184
103185
103186
103187
103188
103189
103191
103245
103246
103247
103248
103249
103250
103251
103253
103307
103315
103369
103377
103431
103439
103493
103494
103501
104299
104306
104307
104361
104369
104423
104431
104485
104486
104487
104488
104489
104490
104491
104493
104547
104548
104549
104550
104551
104552
104553
104555
104609
104610
104611
104612
104613
104614
104615
104617
104671
104672
104673
104674
104675
104676
104677
104679
104733
104734
104735
104736
104737
104738
104739
104741
104795
104796
104797
104798
104799
104800
104801
104803
104857
104858
104859
104860
104861
104862
104863
104865
104919
104920
104921
104922
104923
104924
104925
104927
104981
104982
104983
104984
104985
104986
104987
104989
105043
105044
105045
105046
105047
105048
105049
105051
105105
105106
105107
105108
105109
105110
105111
105113
105167
105175
105229
105237
105291
105299
105353
105361
105415
105423
105477
105485
105539
105547
105601
105609
105663
105671
105725
105733
105787
105788
105789
105790
105791
105795
105849
105850
105851
105852
105853
105857
105911
105912
105913
105914
105915
105919
105973
105974
105975
105976
105977
105981
106035
106036
106037
106038
106039
106043
106097
106098
106099
106100
106101
106105
106159
106160
106161
106162
106163
106167
106221
106222
106223
106224
106225
106229
106283
106284
106285
106286
106287
106291
106345
106346
106347
106348
106349
106353
106407
106408
106409
106410
106411
106415
106469
106470
106471
106472
106473
106477
106531
106532
106533
106534
106535
106539
106593
106594
106595
106596
106597
106601
106655
106656
106657
106658
106659
106663
106717
106718
106719
106720
106721
106725
106779
106780
106781
106782
106783
106787
106841
106849
106903
106911
106965
106973
107027
107028
107029
107030
107031
107032
107033
107035
107089
107090
107091
107092
107093
107094
107095
107097
107151
107152
107153
107154
107155
107156
107157
107159
107213
107214
107215
107216
107217
107218
107219
107221
107275
107276
107277
107278
107279
107280
107281
107283
107337
107338
107339
107340
107341
107342
107343
107345
107399
107400
107401
107402
107403
107404
107405
107407
107461
107462
107463
107464
107465
107466
107467
107469
107523
107524
107525
107526
107527
107528
107529
107531
107585
107586
107587
107588
107589
107590
107591
107593
107647
107648
107649
107650
107651
107652
107653
107655
107709
107710
107711
107712
107713
107714
107715
107717
107771
107772
107773
107774
107775
107776
107777
107779
107833
107841
107895
107903
107957
107965
108019
108020
108027
108825
108832
108833
108887
108895
108949
108957
109011
109012
109013
109014
109015
109016
109017
109019
109073
109074
109075
109076
109077
109078
109079
109081
109135
109136
109137
109138
109139
109140
109141
109143
109197
109198
109199
109200
109201
109202
109203
109205
109259
109260
109261
109262
109263
109264
109265
109267
109321
109322
109323
109324
109325
109326
109327
109329
109383
109384
109385
109386
109387
109388
109389
109391
109445
109446
109447
109448
109449
109450
109451
109453
109507
109508
109509
109510
109511
109512
109513
109515
109569
109570
109571
109572
109573
109574
109575
109577
109631
109632
109633
109634
109635
109636
109637
109639
109693
109701
109755
109763
109817
109825
109879
109887
109941
109949
110003
110011
110065
110073
110127
110135
110189
110197
110251
110259
110313
110314
110315
110316
110317
110321
110375
110376
110377
110378
110379
110383
110437
110438
110439
110440
110441
110445
110499
110500
110501
110502
110503
110507
110561
110562
110563
110564
110565
110569
110623
110624
110625
110626
110627
110631
110685
110686
110687
110688
110689
110693
110747
110748
110749
110750
110751
110755
110809
110810
110811
110812
110813
110817
110871
110872
110873
110874
110875
110879
110933
110934
110935
110936
110937
110941
110995
110996
110997
110998
110999
111003
111057
111058
111059
111060
111061
111065
111119
111120
111121
111122
111123
111127
111181
111182
111183
111184
111185
111189
111243
111244
111245
111246
111247
111251
111305
111306
111307
111308
111309
111313
111367
111375
111429
111437
111491
111499
111553
111554
111555
111556
111557
111558
111559
111561
111615
111616
111617
111618
111619
111620
111621
111623
111677
111678
111679
111680
111681
111682
111683
111685
111739
111740
111741
111742
111743
111744
111745
111747
111801
111802
111803
111804
111805
111806
111807
111809
111863
111864
111865
111866
111867
111868
111869
111871
111925
111926
111927
111928
111929
111930
111931
111933
111987
111988
111989
111990
111991
111992
111993
111995
112049
112050
112051
112052
112053
112054
112055
112057
112111
112112
112113
112114
112115
112116
112117
112119
112173
112174
112175
112176
112177
112178
112179
112181
112235
112236
112237
112238
112239
112240
112241
112243
112297
112298
112299
112300
112301
112302
112303
112305
112359
112367
112421
112429
112483
112491
112545
112546
112553
113351
113358
113359
113413
113421
113475
113483
113537
113538
113539
113540
113541
113542
113543
113545
113599
113600
113601
113602
113603
113604
113605
113607
113661
113662
113663
113664
113665
113666
113667
113669
113723
113724
113725
113726
113727
113728
113729
113731
113785
113786
113787
113788
113789
113790
113791
113793
113847
113848
113849
113850
113851
113852
113853
113855
113909
113910
113911
113912
113913
113914
113915
113917
113971
113972
113973
113974
113975
113976
113977
113979
114033
114034
114035
114036
114037
114038
114039
114041
114095
114096
114097
114098
114099
114100
114101
114103
114157
114158
114159
114160
114161
114162
114163
114165
114219
114227
114281
114289
114343
114351
114405
114413
114467
114475
114529
114537
114591
114599
114653
114661
114715
114723
114777
114785
114839
114840
114841
114842
114843
114847
114901
114902
114903
114904
114905
114909
114963
114964
114965
114966
114967
114971
115025
115026
115027
115028
115029
115033
115087
115088
115089
115090
115091
115095
115149
115150
115151
115152
115153
115157
115211
115212
115213
115214
115215
115219
115273
115274
115275
115276
115277
115281
115335
115336
115337
115338
115339
115343
115397
115398
115399
115400
115401
115405
115459
115460
115461
115462
115463
115467
115521
115522
115523
115524
115525
115529
115583
115584
115585
115586
115587
115591
115645
115646
115647
115648
115649
115653
115707
115708
115709
115710
115711
115715
115769
115770
115771
115772
115773
115777
115831
115832
115833
115834
115835
115839
115893
115901
115955
115963
116017
116025
116079
116080
116081
116082
116083
116084
116085
116087
116141
116142
116143
116144
116145
116146
116147
116149
116203
116204
116205
116206
116207
116208
116209
116211
116265
116266
116267
116268
116269
116270
116271
116273
116327
116328
116329
116330
116331
116332
116333
116335
116389
116390
116391
116392
116393
116394
116395
116397
116451
116452
116453
116454
116455
116456
116457
116459
116513
116514
116515
116516
116517
116518
116519
116521
116575
116576
116577
116578
116579
116580
116581
116583
116637
116638
116639
116640
116641
116642
116643
116645
116699
116700
116701
116702
116703
116704
116705
116707
116761
116762
116763
116764
116765
116766
116767
116769
116823
116824
116825
116826
116827
116828
116829
116831
116885
116893
116947
116955
117009
117017
117071
117072
117079
117877
117884
117885
117939
117947
118001
118009
118063
118064
118065
118066
118067
118068
118069
118071
118125
118126
118127
118128
118129
118130
118131
118133
118187
118188
118189
118190
118191
118192
118193
118195
118249
118250
118251
118252
118253
118254
118255
118257
118311
118312
118313
118314
118315
118316
118317
118319
118373
118374
118375
118376
118377
118378
118379
118381
118435
118436
118437
118438
118439
118440
118441
118443
118497
118498
118499
118500
118501
118502
118503
118505
118559
118560
118561
118562
118563
118564
118565
118567
118621
118622
118623
118624
118625
118626
118627
118629
118683
118684
118685
118686
118687
118688
118689
118691
118745
118753
118807
118815
118869
118877
118931
118939
118993
119001
119055
119063
119117
119125
119179
119187
119241
119249
119303
119311
119365
119366
119367
119368
119369
119373
119427
119428
119429
119430
119431
119435
119489
119490
119491
119492
119493
119497
119551
119552
119553
119554
119555
119559
119613
119614
119615
119616
119617
119621
119675
119676
119677
119678
119679
119683
119737
119738
119739
119740
119741
119745
119799
119800
119801
119802
119803
119807
119861
119862
119863
119864
119865
119869
119923
119924
119925
119926
119927
119931
119985
119986
119987
119988
119989
119993
120047
120048
120049
120050
120051
120055
120109
120110
120111
120112
120113
120117
120171
120172
120173
120174
120175
120179
120233
120234
120235
120236
120237
120241
120295
120296
120297
120298
120299
120303
120357
120358
120359
120360
120361
120365
120419
120427
120481
120489
120543
120551
120605
120606
120607
120608
120609
120610
120611
120613
120667
120668
120669
120670
120671
120672
120673
120675
120729
120730
120731
120732
120733
120734
120735
120737
120791
120792
120793
120794
120795
120796
120797
120799
120853
120854
120855
120856
120857
120858
120859
120861
120915
120916
120917
120918
120919
120920
120921
120923
120977
120978
120979
120980
120981
120982
120983
120985
121039
121040
121041
121042
121043
121044
121045
121047
121101
121102
121103
121104
121105
121106
121107
121109
121163
121164
121165
121166
121167
121168
121169
121171
121225
121226
121227
121228
121229
121230
121231
121233
121287
121288
121289
121290
121291
121292
121293
121295
121349
121350
121351
121352
121353
121354
121355
121357
121411
121419
121473
121481
121535
121543
121597
121598
121605
122403
122410
122411
122465
122473
122527
122535
122589
122590
122591
122592
122593
122594
122595
122597
122651
122652
122653
122654
122655
122656
122657
122659
122713
122714
122715
122716
122717
122718
122719
122721
122775
122776
122777
122778
122779
122780
122781
122783
122837
122838
122839
122840
122841
122842
122843
122845
122899
122900
122901
122902
122903
122904
122905
122907
122961
122962
122963
122964
122965
122966
122967
122969
123023
123024
123025
123026
123027
123028
123029
123031
123085
123086
123087
123088
123089
123090
123091
123093
123147
123148
123149
123150
123151
123152
123153
123155
123209
123210
123211
123212
123213
123214
123215
123217
123271
123279
123333
123341
123395
123403
123457
123465
123519
123527
123581
123589
123643
123651
123705
123713
123767
123775
123829
123837
123891
123892
123893
123894
123895
123899
123953
123954
123955
123956
123957
123961
124015
124016
124017
124018
124019
124023
124077
124078
124079
124080
124081
124085
124139
124140
124141
124142
124143
124147
124201
124202
124203
124204
124205
124209
124263
124264
124265
124266
124267
124271
124325
124326
124327
124328
124329
124333
124387
124388
124389
124390
124391
124395
124449
124450
124451
124452
124453
124457
124511
124512
124513
124514
124515
124519
124573
124574
124575
124576
124577
124581
124635
124636
124637
124638
124639
124643
124697
124698
124699
124700
124701
124705
124759
124760
124761
124762
124763
124767
124821
124822
124823
124824
124825
124829
124883
124884
124885
124886
124887
124891
124945
124953
125007
125015
125069
125077
125131
125132
125133
125134
125135
125136
125137
125139
125193
125194
125195
125196
125197
125198
125199
125201
125255
125256
125257
125258
125259
125260
125261
125263
125317
125318
125319
125320
125321
125322
125323
125325
125379
125380
125381
125382
125383
125384
125385
125387
125441
125442
125443
125444
125445
125446
125447
125449
125503
125504
125505
125506
125507
125508
125509
125511
125565
125566
125567
125568
125569
125570
125571
125573
125627
125628
125629
125630
125631
125632
125633
125635
125689
125690
125691
125692
125693
125694
125695
125697
125751
125752
125753
125754
125755
125756
125757
125759
125813
125814
125815
125816
125817
125818
125819
125821
125875
125876
125877
125878
125879
125880
125881
125883
125937
125945
125999
126007
126061
126069
126123
126124
126131
126929
126936
126937
126991
126999
127053
127061
127115
127116
127117
127118
127119
127120
127121
127123
127177
127178
127179
127180
127181
127182
127183
127185
127239
127240
127241
127242
127243
127244
127245
127247
127301
127302
127303
127304
127305
127306
127307
127309
127363
127364
127365
127366
127367
127368
127369
127371
127425
127426
127427
127428
127429
127430
127431
127433
127487
127488
127489
127490
127491
127492
127493
127495
127549
127550
127551
127552
127553
127554
127555
127557
127611
127612
127613
127614
127615
127616
127617
127619
127673
127674
127675
127676
127677
127678
127679
127681
127735
127736
127737
127738
127739
127740
127741
127743
127797
127805
127859
127867
127921
127929
127983
127991
128045
128053
128107
128115
128169
128177
128231
128239
128293
128301
128355
128363
128417
128418
128419
128420
128421
128425
128479
128480
128481
128482
128483
128487
128541
128542
128543
128544
128545
128549
128603
128604
128605
128606
128607
128611
128665
128666
128667
128668
128669
128673
128727
128728
128729
128730
128731
128735
128789
128790
128791
128792
128793
128797
128851
128852
128853
128854
128855
128859
128913
128914
128915
128916
128917
128921
128975
128976
128977
128978
128979
128983
129037
129038
129039
129040
129041
129045
129099
129100
129101
129102
129103
129107
129161
129162
129163
129164
129165
129169
129223
129224
129225
129226
129227
129231
129285
129286
129287
129288
129289
129293
129347
129348
129349
129350
129351
129355
129409
129410
129411
129412
129413
129417
129471
129479
129533
129541
129595
129603
129657
129658
129659
129660
129661
129662
129663
129665
129719
129720
129721
129722
129723
129724
129725
129727
129781
129782
129783
129784
129785
129786
129787
129789
129843
129844
129845
129846
129847
129848
129849
129851
129905
129906
129907
129908
129909
129910
129911
129913
129967
129968
129969
129970
129971
129972
129973
129975
130029
130030
130031
130032
130033
130034
130035
130037
130091
130092
130093
130094
130095
130096
130097
130099
130153
130154
130155
130156
130157
130158
130159
130161
130215
130216
130217
130218
130219
130220
130221
130223
130277
130278
130279
130280
130281
130282
130283
130285
130339
130340
130341
130342
130343
130344
130345
130347
130401
130402
130403
130404
130405
130406
130407
130409
130463
130471
130525
130533
130587
130595
130649
130650
130657
131455
131462
131463
131517
131525
131579
131587
131641
131642
131643
131644
131645
131646
131647
131649
131703
131704
131705
131706
131707
131708
131709
131711
131765
131766
131767
131768
131769
131770
131771
131773
131827
131828
131829
131830
131831
131832
131833
131835
131889
131890
131891
131892
131893
131894
131895
131897
131951
131952
131953
131954
131955
131956
131957
131959
132013
132014
132015
132016
132017
132018
132019
132021
132075
132076
132077
132078
132079
132080
132081
132083
132137
132138
132139
132140
132141
132142
132143
132145
132199
132200
132201
132202
132203
132204
132205
132207
132261
132262
132263
132264
132265
132266
132267
132269
132323
132331
132385
132393
132447
132455
132509
132517
132571
132579
132633
132641
132695
132703
132757
132765
132819
132827
132881
132889
132943
132944
132945
132946
132947
132951
133005
133006
133007
133008
133009
133013
133067
133068
133069
133070
133071
133075
133129
133130
133131
133132
133133
133137
133191
133192
133193
133194
133195
133199
133253
133254
133255
133256
133257
133261
133315
133316
133317
133318
133319
133323
133377
133378
133379
133380
133381
133385
133439
133440
133441
133442
133443
133447
133501
133502
133503
133504
133505
133509
133563
133564
133565
133566
133567
133571
133625
133626
133627
133628
133629
133633
133687
133688
133689
133690
133691
133695
133749
133750
133751
133752
133753
133757
133811
133812
133813
133814
133815
133819
133873
133874
133875
133876
133877
133881
133935
133936
133937
133938
133939
133943
133997
134005
134059
134067
134121
134129
134183
134184
134185
134186
134187
134188
134189
134191
134245
134246
134247
134248
134249
134250
134251
134253
134307
134308
134309
134310
134311
134312
134313
134315
134369
134370
134371
134372
134373
134374
134375
134377
134431
134432
134433
134434
134435
134436
134437
134439
134493
134494
134495
134496
134497
134498
134499
134501
134555
134556
134557
134558
134559
134560
134561
134563
134617
134618
134619
134620
134621
134622
134623
134625
134679
134680
134681
134682
134683
134684
134685
134687
134741
134742
134743
134744
134745
134746
134747
134749
134803
134804
134805
134806
134807
134808
134809
134811
134865
134866
134867
134868
134869
134870
134871
134873
134927
134928
134929
134930
134931
134932
134933
134935
134989
134997
135051
135059
135113
135121
135175
135176
135183
135981
135988
135989
136043
136051
136105
136113
136167
136168
136169
136170
136171
136172
136173
136175
136229
136230
136231
136232
136233
136234
136235
136237
136291
136292
136293
136294
136295
136296
136297
136299
136353
136354
136355
136356
136357
136358
136359
136361
136415
136416
136417
136418
136419
136420
136421
136423
136477
136478
136479
136480
136481
136482
136483
136485
136539
136540
136541
136542
136543
136544
136545
136547
136601
136602
136603
136604
136605
136606
136607
136609
136663
136664
136665
136666
136667
136668
136669
136671
136725
136726
136727
136728
136729
136730
136731
136733
136787
136788
136789
136790
136791
136792
136793
136795
136849
136857
136911
136919
136973
136981
137035
137043
137097
137105
137159
137167
137221
137229
137283
137291
137345
137353
137407
137415
137469
137470
137471
137472
137473
137477
137531
137532
137533
137534
137535
137539
137593
137594
137595
137596
137597
137601
137655
137656
137657
137658
137659
137663
137717
137718
137719
137720
137721
137725
137779
137780
137781
137782
137783
137787
137841
137842
137843
137844
137845
137849
137903
137904
137905
137906
137907
137911
137965
137966
137967
137968
137969
137973
138027
138028
138029
138030
138031
138035
138089
138090
138091
138092
138093
138097
138151
138152
138153
138154
138155
138159
138213
138214
138215
138216
138217
138221
138275
138276
138277
138278
138279
138283
138337
138338
138339
138340
138341
138345
138399
138400
138401
138402
138403
138407
138461
138462
138463
138464
138465
138469
138523
138531
138585
138593
138647
138655
138709
138710
138711
138712
138713
138714
138715
138717
138771
138772
138773
138774
138775
138776
138777
138779
138833
138834
138835
138836
138837
138838
138839
138841
138895
138896
138897
138898
138899
138900
138901
138903
138957
138958
138959
138960
138961
138962
138963
138965
139019
139020
139021
139022
139023
139024
139025
139027
139081
139082
139083
139084
139085
139086
139087
139089
139143
139144
139145
139146
139147
139148
139149
139151
139205
139206
139207
139208
139209
139210
139211
139213
139267
139268
139269
139270
139271
139272
139273
139275
139329
139330
139331
139332
139333
139334
139335
139337
139391
139392
139393
139394
139395
139396
139397
139399
139453
139454
139455
139456
139457
139458
139459
139461
139515
139523
139577
139585
139639
139647
139701
139702
139709
140507
140514
140515
140569
140577
140631
140639
140693
140694
140695
140696
140697
140698
140699
140701
140755
140756
140757
140758
140759
140760
140761
140763
140817
140818
140819
140820
140821
140822
140823
140825
140879
140880
140881
140882
140883
140884
140885
140887
140941
140942
140943
140944
140945
140946
140947
140949
141003
141004
141005
141006
141007
141008
141009
141011
141065
141066
141067
141068
141069
141070
141071
141073
141127
141128
141129
141130
141131
141132
141133
141135
141189
141190
141191
141192
141193
141194
141195
141197
141251
141252
141253
141254
141255
141256
141257
141259
141313
141314
141315
141316
141317
141318
141319
141321
141375
141383
141437
141445
141499
141507
141561
141569
141623
141631
141685
141693
141747
141755
141809
141817
141871
141879
141933
141941
141995
141996
141997
141998
141999
142003
142057
142058
142059
142060
142061
142065
142119
142120
142121
142122
142123
142127
142181
142182
142183
142184
142185
142189
142243
142244
142245
142246
142247
142251
142305
142306
142307
142308
142309
142313
142367
142368
142369
142370
142371
142375
142429
142430
142431
142432
142433
142437
142491
142492
142493
142494
142495
142499
142553
142554
142555
142556
142557
142561
142615
142616
142617
142618
142619
142623
142677
142678
142679
142680
142681
142685
142739
142740
142741
142742
142743
142747
142801
142802
142803
142804
142805
142809
142863
142864
142865
142866
142867
142871
142925
142926
142927
142928
142929
142933
142987
142988
142989
142990
142991
142995
143049
143057
143111
143119
143173
143181
143235
143236
143237
143238
143239
143240
143241
143243
143297
143298
143299
143300
143301
143302
143303
143305
143359
143360
143361
143362
143363
143364
143365
143367
143421
143422
143423
143424
143425
143426
143427
143429
143483
143484
143485
143486
143487
143488
143489
143491
143545
143546
143547
143548
143549
143550
143551
143553
143607
143608
143609
143610
143611
143612
143613
143615
143669
143670
143671
143672
143673
143674
143675
143677
143731
143732
143733
143734
143735
143736
143737
143739
143793
143794
143795
143796
143797
143798
143799
143801
143855
143856
143857
143858
143859
143860
143861
143863
143917
143918
143919
143920
143921
143922
143923
143925
143979
143980
143981
143982
143983
143984
143985
143987
144041
144049
144103
144111
144165
144173
144227
144228
144235
145033
145040
145041
145095
145103
145157
145165
145219
145220
145221
145222
145223
145224
145225
145227
145281
145282
145283
145284
145285
145286
145287
145289
145343
145344
145345
145346
145347
145348
145349
145351
145405
145406
145407
145408
145409
145410
145411
145413
145467
145468
145469
145470
145471
145472
145473
145475
145529
145530
145531
145532
145533
145534
145535
145537
145591
145592
145593
145594
145595
145596
145597
145599
145653
145654
145655
145656
145657
145658
145659
145661
145715
145716
145717
145718
145719
145720
145721
145723
145777
145778
145779
145780
145781
145782
145783
145785
145839
145840
145841
145842
145843
145844
145845
145847
145901
145909
145963
145971
146025
146033
146087
146095
146149
146157
146211
146219
146273
146281
146335
146343
146397
146405
146459
146467
146521
146522
146523
146524
146525
146529
146583
146584
146585
146586
146587
146591
146645
146646
146647
146648
146649
146653
146707
146708
146709
146710
146711
146715
146769
146770
146771
146772
146773
146777
146831
146832
146833
146834
146835
146839
146893
146894
146895
146896
146897
146901
146955
146956
146957
146958
146959
146963
147017
147018
147019
147020
147021
147025
147079
147080
147081
147082
147083
147087
147141
147142
147143
147144
147145
147149
147203
147204
147205
147206
147207
147211
147265
147266
147267
147268
147269
147273
147327
147328
147329
147330
147331
147335
147389
147390
147391
147392
147393
147397
147451
147452
147453
147454
147455
147459
147513
147514
147515
147516
147517
147521
147575
147583
147637
147645
147699
147707
147761
147762
147763
147764
147765
147766
147767
147769
147823
147824
147825
147826
147827
147828
147829
147831
147885
147886
147887
147888
147889
147890
147891
147893
147947
147948
147949
147950
147951
147952
147953
147955
148009
148010
148011
148012
148013
148014
148015
148017
148071
148072
148073
148074
148075
148076
148077
148079
148133
148134
148135
148136
148137
148138
148139
148141
148195
148196
148197
148198
148199
148200
148201
148203
148257
148258
148259
148260
148261
148262
148263
148265
148319
148320
148321
148322
148323
148324
148325
148327
148381
148382
148383
148384
148385
148386
148387
148389
148443
148444
148445
148446
148447
148448
148449
148451
148505
148506
148507
148508
148509
148510
148511
148513
148567
148575
148629
148637
148691
148699
148753
148754
148761
149559
149566
149567
149621
149629
149683
149691
149745
149746
149747
149748
149749
149750
149751
149753
149807
149808
149809
149810
149811
149812
149813
149815
149869
149870
149871
149872
149873
149874
149875
149877
149931
149932
149933
149934
149935
149936
149937
149939
149993
149994
149995
149996
149997
149998
149999
150001
150055
150056
150057
150058
150059
150060
150061
150063
150117
150118
150119
150120
150121
150122
150123
150125
150179
150180
150181
150182
150183
150184
150185
150187
150241
150242
150243
150244
150245
150246
150247
150249
150303
150304
150305
150306
150307
150308
150309
150311
150365
150366
150367
150368
150369
150370
150371
150373
150427
150435
150489
150497
150551
150559
150613
150621
150675
150683
150737
150745
150799
150807
150861
150869
150923
150931
150985
150993
151047
151048
151049
151050
151051
151055
151109
151110
151111
151112
151113
151117
151171
151172
151173
151174
151175
151179
151233
151234
151235
151236
151237
151241
151295
151296
151297
151298
151299
151303
151357
151358
151359
151360
151361
151365
151419
151420
151421
151422
151423
151427
151481
151482
151483
151484
151485
151489
151543
151544
151545
151546
151547
151551
151605
151606
151607
151608
151609
151613
151667
151668
151669
151670
151671
151675
151729
151730
151731
151732
151733
151737
151791
151792
151793
151794
151795
151799
151853
151854
151855
151856
151857
151861
151915
151916
151917
151918
151919
151923
151977
151978
151979
151980
151981
151985
152039
152040
152041
152042
152043
152047
152101
152109
152163
152171
152225
152233
152287
152288
152289
152290
152291
152292
152293
152295
152349
152350
152351
152352
152353
152354
152355
152357
152411
152412
152413
152414
152415
152416
152417
152419
152473
152474
152475
152476
152477
152478
152479
152481
152535
152536
152537
152538
152539
152540
152541
152543
152597
152598
152599
152600
152601
152602
152603
152605
152659
152660
152661
152662
152663
152664
152665
152667
152721
152722
152723
152724
152725
152726
152727
152729
152783
152784
152785
152786
152787
152788
152789
152791
152845
152846
152847
152848
152849
152850
152851
152853
152907
152908
152909
152910
152911
152912
152913
152915
152969
152970
152971
152972
152973
152974
152975
152977
153031
153032
153033
153034
153035
153036
153037
153039
153093
153101
153155
153163
153217
153225
153279
153280
153287
154085
154092
154093
154147
154155
154209
154217
154271
154272
154273
154274
154275
154276
154277
154279
154333
154334
154335
154336
154337
154338
154339
154341
154395
154396
154397
154398
154399
154400
154401
154403
154457
154458
154459
154460
154461
154462
154463
154465
154519
154520
154521
154522
154523
154524
154525
154527
154581
154582
154583
154584
154585
154586
154587
154589
154643
154644
154645
154646
154647
154648
154649
154651
154705
154706
154707
154708
154709
154710
154711
154713
154767
154768
154769
154770
154771
154772
154773
154775
154829
154830
154831
154832
154833
154834
154835
154837
154891
154892
154893
154894
154895
154896
154897
154899
154953
154961
155015
155023
155077
155085
155139
155147
155201
155209
155263
155271
155325
155333
155387
155395
155449
155457
155511
155519
155573
155574
155575
155576
155577
155581
155635
155636
155637
155638
155639
155643
155697
155698
155699
155700
155701
155705
155759
155760
155761
155762
155763
155767
155821
155822
155823
155824
155825
155829
155883
155884
155885
155886
155887
155891
155945
155946
155947
155948
155949
155953
156007
156008
156009
156010
156011
156015
156069
156070
156071
156072
156073
156077
156131
156132
156133
156134
156135
156139
156193
156194
156195
156196
156197
156201
156255
156256
156257
156258
156259
156263
156317
156318
156319
156320
156321
156325
156379
156380
156381
156382
156383
156387
156441
156442
156443
156444
156445
156449
156503
156504
156505
156506
156507
156511
156565
156566
156567
156568
156569
156573
156627
156635
156689
156697
156751
156759
156813
156814
156815
156816
156817
156818
156819
156821
156875
156876
156877
156878
156879
156880
156881
156883
156937
156938
156939
156940
156941
156942
156943
156945
156999
157000
157001
157002
157003
157004
157005
157007
157061
157062
157063
157064
157065
157066
157067
157069
157123
157124
157125
157126
157127
157128
157129
157131
157185
157186
157187
157188
157189
157190
157191
157193
157247
157248
157249
157250
157251
157252
157253
157255
157309
157310
157311
157312
157313
157314
157315
157317
157371
157372
157373
157374
157375
157376
157377
157379
157433
157434
157435
157436
157437
157438
157439
157441
157495
157496
157497
157498
157499
157500
157501
157503
157557
157558
157559
157560
157561
157562
157563
157565
157619
157627
157681
157689
157743
157751
157805
157806
157813
158611
158618
158619
158673
158681
158735
158743
158797
158798
158799
158800
158801
158802
158803
158805
158859
158860
158861
158862
158863
158864
158865
158867
158921
158922
158923
158924
158925
158926
158927
158929
158983
158984
158985
158986
158987
158988
158989
158991
159045
159046
159047
159048
159049
159050
159051
159053
159107
159108
159109
159110
159111
159112
159113
159115
159169
159170
159171
159172
159173
159174
159175
159177
159231
159232
159233
159234
159235
159236
159237
159239
159293
159294
159295
159296
159297
159298
159299
159301
159355
159356
159357
159358
159359
159360
159361
159363
159417
159418
159419
159420
159421
159422
159423
159425
159479
159487
159541
159549
159603
159611
159665
159673
159727
159735
159789
159797
159851
159859
159913
159921
159975
159983
160037
160045
160099
160100
160101
160102
160103
160107
160161
160162
160163
160164
160165
160169
160223
160224
160225
160226
160227
160231
160285
160286
160287
160288
160289
160293
160347
160348
160349
160350
160351
160355
160409
160410
160411
160412
160413
160417
160471
160472
160473
160474
160475
160479
160533
160534
160535
160536
160537
160541
160595
160596
160597
160598
160599
160603
160657
160658
160659
160660
160661
160665
160719
160720
160721
160722
160723
160727
160781
160782
160783
160784
160785
160789
160843
160844
160845
160846
160847
160851
160905
160906
160907
160908
160909
160913
160967
160968
160969
160970
160971
160975
161029
161030
161031
161032
161033
161037
161091
161092
161093
161094
161095
161099
161153
161161
161215
161223
161277
161285
161339
161340
161341
161342
161343
161344
161345
161347
161401
161402
161403
161404
161405
161406
161407
161409
161463
161464
161465
161466
161467
161468
161469
161471
161525
161526
161527
161528
161529
161530
161531
161533
161587
161588
161589
161590
161591
161592
161593
161595
161649
161650
161651
161652
161653
161654
161655
161657
161711
161712
161713
161714
161715
161716
161717
161719
161773
161774
161775
161776
161777
161778
161779
161781
161835
161836
161837
161838
161839
161840
161841
161843
161897
161898
161899
161900
161901
161902
161903
161905
161959
161960
161961
161962
161963
161964
161965
161967
162021
162022
162023
162024
162025
162026
162027
162029
162083
162084
162085
162086
162087
162088
162089
162091
162145
162153
162207
162215
162269
162277
162331
162332
162339
163137
163144
163145
163199
163207
163261
163269
163323
163324
163325
163326
163327
163328
163329
163331
163385
163386
163387
163388
163389
163390
163391
163393
163447
163448
163449
163450
163451
163452
163453
163455
163509
163510
163511
163512
163513
163514
163515
163517
163571
163572
163573
163574
163575
163576
163577
163579
163633
163634
163635
163636
163637
163638
163639
163641
163695
163696
163697
163698
163699
163700
163701
163703
163757
163758
163759
163760
163761
163762
163763
163765
163819
163820
163821
163822
163823
163824
163825
163827
163881
163882
163883
163884
163885
163886
163887
163889
163943
163944
163945
163946
163947
163948
163949
163951
164005
164013
164067
164075
164129
164137
164191
164199
164253
164261
164315
164323
164377
164385
164439
164447
164501
164509
164563
164571
164625
164626
164627
164628
164629
164633
164687
164688
164689
164690
164691
164695
164749
164750
164751
164752
164753
164757
164811
164812
164813
164814
164815
164819
164873
164874
164875
164876
164877
164881
164935
164936
164937
164938
164939
164943
164997
164998
164999
165000
165001
165005
165059
165060
165061
165062
165063
165067
165121
165122
165123
165124
165125
165129
165183
165184
165185
165186
165187
165191
165245
165246
165247
165248
165249
165253
165307
165308
165309
165310
165311
165315
165369
165370
165371
165372
165373
165377
165431
165432
165433
165434
165435
165439
165493
165494
165495
165496
165497
165501
165555
165556
165557
165558
165559
165563
165617
165618
165619
165620
165621
165625
165679
165687
165741
165749
165803
165811
165865
165866
165867
165868
165869
165870
165871
165873
165927
165928
165929
165930
165931
165932
165933
165935
165989
165990
165991
165992
165993
165994
165995
165997
166051
166052
166053
166054
166055
166056
166057
166059
166113
166114
166115
166116
166117
166118
166119
166121
166175
166176
166177
166178
166179
166180
166181
166183
166237
166238
166239
166240
166241
166242
166243
166245
166299
166300
166301
166302
166303
166304
166305
166307
166361
166362
166363
166364
166365
166366
166367
166369
166423
166424
166425
166426
166427
166428
166429
166431
166485
166486
166487
166488
166489
166490
166491
166493
166547
166548
166549
166550
166551
166552
166553
166555
166609
166610
166611
166612
166613
166614
166615
166617
166671
166679
166733
166741
166795
166803
166857
166858
166865
167663
167670
167671
167725
167733
167787
167795
167849
167850
167851
167852
167853
167854
167855
167857
167911
167912
167913
167914
167915
167916
167917
167919
167973
167974
167975
167976
167977
167978
167979
167981
168035
168036
168037
168038
168039
168040
168041
168043
168097
168098
168099
168100
168101
168102
168103
168105
168159
168160
168161
168162
168163
168164
168165
168167
168221
168222
168223
168224
168225
168226
168227
168229
168283
168284
168285
168286
168287
168288
168289
168291
168345
168346
168347
168348
168349
168350
168351
168353
168407
168408
168409
168410
168411
168412
168413
168415
168469
168470
168471
168472
168473
168474
168475
168477
168531
168539
168593
168601
168655
168663
168717
168725
168779
168787
168841
168849
168903
168911
168965
168973
169027
169035
169089
169097
169151
169152
169153
169154
169155
169159
169213
169214
169215
169216
169217
169221
169275
169276
169277
169278
169279
169283
169337
169338
169339
169340
169341
169345
169399
169400
169401
169402
169403
169407
169461
169462
169463
169464
169465
169469
169523
169524
169525
169526
169527
169531
169585
169586
169587
169588
169589
169593
169647
169648
169649
169650
169651
169655
169709
169710
169711
169712
169713
169717
169771
169772
169773
169774
169775
169779
169833
169834
169835
169836
169837
169841
169895
169896
169897
169898
169899
169903
169957
169958
169959
169960
169961
169965
170019
170020
170021
170022
170023
170027
170081
170082
170083
170084
170085
170089
170143
170144
170145
170146
170147
170151
170205
170213
170267
170275
170329
170337
170391
170392
170393
170394
170395
170396
170397
170399
170453
170454
170455
170456
170457
170458
170459
170461
170515
170516
170517
170518
170519
170520
170521
170523
170577
170578
170579
170580
170581
170582
170583
170585
170639
170640
170641
170642
170643
170644
170645
170647
170701
170702
170703
170704
170705
170706
170707
170709
170763
170764
170765
170766
170767
170768
170769
170771
170825
170826
170827
170828
170829
170830
170831
170833
170887
170888
170889
170890
170891
170892
170893
170895
170949
170950
170951
170952
170953
170954
170955
170957
171011
171012
171013
171014
171015
171016
171017
171019
171073
171074
171075
171076
171077
171078
171079
171081
171135
171136
171137
171138
171139
171140
171141
171143
171197
171205
171259
171267
171321
171329
171383
171384
171391
172189
172196
172197
172251
172259
172313
172321
172375
172376
172377
172378
172379
172380
172381
172383
172437
172438
172439
172440
172441
172442
172443
172445
172499
172500
172501
172502
172503
172504
172505
172507
172561
172562
172563
172564
172565
172566
172567
172569
172623
172624
172625
172626
172627
172628
172629
172631
172685
172686
172687
172688
172689
172690
172691
172693
172747
172748
172749
172750
172751
172752
172753
172755
172809
172810
172811
172812
172813
172814
172815
172817
172871
172872
172873
172874
172875
172876
172877
172879
172933
172934
172935
172936
172937
172938
172939
172941
172995
172996
172997
172998
172999
173000
173001
173003
173057
173065
173119
173127
173181
173189
173243
173251
173305
173313
173367
173375
173429
173437
173491
173499
173553
173561
173615
173623
173677
173678
173679
173680
173681
173685
173739
173740
173741
173742
173743
173747
173801
173802
173803
173804
173805
173809
173863
173864
173865
173866
173867
173871
173925
173926
173927
173928
173929
173933
173987
173988
173989
173990
173991
173995
174049
174050
174051
174052
174053
174057
174111
174112
174113
174114
174115
174119
174173
174174
174175
174176
174177
174181
174235
174236
174237
174238
174239
174243
174297
174298
174299
174300
174301
174305
174359
174360
174361
174362
174363
174367
174421
174422
174423
174424
174425
174429
174483
174484
174485
174486
174487
174491
174545
174546
174547
174548
174549
174553
174607
174608
174609
174610
174611
174615
174669
174670
174671
174672
174673
174677
174731
174739
174793
174801
174855
174863
174917
174918
174919
174920
174921
174922
174923
174925
174979
174980
174981
174982
174983
174984
174985
174987
175041
175042
175043
175044
175045
175046
175047
175049
175103
175104
175105
175106
175107
175108
175109
175111
175165
175166
175167
175168
175169
175170
175171
175173
175227
175228
175229
175230
175231
175232
175233
175235
175289
175290
175291
175292
175293
175294
175295
175297
175351
175352
175353
175354
175355
175356
175357
175359
175413
175414
175415
175416
175417
175418
175419
175421
175475
175476
175477
175478
175479
175480
175481
175483
175537
175538
175539
175540
175541
175542
175543
175545
175599
175600
175601
175602
175603
175604
175605
175607
175661
175662
175663
175664
175665
175666
175667
175669
175723
175731
175785
175793
175847
175855
175909
175910
175917
176715
176722
176723
176777
176785
176839
176847
176901
176902
176903
176904
176905
176906
176907
176909
176963
176964
176965
176966
176967
176968
176969
176971
177025
177026
177027
177028
177029
177030
177031
177033
177087
177088
177089
177090
177091
177092
177093
177095
177149
177150
177151
177152
177153
177154
177155
177157
177211
177212
177213
177214
177215
177216
177217
177219
177273
177274
177275
177276
177277
177278
177279
177281
177335
177336
177337
177338
177339
177340
177341
177343
177397
177398
177399
177400
177401
177402
177403
177405
177459
177460
177461
177462
177463
177464
177465
177467
177521
177522
177523
177524
177525
177526
177527
177529
177583
177591
177645
177653
177707
177715
177769
177777
177831
177839
177893
177901
177955
177963
178017
178025
178079
178087
178141
178149
178203
178204
178205
178206
178207
178211
178265
178266
178267
178268
178269
178273
178327
178328
178329
178330
178331
178335
178389
178390
178391
178392
178393
178397
178451
178452
178453
178454
178455
178459
178513
178514
178515
178516
178517
178521
178575
178576
178577
178578
178579
178583
178637
178638
178639
178640
178641
178645
178699
178700
178701
178702
178703
178707
178761
178762
178763
178764
178765
178769
178823
178824
178825
178826
178827
178831
178885
178886
178887
178888
178889
178893
178947
178948
178949
178950
178951
178955
179009
179010
179011
179012
179013
179017
179071
179072
179073
179074
179075
179079
179133
179134
179135
179136
179137
179141
179195
179196
179197
179198
179199
179203
179257
179265
179319
179327
179381
179389
179443
179451
179505
179513
179567
179575
179629
179637
179691
179699
179753
179761
179815
179823
179877
179885
179939
179947
180001
180009
180063
180071
180125
180133
180187
180195
180249
180257
180311
180319
180373
180381
180435
180436
180443
181241
181248
181249
181303
181311
181365
181373
181427
181428
181429
181430
181431
181432
181433
181435
181489
181490
181491
181492
181493
181494
181495
181497
181551
181552
181553
181554
181555
181556
181557
181559
181613
181614
181615
181616
181617
181618
181619
181621
181675
181676
181677
181678
181679
181680
181681
181683
181737
181738
181739
181740
181741
181742
181743
181745
181799
181800
181801
181802
181803
181804
181805
181807
181861
181862
181863
181864
181865
181866
181867
181869
181923
181924
181925
181926
181927
181928
181929
181931
181985
181986
181987
181988
181989
181990
181991
181993
182047
182048
182049
182050
182051
182052
182053
182055
182109
182117
182171
182179
182233
182241
182295
182303
182357
182365
182419
182427
182481
182489
182543
182551
182605
182613
182667
182675
182729
182730
182731
182732
182733
182737
182791
182792
182793
182794
182795
182799
182853
182854
182855
182856
182857
182861
182915
182916
182917
182918
182919
182923
182977
182978
182979
182980
182981
182985
183039
183040
183041
183042
183043
183047
183101
183102
183103
183104
183105
183109
183163
183164
183165
183166
183167
183171
183225
183226
183227
183228
183229
183233
183287
183288
183289
183290
183291
183295
183349
183350
183351
183352
183353
183357
183411
183412
183413
183414
183415
183419
183473
183474
183475
183476
183477
183481
183535
183536
183537
183538
183539
183543
183597
183598
183599
183600
183601
183605
183659
183660
183661
183662
183663
183667
183721
183722
183723
183724
183725
183729
183783
183791
183845
183853
183907
183915
183969
183972
183973
183974
183977
184031
184034
184035
184036
184039
184093
184096
184097
184098
184101
184155
184158
184159
184160
184163
184217
184220
184221
184222
184225
184279
184282
184283
184284
184287
184341
184344
184345
184346
184349
184403
184406
184407
184408
184411
184465
184468
184469
184470
184473
184527
184530
184531
184532
184535
184589
184592
184593
184594
184597
184651
184654
184655
184656
184659
184713
184721
184775
184783
184837
184845
184899
184907
184961
184962
184969
185767
185774
185775
185829
185837
185891
185899
185953
185954
185955
185956
185957
185958
185959
185961
186015
186016
186017
186018
186019
186020
186021
186023
186077
186078
186079
186080
186081
186082
186083
186085
186139
186140
186141
186142
186143
186144
186145
186147
186201
186202
186203
186204
186205
186206
186207
186209
186263
186264
186265
186266
186267
186268
186269
186271
186325
186326
186327
186328
186329
186330
186331
186333
186387
186388
186389
186390
186391
186392
186393
186395
186449
186450
186451
186452
186453
186454
186455
186457
186511
186512
186513
186514
186515
186516
186517
186519
186573
186574
186575
186576
186577
186578
186579
186581
186635
186643
186697
186705
186759
186767
186821
186829
186883
186891
186945
186953
187007
187015
187069
187077
187131
187139
187193
187201
187255
187256
187257
187258
187259
187263
187317
187318
187319
187320
187321
187325
187379
187380
187381
187382
187383
187387
187441
187442
187443
187444
187445
187449
187503
187504
187505
187506
187507
187511
187565
187566
187567
187568
187569
187573
187627
187628
187629
187630
187631
187635
187689
187690
187691
187692
187693
187697
187751
187752
187753
187754
187755
187759
187813
187814
187815
187816
187817
187821
187875
187876
187877
187878
187879
187883
187937
187938
187939
187940
187941
187945
187999
188000
188001
188002
188003
188007
188061
188062
188063
188064
188065
188069
188123
188124
188125
188126
188127
188131
188185
188186
188187
188188
188189
188193
188247
188248
188249
188250
188251
188255
188309
188317
188371
188379
188433
188441
188495
188498
188499
188500
188503
188557
188560
188561
188562
188565
188619
188622
188623
188624
188627
188681
188684
188685
188686
188689
188743
188746
188747
188748
188751
188805
188808
188809
188810
188813
188867
188870
188871
188872
188875
188929
188932
188933
188934
188937
188991
188994
188995
188996
188999
189053
189056
189057
189058
189061
189115
189118
189119
189120
189123
189177
189180
189181
189182
189185
189239
189247
189301
189309
189363
189371
189425
189433
189487
189488
189495
190293
190300
190301
190355
190363
190417
190425
190479
190480
190481
190482
190483
190484
190485
190487
190541
190542
190543
190544
190545
190546
190547
190549
190603
190604
190605
190606
190607
190608
190609
190611
190665
190666
190667
190668
190669
190670
190671
190673
190727
190728
190729
190730
190731
190732
190733
190735
190789
190790
190791
190792
190793
190794
190795
190797
190851
190852
190853
190854
190855
190856
190857
190859
190913
190914
190915
190916
190917
190918
190919
190921
190975
190976
190977
190978
190979
190980
190981
190983
191037
191038
191039
191040
191041
191042
191043
191045
191099
191100
191101
191102
191103
191104
191105
191107
191161
191169
191223
191231
191285
191293
191347
191355
191409
191417
191471
191479
191533
191541
191595
191603
191657
191665
191719
191727
191781
191782
191783
191784
191785
191789
191843
191844
191845
191846
191847
191851
191905
191906
191907
191908
191909
191913
191967
191968
191969
191970
191971
191975
192029
192030
192031
192032
192033
192037
192091
192092
192093
192094
192095
192099
192153
192154
192155
192156
192157
192161
192215
192216
192217
192218
192219
192223
192277
192278
192279
192280
192281
192285
192339
192340
192341
192342
192343
192347
192401
192402
192403
192404
192405
192409
192463
192464
192465
192466
192467
192471
192525
192526
192527
192528
192529
192533
192587
192588
192589
192590
192591
192595
192649
192650
192651
192652
192653
192657
192711
192712
192713
192714
192715
192719
192773
192774
192775
192776
192777
192781
192835
192843
192897
192905
192959
192967
193021
193024
193025
193026
193029
193083
193086
193087
193088
193091
193145
193148
193149
193150
193153
193207
193210
193211
193212
193215
193269
193272
193273
193274
193277
193331
193334
193335
193336
193339
193393
193396
193397
193398
193401
193455
193458
193459
193460
193463
193517
193520
193521
193522
193525
193579
193582
193583
193584
193587
193641
193644
193645
193646
193649
193703
193706
193707
193708
193711
193765
193773
193827
193835
193889
193897
193951
193959
194013
194014
194021
194819
194826
194827
194881
194889
194943
194951
195005
195006
195007
195008
195009
195010
195011
195013
195067
195068
195069
195070
195071
195072
195073
195075
195129
195130
195131
195132
195133
195134
195135
195137
195191
195192
195193
195194
195195
195196
195197
195199
195253
195254
195255
195256
195257
195258
195259
195261
195315
195316
195317
195318
195319
195320
195321
195323
195377
195378
195379
195380
195381
195382
195383
195385
195439
195440
195441
195442
195443
195444
195445
195447
195501
195502
195503
195504
195505
195506
195507
195509
195563
195564
195565
195566
195567
195568
195569
195571
195625
195626
195627
195628
195629
195630
195631
195633
195687
195695
195749
195757
195811
195819
195873
195881
195935
195943
195997
196005
196059
196067
196121
196129
196183
196191
196245
196253
196307
196308
196309
196310
196311
196315
196369
196370
196371
196372
196373
196377
196431
196432
196433
196434
196435
196439
196493
196494
196495
196496
196497
196501
196555
196556
196557
196558
196559
196563
196617
196618
196619
196620
196621
196625
196679
196680
196681
196682
196683
196687
196741
196742
196743
196744
196745
196749
196803
196804
196805
196806
196807
196811
196865
196866
196867
196868
196869
196873
196927
196928
196929
196930
196931
196935
196989
196990
196991
196992
196993
196997
197051
197052
197053
197054
197055
197059
197113
197114
197115
197116
197117
197121
197175
197176
197177
197178
197179
197183
197237
197238
197239
197240
197241
197245
197299
197300
197301
197302
197303
197307
197361
197369
197423
197431
197485
197493
197547
197550
197551
197552
197555
197609
197612
197613
197614
197617
197671
197674
197675
197676
197679
197733
197736
197737
197738
197741
197795
197798
197799
197800
197803
197857
197860
197861
197862
197865
197919
197922
197923
197924
197927
197981
197984
197985
197986
197989
198043
198046
198047
198048
198051
198105
198108
198109
198110
198113
198167
198170
198171
198172
198175
198229
198232
198233
198234
198237
198291
198299
198353
198361
198415
198423
198477
198485
198539
198540
198547
199345
199352
199353
199407
199415
199469
199477
199531
199532
199533
199534
199535
199536
199537
199539
199593
199594
199595
199596
199597
199598
199599
199601
199655
199656
199657
199658
199659
199660
199661
199663
199717
199718
199719
199720
199721
199722
199723
199725
199779
199780
199781
199782
199783
199784
199785
199787
199841
199842
199843
199844
199845
199846
199847
199849
199903
199904
199905
199906
199907
199908
199909
199911
199965
199966
199967
199968
199969
199970
199971
199973
200027
200028
200029
200030
200031
200032
200033
200035
200089
200090
200091
200092
200093
200094
200095
200097
200151
200152
200153
200154
200155
200156
200157
200159
200213
200221
200275
200283
200337
200345
200399
200407
200461
200469
200523
200531
200585
200593
200647
200655
200709
200717
200771
200779
200833
200834
200835
200836
200837
200841
200895
200896
200897
200898
200899
200903
200957
200958
200959
200960
200961
200965
201019
201020
201021
201022
201023
201027
201081
201082
201083
201084
201085
201089
201143
201144
201145
201146
201147
201151
201205
201206
201207
201208
201209
201213
201267
201268
201269
201270
201271
201275
201329
201330
201331
201332
201333
201337
201391
201392
201393
201394
201395
201399
201453
201454
201455
201456
201457
201461
201515
201516
201517
201518
201519
201523
201577
201578
201579
201580
201581
201585
201639
201640
201641
201642
201643
201647
201701
201702
201703
201704
201705
201709
201763
201764
201765
201766
201767
201771
201825
201826
201827
201828
201829
201833
201887
201895
201949
201957
202011
202019
202073
202076
202077
202078
202081
202135
202138
202139
202140
202143
202197
202200
202201
202202
202205
202259
202262
202263
202264
202267
202321
202324
202325
202326
202329
202383
202386
202387
202388
202391
202445
202448
202449
202450
202453
202507
202510
202511
202512
202515
202569
202572
202573
202574
202577
202631
202634
202635
202636
202639
202693
202696
202697
202698
202701
202755
202758
202759
202760
202763
202817
202825
202879
202887
202941
202949
203003
203011
203065
203066
203073
203871
203878
203879
203933
203941
203995
204003
204057
204058
204059
204060
204061
204062
204063
204065
204119
204120
204121
204122
204123
204124
204125
204127
204181
204182
204183
204184
204185
204186
204187
204189
204243
204244
204245
204246
204247
204248
204249
204251
204305
204306
204307
204308
204309
204310
204311
204313
204367
204368
204369
204370
204371
204372
204373
204375
204429
204430
204431
204432
204433
204434
204435
204437
204491
204492
204493
204494
204495
204496
204497
204499
204553
204554
204555
204556
204557
204558
204559
204561
204615
204616
204617
204618
204619
204620
204621
204623
204677
204678
204679
204680
204681
204682
204683
204685
204739
204747
204801
204809
204863
204871
204925
204933
204987
204995
205049
205057
205111
205119
205173
205181
205235
205243
205297
205305
205359
205360
205361
205362
205363
205367
205421
205422
205423
205424
205425
205429
205483
205484
205485
205486
205487
205491
205545
205546
205547
205548
205549
205553
205607
205608
205609
205610
205611
205615
205669
205670
205671
205672
205673
205677
205731
205732
205733
205734
205735
205739
205793
205794
205795
205796
205797
205801
205855
205856
205857
205858
205859
205863
205917
205918
205919
205920
205921
205925
205979
205980
205981
205982
205983
205987
206041
206042
206043
206044
206045
206049
206103
206104
206105
206106
206107
206111
206165
206166
206167
206168
206169
206173
206227
206228
206229
206230
206231
206235
206289
206290
206291
206292
206293
206297
206351
206352
206353
206354
206355
206359
206413
206421
206475
206483
206537
206545
206599
206602
206603
206604
206607
206661
206664
206665
206666
206669
206723
206726
206727
206728
206731
206785
206788
206789
206790
206793
206847
206850
206851
206852
206855
206909
206912
206913
206914
206917
206971
206974
206975
206976
206979
207033
207036
207037
207038
207041
207095
207098
207099
207100
207103
207157
207160
207161
207162
207165
207219
207222
207223
207224
207227
207281
207284
207285
207286
207289
207343
207351
207405
207413
207467
207475
207529
207537
207591
207592
207599
208397
208404
208405
208459
208467
208521
208529
208583
208584
208585
208586
208587
208588
208589
208591
208645
208646
208647
208648
208649
208650
208651
208653
208707
208708
208709
208710
208711
208712
208713
208715
208769
208770
208771
208772
208773
208774
208775
208777
208831
208832
208833
208834
208835
208836
208837
208839
208893
208894
208895
208896
208897
208898
208899
208901
208955
208956
208957
208958
208959
208960
208961
208963
209017
209018
209019
209020
209021
209022
209023
209025
209079
209080
209081
209082
209083
209084
209085
209087
209141
209142
209143
209144
209145
209146
209147
209149
209203
209204
209205
209206
209207
209208
209209
209211
209265
209273
209327
209335
209389
209397
209451
209459
209513
209521
209575
209583
209637
209645
209699
209707
209761
209769
209823
209831
209885
209886
209887
209888
209889
209893
209947
209948
209949
209950
209951
209955
210009
210010
210011
210012
210013
210017
210071
210072
210073
210074
210075
210079
210133
210134
210135
210136
210137
210141
210195
210196
210197
210198
210199
210203
210257
210258
210259
210260
210261
210265
210319
210320
210321
210322
210323
210327
210381
210382
210383
210384
210385
210389
210443
210444
210445
210446
210447
210451
210505
210506
210507
210508
210509
210513
210567
210568
210569
210570
210571
210575
210629
210630
210631
210632
210633
210637
210691
210692
210693
210694
210695
210699
210753
210754
210755
210756
210757
210761
210815
210816
210817
210818
210819
210823
210877
210878
210879
210880
210881
210885
210939
210947
211001
211009
211063
211071
211125
211128
211129
211130
211133
211187
211190
211191
211192
211195
211249
211252
211253
211254
211257
211311
211314
211315
211316
211319
211373
211376
211377
211378
211381
211435
211438
211439
211440
211443
211497
211500
211501
211502
211505
211559
211562
211563
211564
211567
211621
211624
211625
211626
211629
211683
211686
211687
211688
211691
211745
211748
211749
211750
211753
211807
211810
211811
211812
211815
211869
211877
211931
211939
211993
212001
212055
212063
212117
212118
212125
212923
212930
212931
212985
212993
213047
213055
213109
213110
213111
213112
213113
213114
213115
213117
213171
213172
213173
213174
213175
213176
213177
213179
213233
213234
213235
213236
213237
213238
213239
213241
213295
213296
213297
213298
213299
213300
213301
213303
213357
213358
213359
213360
213361
213362
213363
213365
213419
213420
213421
213422
213423
213424
213425
213427
213481
213482
213483
213484
213485
213486
213487
213489
213543
213544
213545
213546
213547
213548
213549
213551
213605
213606
213607
213608
213609
213610
213611
213613
213667
213668
213669
213670
213671
213672
213673
213675
213729
213730
213731
213732
213733
213734
213735
213737
213791
213799
213853
213861
213915
213923
213977
213985
214039
214047
214101
214109
214163
214171
214225
214233
214287
214295
214349
214357
214411
214412
214413
214414
214415
214419
214473
214474
214475
214476
214477
214481
214535
214536
214537
214538
214539
214543
214597
214598
214599
214600
214601
214605
214659
214660
214661
214662
214663
214667
214721
214722
214723
214724
214725
214729
214783
214784
214785
214786
214787
214791
214845
214846
214847
214848
214849
214853
214907
214908
214909
214910
214911
214915
214969
214970
214971
214972
214973
214977
215031
215032
215033
215034
215035
215039
215093
215094
215095
215096
215097
215101
215155
215156
215157
215158
215159
215163
215217
215218
215219
215220
215221
215225
215279
215280
215281
215282
215283
215287
215341
215342
215343
215344
215345
215349
215403
215404
215405
215406
215407
215411
215465
215473
215527
215535
215589
215597
215651
215654
215655
215656
215659
215713
215716
215717
215718
215721
215775
215778
215779
215780
215783
215837
215840
215841
215842
215845
215899
215902
215903
215904
215907
215961
215964
215965
215966
215969
216023
216026
216027
216028
216031
216085
216088
216089
216090
216093
216147
216150
216151
216152
216155
216209
216212
216213
216214
216217
216271
216274
216275
216276
216279
216333
216336
216337
216338
216341
216395
216403
216457
216465
216519
216527
216581
216589
216643
216644
216651
217449
217456
217457
217511
217519
217573
217581
217635
217636
217637
217638
217639
217640
217641
217643
217697
217698
217699
217700
217701
217702
217703
217705
217759
217760
217761
217762
217763
217764
217765
217767
217821
217822
217823
217824
217825
217826
217827
217829
217883
217884
217885
217886
217887
217888
217889
217891
217945
217946
217947
217948
217949
217950
217951
217953
218007
218008
218009
218010
218011
218012
218013
218015
218069
218070
218071
218072
218073
218074
218075
218077
218131
218132
218133
218134
218135
218136
218137
218139
218193
218194
218195
218196
218197
218198
218199
218201
218255
218256
218257
218258
218259
218260
218261
218263
218317
218325
218379
218387
218441
218449
218503
218511
218565
218573
218627
218635
218689
218697
218751
218759
218813
218821
218875
218883
218937
218945
218999
219007
219061
219069
219123
219131
219185
219193
219247
219255
219309
219317
219371
219379
219433
219441
219495
219503
219557
219565
219619
219627
219681
219689
219743
219751
219805
219813
219867
219875
219929
219937
219991
219999
220053
220061
220115
220123
220177
220180
220181
220182
220185
220239
220242
220243
220244
220247
220301
220304
220305
220306
220309
220363
220366
220367
220368
220371
220425
220428
220429
220430
220433
220487
220490
220491
220492
220495
220549
220552
220553
220554
220557
220611
220614
220615
220616
220619
220673
220676
220677
220678
220681
220735
220738
220739
220740
220743
220797
220800
220801
220802
220805
220859
220862
220863
220864
220867
220921
220929
220983
220991
221045
221053
221107
221115
221169
221170
221177
221975
221982
221983
222037
222045
222099
222107
222161
222162
222163
222164
222165
222166
222167
222169
222223
222224
222225
222226
222227
222228
222229
222231
222285
222286
222287
222288
222289
222290
222291
222293
222347
222348
222349
222350
222351
222352
222353
222355
222409
222410
222411
222412
222413
222414
222415
222417
222471
222472
222473
222474
222475
222476
222477
222479
222533
222534
222535
222536
222537
222538
222539
222541
222595
222596
222597
222598
222599
222600
222601
222603
222657
222658
222659
222660
222661
222662
222663
222665
222719
222720
222721
222722
222723
222724
222725
222727
222781
222782
222783
222784
222785
222786
222787
222789
222843
222851
222905
222913
222967
222975
223029
223037
223091
223099
223153
223161
223215
223223
223277
223285
223339
223347
223401
223409
223463
223471
223525
223533
223587
223595
223649
223657
223711
223719
223773
223781
223835
223843
223897
223905
223959
223967
224021
224029
224083
224091
224145
224153
224207
224215
224269
224277
224331
224339
224393
224401
224455
224463
224517
224525
224579
224587
224641
224649
224703
224706
224707
224708
224711
224765
224768
224769
224770
224773
224827
224830
224831
224832
224835
224889
224892
224893
224894
224897
224951
224954
224955
224956
224959
225013
225016
225017
225018
225021
225075
225078
225079
225080
225083
225137
225140
225141
225142
225145
225199
225202
225203
225204
225207
225261
225264
225265
225266
225269
225323
225326
225327
225328
225331
225385
225388
225389
225390
225393
225447
225455
225509
225517
225571
225579
225633
225641
225695
225696
225703
226501
226508
226509
226563
226571
226625
226633
226687
226688
226689
226690
226691
226692
226693
226695
226749
226750
226751
226752
226753
226754
226755
226757
226811
226812
226813
226814
226815
226816
226817
226819
226873
226874
226875
226876
226877
226878
226879
226881
226935
226936
226937
226938
226939
226940
226941
226943
226997
226998
226999
227000
227001
227002
227003
227005
227059
227060
227061
227062
227063
227064
227065
227067
227121
227122
227123
227124
227125
227126
227127
227129
227183
227184
227185
227186
227187
227188
227189
227191
227245
227246
227247
227248
227249
227250
227251
227253
227307
227308
227309
227310
227311
227312
227313
227315
227369
227377
227431
227439
227493
227501
227555
227563
227617
227625
227679
227687
227741
227749
227803
227811
227865
227873
227927
227935
227989
227997
228051
228059
228113
228121
228175
228183
228237
228245
228299
228307
228361
228369
228423
228431
228485
228493
228547
228555
228609
228617
228671
228679
228733
228741
228795
228803
228857
228865
228919
228927
228981
228989
229043
229051
229105
229113
229167
229175
229229
229232
229233
229234
229237
229291
229294
229295
229296
229299
229353
229356
229357
229358
229361
229415
229418
229419
229420
229423
229477
229480
229481
229482
229485
229539
229542
229543
229544
229547
229601
229604
229605
229606
229609
229663
229666
229667
229668
229671
229725
229728
229729
229730
229733
229787
229790
229791
229792
229795
229849
229852
229853
229854
229857
229911
229914
229915
229916
229919
229973
229981
230035
230043
230097
230105
230159
230167
230221
230222
230229
231027
231034
231035
231089
231097
231151
231159
231213
231214
231215
231216
231217
231218
231219
231221
231275
231276
231277
231278
231279
231280
231281
231283
231337
231338
231339
231340
231341
231342
231343
231345
231399
231400
231401
231402
231403
231404
231405
231407
231461
231462
231463
231464
231465
231466
231467
231469
231523
231524
231525
231526
231527
231528
231529
231531
231585
231586
231587
231588
231589
231590
231591
231593
231647
231648
231649
231650
231651
231652
231653
231655
231709
231710
231711
231712
231713
231714
231715
231717
231771
231772
231773
231774
231775
231776
231777
231779
231833
231834
231835
231836
231837
231838
231839
231841
231895
231903
231957
231965
232019
232027
232081
232089
232143
232151
232205
232213
232267
232275
232329
232337
232391
232399
232453
232461
232515
232523
232577
232585
232639
232647
232701
232709
232763
232771
232825
232833
232887
232895
232949
232957
233011
233019
233073
233081
233135
233143
233197
233205
233259
233267
233321
233329
233383
233391
233445
233453
233507
233515
233569
233577
233631
233639
233693
233701
233755
233758
233759
233760
233763
233817
233820
233821
233822
233825
233879
233882
233883
233884
233887
233941
233944
233945
233946
233949
234003
234006
234007
234008
234011
234065
234068
234069
234070
234073
234127
234130
234131
234132
234135
234189
234192
234193
234194
234197
234251
234254
234255
234256
234259
234313
234316
234317
234318
234321
234375
234378
234379
234380
234383
234437
234440
234441
234442
234445
234499
234507
234561
234569
234623
234631
234685
234693
234747
234748
234755
235553
235560
235561
235615
235623
235677
235685
235739
235747
235801
235809
235863
235871
235925
235933
235987
235995
236049
236057
236111
236119
236173
236181
236235
236243
236297
236305
236359
236367
236421
236429
236483
236491
236545
236553
236607
236615
236669
236677
236731
236739
236793
236801
236855
236863
236917
236925
236979
236987
237041
237049
237103
237111
237165
237173
237227
237235
237289
237297
237351
237359
237413
237421
237475
237483
237537
237545
237599
237607
237661
237669
237723
237731
237785
237793
237847
237855
237909
237917
237971
237979
238033
238041
238095
238103
238157
238165
238219
238227
238281
238289
238343
238351
238405
238413
238467
238475
238529
238537
238591
238599
238653
238661
238715
238723
238777
238785
238839
238847
238901
238909
238963
238971
239025
239033
239087
239095
239149
239157
239211
239219
239273
239274
239281
240079
240086
240087
240141
240149
240203
240211
240265
240273
240327
240335
240389
240397
240451
240459
240513
240521
240575
240583
240637
240645
240699
240707
240761
240769
240823
240831
240885
240893
240947
240955
241009
241017
241071
241079
241133
241141
241195
241203
241257
241265
241319
241327
241381
241389
241443
241451
241505
241513
241567
241575
241629
241637
241691
241699
241753
241761
241815
241823
241877
241885
241939
241947
242001
242009
242063
242071
242125
242133
242187
242195
242249
242257
242311
242319
242373
242381
242435
242443
242497
242505
242559
242567
242621
242629
242683
242691
242745
242753
242807
242815
242869
242877
242931
242939
242993
243001
243055
243063
243117
243125
243179
243187
243241
243249
243303
243311
243365
243373
243427
243435
243489
243497
243551
243559
243613
243621
243675
243683
243737
243745
243799
243800
243807
244605
244612
244613
244667
244675
244729
244737
244791
244799
244853
244861
244915
244923
244977
244985
245039
245047
245101
245109
245163
245171
245225
245233
245287
245295
245349
245357
245411
245419
245473
245481
245535
245543
245597
245605
245659
245667
245721
245729
245783
245791
245845
245853
245907
245915
245969
245977
246031
246039
246093
246101
246155
246163
246217
246225
246279
246287
246341
246349
246403
246411
246465
246473
246527
246535
246589
246597
246651
246659
246713
246721
246775
246783
246837
246845
246899
246907
246961
246969
247023
247031
247085
247093
247147
247155
247209
247217
247271
247279
247333
247341
247395
247403
247457
247465
247519
247527
247581
247589
247643
247651
247705
247713
247767
247775
247829
247837
247891
247899
247953
247961
248015
248023
248077
248085
248139
248147
248201
248209
248263
248271
248325
248326
248333
249131
249132
249133
249134
249135
249136
249137
249138
249139
249193
249201
249255
249263
249317
249325
249379
249387
249441
249449
249503
249511
249565
249573
249627
249635
249689
249697
249751
249759
249813
249821
249875
249883
249937
249945
249999
250007
250061
250069
250123
250131
250185
250193
250247
250255
250309
250317
250371
250379
250433
250441
250495
250503
250557
250565
250619
250627
250681
250689
250743
250751
250805
250813
250867
250875
250929
250937
250991
250999
251053
251061
251115
251123
251177
251185
251239
251247
251301
251309
251363
251371
251425
251433
251487
251495
251549
251557
251611
251619
251673
251681
251735
251743
251797
251805
251859
251867
251921
251929
251983
251991
252045
252053
252107
252115
252169
252177
252231
252239
252293
252301
252355
252363
252417
252425
252479
252487
252541
252549
252603
252611
252665
252673
252727
252735
252789
252797
252851
252852
252859
253657
253658
253659
253660
253661
253662
253663
253664
253665
253719
253727
253781
253789
253843
253851
253905
253913
253967
253975
254029
254037
254091
254099
254153
254161
254215
254223
254277
254285
254339
254347
254401
254409
254463
254471
254525
254533
254587
254595
254649
254657
254711
254719
254773
254781
254835
254843
254897
254905
254959
254967
255021
255029
255083
255091
255145
255153
255207
255215
255269
255277
255331
255339
255393
255401
255455
255463
255517
255525
255579
255587
255641
255649
255703
255711
255765
255773
255827
255835
255889
255897
255951
255959
256013
256021
256075
256083
256137
256145
256199
256207
256261
256269
256323
256331
256385
256393
256447
256455
256509
256517
256571
256579
256633
256641
256695
256703
256757
256765
256819
256827
256881
256889
256943
256951
257005
257013
257067
257075
257129
257137
257191
257199
257253
257261
257315
257323
257377
257378
257385
258183
258184
258185
258186
258187
258188
258189
258190
258191
258245
258253
258307
258315
258369
258377
258431
258439
258493
258501
258555
258563
258617
258625
258679
258687
258741
258749
258803
258811
258865
258873
258927
258935
258989
258997
259051
259059
259113
259121
259175
259183
259237
259245
259299
259307
259361
259369
259423
259431
259485
259493
259547
259555
259609
259617
259671
259679
259733
259741
259795
259803
259857
259865
259919
259927
259981
259989
260043
260051
260105
260113
260167
260175
260229
260237
260291
260299
260353
260361
260415
260423
260477
260485
260539
260547
260601
260609
260663
260671
260725
260733
260787
260795
260849
260857
260911
260919
260973
260981
261035
261043
261097
261105
261159
261167
261221
261229
261283
261291
261345
261353
261407
261415
261469
261477
261531
261539
261593
261601
261655
261663
261717
261725
261779
261787
261841
261849
261903
261904
261905
261906
261907
261908
261909
261910
261911
262709
262710
262711
262712
262713
262714
262715
262716
262717
262771
262772
262773
262774
262775
262776
262777
262778
262779
262833
262834
262835
262836
262837
262838
262839
262840
262841
262895
262896
262897
262898
262899
262900
262901
262902
262903
262957
262958
262959
262960
262961
262962
262963
262964
262965
263019
263020
263021
263022
263023
263024
263025
263026
263027
263081
263082
263083
263084
263085
263086
263087
263088
263089
263143
263144
263145
263146
263147
263148
263149
263150
263151
263205
263206
263207
263208
263209
263210
263211
263212
263213
263267
263268
263269
263270
263271
263272
263273
263274
263275
263329
263330
263331
263332
263333
263334
263335
263336
263337
263391
263392
263393
263394
263395
263396
263397
263398
263399
263453
263454
263455
263456
263457
263458
263459
263460
263461
263515
263516
263517
263518
263519
263520
263521
263522
263523
263577
263578
263579
263580
263581
263582
263583
263584
263585
263639
263640
263641
263642
263643
263644
263645
263646
263647
263701
263702
263703
263704
263705
263706
263707
263708
263709
263763
263764
263765
263766
263767
263768
263769
263770
263771
263825
263826
263827
263828
263829
263830
263831
263832
263833
263887
263888
263889
263890
263891
263892
263893
263894
263895
263949
263950
263951
263952
263953
263954
263955
263956
263957
264011
264012
264013
264014
264015
264016
264017
264018
264019
264073
264074
264075
264076
264077
264078
264079
264080
264081
264135
264136
264137
264138
264139
264140
264141
264142
264143
264197
264198
264199
264200
264201
264202
264203
264204
264205
264259
264260
264261
264262
264263
264264
264265
264266
264267
264321
264322
264323
264324
264325
264326
264327
264328
264329
264383
264384
264385
264386
264387
264388
264389
264390
264391
264445
264446
264447
264448
264449
264450
264451
264452
264453
264507
264508
264509
264510
264511
264512
264513
264514
264515
264569
264570
264571
264572
264573
264574
264575
264576
264577
264631
264632
264633
264634
264635
264636
264637
264638
264639
264693
264694
264695
264696
264697
264698
264699
264700
264701
264755
264756
264757
264758
264759
264760
264761
264762
264763
264817
264818
264819
264820
264821
264822
264823
264824
264825
264879
264880
264881
264882
264883
264884
264885
264886
264887
264941
264942
264943
264944
264945
264946
264947
264948
264949
265003
265004
265005
265006
265007
265008
265009
265010
265011
265065
265066
265067
265068
265069
265070
265071
265072
265073
265127
265128
265129
265130
265131
265132
265133
265134
265135
265189
265190
265191
265192
265193
265194
265195
265196
265197
265251
265252
265253
265254
265255
265256
265257
265258
265259
265313
265314
265315
265316
265317
265318
265319
265320
265321
265375
265376
265377
265378
265379
265380
265381
265382
265383
265437
265438
265439
265440
265441
265442
265443
265444
265445
265499
265500
265501
265502
265503
265504
265505
265506
265507
265561
265562
265563
265564
265565
265566
265567
265568
265569
265623
265624
265625
265626
265627
265628
265629
265630
265631
265685
265686
265687
265688
265689
265690
265691
265692
265693
265747
265748
265749
265750
265751
265752
265753
265754
265755
265809
265810
265811
265812
265813
265814
265815
265816
265817
265871
265872
265873
265874
265875
265876
265877
265878
265879
265933
265934
265935
265936
265937
265938
265939
265940
265941
265995
265996
265997
265998
265999
266000
266001
266002
266003
266057
266058
266059
266060
266061
266062
266063
266064
266065
266119
266120
266121
266122
266123
266124
266125
266126
266127
266181
266182
266183
266184
266185
266186
266187
266188
266189
266243
266244
266245
266246
266247
266248
266249
266250
266251
266305
266306
266307
266308
266309
266310
266311
266312
266313
266367
266368
266369
266370
266371
266372
266373
266374
266375
266429
266430
266431
266432
266433
266434
266435
266436
266437
)


// ************************************************************************* //
