/*--------------------------------*- C++ -*----------------------------------*\
| =========                 |                                                 |
| \\      /  F ield         | OpenFOAM: The Open Source CFD Toolbox           |
|  \\    /   O peration     | Version:  2606                                  |
|   \\  /    A nd           | Website:  www.openfoam.com                      |
|    \\/     M anipulation  |                                                 |
\*---------------------------------------------------------------------------*/
FoamFile
{
    version     2.0;
    format      ascii;
    arch        "LSB;label=32;scalar=64";
    class       labelList;
    location    "constant/Dell_PowerEdge_R470_1U_1/polyMesh";
    object      faceRegionAddressing;
}
// * * * * * * * * * * * * * * * * * * * * * * * * * * * * * * * * * * * * * //


56039
(
40930
40931
40932
40933
40934
40935
40936
40937
40938
40939
40940
40941
40942
40943
40944
40945
40946
40947
40948
40949
40950
40951
40952
40953
40955
40956
41115
41116
41117
41118
41119
41121
41122
41124
41125
41127
41128
41130
41131
41133
41134
41136
41137
41140
41141
41300
41301
41302
41303
41304
41306
41307
41309
41310
41312
41313
41315
41316
41318
41319
41321
41322
41325
41326
41485
41486
41487
41488
41489
41491
41492
41494
41495
41497
41498
41500
41501
41503
41504
41506
41507
41510
41511
41670
41671
41672
41673
41674
41676
41677
41679
41680
41682
41683
41685
41686
41688
41689
41691
41692
41695
41696
41855
41856
41857
41858
41859
41861
41862
41864
41865
41867
41868
41870
41871
41873
41874
41876
41877
41880
41881
42040
42041
42042
42043
42044
42046
42047
42049
42050
42052
42053
42055
42056
42058
42059
42061
42062
42065
42066
42225
42226
42227
42228
42229
42231
42232
42234
42235
42237
42238
42240
42241
42243
42244
42246
42247
42250
42251
42410
42411
42412
42413
42414
42416
42417
42419
42420
42422
42423
42425
42426
42428
42429
42431
42432
42435
42436
42595
42596
42597
42598
42599
42601
42602
42604
42605
42607
42608
42610
42611
42613
42614
42616
42617
42620
42621
42780
42781
42782
42783
42784
42786
42787
42789
42790
42792
42793
42795
42796
42798
42799
42801
42802
42805
42806
42965
42966
42967
42968
42969
42971
42972
42974
42975
42977
42978
42980
42981
42983
42984
42986
42987
42990
42991
43150
43151
43152
43153
43154
43156
43157
43159
43160
43162
43163
43165
43166
43168
43169
43171
43172
43175
43176
43335
43336
43337
43338
43339
43341
43342
43344
43345
43347
43348
43350
43351
43353
43354
43356
43357
43360
43361
43520
43521
43522
43523
43524
43526
43527
43529
43530
43532
43533
43535
43536
43538
43539
43541
43542
43545
43546
43705
43706
43707
43708
43709
43711
43712
43714
43715
43717
43718
43720
43721
43723
43724
43726
43727
43730
43731
43890
43891
43892
43893
43894
43896
43897
43899
43900
43902
43903
43905
43906
43908
43909
43911
43912
43915
43916
44075
44076
44077
44078
44079
44081
44082
44084
44085
44087
44088
44090
44091
44093
44094
44096
44097
44100
44101
44260
44261
44262
44263
44264
44266
44267
44269
44270
44272
44273
44275
44276
44278
44279
44281
44282
44285
44286
44445
44446
44447
44448
44449
44451
44452
44454
44455
44457
44458
44460
44461
44463
44464
44466
44467
44470
44471
44630
44631
44632
44633
44634
44636
44637
44639
44640
44642
44643
44645
44646
44648
44649
44651
44652
44655
44656
44815
44816
44817
44818
44819
44821
44822
44824
44825
44827
44828
44830
44831
44833
44834
44836
44837
44840
44841
45000
45001
45002
45003
45004
45006
45007
45009
45010
45012
45013
45015
45016
45018
45019
45021
45022
45025
45026
45185
45186
45187
45188
45189
45191
45192
45194
45195
45197
45198
45200
45201
45203
45204
45206
45207
45210
45211
45370
45371
45372
45373
45374
45376
45377
45379
45380
45382
45383
45385
45386
45388
45389
45391
45392
45395
45396
45555
45556
45557
45558
45559
45561
45562
45564
45565
45567
45568
45570
45571
45573
45574
45576
45577
45580
45581
45740
45741
45742
45743
45744
45746
45747
45749
45750
45752
45753
45755
45756
45758
45759
45761
45762
45765
45766
45925
45926
45927
45928
45929
45931
45932
45934
45935
45937
45938
45940
45941
45943
45944
45946
45947
45950
45951
46110
46111
46112
46113
46114
46116
46117
46119
46120
46122
46123
46125
46126
46128
46129
46131
46132
46135
46136
46295
46296
46297
46298
46299
46301
46302
46304
46305
46307
46308
46310
46311
46313
46314
46316
46317
46320
46321
46480
46481
46482
46483
46484
46486
46487
46489
46490
46492
46493
46495
46496
46498
46499
46501
46502
46505
46506
46665
46666
46667
46668
46669
46671
46672
46674
46675
46677
46678
46680
46681
46683
46684
46686
46687
46690
46691
46850
46851
46852
46853
46854
46856
46857
46859
46860
46862
46863
46865
46866
46868
46869
46871
46872
46875
46876
47035
47036
47037
47038
47039
47041
47042
47044
47045
47047
47048
47050
47051
47053
47054
47056
47057
47060
47061
47220
47221
47222
47223
47224
47226
47227
47229
47230
47232
47233
47235
47236
47238
47239
47241
47242
47245
47246
47405
47406
47407
47408
47409
47411
47412
47414
47415
47417
47418
47420
47421
47423
47424
47426
47427
47430
47431
47590
47591
47592
47593
47594
47596
47597
47599
47600
47602
47603
47605
47606
47608
47609
47611
47612
47615
47616
47775
47776
47777
47778
47779
47781
47782
47784
47785
47787
47788
47790
47791
47793
47794
47796
47797
47800
47801
47960
47961
47962
47963
47964
47966
47967
47969
47970
47972
47973
47975
47976
47978
47979
47981
47982
47985
47986
48145
48146
48147
48148
48149
48151
48152
48154
48155
48157
48158
48160
48161
48163
48164
48166
48167
48170
48171
48330
48331
48332
48333
48334
48336
48337
48339
48340
48342
48343
48345
48346
48348
48349
48351
48352
48355
48356
48515
48516
48517
48518
48519
48521
48522
48524
48525
48527
48528
48530
48531
48533
48534
48536
48537
48540
48541
48700
48701
48702
48703
48704
48706
48707
48709
48710
48712
48713
48715
48716
48718
48719
48721
48722
48725
48726
48885
48886
48887
48888
48889
48891
48892
48894
48895
48897
48898
48900
48901
48903
48904
48906
48907
48910
48911
49070
49071
49072
49073
49074
49076
49077
49079
49080
49082
49083
49085
49086
49088
49089
49091
49092
49095
49096
49255
49256
49257
49258
49259
49261
49262
49264
49265
49267
49268
49270
49271
49273
49274
49276
49277
49280
49281
49440
49441
49442
49443
49444
49446
49447
49449
49450
49452
49453
49455
49456
49458
49459
49461
49462
49465
49466
49625
49626
49627
49628
49629
49631
49632
49634
49635
49637
49638
49640
49641
49643
49644
49646
49647
49650
49651
49810
49811
49812
49813
49814
49816
49817
49819
49820
49822
49823
49825
49826
49828
49829
49831
49832
49835
49836
49995
49996
49997
49998
49999
50001
50002
50004
50005
50007
50008
50010
50011
50013
50014
50016
50017
50020
50021
50180
50181
50182
50183
50184
50186
50187
50189
50190
50192
50193
50195
50196
50198
50199
50201
50202
50205
50206
50365
50366
50367
50368
50369
50371
50372
50374
50375
50377
50378
50380
50381
50383
50384
50386
50387
50390
50391
50550
50551
50552
50553
50554
50556
50557
50559
50560
50562
50563
50565
50566
50568
50569
50571
50572
50575
50576
50735
50736
50737
50738
50739
50741
50742
50744
50745
50747
50748
50750
50751
50753
50754
50756
50757
50760
50761
50920
50921
50922
50923
50924
50926
50927
50929
50930
50932
50933
50935
50936
50938
50939
50941
50942
50945
50946
51105
51106
51107
51108
51109
51111
51112
51114
51115
51117
51118
51120
51121
51123
51124
51126
51127
51130
51131
51290
51291
51292
51293
51294
51296
51297
51299
51300
51302
51303
51305
51306
51308
51309
51311
51312
51315
51316
51475
51476
51477
51478
51479
51481
51482
51484
51485
51487
51488
51490
51491
51493
51494
51496
51497
51500
51501
51660
51661
51662
51663
51664
51666
51667
51669
51670
51672
51673
51675
51676
51678
51679
51681
51682
51685
51686
51845
51846
51847
51848
51849
51851
51852
51854
51855
51857
51858
51860
51861
51863
51864
51866
51867
51870
51871
52030
52032
52033
52035
52036
52038
52039
52041
52042
52044
52045
52047
52048
52050
52051
52053
52056
54373
54374
54375
54376
54378
54379
54381
54382
54384
54385
54387
54388
54390
54391
54393
54394
54396
54398
54399
54559
54560
54583
54584
54744
54745
54768
54769
54929
54930
54953
54954
55114
55115
55138
55139
55299
55300
55323
55324
55484
55485
55508
55509
55669
55670
55693
55694
55854
55855
55878
55879
56039
56040
56063
56064
56224
56225
56248
56249
56409
56410
56433
56434
56594
56595
56618
56619
56779
56780
56803
56804
56964
56965
56988
56989
57149
57150
57173
57174
57334
57335
57358
57359
57519
57520
57543
57544
57704
57705
57728
57729
57889
57890
57913
57914
58074
58075
58098
58099
58259
58260
58283
58284
58444
58445
58468
58469
58629
58630
58653
58654
58814
58815
58838
58839
58999
59000
59023
59024
59184
59185
59208
59209
59369
59370
59393
59394
59554
59555
59578
59579
59739
59740
59763
59764
59924
59925
59948
59949
60109
60110
60133
60134
60294
60295
60318
60319
60479
60480
60503
60504
60664
60665
60688
60689
60849
60850
60873
60874
61034
61035
61058
61059
61219
61220
61243
61244
61404
61405
61428
61429
61589
61590
61613
61614
61774
61775
61798
61799
61959
61960
61983
61984
62144
62145
62168
62169
62329
62330
62353
62354
62514
62515
62538
62539
62699
62700
62723
62724
62884
62885
62908
62909
63069
63070
63093
63094
63254
63255
63278
63279
63439
63440
63463
63464
63624
63625
63648
63649
63809
63810
63833
63834
63994
63995
64018
64019
64179
64180
64203
64204
64364
64365
64388
64389
64549
64550
64573
64574
64734
64735
64758
64759
64919
64920
64943
64944
65104
65105
65128
65129
65289
65290
65313
65314
65473
65475
65476
65478
65479
65481
65482
65484
65485
65487
65488
65490
65491
65493
65494
65496
65499
67816
67817
67818
67819
67821
67822
67824
67825
67827
67828
67830
67831
67833
67834
67836
67837
67839
67841
67842
68002
68003
68026
68027
68187
68188
68211
68212
68372
68373
68396
68397
68557
68558
68581
68582
68742
68743
68766
68767
68927
68928
68951
68952
69112
69113
69136
69137
69297
69298
69321
69322
69482
69483
69506
69507
69667
69668
69691
69692
69852
69853
69876
69877
70037
70038
70061
70062
70222
70223
70246
70247
70407
70408
70431
70432
70592
70593
70616
70617
70777
70778
70801
70802
70962
70963
70986
70987
71147
71148
71171
71172
71332
71333
71356
71357
71517
71518
71541
71542
71702
71703
71726
71727
71887
71888
71911
71912
72072
72073
72096
72097
72257
72258
72281
72282
72442
72443
72466
72467
72627
72628
72651
72652
72812
72813
72836
72837
72997
72998
73021
73022
73182
73183
73206
73207
73367
73368
73391
73392
73552
73553
73576
73577
73737
73738
73761
73762
73922
73923
73946
73947
74107
74108
74131
74132
74292
74293
74316
74317
74477
74478
74501
74502
74662
74663
74686
74687
74847
74848
74871
74872
75032
75033
75056
75057
75217
75218
75241
75242
75402
75403
75426
75427
75587
75588
75611
75612
75772
75773
75796
75797
75957
75958
75981
75982
76142
76143
76166
76167
76327
76328
76351
76352
76512
76513
76536
76537
76697
76698
76721
76722
76882
76883
76906
76907
77067
77068
77091
77092
77252
77253
77276
77277
77437
77438
77461
77462
77622
77623
77646
77647
77807
77808
77831
77832
77992
77993
78016
78017
78177
78178
78201
78202
78362
78363
78386
78387
78547
78548
78571
78572
78732
78733
78756
78757
78916
78918
78919
78921
78922
78925
78928
78931
78934
78937
78942
81259
81260
81261
81262
81265
81268
81271
81274
81277
81280
81282
81284
81285
81445
81446
81469
81470
81630
81631
81654
81655
81815
81816
81839
81840
82000
82001
82024
82025
82185
82186
82209
82210
82370
82371
82394
82395
82555
82556
82579
82580
82740
82741
82764
82765
82925
82926
82949
82950
83110
83111
83134
83135
83295
83296
83319
83320
83480
83481
83504
83505
83665
83666
83689
83690
83850
83851
83874
83875
84035
84036
84059
84060
84220
84221
84244
84245
84405
84406
84429
84430
84590
84591
84614
84615
84775
84776
84799
84800
84960
84961
84984
84985
85145
85146
85169
85170
85330
85331
85354
85355
85515
85516
85539
85540
85700
85701
85724
85725
85885
85886
85909
85910
86070
86071
86094
86095
86255
86256
86279
86280
86440
86441
86464
86465
86625
86626
86649
86650
86810
86811
86834
86835
86995
86996
87019
87020
87180
87181
87204
87205
87365
87366
87389
87390
87550
87551
87574
87575
87735
87736
87759
87760
87920
87921
87944
87945
88105
88106
88129
88130
88290
88291
88314
88315
88475
88476
88499
88500
88660
88661
88684
88685
88845
88846
88869
88870
89030
89031
89054
89055
89215
89216
89239
89240
89400
89401
89424
89425
89585
89586
89609
89610
89770
89771
89794
89795
89955
89956
89979
89980
90140
90141
90164
90165
90325
90326
90349
90350
90510
90511
90534
90535
90695
90696
90719
90720
90880
90881
90904
90905
91065
91066
91089
91090
91250
91251
91274
91275
91435
91436
91459
91460
91620
91621
91644
91645
91805
91806
91829
91830
91990
91991
92014
92015
92175
92176
92199
92200
92359
92361
92364
92385
94703
94704
94723
94725
94727
94728
94888
94889
94912
94913
95073
95074
95097
95098
95258
95259
95282
95283
95443
95444
95467
95468
95628
95629
95652
95653
95813
95814
95837
95838
95998
95999
96022
96023
96183
96184
96207
96208
96368
96369
96392
96393
96553
96554
96577
96578
96738
96739
96762
96763
96923
96924
96947
96948
97108
97109
97132
97133
97293
97294
97317
97318
97478
97479
97502
97503
97663
97664
97687
97688
97848
97849
97872
97873
98033
98034
98057
98058
98218
98219
98242
98243
98403
98404
98427
98428
98588
98589
98612
98613
98773
98774
98797
98798
98958
98959
98982
98983
99143
99144
99167
99168
99328
99329
99352
99353
99513
99514
99537
99538
99698
99699
99722
99723
99883
99884
99907
99908
100068
100069
100092
100093
100253
100254
100277
100278
100438
100439
100462
100463
100623
100624
100647
100648
100808
100809
100832
100833
100993
100994
101017
101018
101178
101179
101202
101203
101363
101364
101387
101388
101548
101549
101572
101573
101733
101734
101757
101758
101918
101919
101942
101943
102103
102104
102127
102128
102288
102289
102312
102313
102473
102474
102497
102498
102658
102659
102682
102683
102843
102844
102867
102868
103028
103029
103052
103053
103213
103214
103237
103238
103398
103399
103422
103423
103583
103584
103607
103608
103768
103769
103792
103793
103953
103954
103977
103978
104138
104139
104162
104163
104323
104324
104347
104348
104508
104509
104532
104533
104693
104694
104717
104718
104878
104879
104902
104903
105063
105064
105087
105088
105248
105249
105272
105273
105433
105434
105457
105458
105618
105619
105642
105643
105802
105804
105807
105828
108146
108147
108166
108168
108170
108171
108331
108332
108355
108356
108516
108517
108540
108541
108701
108702
108725
108726
108886
108887
108910
108911
109071
109072
109095
109096
109256
109257
109280
109281
109441
109442
109465
109466
109626
109627
109650
109651
109811
109812
109835
109836
109996
109997
110020
110021
110181
110182
110205
110206
110366
110367
110390
110391
110551
110552
110575
110576
110736
110737
110760
110761
110921
110922
110945
110946
111106
111107
111130
111131
111291
111292
111315
111316
111476
111477
111500
111501
111661
111662
111685
111686
111846
111847
111870
111871
112031
112032
112055
112056
112216
112217
112240
112241
112401
112402
112425
112426
112586
112587
112610
112611
112771
112772
112795
112796
112956
112957
112980
112981
113141
113142
113165
113166
113326
113327
113350
113351
113511
113512
113535
113536
113696
113697
113720
113721
113881
113882
113905
113906
114066
114067
114090
114091
114251
114252
114275
114276
114436
114437
114460
114461
114621
114622
114645
114646
114806
114807
114830
114831
114991
114992
115015
115016
115176
115177
115200
115201
115361
115362
115385
115386
115546
115547
115570
115571
115731
115732
115755
115756
115916
115917
115940
115941
116101
116102
116125
116126
116286
116287
116310
116311
116471
116472
116495
116496
116656
116657
116680
116681
116841
116842
116865
116866
117026
117027
117050
117051
117211
117212
117235
117236
117396
117397
117420
117421
117581
117582
117605
117606
117766
117767
117790
117791
117951
117952
117975
117976
118136
118137
118160
118161
118321
118322
118345
118346
118506
118507
118530
118531
118691
118692
118715
118716
118876
118877
118900
118901
119061
119062
119085
119086
119245
119247
119250
119271
121589
121590
121609
121611
121613
121614
121774
121775
121798
121799
121959
121960
121983
121984
122144
122145
122168
122169
122329
122330
122353
122354
122514
122515
122538
122539
122699
122700
122723
122724
122884
122885
122908
122909
123069
123070
123093
123094
123254
123255
123278
123279
123439
123440
123463
123464
123624
123625
123648
123649
123809
123810
123833
123834
123994
123995
124018
124019
124179
124180
124203
124204
124364
124365
124388
124389
124549
124550
124573
124574
124734
124735
124758
124759
124919
124920
124943
124944
125104
125105
125128
125129
125289
125290
125313
125314
125474
125475
125498
125499
125659
125660
125683
125684
125844
125845
125868
125869
126029
126030
126053
126054
126214
126215
126238
126239
126399
126400
126423
126424
126584
126585
126608
126609
126769
126770
126793
126794
126954
126955
126978
126979
127139
127140
127163
127164
127324
127325
127348
127349
127509
127510
127533
127534
127694
127695
127718
127719
127879
127880
127903
127904
128064
128065
128088
128089
128249
128250
128273
128274
128434
128435
128458
128459
128619
128620
128643
128644
128804
128805
128828
128829
128989
128990
129013
129014
129174
129175
129198
129199
129359
129360
129383
129384
129544
129545
129568
129569
129729
129730
129753
129754
129914
129915
129938
129939
130099
130100
130123
130124
130284
130285
130308
130309
130469
130470
130493
130494
130654
130655
130678
130679
130839
130840
130863
130864
131024
131025
131048
131049
131209
131210
131233
131234
131394
131395
131418
131419
131579
131580
131603
131604
131764
131765
131788
131789
131949
131950
131973
131974
132134
132135
132158
132159
132319
132320
132343
132344
132504
132505
132528
132529
132688
132690
132693
132714
135032
135033
135052
135054
135056
135057
135217
135218
135241
135242
135402
135403
135426
135427
135586
135587
135588
135589
135590
135591
135592
135593
135594
135595
135596
135597
135598
135599
135600
135601
135602
135603
135605
135606
135611
135612
135771
135772
135773
135774
135775
135776
135777
135778
135779
135780
135781
135782
135783
135784
135785
135786
135787
135788
135790
135791
135796
135797
135956
135957
135958
135959
135960
135961
135962
135963
135964
135965
135966
135967
135968
135969
135970
135971
135972
135973
135975
135976
135981
135982
136141
136142
136143
136144
136145
136146
136147
136148
136149
136150
136151
136152
136153
136154
136155
136156
136157
136158
136160
136161
136166
136167
136326
136327
136328
136329
136330
136331
136332
136333
136334
136335
136336
136337
136338
136339
136340
136341
136342
136343
136345
136346
136351
136352
136511
136512
136513
136514
136515
136516
136517
136518
136519
136520
136521
136522
136523
136524
136525
136526
136527
136528
136530
136531
136536
136537
136696
136697
136698
136699
136700
136701
136702
136703
136704
136705
136706
136707
136708
136709
136710
136711
136712
136713
136715
136716
136721
136722
136881
136882
136883
136884
136885
136886
136887
136888
136889
136890
136891
136892
136893
136894
136895
136896
136897
136898
136900
136901
136906
136907
137066
137067
137068
137069
137070
137071
137072
137073
137074
137075
137076
137077
137078
137079
137080
137081
137082
137083
137085
137086
137091
137092
137251
137252
137253
137254
137255
137256
137257
137258
137259
137260
137261
137262
137263
137264
137265
137266
137267
137268
137270
137271
137276
137277
137436
137437
137438
137439
137441
137442
137444
137445
137447
137448
137450
137451
137453
137456
137461
137462
137622
137623
137646
137647
137807
137808
137831
137832
137992
137993
138016
138017
138177
138178
138201
138202
138362
138363
138386
138387
138547
138548
138571
138572
138732
138733
138756
138757
138917
138918
138941
138942
139102
139103
139126
139127
139287
139288
139311
139312
139472
139473
139496
139497
139657
139658
139681
139682
139842
139843
139866
139867
140027
140028
140051
140052
140212
140213
140236
140237
140397
140398
140421
140422
140582
140583
140606
140607
140767
140768
140791
140792
140952
140953
140976
140977
141137
141138
141161
141162
141322
141323
141346
141347
141507
141508
141531
141532
141692
141693
141716
141717
141877
141878
141901
141902
142062
142063
142086
142087
142247
142248
142271
142272
142432
142433
142456
142457
142617
142618
142641
142642
142802
142803
142826
142827
142987
142988
143011
143012
143171
143172
143173
143174
143175
143176
143177
143178
143179
143180
143181
143182
143183
143184
143185
143186
143187
143188
143190
143191
143196
143197
143356
143357
143358
143359
143360
143361
143362
143363
143364
143365
143366
143367
143368
143369
143370
143371
143372
143373
143375
143376
143381
143382
143541
143542
143543
143544
143545
143546
143547
143548
143549
143550
143551
143552
143553
143554
143555
143556
143557
143558
143560
143561
143566
143567
143726
143727
143728
143729
143730
143731
143732
143733
143734
143735
143736
143737
143738
143739
143740
143741
143742
143743
143745
143746
143751
143752
143911
143912
143913
143914
143915
143916
143917
143918
143919
143920
143921
143922
143923
143924
143925
143926
143927
143928
143930
143931
143936
143937
144096
144097
144098
144099
144100
144101
144102
144103
144104
144105
144106
144107
144108
144109
144110
144111
144112
144113
144115
144116
144121
144122
144281
144282
144283
144284
144285
144286
144287
144288
144289
144290
144291
144292
144293
144294
144295
144296
144297
144298
144300
144301
144306
144307
144466
144467
144468
144469
144470
144471
144472
144473
144474
144475
144476
144477
144478
144479
144480
144481
144482
144483
144485
144486
144491
144492
144651
144652
144653
144654
144655
144656
144657
144658
144659
144660
144661
144662
144663
144664
144665
144666
144667
144668
144670
144671
144676
144677
144836
144837
144838
144839
144840
144841
144842
144843
144844
144845
144846
144847
144848
144849
144850
144851
144852
144853
144855
144856
144861
144862
145021
145022
145023
145024
145025
145026
145027
145028
145029
145030
145031
145032
145033
145034
145035
145036
145037
145038
145040
145041
145046
145047
145206
145207
145208
145209
145210
145211
145212
145213
145214
145215
145216
145217
145218
145219
145220
145221
145222
145223
145225
145226
145231
145232
145391
145392
145393
145394
145396
145397
145399
145400
145402
145403
145405
145406
145408
145411
145416
145417
145577
145578
145601
145602
145762
145763
145786
145787
145947
145948
145971
145972
146131
146133
146136
146157
148475
148476
148495
148497
148499
148500
148660
148661
148684
148685
148845
148846
148869
148870
149029
149030
149031
149032
149033
149034
149035
149036
149037
149038
149039
149040
149041
149042
149043
149044
149045
149046
149048
149049
149054
149055
149214
149215
149216
149217
149218
149219
149220
149221
149222
149223
149224
149225
149226
149227
149228
149229
149230
149231
149233
149234
149239
149240
149399
149400
149401
149402
149403
149404
149405
149406
149407
149408
149409
149410
149411
149412
149413
149414
149415
149416
149418
149419
149424
149425
149584
149585
149586
149587
149588
149589
149590
149591
149592
149593
149594
149595
149596
149597
149598
149599
149600
149601
149603
149604
149609
149610
149769
149770
149771
149772
149773
149774
149775
149776
149777
149778
149779
149780
149781
149782
149783
149784
149785
149786
149788
149789
149794
149795
149954
149955
149956
149957
149958
149959
149960
149961
149962
149963
149964
149965
149966
149967
149968
149969
149970
149971
149973
149974
149979
149980
150139
150140
150141
150142
150143
150144
150145
150146
150147
150148
150149
150150
150151
150152
150153
150154
150155
150156
150158
150159
150164
150165
150324
150325
150326
150327
150328
150329
150330
150331
150332
150333
150334
150335
150336
150337
150338
150339
150340
150341
150343
150344
150349
150350
150509
150510
150511
150512
150513
150514
150515
150516
150517
150518
150519
150520
150521
150522
150523
150524
150525
150526
150528
150529
150534
150535
150694
150695
150696
150697
150698
150699
150700
150701
150702
150703
150704
150705
150706
150707
150708
150709
150710
150711
150713
150714
150719
150720
150879
150880
150881
150882
150884
150885
150887
150888
150890
150891
150893
150894
150896
150899
150904
150905
151065
151066
151089
151090
151250
151251
151274
151275
151435
151436
151459
151460
151620
151621
151644
151645
151805
151806
151829
151830
151990
151991
152014
152015
152175
152176
152199
152200
152360
152361
152384
152385
152545
152546
152569
152570
152730
152731
152754
152755
152915
152916
152939
152940
153100
153101
153124
153125
153285
153286
153309
153310
153470
153471
153494
153495
153655
153656
153679
153680
153840
153841
153864
153865
154025
154026
154049
154050
154210
154211
154234
154235
154395
154396
154419
154420
154580
154581
154604
154605
154765
154766
154789
154790
154950
154951
154974
154975
155135
155136
155159
155160
155320
155321
155344
155345
155505
155506
155529
155530
155690
155691
155714
155715
155875
155876
155899
155900
156060
156061
156084
156085
156245
156246
156269
156270
156430
156431
156454
156455
156614
156615
156616
156617
156618
156619
156620
156621
156622
156623
156624
156625
156626
156627
156628
156629
156630
156631
156633
156634
156639
156640
156799
156800
156801
156802
156803
156804
156805
156806
156807
156808
156809
156810
156811
156812
156813
156814
156815
156816
156818
156819
156824
156825
156984
156985
156986
156987
156988
156989
156990
156991
156992
156993
156994
156995
156996
156997
156998
156999
157000
157001
157003
157004
157009
157010
157169
157170
157171
157172
157173
157174
157175
157176
157177
157178
157179
157180
157181
157182
157183
157184
157185
157186
157188
157189
157194
157195
157354
157355
157356
157357
157358
157359
157360
157361
157362
157363
157364
157365
157366
157367
157368
157369
157370
157371
157373
157374
157379
157380
157539
157540
157541
157542
157543
157544
157545
157546
157547
157548
157549
157550
157551
157552
157553
157554
157555
157556
157558
157559
157564
157565
157724
157725
157726
157727
157728
157729
157730
157731
157732
157733
157734
157735
157736
157737
157738
157739
157740
157741
157743
157744
157749
157750
157909
157910
157911
157912
157913
157914
157915
157916
157917
157918
157919
157920
157921
157922
157923
157924
157925
157926
157928
157929
157934
157935
158094
158095
158096
158097
158098
158099
158100
158101
158102
158103
158104
158105
158106
158107
158108
158109
158110
158111
158113
158114
158119
158120
158279
158280
158281
158282
158283
158284
158285
158286
158287
158288
158289
158290
158291
158292
158293
158294
158295
158296
158298
158299
158304
158305
158464
158465
158466
158467
158468
158469
158470
158471
158472
158473
158474
158475
158476
158477
158478
158479
158480
158481
158483
158484
158489
158490
158649
158650
158651
158652
158653
158654
158655
158656
158657
158658
158659
158660
158661
158662
158663
158664
158665
158666
158668
158669
158674
158675
158834
158835
158836
158837
158839
158840
158842
158843
158845
158846
158848
158849
158851
158854
158859
158860
159020
159021
159044
159045
159205
159206
159229
159230
159390
159391
159414
159415
159574
159576
159579
159600
161918
161919
161938
161940
161942
161943
162103
162104
162127
162128
162288
162289
162312
162313
162472
162473
162474
162475
162476
162477
162478
162479
162480
162481
162482
162483
162484
162485
162486
162487
162488
162489
162491
162492
162497
162498
162657
162658
162659
162660
162661
162662
162663
162664
162665
162666
162667
162668
162669
162670
162671
162672
162673
162674
162676
162677
162682
162683
162842
162843
162844
162845
162846
162847
162848
162849
162850
162851
162852
162853
162854
162855
162856
162857
162858
162859
162861
162862
162867
162868
163027
163028
163029
163030
163031
163032
163033
163034
163035
163036
163037
163038
163039
163040
163041
163042
163043
163044
163046
163047
163052
163053
163212
163213
163214
163215
163216
163217
163218
163219
163220
163221
163222
163223
163224
163225
163226
163227
163228
163229
163231
163232
163237
163238
163397
163398
163399
163400
163401
163402
163403
163404
163405
163406
163407
163408
163409
163410
163411
163412
163413
163414
163416
163417
163422
163423
163582
163583
163584
163585
163586
163587
163588
163589
163590
163591
163592
163593
163594
163595
163596
163597
163598
163599
163601
163602
163607
163608
163767
163768
163769
163770
163771
163772
163773
163774
163775
163776
163777
163778
163779
163780
163781
163782
163783
163784
163786
163787
163792
163793
163952
163953
163954
163955
163956
163957
163958
163959
163960
163961
163962
163963
163964
163965
163966
163967
163968
163969
163971
163972
163977
163978
164137
164138
164139
164140
164141
164142
164143
164144
164145
164146
164147
164148
164149
164150
164151
164152
164153
164154
164156
164157
164162
164163
164322
164323
164324
164325
164327
164328
164330
164331
164333
164334
164336
164337
164339
164342
164347
164348
164508
164509
164532
164533
164693
164694
164717
164718
164878
164879
164902
164903
165063
165064
165087
165088
165248
165249
165272
165273
165433
165434
165457
165458
165618
165619
165642
165643
165803
165804
165827
165828
165988
165989
166012
166013
166173
166174
166197
166198
166358
166359
166382
166383
166543
166544
166567
166568
166728
166729
166752
166753
166913
166914
166937
166938
167098
167099
167122
167123
167283
167284
167307
167308
167468
167469
167492
167493
167653
167654
167677
167678
167838
167839
167862
167863
168023
168024
168047
168048
168208
168209
168232
168233
168393
168394
168417
168418
168578
168579
168602
168603
168763
168764
168787
168788
168948
168949
168972
168973
169133
169134
169157
169158
169318
169319
169342
169343
169503
169504
169527
169528
169688
169689
169712
169713
169873
169874
169897
169898
170057
170058
170059
170060
170061
170062
170063
170064
170065
170066
170067
170068
170069
170070
170071
170072
170073
170074
170076
170077
170082
170083
170242
170243
170244
170245
170246
170247
170248
170249
170250
170251
170252
170253
170254
170255
170256
170257
170258
170259
170261
170262
170267
170268
170427
170428
170429
170430
170431
170432
170433
170434
170435
170436
170437
170438
170439
170440
170441
170442
170443
170444
170446
170447
170452
170453
170612
170613
170614
170615
170616
170617
170618
170619
170620
170621
170622
170623
170624
170625
170626
170627
170628
170629
170631
170632
170637
170638
170797
170798
170799
170800
170801
170802
170803
170804
170805
170806
170807
170808
170809
170810
170811
170812
170813
170814
170816
170817
170822
170823
170982
170983
170984
170985
170986
170987
170988
170989
170990
170991
170992
170993
170994
170995
170996
170997
170998
170999
171001
171002
171007
171008
171167
171168
171169
171170
171171
171172
171173
171174
171175
171176
171177
171178
171179
171180
171181
171182
171183
171184
171186
171187
171192
171193
171352
171353
171354
171355
171356
171357
171358
171359
171360
171361
171362
171363
171364
171365
171366
171367
171368
171369
171371
171372
171377
171378
171537
171538
171539
171540
171541
171542
171543
171544
171545
171546
171547
171548
171549
171550
171551
171552
171553
171554
171556
171557
171562
171563
171722
171723
171724
171725
171726
171727
171728
171729
171730
171731
171732
171733
171734
171735
171736
171737
171738
171739
171741
171742
171747
171748
171907
171908
171909
171910
171911
171912
171913
171914
171915
171916
171917
171918
171919
171920
171921
171922
171923
171924
171926
171927
171932
171933
172092
172093
172094
172095
172096
172097
172098
172099
172100
172101
172102
172103
172104
172105
172106
172107
172108
172109
172111
172112
172117
172118
172277
172278
172279
172280
172282
172283
172285
172286
172288
172289
172291
172292
172294
172297
172302
172303
172463
172464
172487
172488
172648
172649
172672
172673
172833
172834
172857
172858
173017
173019
173022
173043
175361
175362
175381
175383
175385
175386
175546
175547
175570
175571
175731
175732
175755
175756
175915
175916
175917
175918
175919
175920
175921
175922
175923
175924
175925
175926
175927
175928
175929
175930
175931
175932
175934
175935
175940
175941
176100
176101
176102
176103
176104
176105
176106
176107
176108
176109
176110
176111
176112
176113
176114
176115
176116
176117
176119
176120
176125
176126
176285
176286
176287
176288
176289
176290
176291
176292
176293
176294
176295
176296
176297
176298
176299
176300
176301
176302
176304
176305
176310
176311
176470
176471
176472
176473
176474
176475
176476
176477
176478
176479
176480
176481
176482
176483
176484
176485
176486
176487
176489
176490
176495
176496
176655
176656
176657
176658
176659
176660
176661
176662
176663
176664
176665
176666
176667
176668
176669
176670
176671
176672
176674
176675
176680
176681
176840
176841
176842
176843
176844
176845
176846
176847
176848
176849
176850
176851
176852
176853
176854
176855
176856
176857
176859
176860
176865
176866
177025
177026
177027
177028
177029
177030
177031
177032
177033
177034
177035
177036
177037
177038
177039
177040
177041
177042
177044
177045
177050
177051
177210
177211
177212
177213
177214
177215
177216
177217
177218
177219
177220
177221
177222
177223
177224
177225
177226
177227
177229
177230
177235
177236
177395
177396
177397
177398
177399
177400
177401
177402
177403
177404
177405
177406
177407
177408
177409
177410
177411
177412
177414
177415
177420
177421
177580
177581
177582
177583
177584
177585
177586
177587
177588
177589
177590
177591
177592
177593
177594
177595
177596
177597
177599
177600
177605
177606
177765
177766
177767
177768
177770
177771
177773
177774
177776
177777
177779
177780
177782
177785
177790
177791
177951
177952
177975
177976
178136
178137
178160
178161
178321
178322
178345
178346
178506
178507
178530
178531
178691
178692
178715
178716
178876
178877
178900
178901
179061
179062
179085
179086
179246
179247
179270
179271
179431
179432
179455
179456
179616
179617
179640
179641
179800
179801
179802
179803
179804
179805
179806
179807
179808
179809
179810
179811
179813
179814
179825
179826
179985
179986
179987
179988
179989
179990
179991
179992
179993
179994
179995
179996
179998
179999
180010
180011
180170
180171
180172
180173
180174
180175
180176
180177
180178
180179
180180
180181
180183
180184
180195
180196
180355
180356
180357
180358
180359
180360
180361
180362
180363
180364
180365
180366
180368
180369
180380
180381
180540
180541
180542
180543
180544
180545
180546
180547
180548
180549
180550
180551
180553
180554
180565
180566
180725
180726
180727
180728
180729
180730
180731
180732
180733
180734
180735
180736
180738
180739
180750
180751
180910
180911
180912
180913
180914
180915
180916
180917
180918
180919
180920
180921
180923
180924
180935
180936
181095
181096
181097
181098
181099
181100
181101
181102
181103
181104
181105
181106
181108
181109
181120
181121
181280
181281
181282
181283
181284
181285
181286
181287
181288
181289
181290
181291
181293
181294
181305
181306
181465
181466
181467
181468
181469
181470
181471
181472
181473
181474
181475
181476
181478
181479
181490
181491
181650
181651
181652
181653
181654
181655
181656
181657
181658
181659
181660
181661
181663
181664
181675
181676
181835
181836
181837
181838
181839
181840
181841
181842
181843
181844
181845
181846
181848
181849
181860
181861
182020
182021
182022
182023
182024
182025
182026
182027
182028
182029
182030
182031
182033
182034
182045
182046
182205
182206
182207
182208
182209
182210
182211
182212
182213
182214
182215
182216
182218
182219
182230
182231
182390
182391
182392
182393
182394
182395
182396
182397
182398
182399
182400
182401
182403
182404
182415
182416
182575
182576
182577
182578
182579
182580
182581
182582
182583
182584
182585
182586
182588
182589
182600
182601
182760
182761
182762
182763
182765
182766
182768
182769
182771
182774
182785
182786
182946
182947
182970
182971
183131
183132
183155
183156
183316
183317
183340
183341
183500
183501
183502
183503
183504
183505
183506
183507
183508
183509
183510
183511
183512
183513
183514
183515
183516
183517
183519
183520
183525
183526
183685
183686
183687
183688
183689
183690
183691
183692
183693
183694
183695
183696
183697
183698
183699
183700
183701
183702
183704
183705
183710
183711
183870
183871
183872
183873
183874
183875
183876
183877
183878
183879
183880
183881
183882
183883
183884
183885
183886
183887
183889
183890
183895
183896
184055
184056
184057
184058
184059
184060
184061
184062
184063
184064
184065
184066
184067
184068
184069
184070
184071
184072
184074
184075
184080
184081
184240
184241
184242
184243
184244
184245
184246
184247
184248
184249
184250
184251
184252
184253
184254
184255
184256
184257
184259
184260
184265
184266
184425
184426
184427
184428
184429
184430
184431
184432
184433
184434
184435
184436
184437
184438
184439
184440
184441
184442
184444
184445
184450
184451
184610
184611
184612
184613
184614
184615
184616
184617
184618
184619
184620
184621
184622
184623
184624
184625
184626
184627
184629
184630
184635
184636
184795
184796
184797
184798
184799
184800
184801
184802
184803
184804
184805
184806
184807
184808
184809
184810
184811
184812
184814
184815
184820
184821
184980
184981
184982
184983
184984
184985
184986
184987
184988
184989
184990
184991
184992
184993
184994
184995
184996
184997
184999
185000
185005
185006
185165
185166
185167
185168
185169
185170
185171
185172
185173
185174
185175
185176
185177
185178
185179
185180
185181
185182
185184
185185
185190
185191
185350
185351
185352
185353
185354
185355
185356
185357
185358
185359
185360
185361
185362
185363
185364
185365
185366
185367
185369
185370
185375
185376
185535
185536
185537
185538
185539
185540
185541
185542
185543
185544
185545
185546
185547
185548
185549
185550
185551
185552
185554
185555
185560
185561
185720
185721
185722
185723
185725
185726
185728
185729
185731
185732
185734
185735
185737
185740
185745
185746
185906
185907
185930
185931
186091
186092
186115
186116
186276
186277
186300
186301
186460
186462
186465
186486
188804
188805
188824
188826
188828
188829
188989
188990
189013
189014
189174
189175
189198
189199
189358
189359
189360
189361
189362
189363
189364
189365
189366
189367
189368
189369
189370
189371
189372
189373
189374
189375
189377
189378
189383
189384
189543
189544
189545
189546
189547
189548
189549
189550
189551
189552
189553
189554
189555
189556
189557
189558
189559
189560
189562
189563
189568
189569
189728
189729
189730
189731
189732
189733
189734
189735
189736
189737
189738
189739
189740
189741
189742
189743
189744
189745
189747
189748
189753
189754
189913
189914
189915
189916
189917
189918
189919
189920
189921
189922
189923
189924
189925
189926
189927
189928
189929
189930
189932
189933
189938
189939
190098
190099
190100
190101
190102
190103
190104
190105
190106
190107
190108
190109
190110
190111
190112
190113
190114
190115
190117
190118
190123
190124
190283
190284
190285
190286
190287
190288
190289
190290
190291
190292
190293
190294
190295
190296
190297
190298
190299
190300
190302
190303
190308
190309
190468
190469
190470
190471
190472
190473
190474
190475
190476
190477
190478
190479
190480
190481
190482
190483
190484
190485
190487
190488
190493
190494
190653
190654
190655
190656
190657
190658
190659
190660
190661
190662
190663
190664
190665
190666
190667
190668
190669
190670
190672
190673
190678
190679
190838
190839
190840
190841
190842
190843
190844
190845
190846
190847
190848
190849
190850
190851
190852
190853
190854
190855
190857
190858
190863
190864
191023
191024
191025
191026
191027
191028
191029
191030
191031
191032
191033
191034
191035
191036
191037
191038
191039
191040
191042
191043
191048
191049
191208
191209
191210
191211
191213
191214
191216
191217
191219
191220
191222
191223
191225
191228
191233
191234
191394
191395
191418
191419
191579
191580
191603
191604
191764
191765
191788
191789
191949
191950
191973
191974
192134
192135
192158
192159
192319
192320
192343
192344
192504
192505
192528
192529
192689
192690
192713
192714
192874
192875
192898
192899
193059
193060
193083
193084
193243
193244
193245
193246
193247
193248
193249
193250
193251
193252
193253
193254
193256
193257
193268
193269
193428
193429
193430
193431
193432
193433
193434
193435
193436
193437
193438
193439
193441
193442
193453
193454
193613
193614
193615
193616
193617
193618
193619
193620
193621
193622
193623
193624
193626
193627
193638
193639
193798
193799
193800
193801
193802
193803
193804
193805
193806
193807
193808
193809
193811
193812
193823
193824
193983
193984
193985
193986
193987
193988
193989
193990
193991
193992
193993
193994
193996
193997
194008
194009
194168
194169
194170
194171
194172
194173
194174
194175
194176
194177
194178
194179
194181
194182
194193
194194
194353
194354
194355
194356
194357
194358
194359
194360
194361
194362
194363
194364
194366
194367
194378
194379
194538
194539
194540
194541
194542
194543
194544
194545
194546
194547
194548
194549
194551
194552
194563
194564
194723
194724
194725
194726
194727
194728
194729
194730
194731
194732
194733
194734
194736
194737
194748
194749
194908
194909
194910
194911
194912
194913
194914
194915
194916
194917
194918
194919
194921
194922
194933
194934
195093
195094
195095
195096
195097
195098
195099
195100
195101
195102
195103
195104
195106
195107
195118
195119
195278
195279
195280
195281
195282
195283
195284
195285
195286
195287
195288
195289
195291
195292
195303
195304
195463
195464
195465
195466
195467
195468
195469
195470
195471
195472
195473
195474
195476
195477
195488
195489
195648
195649
195650
195651
195652
195653
195654
195655
195656
195657
195658
195659
195661
195662
195673
195674
195833
195834
195835
195836
195837
195838
195839
195840
195841
195842
195843
195844
195846
195847
195858
195859
196018
196019
196020
196021
196022
196023
196024
196025
196026
196027
196028
196029
196031
196032
196043
196044
196203
196204
196205
196206
196208
196209
196211
196212
196214
196217
196228
196229
196389
196390
196413
196414
196574
196575
196598
196599
196759
196760
196783
196784
196943
196944
196945
196946
196947
196948
196949
196950
196951
196952
196953
196954
196955
196956
196957
196958
196959
196960
196962
196963
196968
196969
197128
197129
197130
197131
197132
197133
197134
197135
197136
197137
197138
197139
197140
197141
197142
197143
197144
197145
197147
197148
197153
197154
197313
197314
197315
197316
197317
197318
197319
197320
197321
197322
197323
197324
197325
197326
197327
197328
197329
197330
197332
197333
197338
197339
197498
197499
197500
197501
197502
197503
197504
197505
197506
197507
197508
197509
197510
197511
197512
197513
197514
197515
197517
197518
197523
197524
197683
197684
197685
197686
197687
197688
197689
197690
197691
197692
197693
197694
197695
197696
197697
197698
197699
197700
197702
197703
197708
197709
197868
197869
197870
197871
197872
197873
197874
197875
197876
197877
197878
197879
197880
197881
197882
197883
197884
197885
197887
197888
197893
197894
198053
198054
198055
198056
198057
198058
198059
198060
198061
198062
198063
198064
198065
198066
198067
198068
198069
198070
198072
198073
198078
198079
198238
198239
198240
198241
198242
198243
198244
198245
198246
198247
198248
198249
198250
198251
198252
198253
198254
198255
198257
198258
198263
198264
198423
198424
198425
198426
198427
198428
198429
198430
198431
198432
198433
198434
198435
198436
198437
198438
198439
198440
198442
198443
198448
198449
198608
198609
198610
198611
198612
198613
198614
198615
198616
198617
198618
198619
198620
198621
198622
198623
198624
198625
198627
198628
198633
198634
198793
198794
198795
198796
198797
198798
198799
198800
198801
198802
198803
198804
198805
198806
198807
198808
198809
198810
198812
198813
198818
198819
198978
198979
198980
198981
198982
198983
198984
198985
198986
198987
198988
198989
198990
198991
198992
198993
198994
198995
198997
198998
199003
199004
199163
199164
199165
199166
199168
199169
199171
199172
199174
199175
199177
199178
199180
199183
199188
199189
199349
199350
199373
199374
199534
199535
199558
199559
199719
199720
199743
199744
199903
199905
199908
199929
202247
202248
202267
202269
202271
202272
202432
202433
202456
202457
202617
202618
202641
202642
202801
202802
202803
202804
202805
202806
202807
202808
202809
202810
202811
202812
202813
202814
202815
202816
202817
202818
202820
202821
202826
202827
202986
202987
202988
202989
202990
202991
202992
202993
202994
202995
202996
202997
202998
202999
203000
203001
203002
203003
203005
203006
203011
203012
203171
203172
203173
203174
203175
203176
203177
203178
203179
203180
203181
203182
203183
203184
203185
203186
203187
203188
203190
203191
203196
203197
203356
203357
203358
203359
203360
203361
203362
203363
203364
203365
203366
203367
203368
203369
203370
203371
203372
203373
203375
203376
203381
203382
203541
203542
203543
203544
203545
203546
203547
203548
203549
203550
203551
203552
203553
203554
203555
203556
203557
203558
203560
203561
203566
203567
203726
203727
203728
203729
203730
203731
203732
203733
203734
203735
203736
203737
203738
203739
203740
203741
203742
203743
203745
203746
203751
203752
203911
203912
203913
203914
203915
203916
203917
203918
203919
203920
203921
203922
203923
203924
203925
203926
203927
203928
203930
203931
203936
203937
204096
204097
204098
204099
204100
204101
204102
204103
204104
204105
204106
204107
204108
204109
204110
204111
204112
204113
204115
204116
204121
204122
204281
204282
204283
204284
204285
204286
204287
204288
204289
204290
204291
204292
204293
204294
204295
204296
204297
204298
204300
204301
204306
204307
204466
204467
204468
204469
204470
204471
204472
204473
204474
204475
204476
204477
204478
204479
204480
204481
204482
204483
204485
204486
204491
204492
204651
204652
204653
204654
204656
204657
204659
204660
204662
204663
204665
204666
204668
204671
204676
204677
204837
204838
204861
204862
205022
205023
205046
205047
205207
205208
205231
205232
205392
205393
205416
205417
205577
205578
205601
205602
205762
205763
205786
205787
205947
205948
205971
205972
206132
206133
206156
206157
206317
206318
206341
206342
206502
206503
206526
206527
206686
206687
206688
206689
206690
206691
206692
206693
206694
206695
206696
206697
206699
206700
206711
206712
206871
206872
206873
206874
206875
206876
206877
206878
206879
206880
206881
206882
206884
206885
206896
206897
207056
207057
207058
207059
207060
207061
207062
207063
207064
207065
207066
207067
207069
207070
207081
207082
207241
207242
207243
207244
207245
207246
207247
207248
207249
207250
207251
207252
207254
207255
207266
207267
207426
207427
207428
207429
207430
207431
207432
207433
207434
207435
207436
207437
207439
207440
207451
207452
207611
207612
207613
207614
207615
207616
207617
207618
207619
207620
207621
207622
207624
207625
207636
207637
207796
207797
207798
207799
207800
207801
207802
207803
207804
207805
207806
207807
207809
207810
207821
207822
207981
207982
207983
207984
207985
207986
207987
207988
207989
207990
207991
207992
207994
207995
208006
208007
208166
208167
208168
208169
208170
208171
208172
208173
208174
208175
208176
208177
208179
208180
208191
208192
208351
208352
208353
208354
208355
208356
208357
208358
208359
208360
208361
208362
208364
208365
208376
208377
208536
208537
208538
208539
208540
208541
208542
208543
208544
208545
208546
208547
208549
208550
208561
208562
208721
208722
208723
208724
208725
208726
208727
208728
208729
208730
208731
208732
208734
208735
208746
208747
208906
208907
208908
208909
208910
208911
208912
208913
208914
208915
208916
208917
208919
208920
208931
208932
209091
209092
209093
209094
209095
209096
209097
209098
209099
209100
209101
209102
209104
209105
209116
209117
209276
209277
209278
209279
209280
209281
209282
209283
209284
209285
209286
209287
209289
209290
209301
209302
209461
209462
209463
209464
209465
209466
209467
209468
209469
209470
209471
209472
209474
209475
209486
209487
209646
209647
209648
209649
209651
209652
209654
209655
209657
209660
209671
209672
209832
209833
209856
209857
210017
210018
210041
210042
210202
210203
210226
210227
210386
210387
210388
210389
210390
210391
210392
210393
210394
210395
210396
210397
210398
210399
210400
210401
210402
210403
210405
210406
210411
210412
210571
210572
210573
210574
210575
210576
210577
210578
210579
210580
210581
210582
210583
210584
210585
210586
210587
210588
210590
210591
210596
210597
210756
210757
210758
210759
210760
210761
210762
210763
210764
210765
210766
210767
210768
210769
210770
210771
210772
210773
210775
210776
210781
210782
210941
210942
210943
210944
210945
210946
210947
210948
210949
210950
210951
210952
210953
210954
210955
210956
210957
210958
210960
210961
210966
210967
211126
211127
211128
211129
211130
211131
211132
211133
211134
211135
211136
211137
211138
211139
211140
211141
211142
211143
211145
211146
211151
211152
211311
211312
211313
211314
211315
211316
211317
211318
211319
211320
211321
211322
211323
211324
211325
211326
211327
211328
211330
211331
211336
211337
211496
211497
211498
211499
211500
211501
211502
211503
211504
211505
211506
211507
211508
211509
211510
211511
211512
211513
211515
211516
211521
211522
211681
211682
211683
211684
211685
211686
211687
211688
211689
211690
211691
211692
211693
211694
211695
211696
211697
211698
211700
211701
211706
211707
211866
211867
211868
211869
211870
211871
211872
211873
211874
211875
211876
211877
211878
211879
211880
211881
211882
211883
211885
211886
211891
211892
212051
212052
212053
212054
212055
212056
212057
212058
212059
212060
212061
212062
212063
212064
212065
212066
212067
212068
212070
212071
212076
212077
212236
212237
212238
212239
212240
212241
212242
212243
212244
212245
212246
212247
212248
212249
212250
212251
212252
212253
212255
212256
212261
212262
212421
212422
212423
212424
212425
212426
212427
212428
212429
212430
212431
212432
212433
212434
212435
212436
212437
212438
212440
212441
212446
212447
212606
212607
212608
212609
212611
212612
212614
212615
212617
212618
212620
212621
212623
212626
212631
212632
212792
212793
212816
212817
212977
212978
213001
213002
213162
213163
213186
213187
213346
213348
213351
213372
215690
215691
215710
215712
215714
215715
215875
215876
215899
215900
216060
216061
216084
216085
216244
216245
216246
216247
216248
216249
216250
216251
216252
216253
216254
216255
216256
216257
216258
216259
216260
216261
216263
216264
216269
216270
216429
216430
216431
216432
216433
216434
216435
216436
216437
216438
216439
216440
216441
216442
216443
216444
216445
216446
216448
216449
216454
216455
216614
216615
216616
216617
216618
216619
216620
216621
216622
216623
216624
216625
216626
216627
216628
216629
216630
216631
216633
216634
216639
216640
216799
216800
216801
216802
216803
216804
216805
216806
216807
216808
216809
216810
216811
216812
216813
216814
216815
216816
216818
216819
216824
216825
216984
216985
216986
216987
216988
216989
216990
216991
216992
216993
216994
216995
216996
216997
216998
216999
217000
217001
217003
217004
217009
217010
217169
217170
217171
217172
217173
217174
217175
217176
217177
217178
217179
217180
217181
217182
217183
217184
217185
217186
217188
217189
217194
217195
217354
217355
217356
217357
217358
217359
217360
217361
217362
217363
217364
217365
217366
217367
217368
217369
217370
217371
217373
217374
217379
217380
217539
217540
217541
217542
217543
217544
217545
217546
217547
217548
217549
217550
217551
217552
217553
217554
217555
217556
217558
217559
217564
217565
217724
217725
217726
217727
217728
217729
217730
217731
217732
217733
217734
217735
217736
217737
217738
217739
217740
217741
217743
217744
217749
217750
217909
217910
217911
217912
217913
217914
217915
217916
217917
217918
217919
217920
217921
217922
217923
217924
217925
217926
217928
217929
217934
217935
218094
218095
218096
218097
218099
218100
218102
218103
218105
218106
218108
218109
218111
218114
218119
218120
218280
218281
218304
218305
218465
218466
218489
218490
218650
218651
218674
218675
218835
218836
218859
218860
219020
219021
219044
219045
219205
219206
219229
219230
219390
219391
219414
219415
219575
219576
219599
219600
219760
219761
219784
219785
219945
219946
219969
219970
220129
220130
220131
220132
220133
220134
220135
220136
220137
220138
220139
220140
220142
220143
220154
220155
220314
220315
220316
220317
220318
220319
220320
220321
220322
220323
220324
220325
220327
220328
220339
220340
220499
220500
220501
220502
220503
220504
220505
220506
220507
220508
220509
220510
220512
220513
220524
220525
220684
220685
220686
220687
220688
220689
220690
220691
220692
220693
220694
220695
220697
220698
220709
220710
220869
220870
220871
220872
220873
220874
220875
220876
220877
220878
220879
220880
220882
220883
220894
220895
221054
221055
221056
221057
221058
221059
221060
221061
221062
221063
221064
221065
221067
221068
221079
221080
221239
221240
221241
221242
221243
221244
221245
221246
221247
221248
221249
221250
221252
221253
221264
221265
221424
221425
221426
221427
221428
221429
221430
221431
221432
221433
221434
221435
221437
221438
221449
221450
221609
221610
221611
221612
221613
221614
221615
221616
221617
221618
221619
221620
221622
221623
221634
221635
221794
221795
221796
221797
221798
221799
221800
221801
221802
221803
221804
221805
221807
221808
221819
221820
221979
221980
221981
221982
221983
221984
221985
221986
221987
221988
221989
221990
221992
221993
222004
222005
222164
222165
222166
222167
222168
222169
222170
222171
222172
222173
222174
222175
222177
222178
222189
222190
222349
222350
222351
222352
222353
222354
222355
222356
222357
222358
222359
222360
222362
222363
222374
222375
222534
222535
222536
222537
222538
222539
222540
222541
222542
222543
222544
222545
222547
222548
222559
222560
222719
222720
222721
222722
222723
222724
222725
222726
222727
222728
222729
222730
222732
222733
222744
222745
222904
222905
222906
222907
222908
222909
222910
222911
222912
222913
222914
222915
222917
222918
222929
222930
223089
223090
223091
223092
223094
223095
223097
223098
223100
223103
223114
223115
223275
223276
223299
223300
223460
223461
223484
223485
223645
223646
223669
223670
223829
223830
223831
223832
223833
223834
223835
223836
223837
223838
223839
223840
223841
223842
223843
223844
223845
223846
223848
223849
223854
223855
224014
224015
224016
224017
224018
224019
224020
224021
224022
224023
224024
224025
224026
224027
224028
224029
224030
224031
224033
224034
224039
224040
224199
224200
224201
224202
224203
224204
224205
224206
224207
224208
224209
224210
224211
224212
224213
224214
224215
224216
224218
224219
224224
224225
224384
224385
224386
224387
224388
224389
224390
224391
224392
224393
224394
224395
224396
224397
224398
224399
224400
224401
224403
224404
224409
224410
224569
224570
224571
224572
224573
224574
224575
224576
224577
224578
224579
224580
224581
224582
224583
224584
224585
224586
224588
224589
224594
224595
224754
224755
224756
224757
224758
224759
224760
224761
224762
224763
224764
224765
224766
224767
224768
224769
224770
224771
224773
224774
224779
224780
224939
224940
224941
224942
224943
224944
224945
224946
224947
224948
224949
224950
224951
224952
224953
224954
224955
224956
224958
224959
224964
224965
225124
225125
225126
225127
225128
225129
225130
225131
225132
225133
225134
225135
225136
225137
225138
225139
225140
225141
225143
225144
225149
225150
225309
225310
225311
225312
225313
225314
225315
225316
225317
225318
225319
225320
225321
225322
225323
225324
225325
225326
225328
225329
225334
225335
225494
225495
225496
225497
225498
225499
225500
225501
225502
225503
225504
225505
225506
225507
225508
225509
225510
225511
225513
225514
225519
225520
225679
225680
225681
225682
225683
225684
225685
225686
225687
225688
225689
225690
225691
225692
225693
225694
225695
225696
225698
225699
225704
225705
225864
225865
225866
225867
225868
225869
225870
225871
225872
225873
225874
225875
225876
225877
225878
225879
225880
225881
225883
225884
225889
225890
226049
226050
226051
226052
226054
226055
226057
226058
226060
226061
226063
226064
226066
226069
226074
226075
226235
226236
226259
226260
226420
226421
226444
226445
226605
226606
226629
226630
226789
226791
226794
226815
229133
229134
229153
229155
229157
229158
229318
229319
229342
229343
229503
229504
229527
229528
229687
229688
229689
229690
229691
229692
229693
229694
229695
229696
229697
229698
229699
229700
229701
229702
229703
229704
229706
229707
229712
229713
229872
229873
229874
229875
229876
229877
229878
229879
229880
229881
229882
229883
229884
229885
229886
229887
229888
229889
229891
229892
229897
229898
230057
230058
230059
230060
230061
230062
230063
230064
230065
230066
230067
230068
230069
230070
230071
230072
230073
230074
230076
230077
230082
230083
230242
230243
230244
230245
230246
230247
230248
230249
230250
230251
230252
230253
230254
230255
230256
230257
230258
230259
230261
230262
230267
230268
230427
230428
230429
230430
230431
230432
230433
230434
230435
230436
230437
230438
230439
230440
230441
230442
230443
230444
230446
230447
230452
230453
230612
230613
230614
230615
230616
230617
230618
230619
230620
230621
230622
230623
230624
230625
230626
230627
230628
230629
230631
230632
230637
230638
230797
230798
230799
230800
230801
230802
230803
230804
230805
230806
230807
230808
230809
230810
230811
230812
230813
230814
230816
230817
230822
230823
230982
230983
230984
230985
230986
230987
230988
230989
230990
230991
230992
230993
230994
230995
230996
230997
230998
230999
231001
231002
231007
231008
231167
231168
231169
231170
231171
231172
231173
231174
231175
231176
231177
231178
231179
231180
231181
231182
231183
231184
231186
231187
231192
231193
231352
231353
231354
231355
231356
231357
231358
231359
231360
231361
231362
231363
231364
231365
231366
231367
231368
231369
231371
231372
231377
231378
231537
231538
231539
231540
231542
231543
231545
231546
231548
231549
231551
231552
231554
231557
231562
231563
231723
231724
231747
231748
231908
231909
231932
231933
232093
232094
232117
232118
232278
232279
232302
232303
232463
232464
232487
232488
232648
232649
232672
232673
232833
232834
232857
232858
233018
233019
233042
233043
233203
233204
233227
233228
233388
233389
233412
233413
233572
233573
233574
233575
233576
233577
233578
233579
233580
233581
233582
233583
233585
233586
233597
233598
233757
233758
233759
233760
233761
233762
233763
233764
233765
233766
233767
233768
233770
233771
233782
233783
233942
233943
233944
233945
233946
233947
233948
233949
233950
233951
233952
233953
233955
233956
233967
233968
234127
234128
234129
234130
234131
234132
234133
234134
234135
234136
234137
234138
234140
234141
234152
234153
234312
234313
234314
234315
234316
234317
234318
234319
234320
234321
234322
234323
234325
234326
234337
234338
234497
234498
234499
234500
234501
234502
234503
234504
234505
234506
234507
234508
234510
234511
234522
234523
234682
234683
234684
234685
234686
234687
234688
234689
234690
234691
234692
234693
234695
234696
234707
234708
234867
234868
234869
234870
234871
234872
234873
234874
234875
234876
234877
234878
234880
234881
234892
234893
235052
235053
235054
235055
235056
235057
235058
235059
235060
235061
235062
235063
235065
235066
235077
235078
235237
235238
235239
235240
235241
235242
235243
235244
235245
235246
235247
235248
235250
235251
235262
235263
235422
235423
235424
235425
235426
235427
235428
235429
235430
235431
235432
235433
235435
235436
235447
235448
235607
235608
235609
235610
235611
235612
235613
235614
235615
235616
235617
235618
235620
235621
235632
235633
235792
235793
235794
235795
235796
235797
235798
235799
235800
235801
235802
235803
235805
235806
235817
235818
235977
235978
235979
235980
235981
235982
235983
235984
235985
235986
235987
235988
235990
235991
236002
236003
236162
236163
236164
236165
236166
236167
236168
236169
236170
236171
236172
236173
236175
236176
236187
236188
236347
236348
236349
236350
236351
236352
236353
236354
236355
236356
236357
236358
236360
236361
236372
236373
236532
236533
236534
236535
236537
236538
236540
236541
236543
236546
236557
236558
236718
236719
236742
236743
236903
236904
236927
236928
237088
237089
237112
237113
237272
237273
237274
237275
237276
237277
237278
237279
237280
237281
237282
237283
237284
237285
237286
237287
237288
237289
237291
237292
237297
237298
237457
237458
237459
237460
237461
237462
237463
237464
237465
237466
237467
237468
237469
237470
237471
237472
237473
237474
237476
237477
237482
237483
237642
237643
237644
237645
237646
237647
237648
237649
237650
237651
237652
237653
237654
237655
237656
237657
237658
237659
237661
237662
237667
237668
237827
237828
237829
237830
237831
237832
237833
237834
237835
237836
237837
237838
237839
237840
237841
237842
237843
237844
237846
237847
237852
237853
238012
238013
238014
238015
238016
238017
238018
238019
238020
238021
238022
238023
238024
238025
238026
238027
238028
238029
238031
238032
238037
238038
238197
238198
238199
238200
238201
238202
238203
238204
238205
238206
238207
238208
238209
238210
238211
238212
238213
238214
238216
238217
238222
238223
238382
238383
238384
238385
238386
238387
238388
238389
238390
238391
238392
238393
238394
238395
238396
238397
238398
238399
238401
238402
238407
238408
238567
238568
238569
238570
238571
238572
238573
238574
238575
238576
238577
238578
238579
238580
238581
238582
238583
238584
238586
238587
238592
238593
238752
238753
238754
238755
238756
238757
238758
238759
238760
238761
238762
238763
238764
238765
238766
238767
238768
238769
238771
238772
238777
238778
238937
238938
238939
238940
238941
238942
238943
238944
238945
238946
238947
238948
238949
238950
238951
238952
238953
238954
238956
238957
238962
238963
239122
239123
239124
239125
239126
239127
239128
239129
239130
239131
239132
239133
239134
239135
239136
239137
239138
239139
239141
239142
239147
239148
239307
239308
239309
239310
239311
239312
239313
239314
239315
239316
239317
239318
239319
239320
239321
239322
239323
239324
239326
239327
239332
239333
239492
239493
239494
239495
239497
239498
239500
239501
239503
239504
239506
239507
239509
239512
239517
239518
239678
239679
239702
239703
239863
239864
239887
239888
240048
240049
240072
240073
240232
240234
240237
240258
242576
242577
242596
242598
242600
242601
242761
242762
242785
242786
242946
242947
242970
242971
243130
243131
243132
243133
243134
243135
243136
243137
243138
243139
243140
243141
243142
243143
243144
243145
243146
243147
243149
243150
243155
243156
243315
243316
243317
243318
243319
243320
243321
243322
243323
243324
243325
243326
243327
243328
243329
243330
243331
243332
243334
243335
243340
243341
243500
243501
243502
243503
243504
243505
243506
243507
243508
243509
243510
243511
243512
243513
243514
243515
243516
243517
243519
243520
243525
243526
243685
243686
243687
243688
243689
243690
243691
243692
243693
243694
243695
243696
243697
243698
243699
243700
243701
243702
243704
243705
243710
243711
243870
243871
243872
243873
243874
243875
243876
243877
243878
243879
243880
243881
243882
243883
243884
243885
243886
243887
243889
243890
243895
243896
244055
244056
244057
244058
244059
244060
244061
244062
244063
244064
244065
244066
244067
244068
244069
244070
244071
244072
244074
244075
244080
244081
244240
244241
244242
244243
244244
244245
244246
244247
244248
244249
244250
244251
244252
244253
244254
244255
244256
244257
244259
244260
244265
244266
244425
244426
244427
244428
244429
244430
244431
244432
244433
244434
244435
244436
244437
244438
244439
244440
244441
244442
244444
244445
244450
244451
244610
244611
244612
244613
244614
244615
244616
244617
244618
244619
244620
244621
244622
244623
244624
244625
244626
244627
244629
244630
244635
244636
244795
244796
244797
244798
244799
244800
244801
244802
244803
244804
244805
244806
244807
244808
244809
244810
244811
244812
244814
244815
244820
244821
244980
244981
244982
244983
244985
244986
244988
244989
244991
244992
244994
244995
244997
245000
245005
245006
245166
245167
245190
245191
245351
245352
245375
245376
245536
245537
245560
245561
245721
245722
245745
245746
245906
245907
245930
245931
246091
246092
246115
246116
246276
246277
246300
246301
246461
246462
246485
246486
246646
246647
246670
246671
246831
246832
246855
246856
247015
247016
247017
247018
247019
247020
247021
247022
247023
247024
247025
247026
247028
247029
247040
247041
247200
247201
247202
247203
247204
247205
247206
247207
247208
247209
247210
247211
247213
247214
247225
247226
247385
247386
247387
247388
247389
247390
247391
247392
247393
247394
247395
247396
247398
247399
247410
247411
247570
247571
247572
247573
247574
247575
247576
247577
247578
247579
247580
247581
247583
247584
247595
247596
247755
247756
247757
247758
247759
247760
247761
247762
247763
247764
247765
247766
247768
247769
247780
247781
247940
247941
247942
247943
247944
247945
247946
247947
247948
247949
247950
247951
247953
247954
247965
247966
248125
248126
248127
248128
248129
248130
248131
248132
248133
248134
248135
248136
248138
248139
248150
248151
248310
248311
248312
248313
248314
248315
248316
248317
248318
248319
248320
248321
248323
248324
248335
248336
248495
248496
248497
248498
248499
248500
248501
248502
248503
248504
248505
248506
248508
248509
248520
248521
248680
248681
248682
248683
248684
248685
248686
248687
248688
248689
248690
248691
248693
248694
248705
248706
248865
248866
248867
248868
248869
248870
248871
248872
248873
248874
248875
248876
248878
248879
248890
248891
249050
249051
249052
249053
249054
249055
249056
249057
249058
249059
249060
249061
249063
249064
249075
249076
249235
249236
249237
249238
249239
249240
249241
249242
249243
249244
249245
249246
249248
249249
249260
249261
249420
249421
249422
249423
249424
249425
249426
249427
249428
249429
249430
249431
249433
249434
249445
249446
249605
249606
249607
249608
249609
249610
249611
249612
249613
249614
249615
249616
249618
249619
249630
249631
249790
249791
249792
249793
249794
249795
249796
249797
249798
249799
249800
249801
249803
249804
249815
249816
249975
249976
249977
249978
249980
249981
249983
249984
249986
249989
250000
250001
250161
250162
250185
250186
250346
250347
250370
250371
250531
250532
250555
250556
250715
250716
250717
250718
250719
250720
250721
250722
250723
250724
250725
250726
250727
250728
250729
250730
250731
250732
250734
250735
250740
250741
250900
250901
250902
250903
250904
250905
250906
250907
250908
250909
250910
250911
250912
250913
250914
250915
250916
250917
250919
250920
250925
250926
251085
251086
251087
251088
251089
251090
251091
251092
251093
251094
251095
251096
251097
251098
251099
251100
251101
251102
251104
251105
251110
251111
251270
251271
251272
251273
251274
251275
251276
251277
251278
251279
251280
251281
251282
251283
251284
251285
251286
251287
251289
251290
251295
251296
251455
251456
251457
251458
251459
251460
251461
251462
251463
251464
251465
251466
251467
251468
251469
251470
251471
251472
251474
251475
251480
251481
251640
251641
251642
251643
251644
251645
251646
251647
251648
251649
251650
251651
251652
251653
251654
251655
251656
251657
251659
251660
251665
251666
251825
251826
251827
251828
251829
251830
251831
251832
251833
251834
251835
251836
251837
251838
251839
251840
251841
251842
251844
251845
251850
251851
252010
252011
252012
252013
252014
252015
252016
252017
252018
252019
252020
252021
252022
252023
252024
252025
252026
252027
252029
252030
252035
252036
252195
252196
252197
252198
252199
252200
252201
252202
252203
252204
252205
252206
252207
252208
252209
252210
252211
252212
252214
252215
252220
252221
252380
252381
252382
252383
252384
252385
252386
252387
252388
252389
252390
252391
252392
252393
252394
252395
252396
252397
252399
252400
252405
252406
252565
252566
252567
252568
252569
252570
252571
252572
252573
252574
252575
252576
252577
252578
252579
252580
252581
252582
252584
252585
252590
252591
252750
252751
252752
252753
252754
252755
252756
252757
252758
252759
252760
252761
252762
252763
252764
252765
252766
252767
252769
252770
252775
252776
252935
252936
252937
252938
252940
252941
252943
252944
252946
252947
252949
252950
252952
252955
252960
252961
253121
253122
253145
253146
253306
253307
253330
253331
253491
253492
253515
253516
253675
253677
253680
253701
256019
256020
256039
256041
256043
256044
256204
256205
256228
256229
256389
256390
256413
256414
256573
256574
256575
256576
256577
256578
256579
256580
256581
256582
256583
256584
256585
256586
256587
256588
256589
256590
256592
256593
256598
256599
256758
256759
256760
256761
256762
256763
256764
256765
256766
256767
256768
256769
256770
256771
256772
256773
256774
256775
256777
256778
256783
256784
256943
256944
256945
256946
256947
256948
256949
256950
256951
256952
256953
256954
256955
256956
256957
256958
256959
256960
256962
256963
256968
256969
257128
257129
257130
257131
257132
257133
257134
257135
257136
257137
257138
257139
257140
257141
257142
257143
257144
257145
257147
257148
257153
257154
257313
257314
257315
257316
257317
257318
257319
257320
257321
257322
257323
257324
257325
257326
257327
257328
257329
257330
257332
257333
257338
257339
257498
257499
257500
257501
257502
257503
257504
257505
257506
257507
257508
257509
257510
257511
257512
257513
257514
257515
257517
257518
257523
257524
257683
257684
257685
257686
257687
257688
257689
257690
257691
257692
257693
257694
257695
257696
257697
257698
257699
257700
257702
257703
257708
257709
257868
257869
257870
257871
257872
257873
257874
257875
257876
257877
257878
257879
257880
257881
257882
257883
257884
257885
257887
257888
257893
257894
258053
258054
258055
258056
258057
258058
258059
258060
258061
258062
258063
258064
258065
258066
258067
258068
258069
258070
258072
258073
258078
258079
258238
258239
258240
258241
258242
258243
258244
258245
258246
258247
258248
258249
258250
258251
258252
258253
258254
258255
258257
258258
258263
258264
258423
258424
258425
258426
258428
258429
258431
258432
258434
258435
258437
258438
258440
258443
258448
258449
258609
258610
258633
258634
258794
258795
258818
258819
258979
258980
259003
259004
259164
259165
259188
259189
259349
259350
259373
259374
259534
259535
259558
259559
259719
259720
259743
259744
259904
259905
259928
259929
260089
260090
260113
260114
260274
260275
260298
260299
260458
260459
260460
260461
260462
260463
260464
260465
260466
260467
260468
260469
260471
260472
260483
260484
260643
260644
260645
260646
260647
260648
260649
260650
260651
260652
260653
260654
260656
260657
260668
260669
260828
260829
260830
260831
260832
260833
260834
260835
260836
260837
260838
260839
260841
260842
260853
260854
261013
261014
261015
261016
261017
261018
261019
261020
261021
261022
261023
261024
261026
261027
261038
261039
261198
261199
261200
261201
261202
261203
261204
261205
261206
261207
261208
261209
261211
261212
261223
261224
261383
261384
261385
261386
261387
261388
261389
261390
261391
261392
261393
261394
261396
261397
261408
261409
261568
261569
261570
261571
261572
261573
261574
261575
261576
261577
261578
261579
261581
261582
261593
261594
261753
261754
261755
261756
261757
261758
261759
261760
261761
261762
261763
261764
261766
261767
261778
261779
261938
261939
261940
261941
261942
261943
261944
261945
261946
261947
261948
261949
261951
261952
261963
261964
262123
262124
262125
262126
262127
262128
262129
262130
262131
262132
262133
262134
262136
262137
262148
262149
262308
262309
262310
262311
262312
262313
262314
262315
262316
262317
262318
262319
262321
262322
262333
262334
262493
262494
262495
262496
262497
262498
262499
262500
262501
262502
262503
262504
262506
262507
262518
262519
262678
262679
262680
262681
262682
262683
262684
262685
262686
262687
262688
262689
262691
262692
262703
262704
262863
262864
262865
262866
262867
262868
262869
262870
262871
262872
262873
262874
262876
262877
262888
262889
263048
263049
263050
263051
263052
263053
263054
263055
263056
263057
263058
263059
263061
263062
263073
263074
263233
263234
263235
263236
263237
263238
263239
263240
263241
263242
263243
263244
263246
263247
263258
263259
263418
263419
263420
263421
263423
263424
263426
263427
263429
263432
263443
263444
263604
263605
263628
263629
263789
263790
263813
263814
263974
263975
263998
263999
264158
264159
264160
264161
264162
264163
264164
264165
264166
264167
264168
264169
264170
264171
264172
264173
264174
264175
264177
264178
264183
264184
264343
264344
264345
264346
264347
264348
264349
264350
264351
264352
264353
264354
264355
264356
264357
264358
264359
264360
264362
264363
264368
264369
264528
264529
264530
264531
264532
264533
264534
264535
264536
264537
264538
264539
264540
264541
264542
264543
264544
264545
264547
264548
264553
264554
264713
264714
264715
264716
264717
264718
264719
264720
264721
264722
264723
264724
264725
264726
264727
264728
264729
264730
264732
264733
264738
264739
264898
264899
264900
264901
264902
264903
264904
264905
264906
264907
264908
264909
264910
264911
264912
264913
264914
264915
264917
264918
264923
264924
265083
265084
265085
265086
265087
265088
265089
265090
265091
265092
265093
265094
265095
265096
265097
265098
265099
265100
265102
265103
265108
265109
265268
265269
265270
265271
265272
265273
265274
265275
265276
265277
265278
265279
265280
265281
265282
265283
265284
265285
265287
265288
265293
265294
265453
265454
265455
265456
265457
265458
265459
265460
265461
265462
265463
265464
265465
265466
265467
265468
265469
265470
265472
265473
265478
265479
265638
265639
265640
265641
265642
265643
265644
265645
265646
265647
265648
265649
265650
265651
265652
265653
265654
265655
265657
265658
265663
265664
265823
265824
265825
265826
265827
265828
265829
265830
265831
265832
265833
265834
265835
265836
265837
265838
265839
265840
265842
265843
265848
265849
266008
266009
266010
266011
266012
266013
266014
266015
266016
266017
266018
266019
266020
266021
266022
266023
266024
266025
266027
266028
266033
266034
266193
266194
266195
266196
266197
266198
266199
266200
266201
266202
266203
266204
266205
266206
266207
266208
266209
266210
266212
266213
266218
266219
266378
266379
266380
266381
266383
266384
266386
266387
266389
266390
266392
266393
266395
266398
266403
266404
266564
266565
266588
266589
266749
266750
266773
266774
266934
266935
266958
266959
267118
267120
267123
267144
269462
269463
269482
269484
269486
269487
269647
269648
269671
269672
269832
269833
269856
269857
270016
270017
270018
270019
270020
270021
270022
270023
270024
270025
270026
270027
270028
270029
270030
270031
270032
270033
270035
270036
270041
270042
270201
270202
270203
270204
270205
270206
270207
270208
270209
270210
270211
270212
270213
270214
270215
270216
270217
270218
270220
270221
270226
270227
270386
270387
270388
270389
270390
270391
270392
270393
270394
270395
270396
270397
270398
270399
270400
270401
270402
270403
270405
270406
270411
270412
270571
270572
270573
270574
270575
270576
270577
270578
270579
270580
270581
270582
270583
270584
270585
270586
270587
270588
270590
270591
270596
270597
270756
270757
270758
270759
270760
270761
270762
270763
270764
270765
270766
270767
270768
270769
270770
270771
270772
270773
270775
270776
270781
270782
270941
270942
270943
270944
270945
270946
270947
270948
270949
270950
270951
270952
270953
270954
270955
270956
270957
270958
270960
270961
270966
270967
271126
271127
271128
271129
271130
271131
271132
271133
271134
271135
271136
271137
271138
271139
271140
271141
271142
271143
271145
271146
271151
271152
271311
271312
271313
271314
271315
271316
271317
271318
271319
271320
271321
271322
271323
271324
271325
271326
271327
271328
271330
271331
271336
271337
271496
271497
271498
271499
271500
271501
271502
271503
271504
271505
271506
271507
271508
271509
271510
271511
271512
271513
271515
271516
271521
271522
271681
271682
271683
271684
271685
271686
271687
271688
271689
271690
271691
271692
271693
271694
271695
271696
271697
271698
271700
271701
271706
271707
271866
271867
271868
271869
271871
271872
271874
271875
271877
271878
271880
271881
271883
271886
271891
271892
272052
272053
272076
272077
272237
272238
272261
272262
272422
272423
272446
272447
272607
272608
272631
272632
272792
272793
272816
272817
272977
272978
273001
273002
273162
273163
273186
273187
273347
273348
273371
273372
273532
273533
273556
273557
273717
273718
273741
273742
273901
273902
273903
273904
273905
273906
273907
273908
273909
273910
273911
273912
273914
273915
273926
273927
274086
274087
274088
274089
274090
274091
274092
274093
274094
274095
274096
274097
274099
274100
274111
274112
274271
274272
274273
274274
274275
274276
274277
274278
274279
274280
274281
274282
274284
274285
274296
274297
274456
274457
274458
274459
274460
274461
274462
274463
274464
274465
274466
274467
274469
274470
274481
274482
274641
274642
274643
274644
274645
274646
274647
274648
274649
274650
274651
274652
274654
274655
274666
274667
274826
274827
274828
274829
274830
274831
274832
274833
274834
274835
274836
274837
274839
274840
274851
274852
275011
275012
275013
275014
275015
275016
275017
275018
275019
275020
275021
275022
275024
275025
275036
275037
275196
275197
275198
275199
275200
275201
275202
275203
275204
275205
275206
275207
275209
275210
275221
275222
275381
275382
275383
275384
275385
275386
275387
275388
275389
275390
275391
275392
275394
275395
275406
275407
275566
275567
275568
275569
275570
275571
275572
275573
275574
275575
275576
275577
275579
275580
275591
275592
275751
275752
275753
275754
275755
275756
275757
275758
275759
275760
275761
275762
275764
275765
275776
275777
275936
275937
275938
275939
275940
275941
275942
275943
275944
275945
275946
275947
275949
275950
275961
275962
276121
276122
276123
276124
276125
276126
276127
276128
276129
276130
276131
276132
276134
276135
276146
276147
276306
276307
276308
276309
276310
276311
276312
276313
276314
276315
276316
276317
276319
276320
276331
276332
276491
276492
276493
276494
276495
276496
276497
276498
276499
276500
276501
276502
276504
276505
276516
276517
276676
276677
276678
276679
276680
276681
276682
276683
276684
276685
276686
276687
276689
276690
276701
276702
276861
276862
276863
276864
276866
276867
276869
276870
276872
276875
276886
276887
277047
277048
277071
277072
277232
277233
277256
277257
277417
277418
277441
277442
277601
277602
277603
277604
277605
277606
277607
277608
277609
277610
277611
277612
277613
277614
277615
277616
277617
277618
277620
277621
277626
277627
277786
277787
277788
277789
277790
277791
277792
277793
277794
277795
277796
277797
277798
277799
277800
277801
277802
277803
277805
277806
277811
277812
277971
277972
277973
277974
277975
277976
277977
277978
277979
277980
277981
277982
277983
277984
277985
277986
277987
277988
277990
277991
277996
277997
278156
278157
278158
278159
278160
278161
278162
278163
278164
278165
278166
278167
278168
278169
278170
278171
278172
278173
278175
278176
278181
278182
278341
278342
278343
278344
278345
278346
278347
278348
278349
278350
278351
278352
278353
278354
278355
278356
278357
278358
278360
278361
278366
278367
278526
278527
278528
278529
278530
278531
278532
278533
278534
278535
278536
278537
278538
278539
278540
278541
278542
278543
278545
278546
278551
278552
278711
278712
278713
278714
278715
278716
278717
278718
278719
278720
278721
278722
278723
278724
278725
278726
278727
278728
278730
278731
278736
278737
278896
278897
278898
278899
278900
278901
278902
278903
278904
278905
278906
278907
278908
278909
278910
278911
278912
278913
278915
278916
278921
278922
279081
279082
279083
279084
279085
279086
279087
279088
279089
279090
279091
279092
279093
279094
279095
279096
279097
279098
279100
279101
279106
279107
279266
279267
279268
279269
279270
279271
279272
279273
279274
279275
279276
279277
279278
279279
279280
279281
279282
279283
279285
279286
279291
279292
279451
279452
279453
279454
279455
279456
279457
279458
279459
279460
279461
279462
279463
279464
279465
279466
279467
279468
279470
279471
279476
279477
279636
279637
279638
279639
279640
279641
279642
279643
279644
279645
279646
279647
279648
279649
279650
279651
279652
279653
279655
279656
279661
279662
279821
279822
279823
279824
279826
279827
279829
279830
279832
279833
279835
279836
279838
279841
279846
279847
280007
280008
280031
280032
280192
280193
280216
280217
280377
280378
280401
280402
280561
280563
280566
280587
282905
282906
282925
282927
282929
282930
283090
283091
283114
283115
283275
283276
283299
283300
283459
283460
283461
283462
283463
283464
283465
283466
283467
283468
283469
283470
283471
283472
283473
283474
283475
283476
283478
283479
283484
283485
283644
283645
283646
283647
283648
283649
283650
283651
283652
283653
283654
283655
283656
283657
283658
283659
283660
283661
283663
283664
283669
283670
283829
283830
283831
283832
283833
283834
283835
283836
283837
283838
283839
283840
283841
283842
283843
283844
283845
283846
283848
283849
283854
283855
284014
284015
284016
284017
284018
284019
284020
284021
284022
284023
284024
284025
284026
284027
284028
284029
284030
284031
284033
284034
284039
284040
284199
284200
284201
284202
284203
284204
284205
284206
284207
284208
284209
284210
284211
284212
284213
284214
284215
284216
284218
284219
284224
284225
284384
284385
284386
284387
284388
284389
284390
284391
284392
284393
284394
284395
284396
284397
284398
284399
284400
284401
284403
284404
284409
284410
284569
284570
284571
284572
284573
284574
284575
284576
284577
284578
284579
284580
284581
284582
284583
284584
284585
284586
284588
284589
284594
284595
284754
284755
284756
284757
284758
284759
284760
284761
284762
284763
284764
284765
284766
284767
284768
284769
284770
284771
284773
284774
284779
284780
284939
284940
284941
284942
284943
284944
284945
284946
284947
284948
284949
284950
284951
284952
284953
284954
284955
284956
284958
284959
284964
284965
285124
285125
285126
285127
285128
285129
285130
285131
285132
285133
285134
285135
285136
285137
285138
285139
285140
285141
285143
285144
285149
285150
285309
285310
285311
285312
285314
285315
285317
285318
285320
285321
285323
285324
285326
285329
285334
285335
285495
285496
285519
285520
285680
285681
285704
285705
285865
285866
285889
285890
286050
286051
286074
286075
286235
286236
286259
286260
286420
286421
286444
286445
286605
286606
286629
286630
286790
286791
286814
286815
286975
286976
286999
287000
287160
287161
287184
287185
287344
287345
287346
287347
287348
287349
287350
287351
287352
287353
287354
287355
287357
287358
287369
287370
287529
287530
287531
287532
287533
287534
287535
287536
287537
287538
287539
287540
287542
287543
287554
287555
287714
287715
287716
287717
287718
287719
287720
287721
287722
287723
287724
287725
287727
287728
287739
287740
287899
287900
287901
287902
287903
287904
287905
287906
287907
287908
287909
287910
287912
287913
287924
287925
288084
288085
288086
288087
288088
288089
288090
288091
288092
288093
288094
288095
288097
288098
288109
288110
288269
288270
288271
288272
288273
288274
288275
288276
288277
288278
288279
288280
288282
288283
288294
288295
288454
288455
288456
288457
288458
288459
288460
288461
288462
288463
288464
288465
288467
288468
288479
288480
288639
288640
288641
288642
288643
288644
288645
288646
288647
288648
288649
288650
288652
288653
288664
288665
288824
288825
288826
288827
288828
288829
288830
288831
288832
288833
288834
288835
288837
288838
288849
288850
289009
289010
289011
289012
289013
289014
289015
289016
289017
289018
289019
289020
289022
289023
289034
289035
289194
289195
289196
289197
289198
289199
289200
289201
289202
289203
289204
289205
289207
289208
289219
289220
289379
289380
289381
289382
289383
289384
289385
289386
289387
289388
289389
289390
289392
289393
289404
289405
289564
289565
289566
289567
289568
289569
289570
289571
289572
289573
289574
289575
289577
289578
289589
289590
289749
289750
289751
289752
289753
289754
289755
289756
289757
289758
289759
289760
289762
289763
289774
289775
289934
289935
289936
289937
289938
289939
289940
289941
289942
289943
289944
289945
289947
289948
289959
289960
290119
290120
290121
290122
290123
290124
290125
290126
290127
290128
290129
290130
290132
290133
290144
290145
290304
290305
290306
290307
290309
290310
290312
290313
290315
290318
290329
290330
290490
290491
290514
290515
290675
290676
290699
290700
290860
290861
290884
290885
291044
291045
291046
291047
291048
291049
291050
291051
291052
291053
291054
291055
291056
291057
291058
291059
291060
291061
291063
291064
291069
291070
291229
291230
291231
291232
291233
291234
291235
291236
291237
291238
291239
291240
291241
291242
291243
291244
291245
291246
291248
291249
291254
291255
291414
291415
291416
291417
291418
291419
291420
291421
291422
291423
291424
291425
291426
291427
291428
291429
291430
291431
291433
291434
291439
291440
291599
291600
291601
291602
291603
291604
291605
291606
291607
291608
291609
291610
291611
291612
291613
291614
291615
291616
291618
291619
291624
291625
291784
291785
291786
291787
291788
291789
291790
291791
291792
291793
291794
291795
291796
291797
291798
291799
291800
291801
291803
291804
291809
291810
291969
291970
291971
291972
291973
291974
291975
291976
291977
291978
291979
291980
291981
291982
291983
291984
291985
291986
291988
291989
291994
291995
292154
292155
292156
292157
292158
292159
292160
292161
292162
292163
292164
292165
292166
292167
292168
292169
292170
292171
292173
292174
292179
292180
292339
292340
292341
292342
292343
292344
292345
292346
292347
292348
292349
292350
292351
292352
292353
292354
292355
292356
292358
292359
292364
292365
292524
292525
292526
292527
292528
292529
292530
292531
292532
292533
292534
292535
292536
292537
292538
292539
292540
292541
292543
292544
292549
292550
292709
292710
292711
292712
292713
292714
292715
292716
292717
292718
292719
292720
292721
292722
292723
292724
292725
292726
292728
292729
292734
292735
292894
292895
292896
292897
292898
292899
292900
292901
292902
292903
292904
292905
292906
292907
292908
292909
292910
292911
292913
292914
292919
292920
293079
293080
293081
293082
293083
293084
293085
293086
293087
293088
293089
293090
293091
293092
293093
293094
293095
293096
293098
293099
293104
293105
293264
293265
293266
293267
293269
293270
293272
293273
293275
293276
293278
293279
293281
293284
293289
293290
293450
293451
293474
293475
293635
293636
293659
293660
293820
293821
293844
293845
294004
294006
294009
294030
296348
296349
296368
296370
296372
296373
296533
296534
296557
296558
296718
296719
296742
296743
296902
296903
296904
296905
296906
296907
296908
296909
296910
296911
296912
296913
296914
296915
296916
296917
296918
296919
296921
296922
296927
296928
297087
297088
297089
297090
297091
297092
297093
297094
297095
297096
297097
297098
297099
297100
297101
297102
297103
297104
297106
297107
297112
297113
297272
297273
297274
297275
297276
297277
297278
297279
297280
297281
297282
297283
297284
297285
297286
297287
297288
297289
297291
297292
297297
297298
297457
297458
297459
297460
297461
297462
297463
297464
297465
297466
297467
297468
297469
297470
297471
297472
297473
297474
297476
297477
297482
297483
297642
297643
297644
297645
297646
297647
297648
297649
297650
297651
297652
297653
297654
297655
297656
297657
297658
297659
297661
297662
297667
297668
297827
297828
297829
297830
297831
297832
297833
297834
297835
297836
297837
297838
297839
297840
297841
297842
297843
297844
297846
297847
297852
297853
298012
298013
298014
298015
298016
298017
298018
298019
298020
298021
298022
298023
298024
298025
298026
298027
298028
298029
298031
298032
298037
298038
298197
298198
298199
298200
298201
298202
298203
298204
298205
298206
298207
298208
298209
298210
298211
298212
298213
298214
298216
298217
298222
298223
298382
298383
298384
298385
298386
298387
298388
298389
298390
298391
298392
298393
298394
298395
298396
298397
298398
298399
298401
298402
298407
298408
298567
298568
298569
298570
298571
298572
298573
298574
298575
298576
298577
298578
298579
298580
298581
298582
298583
298584
298586
298587
298592
298593
298752
298753
298754
298755
298757
298758
298760
298761
298763
298764
298766
298767
298769
298772
298777
298778
298938
298939
298962
298963
299123
299124
299147
299148
299308
299309
299332
299333
299493
299494
299517
299518
299678
299679
299702
299703
299863
299864
299887
299888
300048
300049
300072
300073
300233
300234
300257
300258
300418
300419
300442
300443
300603
300604
300627
300628
300787
300788
300789
300790
300791
300792
300793
300794
300795
300796
300797
300798
300800
300801
300812
300813
300972
300973
300974
300975
300976
300977
300978
300979
300980
300981
300982
300983
300985
300986
300997
300998
301157
301158
301159
301160
301161
301162
301163
301164
301165
301166
301167
301168
301170
301171
301182
301183
301342
301343
301344
301345
301346
301347
301348
301349
301350
301351
301352
301353
301355
301356
301367
301368
301527
301528
301529
301530
301531
301532
301533
301534
301535
301536
301537
301538
301540
301541
301552
301553
301712
301713
301714
301715
301716
301717
301718
301719
301720
301721
301722
301723
301725
301726
301737
301738
301897
301898
301899
301900
301901
301902
301903
301904
301905
301906
301907
301908
301910
301911
301922
301923
302082
302083
302084
302085
302086
302087
302088
302089
302090
302091
302092
302093
302095
302096
302107
302108
302267
302268
302269
302270
302271
302272
302273
302274
302275
302276
302277
302278
302280
302281
302292
302293
302452
302453
302454
302455
302456
302457
302458
302459
302460
302461
302462
302463
302465
302466
302477
302478
302637
302638
302639
302640
302641
302642
302643
302644
302645
302646
302647
302648
302650
302651
302662
302663
302822
302823
302824
302825
302826
302827
302828
302829
302830
302831
302832
302833
302835
302836
302847
302848
303007
303008
303009
303010
303011
303012
303013
303014
303015
303016
303017
303018
303020
303021
303032
303033
303192
303193
303194
303195
303196
303197
303198
303199
303200
303201
303202
303203
303205
303206
303217
303218
303377
303378
303379
303380
303381
303382
303383
303384
303385
303386
303387
303388
303390
303391
303402
303403
303562
303563
303564
303565
303566
303567
303568
303569
303570
303571
303572
303573
303575
303576
303587
303588
303747
303748
303749
303750
303752
303753
303755
303756
303758
303761
303772
303773
303933
303934
303957
303958
304118
304119
304142
304143
304303
304304
304327
304328
304487
304488
304489
304490
304491
304492
304493
304494
304495
304496
304497
304498
304499
304500
304501
304502
304503
304504
304506
304507
304512
304513
304672
304673
304674
304675
304676
304677
304678
304679
304680
304681
304682
304683
304684
304685
304686
304687
304688
304689
304691
304692
304697
304698
304857
304858
304859
304860
304861
304862
304863
304864
304865
304866
304867
304868
304869
304870
304871
304872
304873
304874
304876
304877
304882
304883
305042
305043
305044
305045
305046
305047
305048
305049
305050
305051
305052
305053
305054
305055
305056
305057
305058
305059
305061
305062
305067
305068
305227
305228
305229
305230
305231
305232
305233
305234
305235
305236
305237
305238
305239
305240
305241
305242
305243
305244
305246
305247
305252
305253
305412
305413
305414
305415
305416
305417
305418
305419
305420
305421
305422
305423
305424
305425
305426
305427
305428
305429
305431
305432
305437
305438
305597
305598
305599
305600
305601
305602
305603
305604
305605
305606
305607
305608
305609
305610
305611
305612
305613
305614
305616
305617
305622
305623
305782
305783
305784
305785
305786
305787
305788
305789
305790
305791
305792
305793
305794
305795
305796
305797
305798
305799
305801
305802
305807
305808
305967
305968
305969
305970
305971
305972
305973
305974
305975
305976
305977
305978
305979
305980
305981
305982
305983
305984
305986
305987
305992
305993
306152
306153
306154
306155
306156
306157
306158
306159
306160
306161
306162
306163
306164
306165
306166
306167
306168
306169
306171
306172
306177
306178
306337
306338
306339
306340
306341
306342
306343
306344
306345
306346
306347
306348
306349
306350
306351
306352
306353
306354
306356
306357
306362
306363
306522
306523
306524
306525
306526
306527
306528
306529
306530
306531
306532
306533
306534
306535
306536
306537
306538
306539
306541
306542
306547
306548
306707
306708
306709
306710
306712
306713
306715
306716
306718
306719
306721
306722
306724
306727
306732
306733
306893
306894
306917
306918
307078
307079
307102
307103
307263
307264
307287
307288
307447
307449
307452
307473
309791
309792
309811
309813
309815
309816
309976
309977
310000
310001
310161
310162
310185
310186
310345
310346
310347
310348
310349
310350
310351
310352
310353
310354
310355
310356
310357
310358
310359
310360
310361
310362
310364
310365
310370
310371
310530
310531
310532
310533
310534
310535
310536
310537
310538
310539
310540
310541
310542
310543
310544
310545
310546
310547
310549
310550
310555
310556
310715
310716
310717
310718
310719
310720
310721
310722
310723
310724
310725
310726
310727
310728
310729
310730
310731
310732
310734
310735
310740
310741
310900
310901
310902
310903
310904
310905
310906
310907
310908
310909
310910
310911
310912
310913
310914
310915
310916
310917
310919
310920
310925
310926
311085
311086
311087
311088
311089
311090
311091
311092
311093
311094
311095
311096
311097
311098
311099
311100
311101
311102
311104
311105
311110
311111
311270
311271
311272
311273
311274
311275
311276
311277
311278
311279
311280
311281
311282
311283
311284
311285
311286
311287
311289
311290
311295
311296
311455
311456
311457
311458
311459
311460
311461
311462
311463
311464
311465
311466
311467
311468
311469
311470
311471
311472
311474
311475
311480
311481
311640
311641
311642
311643
311644
311645
311646
311647
311648
311649
311650
311651
311652
311653
311654
311655
311656
311657
311659
311660
311665
311666
311825
311826
311827
311828
311829
311830
311831
311832
311833
311834
311835
311836
311837
311838
311839
311840
311841
311842
311844
311845
311850
311851
312010
312011
312012
312013
312014
312015
312016
312017
312018
312019
312020
312021
312022
312023
312024
312025
312026
312027
312029
312030
312035
312036
312195
312196
312197
312198
312200
312201
312203
312204
312206
312207
312209
312210
312212
312215
312220
312221
312381
312382
312405
312406
312566
312567
312590
312591
312751
312752
312775
312776
312936
312937
312960
312961
313121
313122
313145
313146
313306
313307
313330
313331
313491
313492
313515
313516
313676
313677
313700
313701
313861
313862
313885
313886
314046
314047
314070
314071
314230
314231
314232
314233
314234
314235
314236
314237
314238
314239
314240
314241
314243
314244
314255
314256
314415
314416
314417
314418
314419
314420
314421
314422
314423
314424
314425
314426
314428
314429
314440
314441
314600
314601
314602
314603
314604
314605
314606
314607
314608
314609
314610
314611
314613
314614
314625
314626
314785
314786
314787
314788
314789
314790
314791
314792
314793
314794
314795
314796
314798
314799
314810
314811
314970
314971
314972
314973
314974
314975
314976
314977
314978
314979
314980
314981
314983
314984
314995
314996
315155
315156
315157
315158
315159
315160
315161
315162
315163
315164
315165
315166
315168
315169
315180
315181
315340
315341
315342
315343
315344
315345
315346
315347
315348
315349
315350
315351
315353
315354
315365
315366
315525
315526
315527
315528
315529
315530
315531
315532
315533
315534
315535
315536
315538
315539
315550
315551
315710
315711
315712
315713
315714
315715
315716
315717
315718
315719
315720
315721
315723
315724
315735
315736
315895
315896
315897
315898
315899
315900
315901
315902
315903
315904
315905
315906
315908
315909
315920
315921
316080
316081
316082
316083
316084
316085
316086
316087
316088
316089
316090
316091
316093
316094
316105
316106
316265
316266
316267
316268
316269
316270
316271
316272
316273
316274
316275
316276
316278
316279
316290
316291
316450
316451
316452
316453
316454
316455
316456
316457
316458
316459
316460
316461
316463
316464
316475
316476
316635
316636
316637
316638
316639
316640
316641
316642
316643
316644
316645
316646
316648
316649
316660
316661
316820
316821
316822
316823
316824
316825
316826
316827
316828
316829
316830
316831
316833
316834
316845
316846
317005
317006
317007
317008
317009
317010
317011
317012
317013
317014
317015
317016
317018
317019
317030
317031
317190
317191
317192
317193
317195
317196
317198
317199
317201
317204
317215
317216
317376
317377
317400
317401
317561
317562
317585
317586
317746
317747
317770
317771
317930
317931
317932
317933
317934
317935
317936
317937
317938
317939
317940
317941
317942
317943
317944
317945
317946
317947
317949
317950
317955
317956
318115
318116
318117
318118
318119
318120
318121
318122
318123
318124
318125
318126
318127
318128
318129
318130
318131
318132
318134
318135
318140
318141
318300
318301
318302
318303
318304
318305
318306
318307
318308
318309
318310
318311
318312
318313
318314
318315
318316
318317
318319
318320
318325
318326
318485
318486
318487
318488
318489
318490
318491
318492
318493
318494
318495
318496
318497
318498
318499
318500
318501
318502
318504
318505
318510
318511
318670
318671
318672
318673
318674
318675
318676
318677
318678
318679
318680
318681
318682
318683
318684
318685
318686
318687
318689
318690
318695
318696
318855
318856
318857
318858
318859
318860
318861
318862
318863
318864
318865
318866
318867
318868
318869
318870
318871
318872
318874
318875
318880
318881
319040
319041
319042
319043
319044
319045
319046
319047
319048
319049
319050
319051
319052
319053
319054
319055
319056
319057
319059
319060
319065
319066
319225
319226
319227
319228
319229
319230
319231
319232
319233
319234
319235
319236
319237
319238
319239
319240
319241
319242
319244
319245
319250
319251
319410
319411
319412
319413
319414
319415
319416
319417
319418
319419
319420
319421
319422
319423
319424
319425
319426
319427
319429
319430
319435
319436
319595
319596
319597
319598
319599
319600
319601
319602
319603
319604
319605
319606
319607
319608
319609
319610
319611
319612
319614
319615
319620
319621
319780
319781
319782
319783
319784
319785
319786
319787
319788
319789
319790
319791
319792
319793
319794
319795
319796
319797
319799
319800
319805
319806
319965
319966
319967
319968
319969
319970
319971
319972
319973
319974
319975
319976
319977
319978
319979
319980
319981
319982
319984
319985
319990
319991
320150
320151
320152
320153
320155
320156
320158
320159
320161
320162
320164
320165
320167
320170
320175
320176
320336
320337
320360
320361
320521
320522
320545
320546
320706
320707
320730
320731
320890
320892
320895
320916
323234
323235
323254
323256
323258
323259
323419
323420
323443
323444
323604
323605
323628
323629
323788
323789
323790
323791
323792
323793
323794
323795
323796
323797
323798
323799
323800
323801
323802
323803
323804
323805
323807
323808
323813
323814
323973
323974
323975
323976
323977
323978
323979
323980
323981
323982
323983
323984
323985
323986
323987
323988
323989
323990
323992
323993
323998
323999
324158
324159
324160
324161
324162
324163
324164
324165
324166
324167
324168
324169
324170
324171
324172
324173
324174
324175
324177
324178
324183
324184
324343
324344
324345
324346
324347
324348
324349
324350
324351
324352
324353
324354
324355
324356
324357
324358
324359
324360
324362
324363
324368
324369
324528
324529
324530
324531
324532
324533
324534
324535
324536
324537
324538
324539
324540
324541
324542
324543
324544
324545
324547
324548
324553
324554
324713
324714
324715
324716
324717
324718
324719
324720
324721
324722
324723
324724
324725
324726
324727
324728
324729
324730
324732
324733
324738
324739
324898
324899
324900
324901
324902
324903
324904
324905
324906
324907
324908
324909
324910
324911
324912
324913
324914
324915
324917
324918
324923
324924
325083
325084
325085
325086
325087
325088
325089
325090
325091
325092
325093
325094
325095
325096
325097
325098
325099
325100
325102
325103
325108
325109
325268
325269
325270
325271
325272
325273
325274
325275
325276
325277
325278
325279
325280
325281
325282
325283
325284
325285
325287
325288
325293
325294
325453
325454
325455
325456
325457
325458
325459
325460
325461
325462
325463
325464
325465
325466
325467
325468
325469
325470
325472
325473
325478
325479
325638
325639
325640
325641
325643
325644
325646
325647
325649
325650
325652
325653
325655
325658
325663
325664
325824
325825
325848
325849
326009
326010
326033
326034
326194
326195
326218
326219
326379
326380
326403
326404
326564
326565
326588
326589
326749
326750
326773
326774
326934
326935
326958
326959
327119
327120
327143
327144
327304
327305
327328
327329
327489
327490
327513
327514
327673
327674
327675
327676
327677
327678
327679
327680
327681
327682
327683
327684
327686
327687
327698
327699
327858
327859
327860
327861
327862
327863
327864
327865
327866
327867
327868
327869
327871
327872
327883
327884
328043
328044
328045
328046
328047
328048
328049
328050
328051
328052
328053
328054
328056
328057
328068
328069
328228
328229
328230
328231
328232
328233
328234
328235
328236
328237
328238
328239
328241
328242
328253
328254
328413
328414
328415
328416
328417
328418
328419
328420
328421
328422
328423
328424
328426
328427
328438
328439
328598
328599
328600
328601
328602
328603
328604
328605
328606
328607
328608
328609
328611
328612
328623
328624
328783
328784
328785
328786
328787
328788
328789
328790
328791
328792
328793
328794
328796
328797
328808
328809
328968
328969
328970
328971
328972
328973
328974
328975
328976
328977
328978
328979
328981
328982
328993
328994
329153
329154
329155
329156
329157
329158
329159
329160
329161
329162
329163
329164
329166
329167
329178
329179
329338
329339
329340
329341
329342
329343
329344
329345
329346
329347
329348
329349
329351
329352
329363
329364
329523
329524
329525
329526
329527
329528
329529
329530
329531
329532
329533
329534
329536
329537
329548
329549
329708
329709
329710
329711
329712
329713
329714
329715
329716
329717
329718
329719
329721
329722
329733
329734
329893
329894
329895
329896
329897
329898
329899
329900
329901
329902
329903
329904
329906
329907
329918
329919
330078
330079
330080
330081
330082
330083
330084
330085
330086
330087
330088
330089
330091
330092
330103
330104
330263
330264
330265
330266
330267
330268
330269
330270
330271
330272
330273
330274
330276
330277
330288
330289
330448
330449
330450
330451
330452
330453
330454
330455
330456
330457
330458
330459
330461
330462
330473
330474
330633
330634
330635
330636
330638
330639
330641
330642
330644
330647
330658
330659
330819
330820
330843
330844
331004
331005
331028
331029
331189
331190
331213
331214
331373
331374
331375
331376
331377
331378
331379
331380
331381
331382
331383
331384
331385
331386
331387
331388
331389
331390
331392
331393
331398
331399
331558
331559
331560
331561
331562
331563
331564
331565
331566
331567
331568
331569
331570
331571
331572
331573
331574
331575
331577
331578
331583
331584
331743
331744
331745
331746
331747
331748
331749
331750
331751
331752
331753
331754
331755
331756
331757
331758
331759
331760
331762
331763
331768
331769
331928
331929
331930
331931
331932
331933
331934
331935
331936
331937
331938
331939
331940
331941
331942
331943
331944
331945
331947
331948
331953
331954
332113
332114
332115
332116
332117
332118
332119
332120
332121
332122
332123
332124
332125
332126
332127
332128
332129
332130
332132
332133
332138
332139
332298
332299
332300
332301
332302
332303
332304
332305
332306
332307
332308
332309
332310
332311
332312
332313
332314
332315
332317
332318
332323
332324
332483
332484
332485
332486
332487
332488
332489
332490
332491
332492
332493
332494
332495
332496
332497
332498
332499
332500
332502
332503
332508
332509
332668
332669
332670
332671
332672
332673
332674
332675
332676
332677
332678
332679
332680
332681
332682
332683
332684
332685
332687
332688
332693
332694
332853
332854
332855
332856
332857
332858
332859
332860
332861
332862
332863
332864
332865
332866
332867
332868
332869
332870
332872
332873
332878
332879
333038
333039
333040
333041
333042
333043
333044
333045
333046
333047
333048
333049
333050
333051
333052
333053
333054
333055
333057
333058
333063
333064
333223
333224
333225
333226
333227
333228
333229
333230
333231
333232
333233
333234
333235
333236
333237
333238
333239
333240
333242
333243
333248
333249
333408
333409
333410
333411
333412
333413
333414
333415
333416
333417
333418
333419
333420
333421
333422
333423
333424
333425
333427
333428
333433
333434
333593
333594
333595
333596
333598
333599
333601
333602
333604
333605
333607
333608
333610
333613
333618
333619
333779
333780
333803
333804
333964
333965
333988
333989
334149
334150
334173
334174
334333
334335
334338
334359
336677
336678
336697
336699
336701
336702
336862
336863
336886
336887
337047
337048
337071
337072
337231
337232
337233
337234
337235
337236
337237
337238
337239
337240
337241
337242
337243
337244
337245
337246
337247
337248
337250
337251
337256
337257
337416
337417
337418
337419
337420
337421
337422
337423
337424
337425
337426
337427
337428
337429
337430
337431
337432
337433
337435
337436
337441
337442
337601
337602
337603
337604
337605
337606
337607
337608
337609
337610
337611
337612
337613
337614
337615
337616
337617
337618
337620
337621
337626
337627
337786
337787
337788
337789
337790
337791
337792
337793
337794
337795
337796
337797
337798
337799
337800
337801
337802
337803
337805
337806
337811
337812
337971
337972
337973
337974
337975
337976
337977
337978
337979
337980
337981
337982
337983
337984
337985
337986
337987
337988
337990
337991
337996
337997
338156
338157
338158
338159
338160
338161
338162
338163
338164
338165
338166
338167
338168
338169
338170
338171
338172
338173
338175
338176
338181
338182
338341
338342
338343
338344
338345
338346
338347
338348
338349
338350
338351
338352
338353
338354
338355
338356
338357
338358
338360
338361
338366
338367
338526
338527
338528
338529
338530
338531
338532
338533
338534
338535
338536
338537
338538
338539
338540
338541
338542
338543
338545
338546
338551
338552
338711
338712
338713
338714
338715
338716
338717
338718
338719
338720
338721
338722
338723
338724
338725
338726
338727
338728
338730
338731
338736
338737
338896
338897
338898
338899
338900
338901
338902
338903
338904
338905
338906
338907
338908
338909
338910
338911
338912
338913
338915
338916
338921
338922
339081
339082
339083
339084
339086
339087
339089
339090
339092
339093
339095
339096
339098
339101
339106
339107
339267
339268
339291
339292
339452
339453
339476
339477
339637
339638
339661
339662
339822
339823
339846
339847
340007
340008
340031
340032
340192
340193
340216
340217
340377
340378
340401
340402
340562
340563
340586
340587
340747
340748
340771
340772
340932
340933
340956
340957
341116
341117
341118
341119
341120
341121
341122
341123
341124
341125
341126
341127
341129
341130
341141
341142
341301
341302
341303
341304
341305
341306
341307
341308
341309
341310
341311
341312
341314
341315
341326
341327
341486
341487
341488
341489
341490
341491
341492
341493
341494
341495
341496
341497
341499
341500
341511
341512
341671
341672
341673
341674
341675
341676
341677
341678
341679
341680
341681
341682
341684
341685
341696
341697
341856
341857
341858
341859
341860
341861
341862
341863
341864
341865
341866
341867
341869
341870
341881
341882
342041
342042
342043
342044
342045
342046
342047
342048
342049
342050
342051
342052
342054
342055
342066
342067
342226
342227
342228
342229
342230
342231
342232
342233
342234
342235
342236
342237
342239
342240
342251
342252
342411
342412
342413
342414
342415
342416
342417
342418
342419
342420
342421
342422
342424
342425
342436
342437
342596
342597
342598
342599
342600
342601
342602
342603
342604
342605
342606
342607
342609
342610
342621
342622
342781
342782
342783
342784
342785
342786
342787
342788
342789
342790
342791
342792
342794
342795
342806
342807
342966
342967
342968
342969
342970
342971
342972
342973
342974
342975
342976
342977
342979
342980
342991
342992
343151
343152
343153
343154
343155
343156
343157
343158
343159
343160
343161
343162
343164
343165
343176
343177
343336
343337
343338
343339
343340
343341
343342
343343
343344
343345
343346
343347
343349
343350
343361
343362
343521
343522
343523
343524
343525
343526
343527
343528
343529
343530
343531
343532
343534
343535
343546
343547
343706
343707
343708
343709
343710
343711
343712
343713
343714
343715
343716
343717
343719
343720
343731
343732
343891
343892
343893
343894
343895
343896
343897
343898
343899
343900
343901
343902
343904
343905
343916
343917
344076
344077
344078
344079
344081
344082
344084
344085
344087
344090
344101
344102
344262
344263
344286
344287
344447
344448
344471
344472
344632
344633
344656
344657
344816
344817
344818
344819
344820
344821
344822
344823
344824
344825
344826
344827
344828
344829
344830
344831
344832
344833
344835
344836
344841
344842
345001
345002
345003
345004
345005
345006
345007
345008
345009
345010
345011
345012
345013
345014
345015
345016
345017
345018
345020
345021
345026
345027
345186
345187
345188
345189
345190
345191
345192
345193
345194
345195
345196
345197
345198
345199
345200
345201
345202
345203
345205
345206
345211
345212
345371
345372
345373
345374
345375
345376
345377
345378
345379
345380
345381
345382
345383
345384
345385
345386
345387
345388
345390
345391
345396
345397
345556
345557
345558
345559
345560
345561
345562
345563
345564
345565
345566
345567
345568
345569
345570
345571
345572
345573
345575
345576
345581
345582
345741
345742
345743
345744
345745
345746
345747
345748
345749
345750
345751
345752
345753
345754
345755
345756
345757
345758
345760
345761
345766
345767
345926
345927
345928
345929
345930
345931
345932
345933
345934
345935
345936
345937
345938
345939
345940
345941
345942
345943
345945
345946
345951
345952
346111
346112
346113
346114
346115
346116
346117
346118
346119
346120
346121
346122
346123
346124
346125
346126
346127
346128
346130
346131
346136
346137
346296
346297
346298
346299
346300
346301
346302
346303
346304
346305
346306
346307
346308
346309
346310
346311
346312
346313
346315
346316
346321
346322
346481
346482
346483
346484
346485
346486
346487
346488
346489
346490
346491
346492
346493
346494
346495
346496
346497
346498
346500
346501
346506
346507
346666
346667
346668
346669
346670
346671
346672
346673
346674
346675
346676
346677
346678
346679
346680
346681
346682
346683
346685
346686
346691
346692
346851
346852
346853
346854
346855
346856
346857
346858
346859
346860
346861
346862
346863
346864
346865
346866
346867
346868
346870
346871
346876
346877
347036
347037
347038
347039
347041
347042
347044
347045
347047
347048
347050
347051
347053
347056
347061
347062
347222
347223
347246
347247
347407
347408
347431
347432
347592
347593
347616
347617
347776
347778
347781
347802
350120
350121
350140
350142
350144
350145
350305
350306
350329
350330
350490
350491
350514
350515
350674
350675
350676
350677
350678
350679
350680
350681
350682
350683
350684
350685
350686
350687
350688
350689
350690
350691
350693
350694
350699
350700
350859
350860
350861
350862
350863
350864
350865
350866
350867
350868
350869
350870
350871
350872
350873
350874
350875
350876
350878
350879
350884
350885
351044
351045
351046
351047
351048
351049
351050
351051
351052
351053
351054
351055
351056
351057
351058
351059
351060
351061
351063
351064
351069
351070
351229
351230
351231
351232
351233
351234
351235
351236
351237
351238
351239
351240
351241
351242
351243
351244
351245
351246
351248
351249
351254
351255
351414
351415
351416
351417
351418
351419
351420
351421
351422
351423
351424
351425
351426
351427
351428
351429
351430
351431
351433
351434
351439
351440
351599
351600
351601
351602
351603
351604
351605
351606
351607
351608
351609
351610
351611
351612
351613
351614
351615
351616
351618
351619
351624
351625
351784
351785
351786
351787
351788
351789
351790
351791
351792
351793
351794
351795
351796
351797
351798
351799
351800
351801
351803
351804
351809
351810
351969
351970
351971
351972
351973
351974
351975
351976
351977
351978
351979
351980
351981
351982
351983
351984
351985
351986
351988
351989
351994
351995
352154
352155
352156
352157
352158
352159
352160
352161
352162
352163
352164
352165
352166
352167
352168
352169
352170
352171
352173
352174
352179
352180
352339
352340
352341
352342
352343
352344
352345
352346
352347
352348
352349
352350
352351
352352
352353
352354
352355
352356
352358
352359
352364
352365
352524
352525
352526
352527
352529
352530
352532
352533
352535
352536
352538
352539
352541
352544
352549
352550
352710
352711
352734
352735
352895
352896
352919
352920
353080
353081
353104
353105
353265
353266
353289
353290
353450
353451
353474
353475
353635
353636
353659
353660
353820
353821
353844
353845
354005
354006
354029
354030
354190
354191
354214
354215
354375
354376
354399
354400
354559
354560
354561
354562
354563
354564
354565
354566
354567
354568
354569
354570
354572
354573
354584
354585
354744
354745
354746
354747
354748
354749
354750
354751
354752
354753
354754
354755
354757
354758
354769
354770
354929
354930
354931
354932
354933
354934
354935
354936
354937
354938
354939
354940
354942
354943
354954
354955
355114
355115
355116
355117
355118
355119
355120
355121
355122
355123
355124
355125
355127
355128
355139
355140
355299
355300
355301
355302
355303
355304
355305
355306
355307
355308
355309
355310
355312
355313
355324
355325
355484
355485
355486
355487
355488
355489
355490
355491
355492
355493
355494
355495
355497
355498
355509
355510
355669
355670
355671
355672
355673
355674
355675
355676
355677
355678
355679
355680
355682
355683
355694
355695
355854
355855
355856
355857
355858
355859
355860
355861
355862
355863
355864
355865
355867
355868
355879
355880
356039
356040
356041
356042
356043
356044
356045
356046
356047
356048
356049
356050
356052
356053
356064
356065
356224
356225
356226
356227
356228
356229
356230
356231
356232
356233
356234
356235
356237
356238
356249
356250
356409
356410
356411
356412
356413
356414
356415
356416
356417
356418
356419
356420
356422
356423
356434
356435
356594
356595
356596
356597
356598
356599
356600
356601
356602
356603
356604
356605
356607
356608
356619
356620
356779
356780
356781
356782
356783
356784
356785
356786
356787
356788
356789
356790
356792
356793
356804
356805
356964
356965
356966
356967
356968
356969
356970
356971
356972
356973
356974
356975
356977
356978
356989
356990
357149
357150
357151
357152
357153
357154
357155
357156
357157
357158
357159
357160
357162
357163
357174
357175
357334
357335
357336
357337
357338
357339
357340
357341
357342
357343
357344
357345
357347
357348
357359
357360
357519
357520
357521
357522
357524
357525
357527
357528
357530
357533
357544
357545
357705
357706
357729
357730
357890
357891
357914
357915
358075
358076
358099
358100
358259
358260
358261
358262
358263
358264
358265
358266
358267
358268
358269
358270
358271
358272
358273
358274
358275
358276
358278
358279
358284
358285
358444
358445
358446
358447
358448
358449
358450
358451
358452
358453
358454
358455
358456
358457
358458
358459
358460
358461
358463
358464
358469
358470
358629
358630
358631
358632
358633
358634
358635
358636
358637
358638
358639
358640
358641
358642
358643
358644
358645
358646
358648
358649
358654
358655
358814
358815
358816
358817
358818
358819
358820
358821
358822
358823
358824
358825
358826
358827
358828
358829
358830
358831
358833
358834
358839
358840
358999
359000
359001
359002
359003
359004
359005
359006
359007
359008
359009
359010
359011
359012
359013
359014
359015
359016
359018
359019
359024
359025
359184
359185
359186
359187
359188
359189
359190
359191
359192
359193
359194
359195
359196
359197
359198
359199
359200
359201
359203
359204
359209
359210
359369
359370
359371
359372
359373
359374
359375
359376
359377
359378
359379
359380
359381
359382
359383
359384
359385
359386
359388
359389
359394
359395
359554
359555
359556
359557
359558
359559
359560
359561
359562
359563
359564
359565
359566
359567
359568
359569
359570
359571
359573
359574
359579
359580
359739
359740
359741
359742
359743
359744
359745
359746
359747
359748
359749
359750
359751
359752
359753
359754
359755
359756
359758
359759
359764
359765
359924
359925
359926
359927
359928
359929
359930
359931
359932
359933
359934
359935
359936
359937
359938
359939
359940
359941
359943
359944
359949
359950
360109
360110
360111
360112
360113
360114
360115
360116
360117
360118
360119
360120
360121
360122
360123
360124
360125
360126
360128
360129
360134
360135
360294
360295
360296
360297
360298
360299
360300
360301
360302
360303
360304
360305
360306
360307
360308
360309
360310
360311
360313
360314
360319
360320
360479
360480
360481
360482
360484
360485
360487
360488
360490
360491
360493
360494
360496
360499
360504
360505
360665
360666
360689
360690
360850
360851
360874
360875
361035
361036
361059
361060
361219
361221
361224
361245
363563
363564
363583
363585
363587
363588
363748
363749
363772
363773
363933
363934
363957
363958
364117
364118
364119
364120
364121
364122
364123
364124
364125
364126
364127
364128
364129
364130
364131
364132
364133
364134
364136
364137
364142
364143
364302
364303
364304
364305
364306
364307
364308
364309
364310
364311
364312
364313
364314
364315
364316
364317
364318
364319
364321
364322
364327
364328
364487
364488
364489
364490
364491
364492
364493
364494
364495
364496
364497
364498
364499
364500
364501
364502
364503
364504
364506
364507
364512
364513
364672
364673
364674
364675
364676
364677
364678
364679
364680
364681
364682
364683
364684
364685
364686
364687
364688
364689
364691
364692
364697
364698
364857
364858
364859
364860
364861
364862
364863
364864
364865
364866
364867
364868
364869
364870
364871
364872
364873
364874
364876
364877
364882
364883
365042
365043
365044
365045
365046
365047
365048
365049
365050
365051
365052
365053
365054
365055
365056
365057
365058
365059
365061
365062
365067
365068
365227
365228
365229
365230
365231
365232
365233
365234
365235
365236
365237
365238
365239
365240
365241
365242
365243
365244
365246
365247
365252
365253
365412
365413
365414
365415
365416
365417
365418
365419
365420
365421
365422
365423
365424
365425
365426
365427
365428
365429
365431
365432
365437
365438
365597
365598
365599
365600
365601
365602
365603
365604
365605
365606
365607
365608
365609
365610
365611
365612
365613
365614
365616
365617
365622
365623
365782
365783
365784
365785
365786
365787
365788
365789
365790
365791
365792
365793
365794
365795
365796
365797
365798
365799
365801
365802
365807
365808
365967
365968
365969
365970
365972
365973
365975
365976
365978
365979
365981
365982
365984
365987
365992
365993
366153
366154
366177
366178
366338
366339
366362
366363
366523
366524
366547
366548
366708
366709
366732
366733
366893
366894
366917
366918
367078
367079
367102
367103
367263
367264
367287
367288
367448
367449
367472
367473
367633
367634
367657
367658
367818
367819
367842
367843
368002
368003
368004
368005
368006
368007
368008
368009
368010
368011
368012
368013
368015
368016
368027
368028
368187
368188
368189
368190
368191
368192
368193
368194
368195
368196
368197
368198
368200
368201
368212
368213
368372
368373
368374
368375
368376
368377
368378
368379
368380
368381
368382
368383
368385
368386
368397
368398
368557
368558
368559
368560
368561
368562
368563
368564
368565
368566
368567
368568
368570
368571
368582
368583
368742
368743
368744
368745
368746
368747
368748
368749
368750
368751
368752
368753
368755
368756
368767
368768
368927
368928
368929
368930
368931
368932
368933
368934
368935
368936
368937
368938
368940
368941
368952
368953
369112
369113
369114
369115
369116
369117
369118
369119
369120
369121
369122
369123
369125
369126
369137
369138
369297
369298
369299
369300
369301
369302
369303
369304
369305
369306
369307
369308
369310
369311
369322
369323
369482
369483
369484
369485
369486
369487
369488
369489
369490
369491
369492
369493
369495
369496
369507
369508
369667
369668
369669
369670
369671
369672
369673
369674
369675
369676
369677
369678
369680
369681
369692
369693
369852
369853
369854
369855
369856
369857
369858
369859
369860
369861
369862
369863
369865
369866
369877
369878
370037
370038
370039
370040
370041
370042
370043
370044
370045
370046
370047
370048
370050
370051
370062
370063
370222
370223
370224
370225
370226
370227
370228
370229
370230
370231
370232
370233
370235
370236
370247
370248
370407
370408
370409
370410
370411
370412
370413
370414
370415
370416
370417
370418
370420
370421
370432
370433
370592
370593
370594
370595
370596
370597
370598
370599
370600
370601
370602
370603
370605
370606
370617
370618
370777
370778
370779
370780
370781
370782
370783
370784
370785
370786
370787
370788
370790
370791
370802
370803
370962
370963
370964
370965
370967
370968
370970
370971
370973
370976
370987
370988
371148
371149
371172
371173
371333
371334
371357
371358
371518
371519
371542
371543
371702
371703
371704
371705
371706
371707
371708
371709
371710
371711
371712
371713
371714
371715
371716
371717
371718
371719
371721
371722
371727
371728
371887
371888
371889
371890
371891
371892
371893
371894
371895
371896
371897
371898
371899
371900
371901
371902
371903
371904
371906
371907
371912
371913
372072
372073
372074
372075
372076
372077
372078
372079
372080
372081
372082
372083
372084
372085
372086
372087
372088
372089
372091
372092
372097
372098
372257
372258
372259
372260
372261
372262
372263
372264
372265
372266
372267
372268
372269
372270
372271
372272
372273
372274
372276
372277
372282
372283
372442
372443
372444
372445
372446
372447
372448
372449
372450
372451
372452
372453
372454
372455
372456
372457
372458
372459
372461
372462
372467
372468
372627
372628
372629
372630
372631
372632
372633
372634
372635
372636
372637
372638
372639
372640
372641
372642
372643
372644
372646
372647
372652
372653
372812
372813
372814
372815
372816
372817
372818
372819
372820
372821
372822
372823
372824
372825
372826
372827
372828
372829
372831
372832
372837
372838
372997
372998
372999
373000
373001
373002
373003
373004
373005
373006
373007
373008
373009
373010
373011
373012
373013
373014
373016
373017
373022
373023
373182
373183
373184
373185
373186
373187
373188
373189
373190
373191
373192
373193
373194
373195
373196
373197
373198
373199
373201
373202
373207
373208
373367
373368
373369
373370
373371
373372
373373
373374
373375
373376
373377
373378
373379
373380
373381
373382
373383
373384
373386
373387
373392
373393
373552
373553
373554
373555
373556
373557
373558
373559
373560
373561
373562
373563
373564
373565
373566
373567
373568
373569
373571
373572
373577
373578
373737
373738
373739
373740
373741
373742
373743
373744
373745
373746
373747
373748
373749
373750
373751
373752
373753
373754
373756
373757
373762
373763
373922
373923
373924
373925
373927
373928
373930
373931
373933
373934
373936
373937
373939
373942
373947
373948
374108
374109
374132
374133
374293
374294
374317
374318
374478
374479
374502
374503
374662
374664
374667
374688
377006
377007
377026
377028
377030
377031
377191
377192
377215
377216
377376
377377
377400
377401
377560
377561
377562
377563
377564
377565
377566
377567
377568
377569
377570
377571
377572
377573
377574
377575
377576
377577
377579
377580
377585
377586
377745
377746
377747
377748
377749
377750
377751
377752
377753
377754
377755
377756
377757
377758
377759
377760
377761
377762
377764
377765
377770
377771
377930
377931
377932
377933
377934
377935
377936
377937
377938
377939
377940
377941
377942
377943
377944
377945
377946
377947
377949
377950
377955
377956
378115
378116
378117
378118
378119
378120
378121
378122
378123
378124
378125
378126
378127
378128
378129
378130
378131
378132
378134
378135
378140
378141
378300
378301
378302
378303
378304
378305
378306
378307
378308
378309
378310
378311
378312
378313
378314
378315
378316
378317
378319
378320
378325
378326
378485
378486
378487
378488
378489
378490
378491
378492
378493
378494
378495
378496
378497
378498
378499
378500
378501
378502
378504
378505
378510
378511
378670
378671
378672
378673
378674
378675
378676
378677
378678
378679
378680
378681
378682
378683
378684
378685
378686
378687
378689
378690
378695
378696
378855
378856
378857
378858
378859
378860
378861
378862
378863
378864
378865
378866
378867
378868
378869
378870
378871
378872
378874
378875
378880
378881
379040
379041
379042
379043
379044
379045
379046
379047
379048
379049
379050
379051
379052
379053
379054
379055
379056
379057
379059
379060
379065
379066
379225
379226
379227
379228
379229
379230
379231
379232
379233
379234
379235
379236
379237
379238
379239
379240
379241
379242
379244
379245
379250
379251
379410
379411
379412
379413
379415
379416
379418
379419
379421
379422
379424
379425
379427
379430
379435
379436
379596
379597
379620
379621
379781
379782
379805
379806
379966
379967
379990
379991
380151
380152
380175
380176
380336
380337
380360
380361
380521
380522
380545
380546
380706
380707
380730
380731
380891
380892
380915
380916
381076
381077
381100
381101
381261
381262
381285
381286
381445
381446
381447
381448
381449
381450
381451
381452
381453
381454
381455
381456
381458
381459
381470
381471
381630
381631
381632
381633
381634
381635
381636
381637
381638
381639
381640
381641
381643
381644
381655
381656
381815
381816
381817
381818
381819
381820
381821
381822
381823
381824
381825
381826
381828
381829
381840
381841
382000
382001
382002
382003
382004
382005
382006
382007
382008
382009
382010
382011
382013
382014
382025
382026
382185
382186
382187
382188
382189
382190
382191
382192
382193
382194
382195
382196
382198
382199
382210
382211
382370
382371
382372
382373
382374
382375
382376
382377
382378
382379
382380
382381
382383
382384
382395
382396
382555
382556
382557
382558
382559
382560
382561
382562
382563
382564
382565
382566
382568
382569
382580
382581
382740
382741
382742
382743
382744
382745
382746
382747
382748
382749
382750
382751
382753
382754
382765
382766
382925
382926
382927
382928
382929
382930
382931
382932
382933
382934
382935
382936
382938
382939
382950
382951
383110
383111
383112
383113
383114
383115
383116
383117
383118
383119
383120
383121
383123
383124
383135
383136
383295
383296
383297
383298
383299
383300
383301
383302
383303
383304
383305
383306
383308
383309
383320
383321
383480
383481
383482
383483
383484
383485
383486
383487
383488
383489
383490
383491
383493
383494
383505
383506
383665
383666
383667
383668
383669
383670
383671
383672
383673
383674
383675
383676
383678
383679
383690
383691
383850
383851
383852
383853
383854
383855
383856
383857
383858
383859
383860
383861
383863
383864
383875
383876
384035
384036
384037
384038
384039
384040
384041
384042
384043
384044
384045
384046
384048
384049
384060
384061
384220
384221
384222
384223
384224
384225
384226
384227
384228
384229
384230
384231
384233
384234
384245
384246
384405
384406
384407
384408
384410
384411
384413
384414
384416
384419
384430
384431
384591
384592
384615
384616
384776
384777
384800
384801
384961
384962
384985
384986
385145
385146
385147
385148
385149
385150
385151
385152
385153
385154
385155
385156
385157
385158
385159
385160
385161
385162
385164
385165
385170
385171
385330
385331
385332
385333
385334
385335
385336
385337
385338
385339
385340
385341
385342
385343
385344
385345
385346
385347
385349
385350
385355
385356
385515
385516
385517
385518
385519
385520
385521
385522
385523
385524
385525
385526
385527
385528
385529
385530
385531
385532
385534
385535
385540
385541
385700
385701
385702
385703
385704
385705
385706
385707
385708
385709
385710
385711
385712
385713
385714
385715
385716
385717
385719
385720
385725
385726
385885
385886
385887
385888
385889
385890
385891
385892
385893
385894
385895
385896
385897
385898
385899
385900
385901
385902
385904
385905
385910
385911
386070
386071
386072
386073
386074
386075
386076
386077
386078
386079
386080
386081
386082
386083
386084
386085
386086
386087
386089
386090
386095
386096
386255
386256
386257
386258
386259
386260
386261
386262
386263
386264
386265
386266
386267
386268
386269
386270
386271
386272
386274
386275
386280
386281
386440
386441
386442
386443
386444
386445
386446
386447
386448
386449
386450
386451
386452
386453
386454
386455
386456
386457
386459
386460
386465
386466
386625
386626
386627
386628
386629
386630
386631
386632
386633
386634
386635
386636
386637
386638
386639
386640
386641
386642
386644
386645
386650
386651
386810
386811
386812
386813
386814
386815
386816
386817
386818
386819
386820
386821
386822
386823
386824
386825
386826
386827
386829
386830
386835
386836
386995
386996
386997
386998
386999
387000
387001
387002
387003
387004
387005
387006
387007
387008
387009
387010
387011
387012
387014
387015
387020
387021
387180
387181
387182
387183
387184
387185
387186
387187
387188
387189
387190
387191
387192
387193
387194
387195
387196
387197
387199
387200
387205
387206
387365
387366
387367
387368
387370
387371
387373
387374
387376
387377
387379
387380
387382
387385
387390
387391
387551
387552
387575
387576
387736
387737
387760
387761
387921
387922
387945
387946
388105
388107
388110
388131
390449
390450
390469
390471
390473
390474
390634
390635
390658
390659
390819
390820
390843
390844
391003
391004
391005
391006
391007
391008
391009
391010
391011
391012
391013
391014
391015
391016
391017
391018
391019
391020
391022
391023
391028
391029
391188
391189
391190
391191
391192
391193
391194
391195
391196
391197
391198
391199
391200
391201
391202
391203
391204
391205
391207
391208
391213
391214
391373
391374
391375
391376
391377
391378
391379
391380
391381
391382
391383
391384
391385
391386
391387
391388
391389
391390
391392
391393
391398
391399
391558
391559
391560
391561
391562
391563
391564
391565
391566
391567
391568
391569
391570
391571
391572
391573
391574
391575
391577
391578
391583
391584
391743
391744
391745
391746
391747
391748
391749
391750
391751
391752
391753
391754
391755
391756
391757
391758
391759
391760
391762
391763
391768
391769
391928
391929
391930
391931
391932
391933
391934
391935
391936
391937
391938
391939
391940
391941
391942
391943
391944
391945
391947
391948
391953
391954
392113
392114
392115
392116
392117
392118
392119
392120
392121
392122
392123
392124
392125
392126
392127
392128
392129
392130
392132
392133
392138
392139
392298
392299
392300
392301
392302
392303
392304
392305
392306
392307
392308
392309
392310
392311
392312
392313
392314
392315
392317
392318
392323
392324
392483
392484
392485
392486
392487
392488
392489
392490
392491
392492
392493
392494
392495
392496
392497
392498
392499
392500
392502
392503
392508
392509
392668
392669
392670
392671
392672
392673
392674
392675
392676
392677
392678
392679
392680
392681
392682
392683
392684
392685
392687
392688
392693
392694
392853
392854
392855
392856
392858
392859
392861
392862
392864
392865
392867
392868
392870
392873
392878
392879
393039
393040
393063
393064
393224
393225
393248
393249
393409
393410
393433
393434
393594
393595
393618
393619
393779
393780
393803
393804
393964
393965
393988
393989
394149
394150
394173
394174
394334
394335
394358
394359
394519
394520
394543
394544
394704
394705
394728
394729
394888
394889
394890
394891
394892
394893
394894
394895
394896
394897
394898
394899
394901
394902
394913
394914
395073
395074
395075
395076
395077
395078
395079
395080
395081
395082
395083
395084
395086
395087
395098
395099
395258
395259
395260
395261
395262
395263
395264
395265
395266
395267
395268
395269
395271
395272
395283
395284
395443
395444
395445
395446
395447
395448
395449
395450
395451
395452
395453
395454
395456
395457
395468
395469
395628
395629
395630
395631
395632
395633
395634
395635
395636
395637
395638
395639
395641
395642
395653
395654
395813
395814
395815
395816
395817
395818
395819
395820
395821
395822
395823
395824
395826
395827
395838
395839
395998
395999
396000
396001
396002
396003
396004
396005
396006
396007
396008
396009
396011
396012
396023
396024
396183
396184
396185
396186
396187
396188
396189
396190
396191
396192
396193
396194
396196
396197
396208
396209
396368
396369
396370
396371
396372
396373
396374
396375
396376
396377
396378
396379
396381
396382
396393
396394
396553
396554
396555
396556
396557
396558
396559
396560
396561
396562
396563
396564
396566
396567
396578
396579
396738
396739
396740
396741
396742
396743
396744
396745
396746
396747
396748
396749
396751
396752
396763
396764
396923
396924
396925
396926
396927
396928
396929
396930
396931
396932
396933
396934
396936
396937
396948
396949
397108
397109
397110
397111
397112
397113
397114
397115
397116
397117
397118
397119
397121
397122
397133
397134
397293
397294
397295
397296
397297
397298
397299
397300
397301
397302
397303
397304
397306
397307
397318
397319
397478
397479
397480
397481
397482
397483
397484
397485
397486
397487
397488
397489
397491
397492
397503
397504
397663
397664
397665
397666
397667
397668
397669
397670
397671
397672
397673
397674
397676
397677
397688
397689
397848
397849
397850
397851
397853
397854
397856
397857
397859
397862
397873
397874
398034
398035
398058
398059
398219
398220
398243
398244
398404
398405
398428
398429
398588
398589
398590
398591
398592
398593
398594
398595
398596
398597
398598
398599
398600
398601
398602
398603
398604
398605
398607
398608
398613
398614
398773
398774
398775
398776
398777
398778
398779
398780
398781
398782
398783
398784
398785
398786
398787
398788
398789
398790
398792
398793
398798
398799
398958
398959
398960
398961
398962
398963
398964
398965
398966
398967
398968
398969
398970
398971
398972
398973
398974
398975
398977
398978
398983
398984
399143
399144
399145
399146
399147
399148
399149
399150
399151
399152
399153
399154
399155
399156
399157
399158
399159
399160
399162
399163
399168
399169
399328
399329
399330
399331
399332
399333
399334
399335
399336
399337
399338
399339
399340
399341
399342
399343
399344
399345
399347
399348
399353
399354
399513
399514
399515
399516
399517
399518
399519
399520
399521
399522
399523
399524
399525
399526
399527
399528
399529
399530
399532
399533
399538
399539
399698
399699
399700
399701
399702
399703
399704
399705
399706
399707
399708
399709
399710
399711
399712
399713
399714
399715
399717
399718
399723
399724
399883
399884
399885
399886
399887
399888
399889
399890
399891
399892
399893
399894
399895
399896
399897
399898
399899
399900
399902
399903
399908
399909
400068
400069
400070
400071
400072
400073
400074
400075
400076
400077
400078
400079
400080
400081
400082
400083
400084
400085
400087
400088
400093
400094
400253
400254
400255
400256
400257
400258
400259
400260
400261
400262
400263
400264
400265
400266
400267
400268
400269
400270
400272
400273
400278
400279
400438
400439
400440
400441
400442
400443
400444
400445
400446
400447
400448
400449
400450
400451
400452
400453
400454
400455
400457
400458
400463
400464
400623
400624
400625
400626
400627
400628
400629
400630
400631
400632
400633
400634
400635
400636
400637
400638
400639
400640
400642
400643
400648
400649
400808
400809
400810
400811
400813
400814
400816
400817
400819
400820
400822
400823
400825
400828
400833
400834
400994
400995
401018
401019
401179
401180
401203
401204
401364
401365
401388
401389
401548
401550
401553
401574
403892
403893
403912
403914
403916
403917
404077
404078
404101
404102
404262
404263
404286
404287
404446
404447
404448
404449
404450
404451
404452
404453
404454
404455
404456
404457
404458
404459
404460
404461
404462
404463
404465
404466
404471
404472
404631
404632
404633
404634
404635
404636
404637
404638
404639
404640
404641
404642
404643
404644
404645
404646
404647
404648
404650
404651
404656
404657
404816
404817
404818
404819
404820
404821
404822
404823
404824
404825
404826
404827
404828
404829
404830
404831
404832
404833
404835
404836
404841
404842
405001
405002
405003
405004
405005
405006
405007
405008
405009
405010
405011
405012
405013
405014
405015
405016
405017
405018
405020
405021
405026
405027
405186
405187
405188
405189
405190
405191
405192
405193
405194
405195
405196
405197
405198
405199
405200
405201
405202
405203
405205
405206
405211
405212
405371
405372
405373
405374
405375
405376
405377
405378
405379
405380
405381
405382
405383
405384
405385
405386
405387
405388
405390
405391
405396
405397
405556
405557
405558
405559
405560
405561
405562
405563
405564
405565
405566
405567
405568
405569
405570
405571
405572
405573
405575
405576
405581
405582
405741
405742
405743
405744
405745
405746
405747
405748
405749
405750
405751
405752
405753
405754
405755
405756
405757
405758
405760
405761
405766
405767
405926
405927
405928
405929
405930
405931
405932
405933
405934
405935
405936
405937
405938
405939
405940
405941
405942
405943
405945
405946
405951
405952
406111
406112
406113
406114
406115
406116
406117
406118
406119
406120
406121
406122
406123
406124
406125
406126
406127
406128
406130
406131
406136
406137
406296
406297
406298
406299
406301
406302
406304
406305
406307
406308
406310
406311
406313
406316
406321
406322
406482
406483
406506
406507
406667
406668
406691
406692
406852
406853
406876
406877
407037
407038
407061
407062
407222
407223
407246
407247
407407
407408
407431
407432
407592
407593
407616
407617
407777
407778
407801
407802
407962
407963
407986
407987
408147
408148
408171
408172
408331
408332
408333
408334
408335
408336
408337
408338
408339
408340
408341
408342
408344
408345
408356
408357
408516
408517
408518
408519
408520
408521
408522
408523
408524
408525
408526
408527
408529
408530
408541
408542
408701
408702
408703
408704
408705
408706
408707
408708
408709
408710
408711
408712
408714
408715
408726
408727
408886
408887
408888
408889
408890
408891
408892
408893
408894
408895
408896
408897
408899
408900
408911
408912
409071
409072
409073
409074
409075
409076
409077
409078
409079
409080
409081
409082
409084
409085
409096
409097
409256
409257
409258
409259
409260
409261
409262
409263
409264
409265
409266
409267
409269
409270
409281
409282
409441
409442
409443
409444
409445
409446
409447
409448
409449
409450
409451
409452
409454
409455
409466
409467
409626
409627
409628
409629
409630
409631
409632
409633
409634
409635
409636
409637
409639
409640
409651
409652
409811
409812
409813
409814
409815
409816
409817
409818
409819
409820
409821
409822
409824
409825
409836
409837
409996
409997
409998
409999
410000
410001
410002
410003
410004
410005
410006
410007
410009
410010
410021
410022
410181
410182
410183
410184
410185
410186
410187
410188
410189
410190
410191
410192
410194
410195
410206
410207
410366
410367
410368
410369
410370
410371
410372
410373
410374
410375
410376
410377
410379
410380
410391
410392
410551
410552
410553
410554
410555
410556
410557
410558
410559
410560
410561
410562
410564
410565
410576
410577
410736
410737
410738
410739
410740
410741
410742
410743
410744
410745
410746
410747
410749
410750
410761
410762
410921
410922
410923
410924
410925
410926
410927
410928
410929
410930
410931
410932
410934
410935
410946
410947
411106
411107
411108
411109
411110
411111
411112
411113
411114
411115
411116
411117
411119
411120
411131
411132
411291
411292
411293
411294
411296
411297
411299
411300
411302
411305
411316
411317
411477
411478
411501
411502
411662
411663
411686
411687
411847
411848
411871
411872
412031
412032
412033
412034
412035
412036
412037
412038
412039
412040
412041
412042
412043
412044
412045
412046
412047
412048
412050
412051
412056
412057
412216
412217
412218
412219
412220
412221
412222
412223
412224
412225
412226
412227
412228
412229
412230
412231
412232
412233
412235
412236
412241
412242
412401
412402
412403
412404
412405
412406
412407
412408
412409
412410
412411
412412
412413
412414
412415
412416
412417
412418
412420
412421
412426
412427
412586
412587
412588
412589
412590
412591
412592
412593
412594
412595
412596
412597
412598
412599
412600
412601
412602
412603
412605
412606
412611
412612
412771
412772
412773
412774
412775
412776
412777
412778
412779
412780
412781
412782
412783
412784
412785
412786
412787
412788
412790
412791
412796
412797
412956
412957
412958
412959
412960
412961
412962
412963
412964
412965
412966
412967
412968
412969
412970
412971
412972
412973
412975
412976
412981
412982
413141
413142
413143
413144
413145
413146
413147
413148
413149
413150
413151
413152
413153
413154
413155
413156
413157
413158
413160
413161
413166
413167
413326
413327
413328
413329
413330
413331
413332
413333
413334
413335
413336
413337
413338
413339
413340
413341
413342
413343
413345
413346
413351
413352
413511
413512
413513
413514
413515
413516
413517
413518
413519
413520
413521
413522
413523
413524
413525
413526
413527
413528
413530
413531
413536
413537
413696
413697
413698
413699
413700
413701
413702
413703
413704
413705
413706
413707
413708
413709
413710
413711
413712
413713
413715
413716
413721
413722
413881
413882
413883
413884
413885
413886
413887
413888
413889
413890
413891
413892
413893
413894
413895
413896
413897
413898
413900
413901
413906
413907
414066
414067
414068
414069
414070
414071
414072
414073
414074
414075
414076
414077
414078
414079
414080
414081
414082
414083
414085
414086
414091
414092
414251
414252
414253
414254
414256
414257
414259
414260
414262
414263
414265
414266
414268
414271
414276
414277
414437
414438
414461
414462
414622
414623
414646
414647
414807
414808
414831
414832
414991
414993
414996
415017
417335
417336
417355
417357
417359
417360
417520
417521
417544
417545
417705
417706
417729
417730
417889
417890
417891
417892
417893
417894
417895
417896
417897
417898
417899
417900
417901
417902
417903
417904
417905
417906
417908
417909
417914
417915
418074
418075
418076
418077
418078
418079
418080
418081
418082
418083
418084
418085
418086
418087
418088
418089
418090
418091
418093
418094
418099
418100
418259
418260
418261
418262
418263
418264
418265
418266
418267
418268
418269
418270
418271
418272
418273
418274
418275
418276
418278
418279
418284
418285
418444
418445
418446
418447
418448
418449
418450
418451
418452
418453
418454
418455
418456
418457
418458
418459
418460
418461
418463
418464
418469
418470
418629
418630
418631
418632
418633
418634
418635
418636
418637
418638
418639
418640
418641
418642
418643
418644
418645
418646
418648
418649
418654
418655
418814
418815
418816
418817
418818
418819
418820
418821
418822
418823
418824
418825
418826
418827
418828
418829
418830
418831
418833
418834
418839
418840
418999
419000
419001
419002
419003
419004
419005
419006
419007
419008
419009
419010
419011
419012
419013
419014
419015
419016
419018
419019
419024
419025
419184
419185
419186
419187
419188
419189
419190
419191
419192
419193
419194
419195
419196
419197
419198
419199
419200
419201
419203
419204
419209
419210
419369
419370
419371
419372
419373
419374
419375
419376
419377
419378
419379
419380
419381
419382
419383
419384
419385
419386
419388
419389
419394
419395
419554
419555
419556
419557
419558
419559
419560
419561
419562
419563
419564
419565
419566
419567
419568
419569
419570
419571
419573
419574
419579
419580
419739
419740
419741
419742
419744
419745
419747
419748
419750
419751
419753
419754
419756
419759
419764
419765
419925
419926
419949
419950
420110
420111
420134
420135
420295
420296
420319
420320
420480
420481
420504
420505
420665
420666
420689
420690
420850
420851
420874
420875
421035
421036
421059
421060
421220
421221
421244
421245
421405
421406
421429
421430
421590
421591
421614
421615
421774
421775
421776
421777
421778
421779
421780
421781
421782
421783
421784
421785
421787
421788
421799
421800
421959
421960
421961
421962
421963
421964
421965
421966
421967
421968
421969
421970
421972
421973
421984
421985
422144
422145
422146
422147
422148
422149
422150
422151
422152
422153
422154
422155
422157
422158
422169
422170
422329
422330
422331
422332
422333
422334
422335
422336
422337
422338
422339
422340
422342
422343
422354
422355
422514
422515
422516
422517
422518
422519
422520
422521
422522
422523
422524
422525
422527
422528
422539
422540
422699
422700
422701
422702
422703
422704
422705
422706
422707
422708
422709
422710
422712
422713
422724
422725
422884
422885
422886
422887
422888
422889
422890
422891
422892
422893
422894
422895
422897
422898
422909
422910
423069
423070
423071
423072
423073
423074
423075
423076
423077
423078
423079
423080
423082
423083
423094
423095
423254
423255
423256
423257
423258
423259
423260
423261
423262
423263
423264
423265
423267
423268
423279
423280
423439
423440
423441
423442
423443
423444
423445
423446
423447
423448
423449
423450
423452
423453
423464
423465
423624
423625
423626
423627
423628
423629
423630
423631
423632
423633
423634
423635
423637
423638
423649
423650
423809
423810
423811
423812
423813
423814
423815
423816
423817
423818
423819
423820
423822
423823
423834
423835
423994
423995
423996
423997
423998
423999
424000
424001
424002
424003
424004
424005
424007
424008
424019
424020
424179
424180
424181
424182
424183
424184
424185
424186
424187
424188
424189
424190
424192
424193
424204
424205
424364
424365
424366
424367
424368
424369
424370
424371
424372
424373
424374
424375
424377
424378
424389
424390
424549
424550
424551
424552
424553
424554
424555
424556
424557
424558
424559
424560
424562
424563
424574
424575
424734
424735
424736
424737
424739
424740
424742
424743
424745
424748
424759
424760
424920
424921
424944
424945
425105
425106
425129
425130
425290
425291
425314
425315
425474
425475
425476
425477
425478
425479
425480
425481
425482
425483
425484
425485
425486
425487
425488
425489
425490
425491
425493
425494
425499
425500
425659
425660
425661
425662
425663
425664
425665
425666
425667
425668
425669
425670
425671
425672
425673
425674
425675
425676
425678
425679
425684
425685
425844
425845
425846
425847
425848
425849
425850
425851
425852
425853
425854
425855
425856
425857
425858
425859
425860
425861
425863
425864
425869
425870
426029
426030
426031
426032
426033
426034
426035
426036
426037
426038
426039
426040
426041
426042
426043
426044
426045
426046
426048
426049
426054
426055
426214
426215
426216
426217
426218
426219
426220
426221
426222
426223
426224
426225
426226
426227
426228
426229
426230
426231
426233
426234
426239
426240
426399
426400
426401
426402
426403
426404
426405
426406
426407
426408
426409
426410
426411
426412
426413
426414
426415
426416
426418
426419
426424
426425
426584
426585
426586
426587
426588
426589
426590
426591
426592
426593
426594
426595
426596
426597
426598
426599
426600
426601
426603
426604
426609
426610
426769
426770
426771
426772
426773
426774
426775
426776
426777
426778
426779
426780
426781
426782
426783
426784
426785
426786
426788
426789
426794
426795
426954
426955
426956
426957
426958
426959
426960
426961
426962
426963
426964
426965
426966
426967
426968
426969
426970
426971
426973
426974
426979
426980
427139
427140
427141
427142
427143
427144
427145
427146
427147
427148
427149
427150
427151
427152
427153
427154
427155
427156
427158
427159
427164
427165
427324
427325
427326
427327
427328
427329
427330
427331
427332
427333
427334
427335
427336
427337
427338
427339
427340
427341
427343
427344
427349
427350
427509
427510
427511
427512
427513
427514
427515
427516
427517
427518
427519
427520
427521
427522
427523
427524
427525
427526
427528
427529
427534
427535
427694
427695
427696
427697
427699
427700
427702
427703
427705
427706
427708
427709
427711
427714
427719
427720
427880
427881
427904
427905
428065
428066
428089
428090
428250
428251
428274
428275
428434
428436
428439
428460
430778
430779
430798
430800
430802
430803
430963
430964
430987
430988
431148
431149
431172
431173
431332
431333
431334
431335
431336
431337
431338
431339
431340
431341
431342
431343
431344
431345
431346
431347
431348
431349
431351
431352
431357
431358
431517
431518
431519
431520
431521
431522
431523
431524
431525
431526
431527
431528
431529
431530
431531
431532
431533
431534
431536
431537
431542
431543
431702
431703
431704
431705
431706
431707
431708
431709
431710
431711
431712
431713
431714
431715
431716
431717
431718
431719
431721
431722
431727
431728
431887
431888
431889
431890
431891
431892
431893
431894
431895
431896
431897
431898
431899
431900
431901
431902
431903
431904
431906
431907
431912
431913
432072
432073
432074
432075
432076
432077
432078
432079
432080
432081
432082
432083
432084
432085
432086
432087
432088
432089
432091
432092
432097
432098
432257
432258
432259
432260
432261
432262
432263
432264
432265
432266
432267
432268
432269
432270
432271
432272
432273
432274
432276
432277
432282
432283
432442
432443
432444
432445
432446
432447
432448
432449
432450
432451
432452
432453
432454
432455
432456
432457
432458
432459
432461
432462
432467
432468
432627
432628
432629
432630
432631
432632
432633
432634
432635
432636
432637
432638
432639
432640
432641
432642
432643
432644
432646
432647
432652
432653
432812
432813
432814
432815
432816
432817
432818
432819
432820
432821
432822
432823
432824
432825
432826
432827
432828
432829
432831
432832
432837
432838
432997
432998
432999
433000
433001
433002
433003
433004
433005
433006
433007
433008
433009
433010
433011
433012
433013
433014
433016
433017
433022
433023
433182
433183
433184
433185
433187
433188
433190
433191
433193
433194
433196
433197
433199
433202
433207
433208
433368
433369
433392
433393
433553
433554
433577
433578
433738
433739
433762
433763
433923
433924
433947
433948
434108
434109
434132
434133
434293
434294
434317
434318
434478
434479
434502
434503
434663
434664
434687
434688
434848
434849
434872
434873
435033
435034
435057
435058
435217
435218
435219
435220
435221
435222
435223
435224
435225
435226
435227
435228
435230
435231
435242
435243
435402
435403
435404
435405
435406
435407
435408
435409
435410
435411
435412
435413
435415
435416
435427
435428
435587
435588
435589
435590
435591
435592
435593
435594
435595
435596
435597
435598
435600
435601
435612
435613
435772
435773
435774
435775
435776
435777
435778
435779
435780
435781
435782
435783
435785
435786
435797
435798
435957
435958
435959
435960
435961
435962
435963
435964
435965
435966
435967
435968
435970
435971
435982
435983
436142
436143
436144
436145
436146
436147
436148
436149
436150
436151
436152
436153
436155
436156
436167
436168
436327
436328
436329
436330
436331
436332
436333
436334
436335
436336
436337
436338
436340
436341
436352
436353
436512
436513
436514
436515
436516
436517
436518
436519
436520
436521
436522
436523
436525
436526
436537
436538
436697
436698
436699
436700
436701
436702
436703
436704
436705
436706
436707
436708
436710
436711
436722
436723
436882
436883
436884
436885
436886
436887
436888
436889
436890
436891
436892
436893
436895
436896
436907
436908
437067
437068
437069
437070
437071
437072
437073
437074
437075
437076
437077
437078
437080
437081
437092
437093
437252
437253
437254
437255
437256
437257
437258
437259
437260
437261
437262
437263
437265
437266
437277
437278
437437
437438
437439
437440
437441
437442
437443
437444
437445
437446
437447
437448
437450
437451
437462
437463
437622
437623
437624
437625
437626
437627
437628
437629
437630
437631
437632
437633
437635
437636
437647
437648
437807
437808
437809
437810
437811
437812
437813
437814
437815
437816
437817
437818
437820
437821
437832
437833
437992
437993
437994
437995
437996
437997
437998
437999
438000
438001
438002
438003
438005
438006
438017
438018
438177
438178
438179
438180
438182
438183
438185
438186
438188
438191
438202
438203
438363
438364
438387
438388
438548
438549
438572
438573
438733
438734
438757
438758
438917
438918
438919
438920
438921
438922
438923
438924
438925
438926
438927
438928
438929
438930
438931
438932
438933
438934
438936
438937
438942
438943
439102
439103
439104
439105
439106
439107
439108
439109
439110
439111
439112
439113
439114
439115
439116
439117
439118
439119
439121
439122
439127
439128
439287
439288
439289
439290
439291
439292
439293
439294
439295
439296
439297
439298
439299
439300
439301
439302
439303
439304
439306
439307
439312
439313
439472
439473
439474
439475
439476
439477
439478
439479
439480
439481
439482
439483
439484
439485
439486
439487
439488
439489
439491
439492
439497
439498
439657
439658
439659
439660
439661
439662
439663
439664
439665
439666
439667
439668
439669
439670
439671
439672
439673
439674
439676
439677
439682
439683
439842
439843
439844
439845
439846
439847
439848
439849
439850
439851
439852
439853
439854
439855
439856
439857
439858
439859
439861
439862
439867
439868
440027
440028
440029
440030
440031
440032
440033
440034
440035
440036
440037
440038
440039
440040
440041
440042
440043
440044
440046
440047
440052
440053
440212
440213
440214
440215
440216
440217
440218
440219
440220
440221
440222
440223
440224
440225
440226
440227
440228
440229
440231
440232
440237
440238
440397
440398
440399
440400
440401
440402
440403
440404
440405
440406
440407
440408
440409
440410
440411
440412
440413
440414
440416
440417
440422
440423
440582
440583
440584
440585
440586
440587
440588
440589
440590
440591
440592
440593
440594
440595
440596
440597
440598
440599
440601
440602
440607
440608
440767
440768
440769
440770
440771
440772
440773
440774
440775
440776
440777
440778
440779
440780
440781
440782
440783
440784
440786
440787
440792
440793
440952
440953
440954
440955
440956
440957
440958
440959
440960
440961
440962
440963
440964
440965
440966
440967
440968
440969
440971
440972
440977
440978
441137
441138
441139
441140
441142
441143
441145
441146
441148
441149
441151
441152
441154
441157
441162
441163
441323
441324
441347
441348
441508
441509
441532
441533
441693
441694
441717
441718
441877
441879
441882
441903
444221
444222
444241
444243
444245
444246
444406
444407
444430
444431
444591
444592
444615
444616
444775
444776
444777
444778
444779
444780
444781
444782
444783
444784
444785
444786
444787
444788
444789
444790
444791
444792
444794
444795
444800
444801
444960
444961
444962
444963
444964
444965
444966
444967
444968
444969
444970
444971
444972
444973
444974
444975
444976
444977
444979
444980
444985
444986
445145
445146
445147
445148
445149
445150
445151
445152
445153
445154
445155
445156
445157
445158
445159
445160
445161
445162
445164
445165
445170
445171
445330
445331
445332
445333
445334
445335
445336
445337
445338
445339
445340
445341
445342
445343
445344
445345
445346
445347
445349
445350
445355
445356
445515
445516
445517
445518
445519
445520
445521
445522
445523
445524
445525
445526
445527
445528
445529
445530
445531
445532
445534
445535
445540
445541
445700
445701
445702
445703
445704
445705
445706
445707
445708
445709
445710
445711
445712
445713
445714
445715
445716
445717
445719
445720
445725
445726
445885
445886
445887
445888
445889
445890
445891
445892
445893
445894
445895
445896
445897
445898
445899
445900
445901
445902
445904
445905
445910
445911
446070
446071
446072
446073
446074
446075
446076
446077
446078
446079
446080
446081
446082
446083
446084
446085
446086
446087
446089
446090
446095
446096
446255
446256
446257
446258
446259
446260
446261
446262
446263
446264
446265
446266
446267
446268
446269
446270
446271
446272
446274
446275
446280
446281
446440
446441
446442
446443
446444
446445
446446
446447
446448
446449
446450
446451
446452
446453
446454
446455
446456
446457
446459
446460
446465
446466
446625
446626
446627
446628
446630
446631
446633
446634
446636
446637
446639
446640
446642
446645
446650
446651
446811
446812
446835
446836
446996
446997
447020
447021
447181
447182
447205
447206
447366
447367
447390
447391
447551
447552
447575
447576
447736
447737
447760
447761
447921
447922
447945
447946
448106
448107
448130
448131
448291
448292
448315
448316
448476
448477
448500
448501
448660
448661
448662
448663
448664
448665
448666
448667
448668
448669
448670
448671
448673
448674
448685
448686
448845
448846
448847
448848
448849
448850
448851
448852
448853
448854
448855
448856
448858
448859
448870
448871
449030
449031
449032
449033
449034
449035
449036
449037
449038
449039
449040
449041
449043
449044
449055
449056
449215
449216
449217
449218
449219
449220
449221
449222
449223
449224
449225
449226
449228
449229
449240
449241
449400
449401
449402
449403
449404
449405
449406
449407
449408
449409
449410
449411
449413
449414
449425
449426
449585
449586
449587
449588
449589
449590
449591
449592
449593
449594
449595
449596
449598
449599
449610
449611
449770
449771
449772
449773
449774
449775
449776
449777
449778
449779
449780
449781
449783
449784
449795
449796
449955
449956
449957
449958
449959
449960
449961
449962
449963
449964
449965
449966
449968
449969
449980
449981
450140
450141
450142
450143
450144
450145
450146
450147
450148
450149
450150
450151
450153
450154
450165
450166
450325
450326
450327
450328
450329
450330
450331
450332
450333
450334
450335
450336
450338
450339
450350
450351
450510
450511
450512
450513
450514
450515
450516
450517
450518
450519
450520
450521
450523
450524
450535
450536
450695
450696
450697
450698
450699
450700
450701
450702
450703
450704
450705
450706
450708
450709
450720
450721
450880
450881
450882
450883
450884
450885
450886
450887
450888
450889
450890
450891
450893
450894
450905
450906
451065
451066
451067
451068
451069
451070
451071
451072
451073
451074
451075
451076
451078
451079
451090
451091
451250
451251
451252
451253
451254
451255
451256
451257
451258
451259
451260
451261
451263
451264
451275
451276
451435
451436
451437
451438
451439
451440
451441
451442
451443
451444
451445
451446
451448
451449
451460
451461
451620
451621
451622
451623
451625
451626
451628
451629
451631
451634
451645
451646
451806
451807
451830
451831
451991
451992
452015
452016
452176
452177
452200
452201
452360
452361
452362
452363
452364
452365
452366
452367
452368
452369
452370
452371
452372
452373
452374
452375
452376
452377
452379
452380
452385
452386
452545
452546
452547
452548
452549
452550
452551
452552
452553
452554
452555
452556
452557
452558
452559
452560
452561
452562
452564
452565
452570
452571
452730
452731
452732
452733
452734
452735
452736
452737
452738
452739
452740
452741
452742
452743
452744
452745
452746
452747
452749
452750
452755
452756
452915
452916
452917
452918
452919
452920
452921
452922
452923
452924
452925
452926
452927
452928
452929
452930
452931
452932
452934
452935
452940
452941
453100
453101
453102
453103
453104
453105
453106
453107
453108
453109
453110
453111
453112
453113
453114
453115
453116
453117
453119
453120
453125
453126
453285
453286
453287
453288
453289
453290
453291
453292
453293
453294
453295
453296
453297
453298
453299
453300
453301
453302
453304
453305
453310
453311
453470
453471
453472
453473
453474
453475
453476
453477
453478
453479
453480
453481
453482
453483
453484
453485
453486
453487
453489
453490
453495
453496
453655
453656
453657
453658
453659
453660
453661
453662
453663
453664
453665
453666
453667
453668
453669
453670
453671
453672
453674
453675
453680
453681
453840
453841
453842
453843
453844
453845
453846
453847
453848
453849
453850
453851
453852
453853
453854
453855
453856
453857
453859
453860
453865
453866
454025
454026
454027
454028
454029
454030
454031
454032
454033
454034
454035
454036
454037
454038
454039
454040
454041
454042
454044
454045
454050
454051
454210
454211
454212
454213
454214
454215
454216
454217
454218
454219
454220
454221
454222
454223
454224
454225
454226
454227
454229
454230
454235
454236
454395
454396
454397
454398
454399
454400
454401
454402
454403
454404
454405
454406
454407
454408
454409
454410
454411
454412
454414
454415
454420
454421
454580
454581
454582
454583
454585
454586
454588
454589
454591
454592
454594
454595
454597
454600
454605
454606
454766
454767
454790
454791
454951
454952
454975
454976
455136
455137
455160
455161
455320
455322
455325
455346
457664
457665
457684
457686
457688
457689
457849
457850
457873
457874
458034
458035
458058
458059
458218
458219
458220
458221
458222
458223
458224
458225
458226
458227
458228
458229
458230
458231
458232
458233
458234
458235
458237
458238
458243
458244
458403
458404
458405
458406
458407
458408
458409
458410
458411
458412
458413
458414
458415
458416
458417
458418
458419
458420
458422
458423
458428
458429
458588
458589
458590
458591
458592
458593
458594
458595
458596
458597
458598
458599
458600
458601
458602
458603
458604
458605
458607
458608
458613
458614
458773
458774
458775
458776
458777
458778
458779
458780
458781
458782
458783
458784
458785
458786
458787
458788
458789
458790
458792
458793
458798
458799
458958
458959
458960
458961
458962
458963
458964
458965
458966
458967
458968
458969
458970
458971
458972
458973
458974
458975
458977
458978
458983
458984
459143
459144
459145
459146
459147
459148
459149
459150
459151
459152
459153
459154
459155
459156
459157
459158
459159
459160
459162
459163
459168
459169
459328
459329
459330
459331
459332
459333
459334
459335
459336
459337
459338
459339
459340
459341
459342
459343
459344
459345
459347
459348
459353
459354
459513
459514
459515
459516
459517
459518
459519
459520
459521
459522
459523
459524
459525
459526
459527
459528
459529
459530
459532
459533
459538
459539
459698
459699
459700
459701
459702
459703
459704
459705
459706
459707
459708
459709
459710
459711
459712
459713
459714
459715
459717
459718
459723
459724
459883
459884
459885
459886
459887
459888
459889
459890
459891
459892
459893
459894
459895
459896
459897
459898
459899
459900
459902
459903
459908
459909
460068
460069
460070
460071
460073
460074
460076
460077
460079
460080
460082
460083
460085
460088
460093
460094
460254
460255
460278
460279
460439
460440
460463
460464
460624
460625
460648
460649
460809
460810
460833
460834
460994
460995
461018
461019
461179
461180
461203
461204
461364
461365
461388
461389
461549
461550
461573
461574
461734
461735
461758
461759
461919
461920
461943
461944
462103
462104
462105
462106
462107
462108
462109
462110
462111
462112
462113
462114
462116
462117
462128
462129
462288
462289
462290
462291
462292
462293
462294
462295
462296
462297
462298
462299
462301
462302
462313
462314
462473
462474
462475
462476
462477
462478
462479
462480
462481
462482
462483
462484
462486
462487
462498
462499
462658
462659
462660
462661
462662
462663
462664
462665
462666
462667
462668
462669
462671
462672
462683
462684
462843
462844
462845
462846
462847
462848
462849
462850
462851
462852
462853
462854
462856
462857
462868
462869
463028
463029
463030
463031
463032
463033
463034
463035
463036
463037
463038
463039
463041
463042
463053
463054
463213
463214
463215
463216
463217
463218
463219
463220
463221
463222
463223
463224
463226
463227
463238
463239
463398
463399
463400
463401
463402
463403
463404
463405
463406
463407
463408
463409
463411
463412
463423
463424
463583
463584
463585
463586
463587
463588
463589
463590
463591
463592
463593
463594
463596
463597
463608
463609
463768
463769
463770
463771
463772
463773
463774
463775
463776
463777
463778
463779
463781
463782
463793
463794
463953
463954
463955
463956
463957
463958
463959
463960
463961
463962
463963
463964
463966
463967
463978
463979
464138
464139
464140
464141
464142
464143
464144
464145
464146
464147
464148
464149
464151
464152
464163
464164
464323
464324
464325
464326
464327
464328
464329
464330
464331
464332
464333
464334
464336
464337
464348
464349
464508
464509
464510
464511
464512
464513
464514
464515
464516
464517
464518
464519
464521
464522
464533
464534
464693
464694
464695
464696
464697
464698
464699
464700
464701
464702
464703
464704
464706
464707
464718
464719
464878
464879
464880
464881
464882
464883
464884
464885
464886
464887
464888
464889
464891
464892
464903
464904
465063
465064
465065
465066
465068
465069
465071
465072
465074
465077
465088
465089
465249
465250
465273
465274
465434
465435
465458
465459
465619
465620
465643
465644
465803
465804
465805
465806
465807
465808
465809
465810
465811
465812
465813
465814
465815
465816
465817
465818
465819
465820
465822
465823
465828
465829
465988
465989
465990
465991
465992
465993
465994
465995
465996
465997
465998
465999
466000
466001
466002
466003
466004
466005
466007
466008
466013
466014
466173
466174
466175
466176
466177
466178
466179
466180
466181
466182
466183
466184
466185
466186
466187
466188
466189
466190
466192
466193
466198
466199
466358
466359
466360
466361
466362
466363
466364
466365
466366
466367
466368
466369
466370
466371
466372
466373
466374
466375
466377
466378
466383
466384
466543
466544
466545
466546
466547
466548
466549
466550
466551
466552
466553
466554
466555
466556
466557
466558
466559
466560
466562
466563
466568
466569
466728
466729
466730
466731
466732
466733
466734
466735
466736
466737
466738
466739
466740
466741
466742
466743
466744
466745
466747
466748
466753
466754
466913
466914
466915
466916
466917
466918
466919
466920
466921
466922
466923
466924
466925
466926
466927
466928
466929
466930
466932
466933
466938
466939
467098
467099
467100
467101
467102
467103
467104
467105
467106
467107
467108
467109
467110
467111
467112
467113
467114
467115
467117
467118
467123
467124
467283
467284
467285
467286
467287
467288
467289
467290
467291
467292
467293
467294
467295
467296
467297
467298
467299
467300
467302
467303
467308
467309
467468
467469
467470
467471
467472
467473
467474
467475
467476
467477
467478
467479
467480
467481
467482
467483
467484
467485
467487
467488
467493
467494
467653
467654
467655
467656
467657
467658
467659
467660
467661
467662
467663
467664
467665
467666
467667
467668
467669
467670
467672
467673
467678
467679
467838
467839
467840
467841
467842
467843
467844
467845
467846
467847
467848
467849
467850
467851
467852
467853
467854
467855
467857
467858
467863
467864
468023
468024
468025
468026
468028
468029
468031
468032
468034
468035
468037
468038
468040
468043
468048
468049
468209
468210
468233
468234
468394
468395
468418
468419
468579
468580
468603
468604
468763
468765
468768
468789
471107
471108
471127
471129
471131
471132
471292
471293
471316
471317
471477
471478
471501
471502
471661
471662
471663
471664
471665
471666
471667
471668
471669
471670
471671
471672
471673
471674
471675
471676
471677
471678
471680
471681
471686
471687
471846
471847
471848
471849
471850
471851
471852
471853
471854
471855
471856
471857
471858
471859
471860
471861
471862
471863
471865
471866
471871
471872
472031
472032
472033
472034
472035
472036
472037
472038
472039
472040
472041
472042
472043
472044
472045
472046
472047
472048
472050
472051
472056
472057
472216
472217
472218
472219
472220
472221
472222
472223
472224
472225
472226
472227
472228
472229
472230
472231
472232
472233
472235
472236
472241
472242
472401
472402
472403
472404
472405
472406
472407
472408
472409
472410
472411
472412
472413
472414
472415
472416
472417
472418
472420
472421
472426
472427
472586
472587
472588
472589
472590
472591
472592
472593
472594
472595
472596
472597
472598
472599
472600
472601
472602
472603
472605
472606
472611
472612
472771
472772
472773
472774
472775
472776
472777
472778
472779
472780
472781
472782
472783
472784
472785
472786
472787
472788
472790
472791
472796
472797
472956
472957
472958
472959
472960
472961
472962
472963
472964
472965
472966
472967
472968
472969
472970
472971
472972
472973
472975
472976
472981
472982
473141
473142
473143
473144
473145
473146
473147
473148
473149
473150
473151
473152
473153
473154
473155
473156
473157
473158
473160
473161
473166
473167
473326
473327
473328
473329
473330
473331
473332
473333
473334
473335
473336
473337
473338
473339
473340
473341
473342
473343
473345
473346
473351
473352
473511
473512
473513
473514
473516
473517
473519
473520
473522
473523
473525
473526
473528
473531
473536
473537
473697
473698
473721
473722
473882
473883
473906
473907
474067
474068
474091
474092
474252
474253
474276
474277
474437
474438
474461
474462
474622
474623
474646
474647
474807
474808
474831
474832
474992
474993
475016
475017
475177
475178
475201
475202
475362
475363
475386
475387
475546
475547
475548
475549
475550
475551
475552
475553
475554
475555
475556
475557
475559
475560
475571
475572
475731
475732
475733
475734
475735
475736
475737
475738
475739
475740
475741
475742
475744
475745
475756
475757
475916
475917
475918
475919
475920
475921
475922
475923
475924
475925
475926
475927
475929
475930
475941
475942
476101
476102
476103
476104
476105
476106
476107
476108
476109
476110
476111
476112
476114
476115
476126
476127
476286
476287
476288
476289
476290
476291
476292
476293
476294
476295
476296
476297
476299
476300
476311
476312
476471
476472
476473
476474
476475
476476
476477
476478
476479
476480
476481
476482
476484
476485
476496
476497
476656
476657
476658
476659
476660
476661
476662
476663
476664
476665
476666
476667
476669
476670
476681
476682
476841
476842
476843
476844
476845
476846
476847
476848
476849
476850
476851
476852
476854
476855
476866
476867
477026
477027
477028
477029
477030
477031
477032
477033
477034
477035
477036
477037
477039
477040
477051
477052
477211
477212
477213
477214
477215
477216
477217
477218
477219
477220
477221
477222
477224
477225
477236
477237
477396
477397
477398
477399
477400
477401
477402
477403
477404
477405
477406
477407
477409
477410
477421
477422
477581
477582
477583
477584
477585
477586
477587
477588
477589
477590
477591
477592
477594
477595
477606
477607
477766
477767
477768
477769
477770
477771
477772
477773
477774
477775
477776
477777
477779
477780
477791
477792
477951
477952
477953
477954
477955
477956
477957
477958
477959
477960
477961
477962
477964
477965
477976
477977
478136
478137
478138
478139
478140
478141
478142
478143
478144
478145
478146
478147
478149
478150
478161
478162
478321
478322
478323
478324
478325
478326
478327
478328
478329
478330
478331
478332
478334
478335
478346
478347
478506
478507
478508
478509
478511
478512
478514
478515
478517
478520
478531
478532
478692
478693
478716
478717
478877
478878
478901
478902
479062
479063
479086
479087
479246
479247
479248
479249
479250
479251
479252
479253
479254
479255
479256
479257
479258
479259
479260
479261
479262
479263
479265
479266
479271
479272
479431
479432
479433
479434
479435
479436
479437
479438
479439
479440
479441
479442
479443
479444
479445
479446
479447
479448
479450
479451
479456
479457
479616
479617
479618
479619
479620
479621
479622
479623
479624
479625
479626
479627
479628
479629
479630
479631
479632
479633
479635
479636
479641
479642
479801
479802
479803
479804
479805
479806
479807
479808
479809
479810
479811
479812
479813
479814
479815
479816
479817
479818
479820
479821
479826
479827
479986
479987
479988
479989
479990
479991
479992
479993
479994
479995
479996
479997
479998
479999
480000
480001
480002
480003
480005
480006
480011
480012
480171
480172
480173
480174
480175
480176
480177
480178
480179
480180
480181
480182
480183
480184
480185
480186
480187
480188
480190
480191
480196
480197
480356
480357
480358
480359
480360
480361
480362
480363
480364
480365
480366
480367
480368
480369
480370
480371
480372
480373
480375
480376
480381
480382
480541
480542
480543
480544
480545
480546
480547
480548
480549
480550
480551
480552
480553
480554
480555
480556
480557
480558
480560
480561
480566
480567
480726
480727
480728
480729
480730
480731
480732
480733
480734
480735
480736
480737
480738
480739
480740
480741
480742
480743
480745
480746
480751
480752
480911
480912
480913
480914
480915
480916
480917
480918
480919
480920
480921
480922
480923
480924
480925
480926
480927
480928
480930
480931
480936
480937
481096
481097
481098
481099
481100
481101
481102
481103
481104
481105
481106
481107
481108
481109
481110
481111
481112
481113
481115
481116
481121
481122
481281
481282
481283
481284
481285
481286
481287
481288
481289
481290
481291
481292
481293
481294
481295
481296
481297
481298
481300
481301
481306
481307
481466
481467
481468
481469
481471
481472
481474
481475
481477
481478
481480
481481
481483
481486
481491
481492
481652
481653
481676
481677
481837
481838
481861
481862
482022
482023
482046
482047
482206
482208
482211
482232
484550
484551
484570
484572
484574
484575
484735
484736
484759
484760
484920
484921
484944
484945
485104
485105
485106
485107
485108
485109
485110
485111
485112
485113
485114
485115
485116
485117
485118
485119
485120
485121
485123
485124
485129
485130
485289
485290
485291
485292
485293
485294
485295
485296
485297
485298
485299
485300
485301
485302
485303
485304
485305
485306
485308
485309
485314
485315
485474
485475
485476
485477
485478
485479
485480
485481
485482
485483
485484
485485
485486
485487
485488
485489
485490
485491
485493
485494
485499
485500
485659
485660
485661
485662
485663
485664
485665
485666
485667
485668
485669
485670
485671
485672
485673
485674
485675
485676
485678
485679
485684
485685
485844
485845
485846
485847
485848
485849
485850
485851
485852
485853
485854
485855
485856
485857
485858
485859
485860
485861
485863
485864
485869
485870
486029
486030
486031
486032
486033
486034
486035
486036
486037
486038
486039
486040
486041
486042
486043
486044
486045
486046
486048
486049
486054
486055
486214
486215
486216
486217
486218
486219
486220
486221
486222
486223
486224
486225
486226
486227
486228
486229
486230
486231
486233
486234
486239
486240
486399
486400
486401
486402
486403
486404
486405
486406
486407
486408
486409
486410
486411
486412
486413
486414
486415
486416
486418
486419
486424
486425
486584
486585
486586
486587
486588
486589
486590
486591
486592
486593
486594
486595
486596
486597
486598
486599
486600
486601
486603
486604
486609
486610
486769
486770
486771
486772
486773
486774
486775
486776
486777
486778
486779
486780
486781
486782
486783
486784
486785
486786
486788
486789
486794
486795
486954
486955
486956
486957
486959
486960
486962
486963
486965
486966
486968
486969
486971
486974
486979
486980
487140
487141
487164
487165
487325
487326
487349
487350
487510
487511
487534
487535
487695
487696
487719
487720
487880
487881
487904
487905
488065
488066
488089
488090
488250
488251
488274
488275
488435
488436
488459
488460
488620
488621
488644
488645
488805
488806
488829
488830
488989
488990
488991
488992
488993
488994
488995
488996
488997
488998
488999
489000
489002
489003
489014
489015
489174
489175
489176
489177
489178
489179
489180
489181
489182
489183
489184
489185
489187
489188
489199
489200
489359
489360
489361
489362
489363
489364
489365
489366
489367
489368
489369
489370
489372
489373
489384
489385
489544
489545
489546
489547
489548
489549
489550
489551
489552
489553
489554
489555
489557
489558
489569
489570
489729
489730
489731
489732
489733
489734
489735
489736
489737
489738
489739
489740
489742
489743
489754
489755
489914
489915
489916
489917
489918
489919
489920
489921
489922
489923
489924
489925
489927
489928
489939
489940
490099
490100
490101
490102
490103
490104
490105
490106
490107
490108
490109
490110
490112
490113
490124
490125
490284
490285
490286
490287
490288
490289
490290
490291
490292
490293
490294
490295
490297
490298
490309
490310
490469
490470
490471
490472
490473
490474
490475
490476
490477
490478
490479
490480
490482
490483
490494
490495
490654
490655
490656
490657
490658
490659
490660
490661
490662
490663
490664
490665
490667
490668
490679
490680
490839
490840
490841
490842
490843
490844
490845
490846
490847
490848
490849
490850
490852
490853
490864
490865
491024
491025
491026
491027
491028
491029
491030
491031
491032
491033
491034
491035
491037
491038
491049
491050
491209
491210
491211
491212
491213
491214
491215
491216
491217
491218
491219
491220
491222
491223
491234
491235
491394
491395
491396
491397
491398
491399
491400
491401
491402
491403
491404
491405
491407
491408
491419
491420
491579
491580
491581
491582
491583
491584
491585
491586
491587
491588
491589
491590
491592
491593
491604
491605
491764
491765
491766
491767
491768
491769
491770
491771
491772
491773
491774
491775
491777
491778
491789
491790
491949
491950
491951
491952
491954
491955
491957
491958
491960
491963
491974
491975
492135
492136
492159
492160
492320
492321
492344
492345
492505
492506
492529
492530
492689
492690
492691
492692
492693
492694
492695
492696
492697
492698
492699
492700
492701
492702
492703
492704
492705
492706
492708
492709
492714
492715
492874
492875
492876
492877
492878
492879
492880
492881
492882
492883
492884
492885
492886
492887
492888
492889
492890
492891
492893
492894
492899
492900
493059
493060
493061
493062
493063
493064
493065
493066
493067
493068
493069
493070
493071
493072
493073
493074
493075
493076
493078
493079
493084
493085
493244
493245
493246
493247
493248
493249
493250
493251
493252
493253
493254
493255
493256
493257
493258
493259
493260
493261
493263
493264
493269
493270
493429
493430
493431
493432
493433
493434
493435
493436
493437
493438
493439
493440
493441
493442
493443
493444
493445
493446
493448
493449
493454
493455
493614
493615
493616
493617
493618
493619
493620
493621
493622
493623
493624
493625
493626
493627
493628
493629
493630
493631
493633
493634
493639
493640
493799
493800
493801
493802
493803
493804
493805
493806
493807
493808
493809
493810
493811
493812
493813
493814
493815
493816
493818
493819
493824
493825
493984
493985
493986
493987
493988
493989
493990
493991
493992
493993
493994
493995
493996
493997
493998
493999
494000
494001
494003
494004
494009
494010
494169
494170
494171
494172
494173
494174
494175
494176
494177
494178
494179
494180
494181
494182
494183
494184
494185
494186
494188
494189
494194
494195
494354
494355
494356
494357
494358
494359
494360
494361
494362
494363
494364
494365
494366
494367
494368
494369
494370
494371
494373
494374
494379
494380
494539
494540
494541
494542
494543
494544
494545
494546
494547
494548
494549
494550
494551
494552
494553
494554
494555
494556
494558
494559
494564
494565
494724
494725
494726
494727
494728
494729
494730
494731
494732
494733
494734
494735
494736
494737
494738
494739
494740
494741
494743
494744
494749
494750
494909
494910
494911
494912
494914
494915
494917
494918
494920
494921
494923
494924
494926
494929
494934
494935
495095
495096
495119
495120
495280
495281
495304
495305
495465
495466
495489
495490
495649
495651
495654
495675
497993
497994
498013
498015
498017
498018
498178
498179
498202
498203
498363
498364
498387
498388
498547
498548
498549
498550
498551
498552
498553
498554
498555
498556
498557
498558
498559
498560
498561
498562
498563
498564
498566
498567
498572
498573
498732
498733
498734
498735
498736
498737
498738
498739
498740
498741
498742
498743
498744
498745
498746
498747
498748
498749
498751
498752
498757
498758
498917
498918
498919
498920
498921
498922
498923
498924
498925
498926
498927
498928
498929
498930
498931
498932
498933
498934
498936
498937
498942
498943
499102
499103
499104
499105
499106
499107
499108
499109
499110
499111
499112
499113
499114
499115
499116
499117
499118
499119
499121
499122
499127
499128
499287
499288
499289
499290
499291
499292
499293
499294
499295
499296
499297
499298
499299
499300
499301
499302
499303
499304
499306
499307
499312
499313
499472
499473
499474
499475
499476
499477
499478
499479
499480
499481
499482
499483
499484
499485
499486
499487
499488
499489
499491
499492
499497
499498
499657
499658
499659
499660
499661
499662
499663
499664
499665
499666
499667
499668
499669
499670
499671
499672
499673
499674
499676
499677
499682
499683
499842
499843
499844
499845
499846
499847
499848
499849
499850
499851
499852
499853
499854
499855
499856
499857
499858
499859
499861
499862
499867
499868
500027
500028
500029
500030
500031
500032
500033
500034
500035
500036
500037
500038
500039
500040
500041
500042
500043
500044
500046
500047
500052
500053
500212
500213
500214
500215
500216
500217
500218
500219
500220
500221
500222
500223
500224
500225
500226
500227
500228
500229
500231
500232
500237
500238
500397
500398
500399
500400
500402
500403
500405
500406
500408
500409
500411
500412
500414
500417
500422
500423
500583
500584
500607
500608
500768
500769
500792
500793
500953
500954
500977
500978
501138
501139
501162
501163
501323
501324
501347
501348
501508
501509
501532
501533
501693
501694
501717
501718
501878
501879
501902
501903
502063
502064
502087
502088
502248
502249
502272
502273
502432
502433
502434
502435
502436
502437
502438
502439
502440
502441
502442
502443
502445
502446
502457
502458
502617
502618
502619
502620
502621
502622
502623
502624
502625
502626
502627
502628
502630
502631
502642
502643
502802
502803
502804
502805
502806
502807
502808
502809
502810
502811
502812
502813
502815
502816
502827
502828
502987
502988
502989
502990
502991
502992
502993
502994
502995
502996
502997
502998
503000
503001
503012
503013
503172
503173
503174
503175
503176
503177
503178
503179
503180
503181
503182
503183
503185
503186
503197
503198
503357
503358
503359
503360
503361
503362
503363
503364
503365
503366
503367
503368
503370
503371
503382
503383
503542
503543
503544
503545
503546
503547
503548
503549
503550
503551
503552
503553
503555
503556
503567
503568
503727
503728
503729
503730
503731
503732
503733
503734
503735
503736
503737
503738
503740
503741
503752
503753
503912
503913
503914
503915
503916
503917
503918
503919
503920
503921
503922
503923
503925
503926
503937
503938
504097
504098
504099
504100
504101
504102
504103
504104
504105
504106
504107
504108
504110
504111
504122
504123
504282
504283
504284
504285
504286
504287
504288
504289
504290
504291
504292
504293
504295
504296
504307
504308
504467
504468
504469
504470
504471
504472
504473
504474
504475
504476
504477
504478
504480
504481
504492
504493
504652
504653
504654
504655
504656
504657
504658
504659
504660
504661
504662
504663
504665
504666
504677
504678
504837
504838
504839
504840
504841
504842
504843
504844
504845
504846
504847
504848
504850
504851
504862
504863
505022
505023
505024
505025
505026
505027
505028
505029
505030
505031
505032
505033
505035
505036
505047
505048
505207
505208
505209
505210
505211
505212
505213
505214
505215
505216
505217
505218
505220
505221
505232
505233
505392
505393
505394
505395
505397
505398
505400
505401
505403
505406
505417
505418
505578
505579
505602
505603
505763
505764
505787
505788
505948
505949
505972
505973
506132
506133
506134
506135
506136
506137
506138
506139
506140
506141
506142
506143
506144
506145
506146
506147
506148
506149
506151
506152
506157
506158
506317
506318
506319
506320
506321
506322
506323
506324
506325
506326
506327
506328
506329
506330
506331
506332
506333
506334
506336
506337
506342
506343
506502
506503
506504
506505
506506
506507
506508
506509
506510
506511
506512
506513
506514
506515
506516
506517
506518
506519
506521
506522
506527
506528
506687
506688
506689
506690
506691
506692
506693
506694
506695
506696
506697
506698
506699
506700
506701
506702
506703
506704
506706
506707
506712
506713
506872
506873
506874
506875
506876
506877
506878
506879
506880
506881
506882
506883
506884
506885
506886
506887
506888
506889
506891
506892
506897
506898
507057
507058
507059
507060
507061
507062
507063
507064
507065
507066
507067
507068
507069
507070
507071
507072
507073
507074
507076
507077
507082
507083
507242
507243
507244
507245
507246
507247
507248
507249
507250
507251
507252
507253
507254
507255
507256
507257
507258
507259
507261
507262
507267
507268
507427
507428
507429
507430
507431
507432
507433
507434
507435
507436
507437
507438
507439
507440
507441
507442
507443
507444
507446
507447
507452
507453
507612
507613
507614
507615
507616
507617
507618
507619
507620
507621
507622
507623
507624
507625
507626
507627
507628
507629
507631
507632
507637
507638
507797
507798
507799
507800
507801
507802
507803
507804
507805
507806
507807
507808
507809
507810
507811
507812
507813
507814
507816
507817
507822
507823
507982
507983
507984
507985
507986
507987
507988
507989
507990
507991
507992
507993
507994
507995
507996
507997
507998
507999
508001
508002
508007
508008
508167
508168
508169
508170
508171
508172
508173
508174
508175
508176
508177
508178
508179
508180
508181
508182
508183
508184
508186
508187
508192
508193
508352
508353
508354
508355
508357
508358
508360
508361
508363
508364
508366
508367
508369
508372
508377
508378
508538
508539
508562
508563
508723
508724
508747
508748
508908
508909
508932
508933
509092
509094
509097
509118
511436
511437
511456
511458
511460
511461
511621
511622
511645
511646
511806
511807
511830
511831
511990
511991
511992
511993
511994
511995
511996
511997
511998
511999
512000
512001
512002
512003
512004
512005
512006
512007
512009
512010
512015
512016
512175
512176
512177
512178
512179
512180
512181
512182
512183
512184
512185
512186
512187
512188
512189
512190
512191
512192
512194
512195
512200
512201
512360
512361
512362
512363
512364
512365
512366
512367
512368
512369
512370
512371
512372
512373
512374
512375
512376
512377
512379
512380
512385
512386
512545
512546
512547
512548
512549
512550
512551
512552
512553
512554
512555
512556
512557
512558
512559
512560
512561
512562
512564
512565
512570
512571
512730
512731
512732
512733
512734
512735
512736
512737
512738
512739
512740
512741
512742
512743
512744
512745
512746
512747
512749
512750
512755
512756
512915
512916
512917
512918
512919
512920
512921
512922
512923
512924
512925
512926
512927
512928
512929
512930
512931
512932
512934
512935
512940
512941
513100
513101
513102
513103
513104
513105
513106
513107
513108
513109
513110
513111
513112
513113
513114
513115
513116
513117
513119
513120
513125
513126
513285
513286
513287
513288
513289
513290
513291
513292
513293
513294
513295
513296
513297
513298
513299
513300
513301
513302
513304
513305
513310
513311
513470
513471
513472
513473
513474
513475
513476
513477
513478
513479
513480
513481
513482
513483
513484
513485
513486
513487
513489
513490
513495
513496
513655
513656
513657
513658
513659
513660
513661
513662
513663
513664
513665
513666
513667
513668
513669
513670
513671
513672
513674
513675
513680
513681
513840
513841
513842
513843
513845
513846
513848
513849
513851
513852
513854
513855
513857
513860
513865
513866
514026
514027
514050
514051
514211
514212
514235
514236
514396
514397
514420
514421
514581
514582
514605
514606
514766
514767
514790
514791
514951
514952
514975
514976
515136
515137
515160
515161
515321
515322
515345
515346
515506
515507
515530
515531
515691
515692
515715
515716
515875
515876
515877
515878
515879
515880
515881
515882
515883
515884
515885
515886
515888
515889
515900
515901
516060
516061
516062
516063
516064
516065
516066
516067
516068
516069
516070
516071
516073
516074
516085
516086
516245
516246
516247
516248
516249
516250
516251
516252
516253
516254
516255
516256
516258
516259
516270
516271
516430
516431
516432
516433
516434
516435
516436
516437
516438
516439
516440
516441
516443
516444
516455
516456
516615
516616
516617
516618
516619
516620
516621
516622
516623
516624
516625
516626
516628
516629
516640
516641
516800
516801
516802
516803
516804
516805
516806
516807
516808
516809
516810
516811
516813
516814
516825
516826
516985
516986
516987
516988
516989
516990
516991
516992
516993
516994
516995
516996
516998
516999
517010
517011
517170
517171
517172
517173
517174
517175
517176
517177
517178
517179
517180
517181
517183
517184
517195
517196
517355
517356
517357
517358
517359
517360
517361
517362
517363
517364
517365
517366
517368
517369
517380
517381
517540
517541
517542
517543
517544
517545
517546
517547
517548
517549
517550
517551
517553
517554
517565
517566
517725
517726
517727
517728
517729
517730
517731
517732
517733
517734
517735
517736
517738
517739
517750
517751
517910
517911
517912
517913
517914
517915
517916
517917
517918
517919
517920
517921
517923
517924
517935
517936
518095
518096
518097
518098
518099
518100
518101
518102
518103
518104
518105
518106
518108
518109
518120
518121
518280
518281
518282
518283
518284
518285
518286
518287
518288
518289
518290
518291
518293
518294
518305
518306
518465
518466
518467
518468
518469
518470
518471
518472
518473
518474
518475
518476
518478
518479
518490
518491
518650
518651
518652
518653
518654
518655
518656
518657
518658
518659
518660
518661
518663
518664
518675
518676
518835
518836
518837
518838
518840
518841
518843
518844
518846
518849
518860
518861
519021
519022
519045
519046
519206
519207
519230
519231
519391
519392
519415
519416
519575
519576
519577
519578
519579
519581
519582
519584
519585
519587
519588
519590
519591
519594
519600
519601
519760
519761
519762
519763
519764
519766
519767
519769
519770
519772
519773
519775
519776
519779
519785
519786
519945
519946
519947
519948
519949
519951
519952
519954
519955
519957
519958
519960
519961
519964
519970
519971
520130
520131
520132
520133
520134
520136
520137
520139
520140
520142
520143
520145
520146
520149
520155
520156
520315
520316
520317
520318
520319
520321
520322
520324
520325
520327
520328
520330
520331
520334
520340
520341
520500
520501
520502
520503
520504
520506
520507
520509
520510
520512
520513
520515
520516
520519
520525
520526
520685
520686
520687
520688
520689
520691
520692
520694
520695
520697
520698
520700
520701
520704
520710
520711
520870
520871
520872
520873
520874
520876
520877
520879
520880
520882
520883
520885
520886
520889
520895
520896
521055
521056
521057
521058
521059
521061
521062
521064
521065
521067
521068
521070
521071
521074
521080
521081
521240
521241
521242
521243
521244
521246
521247
521249
521250
521252
521253
521255
521256
521259
521265
521266
521425
521426
521427
521428
521429
521431
521432
521434
521435
521437
521438
521440
521441
521444
521450
521451
521610
521611
521612
521613
521614
521616
521617
521619
521620
521622
521623
521625
521626
521629
521635
521636
521795
521796
521797
521798
521801
521804
521807
521810
521820
521821
521981
521982
522005
522006
522166
522167
522190
522191
522351
522352
522375
522376
522535
522537
522540
522561
524879
524880
524899
524901
524903
524904
525064
525065
525088
525089
525249
525250
525273
525274
525433
525434
525435
525436
525437
525438
525439
525440
525441
525442
525443
525444
525445
525446
525447
525448
525449
525450
525452
525453
525458
525459
525618
525619
525620
525621
525622
525623
525624
525625
525626
525627
525628
525629
525630
525631
525632
525633
525634
525635
525637
525638
525643
525644
525803
525804
525805
525806
525807
525808
525809
525810
525811
525812
525813
525814
525815
525816
525817
525818
525819
525820
525822
525823
525828
525829
525988
525989
525990
525991
525992
525993
525994
525995
525996
525997
525998
525999
526000
526001
526002
526003
526004
526005
526007
526008
526013
526014
526173
526174
526175
526176
526177
526178
526179
526180
526181
526182
526183
526184
526185
526186
526187
526188
526189
526190
526192
526193
526198
526199
526358
526359
526360
526361
526362
526363
526364
526365
526366
526367
526368
526369
526370
526371
526372
526373
526374
526375
526377
526378
526383
526384
526543
526544
526545
526546
526547
526548
526549
526550
526551
526552
526553
526554
526555
526556
526557
526558
526559
526560
526562
526563
526568
526569
526728
526729
526730
526731
526732
526733
526734
526735
526736
526737
526738
526739
526740
526741
526742
526743
526744
526745
526747
526748
526753
526754
526913
526914
526915
526916
526917
526918
526919
526920
526921
526922
526923
526924
526925
526926
526927
526928
526929
526930
526932
526933
526938
526939
527098
527099
527100
527101
527102
527103
527104
527105
527106
527107
527108
527109
527110
527111
527112
527113
527114
527115
527117
527118
527123
527124
527283
527284
527285
527286
527288
527289
527291
527292
527294
527295
527297
527298
527300
527303
527308
527309
527469
527470
527493
527494
527654
527655
527678
527679
527839
527840
527863
527864
528024
528025
528048
528049
528209
528210
528233
528234
528394
528395
528418
528419
528579
528580
528603
528604
528764
528765
528788
528789
528949
528950
528973
528974
529134
529135
529158
529159
529318
529319
529320
529321
529322
529323
529324
529325
529326
529327
529328
529329
529331
529332
529343
529344
529503
529504
529505
529506
529507
529508
529509
529510
529511
529512
529513
529514
529516
529517
529528
529529
529688
529689
529690
529691
529692
529693
529694
529695
529696
529697
529698
529699
529701
529702
529713
529714
529873
529874
529875
529876
529877
529878
529879
529880
529881
529882
529883
529884
529886
529887
529898
529899
530058
530059
530060
530061
530062
530063
530064
530065
530066
530067
530068
530069
530071
530072
530083
530084
530243
530244
530245
530246
530247
530248
530249
530250
530251
530252
530253
530254
530256
530257
530268
530269
530428
530429
530430
530431
530432
530433
530434
530435
530436
530437
530438
530439
530441
530442
530453
530454
530613
530614
530615
530616
530617
530618
530619
530620
530621
530622
530623
530624
530626
530627
530638
530639
530798
530799
530800
530801
530802
530803
530804
530805
530806
530807
530808
530809
530811
530812
530823
530824
530983
530984
530985
530986
530987
530988
530989
530990
530991
530992
530993
530994
530996
530997
531008
531009
531168
531169
531170
531171
531172
531173
531174
531175
531176
531177
531178
531179
531181
531182
531193
531194
531353
531354
531355
531356
531357
531358
531359
531360
531361
531362
531363
531364
531366
531367
531378
531379
531538
531539
531540
531541
531542
531543
531544
531545
531546
531547
531548
531549
531551
531552
531563
531564
531723
531724
531725
531726
531727
531728
531729
531730
531731
531732
531733
531734
531736
531737
531748
531749
531908
531909
531910
531911
531912
531913
531914
531915
531916
531917
531918
531919
531921
531922
531933
531934
532093
532094
532095
532096
532097
532098
532099
532100
532101
532102
532103
532104
532106
532107
532118
532119
532278
532279
532280
532281
532283
532284
532286
532287
532289
532292
532303
532304
532464
532465
532488
532489
532649
532650
532673
532674
532834
532835
532858
532859
533019
533020
533043
533044
533204
533205
533228
533229
533389
533390
533413
533414
533574
533575
533598
533599
533759
533760
533783
533784
533944
533945
533968
533969
534129
534130
534153
534154
534314
534315
534338
534339
534499
534500
534523
534524
534684
534685
534708
534709
534869
534870
534893
534894
535054
535055
535078
535079
535239
535240
535263
535264
535424
535425
535448
535449
535609
535610
535633
535634
535794
535795
535818
535819
535978
535980
535983
536004
538322
538323
538342
538344
538346
538347
538507
538508
538531
538532
538692
538693
538716
538717
538876
538877
538878
538879
538880
538881
538882
538883
538884
538885
538886
538887
538888
538889
538890
538891
538892
538893
538895
538896
538901
538902
539061
539062
539063
539064
539065
539066
539067
539068
539069
539070
539071
539072
539073
539074
539075
539076
539077
539078
539080
539081
539086
539087
539246
539247
539248
539249
539250
539251
539252
539253
539254
539255
539256
539257
539258
539259
539260
539261
539262
539263
539265
539266
539271
539272
539431
539432
539433
539434
539435
539436
539437
539438
539439
539440
539441
539442
539443
539444
539445
539446
539447
539448
539450
539451
539456
539457
539616
539617
539618
539619
539620
539621
539622
539623
539624
539625
539626
539627
539628
539629
539630
539631
539632
539633
539635
539636
539641
539642
539801
539802
539803
539804
539805
539806
539807
539808
539809
539810
539811
539812
539813
539814
539815
539816
539817
539818
539820
539821
539826
539827
539986
539987
539988
539989
539990
539991
539992
539993
539994
539995
539996
539997
539998
539999
540000
540001
540002
540003
540005
540006
540011
540012
540171
540172
540173
540174
540175
540176
540177
540178
540179
540180
540181
540182
540183
540184
540185
540186
540187
540188
540190
540191
540196
540197
540356
540357
540358
540359
540360
540361
540362
540363
540364
540365
540366
540367
540368
540369
540370
540371
540372
540373
540375
540376
540381
540382
540541
540542
540543
540544
540545
540546
540547
540548
540549
540550
540551
540552
540553
540554
540555
540556
540557
540558
540560
540561
540566
540567
540726
540727
540728
540729
540731
540732
540734
540735
540737
540738
540740
540741
540743
540746
540751
540752
540912
540913
540936
540937
541097
541098
541121
541122
541282
541283
541306
541307
541467
541468
541491
541492
541652
541653
541676
541677
541837
541838
541861
541862
542022
542023
542046
542047
542207
542208
542231
542232
542392
542393
542416
542417
542577
542578
542601
542602
542761
542762
542763
542764
542765
542766
542767
542768
542769
542770
542771
542772
542774
542775
542786
542787
542946
542947
542948
542949
542950
542951
542952
542953
542954
542955
542956
542957
542959
542960
542971
542972
543131
543132
543133
543134
543135
543136
543137
543138
543139
543140
543141
543142
543144
543145
543156
543157
543316
543317
543318
543319
543320
543321
543322
543323
543324
543325
543326
543327
543329
543330
543341
543342
543501
543502
543503
543504
543505
543506
543507
543508
543509
543510
543511
543512
543514
543515
543526
543527
543686
543687
543688
543689
543690
543691
543692
543693
543694
543695
543696
543697
543699
543700
543711
543712
543871
543872
543873
543874
543875
543876
543877
543878
543879
543880
543881
543882
543884
543885
543896
543897
544056
544057
544058
544059
544060
544061
544062
544063
544064
544065
544066
544067
544069
544070
544081
544082
544241
544242
544243
544244
544245
544246
544247
544248
544249
544250
544251
544252
544254
544255
544266
544267
544426
544427
544428
544429
544430
544431
544432
544433
544434
544435
544436
544437
544439
544440
544451
544452
544611
544612
544613
544614
544615
544616
544617
544618
544619
544620
544621
544622
544624
544625
544636
544637
544796
544797
544798
544799
544800
544801
544802
544803
544804
544805
544806
544807
544809
544810
544821
544822
544981
544982
544983
544984
544985
544986
544987
544988
544989
544990
544991
544992
544994
544995
545006
545007
545166
545167
545168
545169
545170
545171
545172
545173
545174
545175
545176
545177
545179
545180
545191
545192
545351
545352
545353
545354
545355
545356
545357
545358
545359
545360
545361
545362
545364
545365
545376
545377
545536
545537
545538
545539
545540
545541
545542
545543
545544
545545
545546
545547
545549
545550
545561
545562
545721
545722
545723
545724
545726
545727
545729
545730
545732
545735
545746
545747
545907
545908
545931
545932
546092
546093
546116
546117
546277
546278
546301
546302
546462
546463
546470
546471
546472
546473
546474
546475
546477
546478
546486
546487
546647
546648
546655
546656
546657
546658
546659
546660
546662
546663
546671
546672
546832
546833
546840
546841
546842
546843
546844
546845
546847
546848
546856
546857
547017
547018
547025
547026
547027
547028
547029
547030
547032
547033
547041
547042
547202
547203
547210
547211
547212
547213
547214
547215
547217
547218
547226
547227
547387
547388
547395
547396
547397
547398
547399
547400
547402
547403
547411
547412
547572
547573
547580
547581
547582
547583
547584
547585
547587
547588
547596
547597
547757
547758
547765
547766
547767
547768
547769
547770
547772
547773
547781
547782
547942
547943
547950
547951
547952
547953
547954
547955
547957
547958
547966
547967
548127
548128
548135
548136
548137
548138
548139
548140
548142
548143
548151
548152
548312
548313
548320
548321
548322
548323
548324
548325
548327
548328
548336
548337
548497
548498
548505
548507
548508
548510
548513
548521
548522
548682
548683
548706
548707
548867
548868
548891
548892
549052
549053
549076
549077
549237
549238
549261
549262
549421
549423
549426
549447
551765
551766
551785
551787
551789
551790
551950
551951
551974
551975
552135
552136
552159
552160
552319
552320
552321
552322
552323
552324
552325
552326
552327
552328
552329
552330
552331
552332
552333
552334
552335
552336
552338
552339
552344
552345
552504
552505
552506
552507
552508
552509
552510
552511
552512
552513
552514
552515
552516
552517
552518
552519
552520
552521
552523
552524
552529
552530
552689
552690
552691
552692
552693
552694
552695
552696
552697
552698
552699
552700
552701
552702
552703
552704
552705
552706
552708
552709
552714
552715
552874
552875
552876
552877
552878
552879
552880
552881
552882
552883
552884
552885
552886
552887
552888
552889
552890
552891
552893
552894
552899
552900
553059
553060
553061
553062
553063
553064
553065
553066
553067
553068
553069
553070
553071
553072
553073
553074
553075
553076
553078
553079
553084
553085
553244
553245
553246
553247
553248
553249
553250
553251
553252
553253
553254
553255
553256
553257
553258
553259
553260
553261
553263
553264
553269
553270
553429
553430
553431
553432
553433
553434
553435
553436
553437
553438
553439
553440
553441
553442
553443
553444
553445
553446
553448
553449
553454
553455
553614
553615
553616
553617
553618
553619
553620
553621
553622
553623
553624
553625
553626
553627
553628
553629
553630
553631
553633
553634
553639
553640
553799
553800
553801
553802
553803
553804
553805
553806
553807
553808
553809
553810
553811
553812
553813
553814
553815
553816
553818
553819
553824
553825
553984
553985
553986
553987
553988
553989
553990
553991
553992
553993
553994
553995
553996
553997
553998
553999
554000
554001
554003
554004
554009
554010
554169
554170
554171
554172
554174
554175
554177
554178
554180
554181
554183
554184
554186
554189
554194
554195
554355
554356
554379
554380
554540
554541
554564
554565
554725
554726
554749
554750
554910
554911
554934
554935
555095
555096
555119
555120
555280
555281
555304
555305
555465
555466
555489
555490
555650
555651
555674
555675
555835
555836
555859
555860
556020
556021
556044
556045
556204
556205
556206
556207
556208
556209
556210
556211
556212
556213
556214
556215
556217
556218
556229
556230
556389
556390
556391
556392
556393
556394
556395
556396
556397
556398
556399
556400
556402
556403
556414
556415
556574
556575
556576
556577
556578
556579
556580
556581
556582
556583
556584
556585
556587
556588
556599
556600
556759
556760
556761
556762
556763
556764
556765
556766
556767
556768
556769
556770
556772
556773
556784
556785
556944
556945
556946
556947
556948
556949
556950
556951
556952
556953
556954
556955
556957
556958
556969
556970
557129
557130
557131
557132
557133
557134
557135
557136
557137
557138
557139
557140
557142
557143
557154
557155
557314
557315
557316
557317
557318
557319
557320
557321
557322
557323
557324
557325
557327
557328
557339
557340
557499
557500
557501
557502
557503
557504
557505
557506
557507
557508
557509
557510
557512
557513
557524
557525
557684
557685
557686
557687
557688
557689
557690
557691
557692
557693
557694
557695
557697
557698
557709
557710
557869
557870
557871
557872
557873
557874
557875
557876
557877
557878
557879
557880
557882
557883
557894
557895
558054
558055
558056
558057
558058
558059
558060
558061
558062
558063
558064
558065
558067
558068
558079
558080
558239
558240
558241
558242
558243
558244
558245
558246
558247
558248
558249
558250
558252
558253
558264
558265
558424
558425
558426
558427
558428
558429
558430
558431
558432
558433
558434
558435
558437
558438
558449
558450
558609
558610
558611
558612
558613
558614
558615
558616
558617
558618
558619
558620
558622
558623
558634
558635
558794
558795
558796
558797
558798
558799
558800
558801
558802
558803
558804
558805
558807
558808
558819
558820
558979
558980
558981
558982
558983
558984
558985
558986
558987
558988
558989
558990
558992
558993
559004
559005
559164
559165
559166
559167
559169
559170
559172
559173
559175
559178
559189
559190
559350
559351
559374
559375
559535
559536
559559
559560
559720
559721
559744
559745
559905
559906
559913
559914
559915
559916
559917
559918
559920
559921
559929
559930
560090
560091
560098
560099
560100
560101
560102
560103
560105
560106
560114
560115
560275
560276
560283
560284
560285
560286
560287
560288
560290
560291
560299
560300
560460
560461
560468
560469
560470
560471
560472
560473
560475
560476
560484
560485
560645
560646
560653
560654
560655
560656
560657
560658
560660
560661
560669
560670
560830
560831
560838
560839
560840
560841
560842
560843
560845
560846
560854
560855
561015
561016
561023
561024
561025
561026
561027
561028
561030
561031
561039
561040
561200
561201
561208
561209
561210
561211
561212
561213
561215
561216
561224
561225
561385
561386
561393
561394
561395
561396
561397
561398
561400
561401
561409
561410
561570
561571
561578
561579
561580
561581
561582
561583
561585
561586
561594
561595
561755
561756
561763
561764
561765
561766
561767
561768
561770
561771
561779
561780
561940
561941
561948
561950
561951
561953
561956
561964
561965
562125
562126
562149
562150
562310
562311
562334
562335
562495
562496
562519
562520
562680
562681
562704
562705
562864
562866
562869
562890
565208
565209
565228
565230
565232
565233
565393
565394
565417
565418
565578
565579
565602
565603
565762
565763
565764
565765
565766
565767
565768
565769
565770
565771
565772
565773
565774
565775
565776
565777
565778
565779
565781
565782
565787
565788
565947
565948
565949
565950
565951
565952
565953
565954
565955
565956
565957
565958
565959
565960
565961
565962
565963
565964
565966
565967
565972
565973
566132
566133
566134
566135
566136
566137
566138
566139
566140
566141
566142
566143
566144
566145
566146
566147
566148
566149
566151
566152
566157
566158
566317
566318
566319
566320
566321
566322
566323
566324
566325
566326
566327
566328
566329
566330
566331
566332
566333
566334
566336
566337
566342
566343
566502
566503
566504
566505
566506
566507
566508
566509
566510
566511
566512
566513
566514
566515
566516
566517
566518
566519
566521
566522
566527
566528
566687
566688
566689
566690
566691
566692
566693
566694
566695
566696
566697
566698
566699
566700
566701
566702
566703
566704
566706
566707
566712
566713
566872
566873
566874
566875
566876
566877
566878
566879
566880
566881
566882
566883
566884
566885
566886
566887
566888
566889
566891
566892
566897
566898
567057
567058
567059
567060
567061
567062
567063
567064
567065
567066
567067
567068
567069
567070
567071
567072
567073
567074
567076
567077
567082
567083
567242
567243
567244
567245
567246
567247
567248
567249
567250
567251
567252
567253
567254
567255
567256
567257
567258
567259
567261
567262
567267
567268
567427
567428
567429
567430
567431
567432
567433
567434
567435
567436
567437
567438
567439
567440
567441
567442
567443
567444
567446
567447
567452
567453
567612
567613
567614
567615
567617
567618
567620
567621
567623
567624
567626
567627
567629
567632
567637
567638
567798
567799
567822
567823
567983
567984
568007
568008
568168
568169
568192
568193
568353
568354
568377
568378
568538
568539
568562
568563
568723
568724
568747
568748
568908
568909
568932
568933
569093
569094
569117
569118
569278
569279
569302
569303
569463
569464
569487
569488
569647
569648
569649
569650
569651
569652
569653
569654
569655
569656
569657
569658
569660
569661
569672
569673
569832
569833
569834
569835
569836
569837
569838
569839
569840
569841
569842
569843
569845
569846
569857
569858
570017
570018
570019
570020
570021
570022
570023
570024
570025
570026
570027
570028
570030
570031
570042
570043
570202
570203
570204
570205
570206
570207
570208
570209
570210
570211
570212
570213
570215
570216
570227
570228
570387
570388
570389
570390
570391
570392
570393
570394
570395
570396
570397
570398
570400
570401
570412
570413
570572
570573
570574
570575
570576
570577
570578
570579
570580
570581
570582
570583
570585
570586
570597
570598
570757
570758
570759
570760
570761
570762
570763
570764
570765
570766
570767
570768
570770
570771
570782
570783
570942
570943
570944
570945
570946
570947
570948
570949
570950
570951
570952
570953
570955
570956
570967
570968
571127
571128
571129
571130
571131
571132
571133
571134
571135
571136
571137
571138
571140
571141
571152
571153
571312
571313
571314
571315
571316
571317
571318
571319
571320
571321
571322
571323
571325
571326
571337
571338
571497
571498
571499
571500
571501
571502
571503
571504
571505
571506
571507
571508
571510
571511
571522
571523
571682
571683
571684
571685
571686
571687
571688
571689
571690
571691
571692
571693
571695
571696
571707
571708
571867
571868
571869
571870
571871
571872
571873
571874
571875
571876
571877
571878
571880
571881
571892
571893
572052
572053
572054
572055
572056
572057
572058
572059
572060
572061
572062
572063
572065
572066
572077
572078
572237
572238
572239
572240
572241
572242
572243
572244
572245
572246
572247
572248
572250
572251
572262
572263
572422
572423
572424
572425
572426
572427
572428
572429
572430
572431
572432
572433
572435
572436
572447
572448
572607
572608
572609
572610
572612
572613
572615
572616
572618
572621
572632
572633
572793
572794
572817
572818
572978
572979
573002
573003
573163
573164
573187
573188
573348
573349
573356
573357
573358
573359
573360
573361
573363
573364
573372
573373
573533
573534
573541
573542
573543
573544
573545
573546
573548
573549
573557
573558
573718
573719
573726
573727
573728
573729
573730
573731
573733
573734
573742
573743
573903
573904
573911
573912
573913
573914
573915
573916
573918
573919
573927
573928
574088
574089
574096
574097
574098
574099
574100
574101
574103
574104
574112
574113
574273
574274
574281
574282
574283
574284
574285
574286
574288
574289
574297
574298
574458
574459
574466
574467
574468
574469
574470
574471
574473
574474
574482
574483
574643
574644
574651
574652
574653
574654
574655
574656
574658
574659
574667
574668
574828
574829
574836
574837
574838
574839
574840
574841
574843
574844
574852
574853
575013
575014
575021
575022
575023
575024
575025
575026
575028
575029
575037
575038
575198
575199
575206
575207
575208
575209
575210
575211
575213
575214
575222
575223
575383
575384
575391
575393
575394
575396
575399
575407
575408
575568
575569
575592
575593
575753
575754
575777
575778
575938
575939
575962
575963
576123
576124
576147
576148
576307
576309
576312
576333
578651
578652
578671
578673
578675
578676
578836
578837
578860
578861
579021
579022
579045
579046
579205
579206
579207
579208
579209
579210
579211
579212
579213
579214
579215
579216
579217
579218
579219
579220
579221
579222
579224
579225
579230
579231
579390
579391
579392
579393
579394
579395
579396
579397
579398
579399
579400
579401
579402
579403
579404
579405
579406
579407
579409
579410
579415
579416
579575
579576
579577
579578
579579
579580
579581
579582
579583
579584
579585
579586
579587
579588
579589
579590
579591
579592
579594
579595
579600
579601
579760
579761
579762
579763
579764
579765
579766
579767
579768
579769
579770
579771
579772
579773
579774
579775
579776
579777
579779
579780
579785
579786
579945
579946
579947
579948
579949
579950
579951
579952
579953
579954
579955
579956
579957
579958
579959
579960
579961
579962
579964
579965
579970
579971
580130
580131
580132
580133
580134
580135
580136
580137
580138
580139
580140
580141
580142
580143
580144
580145
580146
580147
580149
580150
580155
580156
580315
580316
580317
580318
580319
580320
580321
580322
580323
580324
580325
580326
580327
580328
580329
580330
580331
580332
580334
580335
580340
580341
580500
580501
580502
580503
580504
580505
580506
580507
580508
580509
580510
580511
580512
580513
580514
580515
580516
580517
580519
580520
580525
580526
580685
580686
580687
580688
580689
580690
580691
580692
580693
580694
580695
580696
580697
580698
580699
580700
580701
580702
580704
580705
580710
580711
580870
580871
580872
580873
580874
580875
580876
580877
580878
580879
580880
580881
580882
580883
580884
580885
580886
580887
580889
580890
580895
580896
581055
581056
581057
581058
581060
581061
581063
581064
581066
581067
581069
581070
581072
581075
581080
581081
581241
581242
581265
581266
581426
581427
581450
581451
581611
581612
581635
581636
581796
581797
581820
581821
581981
581982
582005
582006
582166
582167
582190
582191
582351
582352
582375
582376
582536
582537
582560
582561
582721
582722
582745
582746
582906
582907
582930
582931
583090
583091
583092
583093
583094
583095
583096
583097
583098
583099
583100
583101
583103
583104
583115
583116
583275
583276
583277
583278
583279
583280
583281
583282
583283
583284
583285
583286
583288
583289
583300
583301
583460
583461
583462
583463
583464
583465
583466
583467
583468
583469
583470
583471
583473
583474
583485
583486
583645
583646
583647
583648
583649
583650
583651
583652
583653
583654
583655
583656
583658
583659
583670
583671
583830
583831
583832
583833
583834
583835
583836
583837
583838
583839
583840
583841
583843
583844
583855
583856
584015
584016
584017
584018
584019
584020
584021
584022
584023
584024
584025
584026
584028
584029
584040
584041
584200
584201
584202
584203
584204
584205
584206
584207
584208
584209
584210
584211
584213
584214
584225
584226
584385
584386
584387
584388
584389
584390
584391
584392
584393
584394
584395
584396
584398
584399
584410
584411
584570
584571
584572
584573
584574
584575
584576
584577
584578
584579
584580
584581
584583
584584
584595
584596
584755
584756
584757
584758
584759
584760
584761
584762
584763
584764
584765
584766
584768
584769
584780
584781
584940
584941
584942
584943
584944
584945
584946
584947
584948
584949
584950
584951
584953
584954
584965
584966
585125
585126
585127
585128
585129
585130
585131
585132
585133
585134
585135
585136
585138
585139
585150
585151
585310
585311
585312
585313
585314
585315
585316
585317
585318
585319
585320
585321
585323
585324
585335
585336
585495
585496
585497
585498
585499
585500
585501
585502
585503
585504
585505
585506
585508
585509
585520
585521
585680
585681
585682
585683
585684
585685
585686
585687
585688
585689
585690
585691
585693
585694
585705
585706
585865
585866
585867
585868
585869
585870
585871
585872
585873
585874
585875
585876
585878
585879
585890
585891
586050
586051
586052
586053
586055
586056
586058
586059
586061
586064
586075
586076
586236
586237
586260
586261
586421
586422
586445
586446
586606
586607
586630
586631
586791
586792
586799
586800
586801
586802
586803
586804
586806
586807
586815
586816
586976
586977
586984
586985
586986
586987
586988
586989
586991
586992
587000
587001
587161
587162
587169
587170
587171
587172
587173
587174
587176
587177
587185
587186
587346
587347
587354
587355
587356
587357
587358
587359
587361
587362
587370
587371
587531
587532
587539
587540
587541
587542
587543
587544
587546
587547
587555
587556
587716
587717
587724
587725
587726
587727
587728
587729
587731
587732
587740
587741
587901
587902
587909
587910
587911
587912
587913
587914
587916
587917
587925
587926
588086
588087
588094
588095
588096
588097
588098
588099
588101
588102
588110
588111
588271
588272
588279
588280
588281
588282
588283
588284
588286
588287
588295
588296
588456
588457
588464
588465
588466
588467
588468
588469
588471
588472
588480
588481
588641
588642
588649
588650
588651
588652
588653
588654
588656
588657
588665
588666
588826
588827
588834
588836
588837
588839
588842
588850
588851
589011
589012
589035
589036
589196
589197
589220
589221
589381
589382
589405
589406
589566
589567
589590
589591
589750
589752
589755
589776
592094
592095
592114
592116
592118
592119
592279
592280
592303
592304
592464
592465
592488
592489
592648
592649
592650
592651
592652
592653
592654
592655
592656
592657
592658
592659
592660
592661
592662
592663
592664
592665
592667
592668
592673
592674
592833
592834
592835
592836
592837
592838
592839
592840
592841
592842
592843
592844
592845
592846
592847
592848
592849
592850
592852
592853
592858
592859
593018
593019
593020
593021
593022
593023
593024
593025
593026
593027
593028
593029
593030
593031
593032
593033
593034
593035
593037
593038
593043
593044
593203
593204
593205
593206
593207
593208
593209
593210
593211
593212
593213
593214
593215
593216
593217
593218
593219
593220
593222
593223
593228
593229
593388
593389
593390
593391
593392
593393
593394
593395
593396
593397
593398
593399
593400
593401
593402
593403
593404
593405
593407
593408
593413
593414
593573
593574
593575
593576
593577
593578
593579
593580
593581
593582
593583
593584
593585
593586
593587
593588
593589
593590
593592
593593
593598
593599
593758
593759
593760
593761
593762
593763
593764
593765
593766
593767
593768
593769
593770
593771
593772
593773
593774
593775
593777
593778
593783
593784
593943
593944
593945
593946
593947
593948
593949
593950
593951
593952
593953
593954
593955
593956
593957
593958
593959
593960
593962
593963
593968
593969
594128
594129
594130
594131
594132
594133
594134
594135
594136
594137
594138
594139
594140
594141
594142
594143
594144
594145
594147
594148
594153
594154
594313
594314
594315
594316
594317
594318
594319
594320
594321
594322
594323
594324
594325
594326
594327
594328
594329
594330
594332
594333
594338
594339
594498
594499
594500
594501
594503
594504
594506
594507
594509
594510
594512
594513
594515
594518
594523
594524
594684
594685
594708
594709
594869
594870
594893
594894
595054
595055
595078
595079
595239
595240
595263
595264
595424
595425
595448
595449
595609
595610
595633
595634
595794
595795
595818
595819
595979
595980
596003
596004
596164
596165
596188
596189
596349
596350
596373
596374
596533
596534
596535
596536
596537
596538
596539
596540
596541
596542
596543
596544
596546
596547
596558
596559
596718
596719
596720
596721
596722
596723
596724
596725
596726
596727
596728
596729
596731
596732
596743
596744
596903
596904
596905
596906
596907
596908
596909
596910
596911
596912
596913
596914
596916
596917
596928
596929
597088
597089
597090
597091
597092
597093
597094
597095
597096
597097
597098
597099
597101
597102
597113
597114
597273
597274
597275
597276
597277
597278
597279
597280
597281
597282
597283
597284
597286
597287
597298
597299
597458
597459
597460
597461
597462
597463
597464
597465
597466
597467
597468
597469
597471
597472
597483
597484
597643
597644
597645
597646
597647
597648
597649
597650
597651
597652
597653
597654
597656
597657
597668
597669
597828
597829
597830
597831
597832
597833
597834
597835
597836
597837
597838
597839
597841
597842
597853
597854
598013
598014
598015
598016
598017
598018
598019
598020
598021
598022
598023
598024
598026
598027
598038
598039
598198
598199
598200
598201
598202
598203
598204
598205
598206
598207
598208
598209
598211
598212
598223
598224
598383
598384
598385
598386
598387
598388
598389
598390
598391
598392
598393
598394
598396
598397
598408
598409
598568
598569
598570
598571
598572
598573
598574
598575
598576
598577
598578
598579
598581
598582
598593
598594
598753
598754
598755
598756
598757
598758
598759
598760
598761
598762
598763
598764
598766
598767
598778
598779
598938
598939
598940
598941
598942
598943
598944
598945
598946
598947
598948
598949
598951
598952
598963
598964
599123
599124
599125
599126
599127
599128
599129
599130
599131
599132
599133
599134
599136
599137
599148
599149
599308
599309
599310
599311
599312
599313
599314
599315
599316
599317
599318
599319
599321
599322
599333
599334
599493
599494
599495
599496
599498
599499
599501
599502
599504
599507
599518
599519
599679
599680
599703
599704
599864
599865
599888
599889
600049
600050
600073
600074
600234
600235
600242
600243
600244
600245
600246
600247
600249
600250
600258
600259
600419
600420
600427
600428
600429
600430
600431
600432
600434
600435
600443
600444
600604
600605
600612
600613
600614
600615
600616
600617
600619
600620
600628
600629
600789
600790
600797
600798
600799
600800
600801
600802
600804
600805
600813
600814
600974
600975
600982
600983
600984
600985
600986
600987
600989
600990
600998
600999
601159
601160
601167
601168
601169
601170
601171
601172
601174
601175
601183
601184
601344
601345
601352
601353
601354
601355
601356
601357
601359
601360
601368
601369
601529
601530
601537
601538
601539
601540
601541
601542
601544
601545
601553
601554
601714
601715
601722
601723
601724
601725
601726
601727
601729
601730
601738
601739
601899
601900
601907
601908
601909
601910
601911
601912
601914
601915
601923
601924
602084
602085
602092
602093
602094
602095
602096
602097
602099
602100
602108
602109
602269
602270
602277
602279
602280
602282
602285
602293
602294
602454
602455
602478
602479
602639
602640
602663
602664
602824
602825
602848
602849
603009
603010
603033
603034
603193
603195
603198
603219
605537
605538
605557
605559
605561
605562
605722
605723
605746
605747
605907
605908
605931
605932
606091
606092
606093
606094
606095
606096
606097
606098
606099
606100
606101
606102
606103
606104
606105
606106
606107
606108
606110
606111
606116
606117
606276
606277
606278
606279
606280
606281
606282
606283
606284
606285
606286
606287
606288
606289
606290
606291
606292
606293
606295
606296
606301
606302
606461
606462
606463
606464
606465
606466
606467
606468
606469
606470
606471
606472
606473
606474
606475
606476
606477
606478
606480
606481
606486
606487
606646
606647
606648
606649
606650
606651
606652
606653
606654
606655
606656
606657
606658
606659
606660
606661
606662
606663
606665
606666
606671
606672
606831
606832
606833
606834
606835
606836
606837
606838
606839
606840
606841
606842
606843
606844
606845
606846
606847
606848
606850
606851
606856
606857
607016
607017
607018
607019
607020
607021
607022
607023
607024
607025
607026
607027
607028
607029
607030
607031
607032
607033
607035
607036
607041
607042
607201
607202
607203
607204
607205
607206
607207
607208
607209
607210
607211
607212
607213
607214
607215
607216
607217
607218
607220
607221
607226
607227
607386
607387
607388
607389
607390
607391
607392
607393
607394
607395
607396
607397
607398
607399
607400
607401
607402
607403
607405
607406
607411
607412
607571
607572
607573
607574
607575
607576
607577
607578
607579
607580
607581
607582
607583
607584
607585
607586
607587
607588
607590
607591
607596
607597
607756
607757
607758
607759
607760
607761
607762
607763
607764
607765
607766
607767
607768
607769
607770
607771
607772
607773
607775
607776
607781
607782
607941
607942
607943
607944
607946
607947
607949
607950
607952
607953
607955
607956
607958
607961
607966
607967
608127
608128
608151
608152
608312
608313
608336
608337
608497
608498
608521
608522
608682
608683
608706
608707
608867
608868
608891
608892
609052
609053
609076
609077
609237
609238
609261
609262
609422
609423
609446
609447
609607
609608
609631
609632
609792
609793
609816
609817
609976
609977
609978
609979
609980
609981
609982
609983
609984
609985
609986
609987
609989
609990
610001
610002
610161
610162
610163
610164
610165
610166
610167
610168
610169
610170
610171
610172
610174
610175
610186
610187
610346
610347
610348
610349
610350
610351
610352
610353
610354
610355
610356
610357
610359
610360
610371
610372
610531
610532
610533
610534
610535
610536
610537
610538
610539
610540
610541
610542
610544
610545
610556
610557
610716
610717
610718
610719
610720
610721
610722
610723
610724
610725
610726
610727
610729
610730
610741
610742
610901
610902
610903
610904
610905
610906
610907
610908
610909
610910
610911
610912
610914
610915
610926
610927
611086
611087
611088
611089
611090
611091
611092
611093
611094
611095
611096
611097
611099
611100
611111
611112
611271
611272
611273
611274
611275
611276
611277
611278
611279
611280
611281
611282
611284
611285
611296
611297
611456
611457
611458
611459
611460
611461
611462
611463
611464
611465
611466
611467
611469
611470
611481
611482
611641
611642
611643
611644
611645
611646
611647
611648
611649
611650
611651
611652
611654
611655
611666
611667
611826
611827
611828
611829
611830
611831
611832
611833
611834
611835
611836
611837
611839
611840
611851
611852
612011
612012
612013
612014
612015
612016
612017
612018
612019
612020
612021
612022
612024
612025
612036
612037
612196
612197
612198
612199
612200
612201
612202
612203
612204
612205
612206
612207
612209
612210
612221
612222
612381
612382
612383
612384
612385
612386
612387
612388
612389
612390
612391
612392
612394
612395
612406
612407
612566
612567
612568
612569
612570
612571
612572
612573
612574
612575
612576
612577
612579
612580
612591
612592
612751
612752
612753
612754
612755
612756
612757
612758
612759
612760
612761
612762
612764
612765
612776
612777
612936
612937
612938
612939
612941
612942
612944
612945
612947
612950
612961
612962
613122
613123
613146
613147
613307
613308
613331
613332
613492
613493
613516
613517
613677
613678
613685
613686
613687
613688
613689
613690
613692
613693
613701
613702
613862
613863
613870
613871
613872
613873
613874
613875
613877
613878
613886
613887
614047
614048
614055
614056
614057
614058
614059
614060
614062
614063
614071
614072
614232
614233
614240
614241
614242
614243
614244
614245
614247
614248
614256
614257
614417
614418
614425
614426
614427
614428
614429
614430
614432
614433
614441
614442
614602
614603
614610
614611
614612
614613
614614
614615
614617
614618
614626
614627
614787
614788
614795
614796
614797
614798
614799
614800
614802
614803
614811
614812
614972
614973
614980
614981
614982
614983
614984
614985
614987
614988
614996
614997
615157
615158
615165
615166
615167
615168
615169
615170
615172
615173
615181
615182
615342
615343
615350
615351
615352
615353
615354
615355
615357
615358
615366
615367
615527
615528
615535
615536
615537
615538
615539
615540
615542
615543
615551
615552
615712
615713
615720
615722
615723
615725
615728
615736
615737
615897
615898
615921
615922
616082
616083
616106
616107
616267
616268
616291
616292
616452
616453
616476
616477
616636
616638
616641
616662
618980
618981
619000
619002
619004
619005
619165
619166
619189
619190
619350
619351
619374
619375
619534
619535
619536
619537
619538
619539
619540
619541
619542
619543
619544
619545
619546
619547
619548
619549
619550
619551
619553
619554
619559
619560
619719
619720
619721
619722
619723
619724
619725
619726
619727
619728
619729
619730
619731
619732
619733
619734
619735
619736
619738
619739
619744
619745
619904
619905
619906
619907
619908
619909
619910
619911
619912
619913
619914
619915
619916
619917
619918
619919
619920
619921
619923
619924
619929
619930
620089
620090
620091
620092
620093
620094
620095
620096
620097
620098
620099
620100
620101
620102
620103
620104
620105
620106
620108
620109
620114
620115
620274
620275
620276
620277
620278
620279
620280
620281
620282
620283
620284
620285
620286
620287
620288
620289
620290
620291
620293
620294
620299
620300
620459
620460
620461
620462
620463
620464
620465
620466
620467
620468
620469
620470
620471
620472
620473
620474
620475
620476
620478
620479
620484
620485
620644
620645
620646
620647
620648
620649
620650
620651
620652
620653
620654
620655
620656
620657
620658
620659
620660
620661
620663
620664
620669
620670
620829
620830
620831
620832
620833
620834
620835
620836
620837
620838
620839
620840
620841
620842
620843
620844
620845
620846
620848
620849
620854
620855
621014
621015
621016
621017
621018
621019
621020
621021
621022
621023
621024
621025
621026
621027
621028
621029
621030
621031
621033
621034
621039
621040
621199
621200
621201
621202
621203
621204
621205
621206
621207
621208
621209
621210
621211
621212
621213
621214
621215
621216
621218
621219
621224
621225
621384
621385
621386
621387
621389
621390
621392
621393
621395
621396
621398
621399
621401
621404
621409
621410
621570
621571
621594
621595
621755
621756
621779
621780
621940
621941
621964
621965
622125
622126
622149
622150
622310
622311
622334
622335
622495
622496
622519
622520
622680
622681
622704
622705
622865
622866
622889
622890
623050
623051
623074
623075
623235
623236
623259
623260
623419
623420
623421
623422
623423
623424
623425
623426
623427
623428
623429
623430
623432
623433
623444
623445
623604
623605
623606
623607
623608
623609
623610
623611
623612
623613
623614
623615
623617
623618
623629
623630
623789
623790
623791
623792
623793
623794
623795
623796
623797
623798
623799
623800
623802
623803
623814
623815
623974
623975
623976
623977
623978
623979
623980
623981
623982
623983
623984
623985
623987
623988
623999
624000
624159
624160
624161
624162
624163
624164
624165
624166
624167
624168
624169
624170
624172
624173
624184
624185
624344
624345
624346
624347
624348
624349
624350
624351
624352
624353
624354
624355
624357
624358
624369
624370
624529
624530
624531
624532
624533
624534
624535
624536
624537
624538
624539
624540
624542
624543
624554
624555
624714
624715
624716
624717
624718
624719
624720
624721
624722
624723
624724
624725
624727
624728
624739
624740
624899
624900
624901
624902
624903
624904
624905
624906
624907
624908
624909
624910
624912
624913
624924
624925
625084
625085
625086
625087
625088
625089
625090
625091
625092
625093
625094
625095
625097
625098
625109
625110
625269
625270
625271
625272
625273
625274
625275
625276
625277
625278
625279
625280
625282
625283
625294
625295
625454
625455
625456
625457
625458
625459
625460
625461
625462
625463
625464
625465
625467
625468
625479
625480
625639
625640
625641
625642
625643
625644
625645
625646
625647
625648
625649
625650
625652
625653
625664
625665
625824
625825
625826
625827
625828
625829
625830
625831
625832
625833
625834
625835
625837
625838
625849
625850
626009
626010
626011
626012
626013
626014
626015
626016
626017
626018
626019
626020
626022
626023
626034
626035
626194
626195
626196
626197
626198
626199
626200
626201
626202
626203
626204
626205
626207
626208
626219
626220
626379
626380
626381
626382
626384
626385
626387
626388
626390
626393
626404
626405
626565
626566
626589
626590
626750
626751
626774
626775
626935
626936
626959
626960
627120
627121
627128
627129
627130
627131
627132
627133
627135
627136
627144
627145
627305
627306
627313
627314
627315
627316
627317
627318
627320
627321
627329
627330
627490
627491
627498
627499
627500
627501
627502
627503
627505
627506
627514
627515
627675
627676
627683
627684
627685
627686
627687
627688
627690
627691
627699
627700
627860
627861
627868
627869
627870
627871
627872
627873
627875
627876
627884
627885
628045
628046
628053
628054
628055
628056
628057
628058
628060
628061
628069
628070
628230
628231
628238
628239
628240
628241
628242
628243
628245
628246
628254
628255
628415
628416
628423
628424
628425
628426
628427
628428
628430
628431
628439
628440
628600
628601
628608
628609
628610
628611
628612
628613
628615
628616
628624
628625
628785
628786
628793
628794
628795
628796
628797
628798
628800
628801
628809
628810
628970
628971
628978
628979
628980
628981
628982
628983
628985
628986
628994
628995
629155
629156
629163
629165
629166
629168
629171
629179
629180
629340
629341
629364
629365
629525
629526
629549
629550
629710
629711
629734
629735
629895
629896
629919
629920
630079
630081
630084
630105
632423
632424
632443
632445
632447
632448
632608
632609
632632
632633
632793
632794
632817
632818
632977
632978
632979
632980
632981
632982
632983
632984
632985
632986
632987
632988
632989
632990
632991
632992
632993
632994
632996
632997
633002
633003
633162
633163
633164
633165
633166
633167
633168
633169
633170
633171
633172
633173
633174
633175
633176
633177
633178
633179
633181
633182
633187
633188
633347
633348
633349
633350
633351
633352
633353
633354
633355
633356
633357
633358
633359
633360
633361
633362
633363
633364
633366
633367
633372
633373
633532
633533
633534
633535
633536
633537
633538
633539
633540
633541
633542
633543
633544
633545
633546
633547
633548
633549
633551
633552
633557
633558
633717
633718
633719
633720
633721
633722
633723
633724
633725
633726
633727
633728
633729
633730
633731
633732
633733
633734
633736
633737
633742
633743
633902
633903
633904
633905
633906
633907
633908
633909
633910
633911
633912
633913
633914
633915
633916
633917
633918
633919
633921
633922
633927
633928
634087
634088
634089
634090
634091
634092
634093
634094
634095
634096
634097
634098
634099
634100
634101
634102
634103
634104
634106
634107
634112
634113
634272
634273
634274
634275
634276
634277
634278
634279
634280
634281
634282
634283
634284
634285
634286
634287
634288
634289
634291
634292
634297
634298
634457
634458
634459
634460
634461
634462
634463
634464
634465
634466
634467
634468
634469
634470
634471
634472
634473
634474
634476
634477
634482
634483
634642
634643
634644
634645
634646
634647
634648
634649
634650
634651
634652
634653
634654
634655
634656
634657
634658
634659
634661
634662
634667
634668
634827
634828
634829
634830
634832
634833
634835
634836
634838
634839
634841
634842
634844
634847
634852
634853
635013
635014
635037
635038
635198
635199
635222
635223
635383
635384
635407
635408
635568
635569
635592
635593
635753
635754
635777
635778
635938
635939
635962
635963
636123
636124
636147
636148
636308
636309
636332
636333
636493
636494
636517
636518
636678
636679
636702
636703
636862
636863
636864
636865
636866
636868
636869
636871
636872
636875
636887
636888
637047
637048
637049
637050
637051
637053
637054
637056
637057
637060
637072
637073
637232
637233
637234
637235
637236
637238
637239
637241
637242
637245
637257
637258
637417
637418
637419
637420
637421
637423
637424
637426
637427
637430
637442
637443
637602
637603
637604
637605
637606
637608
637609
637611
637612
637615
637627
637628
637787
637788
637789
637790
637791
637793
637794
637796
637797
637800
637812
637813
637972
637973
637974
637975
637976
637978
637979
637981
637982
637985
637997
637998
638157
638158
638159
638160
638161
638163
638164
638166
638167
638170
638182
638183
638342
638343
638344
638345
638346
638348
638349
638351
638352
638355
638367
638368
638527
638528
638529
638530
638531
638533
638534
638536
638537
638540
638552
638553
638712
638713
638714
638715
638716
638718
638719
638721
638722
638725
638737
638738
638897
638898
638899
638900
638901
638903
638904
638906
638907
638910
638922
638923
639082
639083
639084
639085
639086
639088
639089
639091
639092
639095
639107
639108
639267
639268
639269
639270
639271
639273
639274
639276
639277
639280
639292
639293
639452
639453
639454
639455
639456
639458
639459
639461
639462
639465
639477
639478
639637
639638
639639
639640
639641
639643
639644
639646
639647
639650
639662
639663
639822
639823
639824
639825
639828
639831
639847
639848
640008
640009
640032
640033
640193
640194
640217
640218
640378
640379
640402
640403
640563
640564
640571
640572
640573
640574
640575
640576
640578
640579
640587
640588
640748
640749
640756
640757
640758
640759
640760
640761
640763
640764
640772
640773
640933
640934
640941
640942
640943
640944
640945
640946
640948
640949
640957
640958
641118
641119
641126
641127
641128
641129
641130
641131
641133
641134
641142
641143
641303
641304
641311
641312
641313
641314
641315
641316
641318
641319
641327
641328
641488
641489
641496
641497
641498
641499
641500
641501
641503
641504
641512
641513
641673
641674
641681
641682
641683
641684
641685
641686
641688
641689
641697
641698
641858
641859
641866
641867
641868
641869
641870
641871
641873
641874
641882
641883
642043
642044
642051
642052
642053
642054
642055
642056
642058
642059
642067
642068
642228
642229
642236
642237
642238
642239
642240
642241
642243
642244
642252
642253
642413
642414
642421
642422
642423
642424
642425
642426
642428
642429
642437
642438
642598
642599
642606
642608
642609
642611
642614
642622
642623
642783
642784
642807
642808
642968
642969
642992
642993
643153
643154
643177
643178
643338
643339
643362
643363
643522
643524
643527
643548
645866
645867
645886
645888
645890
645891
646051
646052
646075
646076
646236
646237
646260
646261
646420
646421
646422
646423
646424
646425
646426
646427
646428
646429
646430
646431
646432
646433
646434
646435
646436
646437
646439
646440
646445
646446
646605
646606
646607
646608
646609
646610
646611
646612
646613
646614
646615
646616
646617
646618
646619
646620
646621
646622
646624
646625
646630
646631
646790
646791
646792
646793
646794
646795
646796
646797
646798
646799
646800
646801
646802
646803
646804
646805
646806
646807
646809
646810
646815
646816
646975
646976
646977
646978
646979
646980
646981
646982
646983
646984
646985
646986
646987
646988
646989
646990
646991
646992
646994
646995
647000
647001
647160
647161
647162
647163
647164
647165
647166
647167
647168
647169
647170
647171
647172
647173
647174
647175
647176
647177
647179
647180
647185
647186
647345
647346
647347
647348
647349
647350
647351
647352
647353
647354
647355
647356
647357
647358
647359
647360
647361
647362
647364
647365
647370
647371
647530
647531
647532
647533
647534
647535
647536
647537
647538
647539
647540
647541
647542
647543
647544
647545
647546
647547
647549
647550
647555
647556
647715
647716
647717
647718
647719
647720
647721
647722
647723
647724
647725
647726
647727
647728
647729
647730
647731
647732
647734
647735
647740
647741
647900
647901
647902
647903
647904
647905
647906
647907
647908
647909
647910
647911
647912
647913
647914
647915
647916
647917
647919
647920
647925
647926
648085
648086
648087
648088
648089
648090
648091
648092
648093
648094
648095
648096
648097
648098
648099
648100
648101
648102
648104
648105
648110
648111
648270
648271
648272
648273
648275
648276
648278
648279
648281
648282
648284
648285
648287
648290
648295
648296
648456
648457
648480
648481
648641
648642
648665
648666
648826
648827
648850
648851
649011
649012
649035
649036
649196
649197
649220
649221
649381
649382
649405
649406
649566
649567
649590
649591
649751
649752
649775
649776
649936
649937
649960
649961
650121
650122
650145
650146
650306
650307
650330
650331
650491
650492
650515
650516
650676
650677
650700
650701
650861
650862
650885
650886
651046
651047
651070
651071
651231
651232
651255
651256
651416
651417
651440
651441
651601
651602
651625
651626
651786
651787
651810
651811
651971
651972
651995
651996
652156
652157
652180
652181
652341
652342
652365
652366
652526
652527
652550
652551
652711
652712
652735
652736
652896
652897
652920
652921
653081
653082
653105
653106
653266
653267
653290
653291
653451
653452
653475
653476
653636
653637
653660
653661
653821
653822
653845
653846
654006
654007
654014
654015
654016
654017
654018
654019
654021
654022
654030
654031
654191
654192
654199
654200
654201
654202
654203
654204
654206
654207
654215
654216
654376
654377
654384
654385
654386
654387
654388
654389
654391
654392
654400
654401
654561
654562
654569
654570
654571
654572
654573
654574
654576
654577
654585
654586
654746
654747
654754
654755
654756
654757
654758
654759
654761
654762
654770
654771
654931
654932
654939
654940
654941
654942
654943
654944
654946
654947
654955
654956
655116
655117
655124
655125
655126
655127
655128
655129
655131
655132
655140
655141
655301
655302
655309
655310
655311
655312
655313
655314
655316
655317
655325
655326
655486
655487
655494
655495
655496
655497
655498
655499
655501
655502
655510
655511
655671
655672
655679
655680
655681
655682
655683
655684
655686
655687
655695
655696
655856
655857
655864
655865
655866
655867
655868
655869
655871
655872
655880
655881
656041
656042
656049
656051
656052
656054
656057
656065
656066
656226
656227
656250
656251
656411
656412
656435
656436
656596
656597
656620
656621
656781
656782
656805
656806
656965
656967
656970
656991
659309
659310
659329
659331
659333
659334
659494
659495
659518
659519
659679
659680
659703
659704
659863
659864
659865
659866
659867
659868
659869
659870
659871
659872
659873
659874
659875
659876
659877
659878
659879
659880
659882
659883
659888
659889
660048
660049
660050
660051
660052
660053
660054
660055
660056
660057
660058
660059
660060
660061
660062
660063
660064
660065
660067
660068
660073
660074
660233
660234
660235
660236
660237
660238
660239
660240
660241
660242
660243
660244
660245
660246
660247
660248
660249
660250
660252
660253
660258
660259
660418
660419
660420
660421
660422
660423
660424
660425
660426
660427
660428
660429
660430
660431
660432
660433
660434
660435
660437
660438
660443
660444
660603
660604
660605
660606
660607
660608
660609
660610
660611
660612
660613
660614
660615
660616
660617
660618
660619
660620
660622
660623
660628
660629
660788
660789
660790
660791
660792
660793
660794
660795
660796
660797
660798
660799
660800
660801
660802
660803
660804
660805
660807
660808
660813
660814
660973
660974
660975
660976
660977
660978
660979
660980
660981
660982
660983
660984
660985
660986
660987
660988
660989
660990
660992
660993
660998
660999
661158
661159
661160
661161
661162
661163
661164
661165
661166
661167
661168
661169
661170
661171
661172
661173
661174
661175
661177
661178
661183
661184
661343
661344
661345
661346
661347
661348
661349
661350
661351
661352
661353
661354
661355
661356
661357
661358
661359
661360
661362
661363
661368
661369
661528
661529
661530
661531
661532
661533
661534
661535
661536
661537
661538
661539
661540
661541
661542
661543
661544
661545
661547
661548
661553
661554
661713
661714
661715
661716
661718
661719
661721
661722
661724
661725
661727
661728
661730
661733
661738
661739
661899
661900
661923
661924
662084
662085
662108
662109
662269
662270
662293
662294
662454
662455
662478
662479
662639
662640
662663
662664
662824
662825
662848
662849
663009
663010
663033
663034
663194
663195
663218
663219
663379
663380
663403
663404
663564
663565
663588
663589
663749
663750
663773
663774
663934
663935
663958
663959
664119
664120
664143
664144
664304
664305
664328
664329
664489
664490
664513
664514
664674
664675
664698
664699
664859
664860
664883
664884
665044
665045
665068
665069
665229
665230
665253
665254
665414
665415
665438
665439
665599
665600
665623
665624
665784
665785
665808
665809
665969
665970
665993
665994
666154
666155
666178
666179
666339
666340
666363
666364
666524
666525
666548
666549
666709
666710
666733
666734
666894
666895
666918
666919
667079
667080
667103
667104
667264
667265
667288
667289
667449
667450
667457
667458
667459
667460
667461
667462
667464
667465
667473
667474
667634
667635
667642
667643
667644
667645
667646
667647
667649
667650
667658
667659
667819
667820
667827
667828
667829
667830
667831
667832
667834
667835
667843
667844
668004
668005
668012
668013
668014
668015
668016
668017
668019
668020
668028
668029
668189
668190
668197
668198
668199
668200
668201
668202
668204
668205
668213
668214
668374
668375
668382
668383
668384
668385
668386
668387
668389
668390
668398
668399
668559
668560
668567
668568
668569
668570
668571
668572
668574
668575
668583
668584
668744
668745
668752
668753
668754
668755
668756
668757
668759
668760
668768
668769
668929
668930
668937
668938
668939
668940
668941
668942
668944
668945
668953
668954
669114
669115
669122
669123
669124
669125
669126
669127
669129
669130
669138
669139
669299
669300
669307
669308
669309
669310
669311
669312
669314
669315
669323
669324
669484
669485
669492
669494
669495
669497
669500
669508
669509
669669
669670
669693
669694
669854
669855
669878
669879
670039
670040
670063
670064
670224
670225
670248
670249
670408
670410
670413
670434
672752
672753
672772
672774
672776
672777
672937
672938
672961
672962
673122
673123
673146
673147
673306
673307
673308
673309
673310
673311
673312
673313
673314
673315
673316
673317
673318
673319
673320
673321
673322
673323
673325
673326
673331
673332
673491
673492
673493
673494
673495
673496
673497
673498
673499
673500
673501
673502
673503
673504
673505
673506
673507
673508
673510
673511
673516
673517
673676
673677
673678
673679
673680
673681
673682
673683
673684
673685
673686
673687
673688
673689
673690
673691
673692
673693
673695
673696
673701
673702
673861
673862
673863
673864
673865
673866
673867
673868
673869
673870
673871
673872
673873
673874
673875
673876
673877
673878
673880
673881
673886
673887
674046
674047
674048
674049
674050
674051
674052
674053
674054
674055
674056
674057
674058
674059
674060
674061
674062
674063
674065
674066
674071
674072
674231
674232
674233
674234
674235
674236
674237
674238
674239
674240
674241
674242
674243
674244
674245
674246
674247
674248
674250
674251
674256
674257
674416
674417
674418
674419
674420
674421
674422
674423
674424
674425
674426
674427
674428
674429
674430
674431
674432
674433
674435
674436
674441
674442
674601
674602
674603
674604
674605
674606
674607
674608
674609
674610
674611
674612
674613
674614
674615
674616
674617
674618
674620
674621
674626
674627
674786
674787
674788
674789
674790
674791
674792
674793
674794
674795
674796
674797
674798
674799
674800
674801
674802
674803
674805
674806
674811
674812
674971
674972
674973
674974
674975
674976
674977
674978
674979
674980
674981
674982
674983
674984
674985
674986
674987
674988
674990
674991
674996
674997
675156
675157
675158
675159
675161
675162
675164
675165
675167
675168
675170
675171
675173
675176
675181
675182
675342
675343
675366
675367
675527
675528
675551
675552
675712
675713
675736
675737
675897
675898
675921
675922
676082
676083
676106
676107
676267
676268
676291
676292
676452
676453
676476
676477
676637
676638
676661
676662
676822
676823
676846
676847
677007
677008
677031
677032
677192
677193
677216
677217
677377
677378
677401
677402
677562
677563
677586
677587
677747
677748
677771
677772
677932
677933
677956
677957
678117
678118
678141
678142
678302
678303
678326
678327
678487
678488
678511
678512
678672
678673
678696
678697
678857
678858
678881
678882
679042
679043
679066
679067
679227
679228
679251
679252
679412
679413
679436
679437
679597
679598
679621
679622
679782
679783
679806
679807
679967
679968
679991
679992
680152
680153
680176
680177
680337
680338
680361
680362
680522
680523
680546
680547
680707
680708
680731
680732
680892
680893
680900
680901
680902
680903
680904
680905
680907
680908
680916
680917
681077
681078
681085
681086
681087
681088
681089
681090
681092
681093
681101
681102
681262
681263
681270
681271
681272
681273
681274
681275
681277
681278
681286
681287
681447
681448
681455
681456
681457
681458
681459
681460
681462
681463
681471
681472
681632
681633
681640
681641
681642
681643
681644
681645
681647
681648
681656
681657
681817
681818
681825
681826
681827
681828
681829
681830
681832
681833
681841
681842
682002
682003
682010
682011
682012
682013
682014
682015
682017
682018
682026
682027
682187
682188
682195
682196
682197
682198
682199
682200
682202
682203
682211
682212
682372
682373
682380
682381
682382
682383
682384
682385
682387
682388
682396
682397
682557
682558
682565
682566
682567
682568
682569
682570
682572
682573
682581
682582
682742
682743
682750
682751
682752
682753
682754
682755
682757
682758
682766
682767
682927
682928
682935
682937
682938
682940
682943
682951
682952
683112
683113
683136
683137
683297
683298
683321
683322
683482
683483
683506
683507
683667
683668
683691
683692
683851
683853
683856
683877
686195
686196
686215
686217
686219
686220
686380
686381
686404
686405
686565
686566
686589
686590
686749
686750
686751
686752
686753
686755
686756
686758
686759
686761
686762
686764
686765
686768
686774
686775
686934
686935
686936
686937
686938
686940
686941
686943
686944
686946
686947
686949
686950
686953
686959
686960
687119
687120
687121
687122
687123
687125
687126
687128
687129
687131
687132
687134
687135
687138
687144
687145
687304
687305
687306
687307
687308
687310
687311
687313
687314
687316
687317
687319
687320
687323
687329
687330
687489
687490
687491
687492
687493
687495
687496
687498
687499
687501
687502
687504
687505
687508
687514
687515
687674
687675
687676
687677
687678
687680
687681
687683
687684
687686
687687
687689
687690
687693
687699
687700
687859
687860
687861
687862
687863
687865
687866
687868
687869
687871
687872
687874
687875
687878
687884
687885
688044
688045
688046
688047
688048
688050
688051
688053
688054
688056
688057
688059
688060
688063
688069
688070
688229
688230
688231
688232
688233
688235
688236
688238
688239
688241
688242
688244
688245
688248
688254
688255
688414
688415
688416
688417
688418
688420
688421
688423
688424
688426
688427
688429
688430
688433
688439
688440
688599
688600
688601
688602
688605
688608
688611
688614
688624
688625
688785
688786
688809
688810
688970
688971
688994
688995
689155
689156
689179
689180
689340
689341
689364
689365
689525
689526
689549
689550
689710
689711
689734
689735
689895
689896
689919
689920
690080
690081
690104
690105
690265
690266
690289
690290
690450
690451
690474
690475
690635
690636
690659
690660
690820
690821
690844
690845
691005
691006
691029
691030
691190
691191
691214
691215
691375
691376
691399
691400
691560
691561
691584
691585
691745
691746
691769
691770
691930
691931
691954
691955
692115
692116
692139
692140
692300
692301
692324
692325
692485
692486
692509
692510
692670
692671
692694
692695
692855
692856
692879
692880
693040
693041
693064
693065
693225
693226
693249
693250
693410
693411
693434
693435
693595
693596
693619
693620
693780
693781
693804
693805
693965
693966
693989
693990
694150
694151
694174
694175
694335
694336
694343
694344
694346
694347
694350
694359
694360
694520
694521
694528
694529
694531
694532
694535
694544
694545
694705
694706
694713
694714
694716
694717
694720
694729
694730
694890
694891
694898
694899
694901
694902
694905
694914
694915
695075
695076
695083
695084
695086
695087
695090
695099
695100
695260
695261
695268
695269
695271
695272
695275
695284
695285
695445
695446
695453
695454
695456
695457
695460
695469
695470
695630
695631
695638
695639
695641
695642
695645
695654
695655
695815
695816
695823
695824
695826
695827
695830
695839
695840
696000
696001
696008
696009
696011
696012
696015
696024
696025
696185
696186
696193
696194
696196
696197
696200
696209
696210
696370
696371
696378
696381
696394
696395
696555
696556
696579
696580
696740
696741
696764
696765
696925
696926
696949
696950
697110
697111
697134
697135
697294
697296
697299
697320
699638
699639
699658
699660
699662
699663
699823
699824
699847
699848
700008
700009
700032
700033
700193
700194
700217
700218
700378
700379
700402
700403
700563
700564
700587
700588
700748
700749
700772
700773
700933
700934
700957
700958
701118
701119
701142
701143
701303
701304
701327
701328
701488
701489
701512
701513
701673
701674
701697
701698
701858
701859
701882
701883
702043
702044
702067
702068
702228
702229
702252
702253
702413
702414
702437
702438
702598
702599
702622
702623
702783
702784
702807
702808
702968
702969
702992
702993
703153
703154
703177
703178
703338
703339
703362
703363
703523
703524
703547
703548
703708
703709
703732
703733
703893
703894
703917
703918
704078
704079
704102
704103
704263
704264
704287
704288
704448
704449
704472
704473
704633
704634
704657
704658
704818
704819
704842
704843
705003
705004
705027
705028
705188
705189
705212
705213
705373
705374
705397
705398
705558
705559
705582
705583
705743
705744
705767
705768
705928
705929
705952
705953
706113
706114
706137
706138
706298
706299
706322
706323
706483
706484
706507
706508
706668
706669
706692
706693
706853
706854
706877
706878
707038
707039
707062
707063
707223
707224
707247
707248
707408
707409
707432
707433
707593
707594
707617
707618
707778
707779
707802
707803
707963
707964
707987
707988
708148
708149
708172
708173
708333
708334
708357
708358
708518
708519
708542
708543
708703
708704
708727
708728
708888
708889
708912
708913
709073
709074
709097
709098
709258
709259
709282
709283
709443
709444
709467
709468
709628
709629
709652
709653
709813
709814
709837
709838
709998
709999
710022
710023
710183
710184
710207
710208
710368
710369
710392
710393
710553
710554
710577
710578
710737
710739
710742
710763
713081
713082
713101
713103
713105
713106
713266
713267
713290
713291
713451
713452
713475
713476
713636
713637
713660
713661
713821
713822
713845
713846
714006
714007
714030
714031
714191
714192
714215
714216
714376
714377
714400
714401
714561
714562
714585
714586
714746
714747
714770
714771
714931
714932
714955
714956
715116
715117
715140
715141
715301
715302
715325
715326
715486
715487
715510
715511
715671
715672
715695
715696
715856
715857
715880
715881
716041
716042
716065
716066
716226
716227
716250
716251
716411
716412
716435
716436
716596
716597
716620
716621
716781
716782
716805
716806
716966
716967
716990
716991
717151
717152
717175
717176
717336
717337
717360
717361
717521
717522
717545
717546
717706
717707
717730
717731
717891
717892
717915
717916
718076
718077
718100
718101
718261
718262
718285
718286
718446
718447
718470
718471
718631
718632
718655
718656
718816
718817
718840
718841
719001
719002
719025
719026
719186
719187
719210
719211
719371
719372
719395
719396
719556
719557
719580
719581
719741
719742
719765
719766
719926
719927
719950
719951
720111
720112
720135
720136
720296
720297
720320
720321
720481
720482
720505
720506
720666
720667
720690
720691
720851
720852
720875
720876
721036
721037
721060
721061
721221
721222
721245
721246
721406
721407
721430
721431
721591
721592
721615
721616
721776
721777
721800
721801
721961
721962
721985
721986
722146
722147
722170
722171
722331
722332
722355
722356
722516
722517
722540
722541
722701
722702
722725
722726
722886
722887
722910
722911
723071
723072
723095
723096
723256
723257
723280
723281
723441
723442
723465
723466
723626
723627
723650
723651
723811
723812
723835
723836
723996
723997
724020
724021
724180
724182
724185
724206
726524
726525
726544
726546
726548
726549
726709
726710
726733
726734
726894
726895
726918
726919
727079
727080
727103
727104
727264
727265
727288
727289
727449
727450
727473
727474
727634
727635
727658
727659
727819
727820
727843
727844
728004
728005
728028
728029
728189
728190
728213
728214
728374
728375
728398
728399
728559
728560
728583
728584
728744
728745
728768
728769
728929
728930
728953
728954
729114
729115
729138
729139
729299
729300
729323
729324
729484
729485
729508
729509
729669
729670
729693
729694
729854
729855
729878
729879
730039
730040
730063
730064
730224
730225
730248
730249
730409
730410
730433
730434
730594
730595
730618
730619
730779
730780
730803
730804
730964
730965
730988
730989
731149
731150
731173
731174
731334
731335
731358
731359
731519
731520
731543
731544
731704
731705
731728
731729
731889
731890
731913
731914
732074
732075
732098
732099
732259
732260
732283
732284
732444
732445
732468
732469
732629
732630
732653
732654
732814
732815
732838
732839
732999
733000
733023
733024
733184
733185
733208
733209
733369
733370
733393
733394
733554
733555
733578
733579
733739
733740
733763
733764
733924
733925
733948
733949
734109
734110
734133
734134
734294
734295
734318
734319
734479
734480
734503
734504
734664
734665
734688
734689
734849
734850
734873
734874
735034
735035
735058
735059
735219
735220
735243
735244
735404
735405
735428
735429
735589
735590
735613
735614
735774
735775
735798
735799
735959
735960
735983
735984
736144
736145
736168
736169
736329
736330
736353
736354
736514
736515
736538
736539
736699
736700
736723
736724
736884
736885
736908
736909
737069
737070
737093
737094
737254
737255
737278
737279
737439
737440
737463
737464
737623
737625
737628
737649
739966
739967
739968
739969
739971
739972
739974
739975
739977
739978
739980
739981
739983
739984
739986
739987
739989
739991
739992
740152
740153
740176
740177
740337
740338
740361
740362
740522
740523
740546
740547
740707
740708
740731
740732
740892
740893
740916
740917
741077
741078
741101
741102
741262
741263
741286
741287
741447
741448
741471
741472
741632
741633
741656
741657
741817
741818
741841
741842
742002
742003
742026
742027
742187
742188
742211
742212
742372
742373
742396
742397
742557
742558
742581
742582
742742
742743
742766
742767
742927
742928
742951
742952
743112
743113
743136
743137
743297
743298
743321
743322
743482
743483
743506
743507
743667
743668
743691
743692
743852
743853
743876
743877
744037
744038
744061
744062
744222
744223
744246
744247
744407
744408
744431
744432
744592
744593
744616
744617
744777
744778
744801
744802
744962
744963
744986
744987
745147
745148
745171
745172
745332
745333
745356
745357
745517
745518
745541
745542
745702
745703
745726
745727
745887
745888
745911
745912
746072
746073
746096
746097
746257
746258
746281
746282
746442
746443
746466
746467
746627
746628
746651
746652
746812
746813
746836
746837
746997
746998
747021
747022
747182
747183
747206
747207
747367
747368
747391
747392
747552
747553
747576
747577
747737
747738
747761
747762
747922
747923
747946
747947
748107
748108
748131
748132
748292
748293
748316
748317
748477
748478
748501
748502
748662
748663
748686
748687
748847
748848
748871
748872
749032
749033
749056
749057
749217
749218
749241
749242
749402
749403
749426
749427
749587
749588
749611
749612
749772
749773
749796
749797
749957
749958
749981
749982
750142
750143
750166
750167
750327
750328
750351
750352
750512
750513
750536
750537
750697
750698
750721
750722
750882
750883
750906
750907
751066
751068
751071
751092
753409
753410
753411
753412
753414
753415
753417
753418
753420
753421
753423
753424
753426
753427
753429
753430
753432
753434
753435
753595
753596
753619
753620
753780
753781
753804
753805
753965
753966
753989
753990
754150
754151
754174
754175
754335
754336
754359
754360
754520
754521
754544
754545
754705
754706
754729
754730
754890
754891
754914
754915
755075
755076
755099
755100
755260
755261
755284
755285
755445
755446
755469
755470
755630
755631
755654
755655
755815
755816
755839
755840
756000
756001
756024
756025
756185
756186
756209
756210
756370
756371
756394
756395
756555
756556
756579
756580
756740
756741
756764
756765
756925
756926
756949
756950
757110
757111
757134
757135
757295
757296
757319
757320
757480
757481
757504
757505
757665
757666
757689
757690
757850
757851
757874
757875
758035
758036
758059
758060
758220
758221
758244
758245
758405
758406
758429
758430
758590
758591
758614
758615
758775
758776
758799
758800
758960
758961
758984
758985
759145
759146
759169
759170
759330
759331
759354
759355
759515
759516
759539
759540
759700
759701
759724
759725
759885
759886
759909
759910
760070
760071
760094
760095
760255
760256
760279
760280
760440
760441
760464
760465
760625
760626
760649
760650
760810
760811
760834
760835
760995
760996
761019
761020
761180
761181
761204
761205
761365
761366
761389
761390
761550
761551
761574
761575
761735
761736
761759
761760
761920
761921
761944
761945
762105
762106
762129
762130
762290
762291
762314
762315
762475
762476
762499
762500
762660
762661
762684
762685
762845
762846
762869
762870
763030
763031
763054
763055
763215
763216
763239
763240
763400
763401
763424
763425
763585
763586
763609
763610
763770
763771
763794
763795
763955
763956
763979
763980
764140
764141
764164
764165
764325
764326
764349
764350
764509
764511
764514
764535
766852
766853
766854
766855
766857
766858
766860
766861
766863
766864
766866
766867
766869
766870
766872
766873
766875
766877
766878
767038
767039
767062
767063
767223
767224
767247
767248
767408
767409
767432
767433
767593
767594
767617
767618
767778
767779
767802
767803
767963
767964
767987
767988
768148
768149
768172
768173
768333
768334
768357
768358
768518
768519
768542
768543
768703
768704
768727
768728
768888
768889
768912
768913
769073
769074
769097
769098
769258
769259
769282
769283
769443
769444
769467
769468
769628
769629
769652
769653
769813
769814
769837
769838
769998
769999
770022
770023
770183
770184
770207
770208
770368
770369
770392
770393
770553
770554
770577
770578
770738
770739
770762
770763
770923
770924
770947
770948
771108
771109
771132
771133
771293
771294
771317
771318
771478
771479
771502
771503
771663
771664
771687
771688
771848
771849
771872
771873
772033
772034
772057
772058
772218
772219
772242
772243
772403
772404
772427
772428
772588
772589
772612
772613
772773
772774
772797
772798
772958
772959
772982
772983
773143
773144
773167
773168
773328
773329
773352
773353
773513
773514
773537
773538
773698
773699
773722
773723
773883
773884
773907
773908
774068
774069
774092
774093
774253
774254
774277
774278
774438
774439
774462
774463
774623
774624
774647
774648
774808
774809
774832
774833
774993
774994
775017
775018
775178
775179
775202
775203
775363
775364
775387
775388
775548
775549
775572
775573
775733
775734
775757
775758
775918
775919
775942
775943
776103
776104
776127
776128
776288
776289
776312
776313
776473
776474
776497
776498
776658
776659
776682
776683
776843
776844
776867
776868
777028
777029
777052
777053
777213
777214
777237
777238
777398
777399
777422
777423
777583
777584
777607
777608
777768
777769
777792
777793
777952
777954
777955
777957
777958
777960
777961
777963
777964
777966
777967
777969
777970
777972
777973
777975
777978
780295
780296
780298
780299
780301
780302
780304
780305
780307
780308
780310
780311
780313
780314
780316
780317
780320
780480
780481
780483
780484
780486
780487
780489
780490
780492
780493
780495
780496
780498
780499
780501
780502
780505
780665
780666
780668
780669
780671
780672
780674
780675
780677
780678
780680
780681
780683
780684
780686
780687
780690
780850
780851
780853
780854
780856
780857
780859
780860
780862
780863
780865
780866
780868
780869
780871
780872
780875
781035
781036
781038
781039
781041
781042
781044
781045
781047
781048
781050
781051
781053
781054
781056
781057
781060
781220
781221
781223
781224
781226
781227
781229
781230
781232
781233
781235
781236
781238
781239
781241
781242
781245
781405
781406
781408
781409
781411
781412
781414
781415
781417
781418
781420
781421
781423
781424
781426
781427
781430
781590
781591
781593
781594
781596
781597
781599
781600
781602
781603
781605
781606
781608
781609
781611
781612
781615
781775
781776
781778
781779
781781
781782
781784
781785
781787
781788
781790
781791
781793
781794
781796
781797
781800
781960
781961
781963
781964
781966
781967
781969
781970
781972
781973
781975
781976
781978
781979
781981
781982
781985
782145
782146
782148
782149
782151
782152
782154
782155
782157
782158
782160
782161
782163
782164
782166
782167
782170
782330
782331
782333
782334
782336
782337
782339
782340
782342
782343
782345
782346
782348
782349
782351
782352
782355
782515
782516
782518
782519
782521
782522
782524
782525
782527
782528
782530
782531
782533
782534
782536
782537
782540
782700
782701
782703
782704
782706
782707
782709
782710
782712
782713
782715
782716
782718
782719
782721
782722
782725
782885
782886
782888
782889
782891
782892
782894
782895
782897
782898
782900
782901
782903
782904
782906
782907
782910
783070
783071
783073
783074
783076
783077
783079
783080
783082
783083
783085
783086
783088
783089
783091
783092
783095
783255
783256
783258
783259
783261
783262
783264
783265
783267
783268
783270
783271
783273
783274
783276
783277
783280
783440
783441
783443
783444
783446
783447
783449
783450
783452
783453
783455
783456
783458
783459
783461
783462
783465
783625
783626
783628
783629
783631
783632
783634
783635
783637
783638
783640
783641
783643
783644
783646
783647
783650
783810
783811
783813
783814
783816
783817
783819
783820
783822
783823
783825
783826
783828
783829
783831
783832
783835
783995
783996
783998
783999
784001
784002
784004
784005
784007
784008
784010
784011
784013
784014
784016
784017
784020
784180
784181
784183
784184
784186
784187
784189
784190
784192
784193
784195
784196
784198
784199
784201
784202
784205
784365
784366
784368
784369
784371
784372
784374
784375
784377
784378
784380
784381
784383
784384
784386
784387
784390
784550
784551
784553
784554
784556
784557
784559
784560
784562
784563
784565
784566
784568
784569
784571
784572
784575
784735
784736
784738
784739
784741
784742
784744
784745
784747
784748
784750
784751
784753
784754
784756
784757
784760
784920
784921
784923
784924
784926
784927
784929
784930
784932
784933
784935
784936
784938
784939
784941
784942
784945
785105
785106
785108
785109
785111
785112
785114
785115
785117
785118
785120
785121
785123
785124
785126
785127
785130
785290
785291
785293
785294
785296
785297
785299
785300
785302
785303
785305
785306
785308
785309
785311
785312
785315
785475
785476
785478
785479
785481
785482
785484
785485
785487
785488
785490
785491
785493
785494
785496
785497
785500
785660
785661
785663
785664
785666
785667
785669
785670
785672
785673
785675
785676
785678
785679
785681
785682
785685
785845
785846
785848
785849
785851
785852
785854
785855
785857
785858
785860
785861
785863
785864
785866
785867
785870
786030
786031
786033
786034
786036
786037
786039
786040
786042
786043
786045
786046
786048
786049
786051
786052
786055
786215
786216
786218
786219
786221
786222
786224
786225
786227
786228
786230
786231
786233
786234
786236
786237
786240
786400
786401
786403
786404
786406
786407
786409
786410
786412
786413
786415
786416
786418
786419
786421
786422
786425
786585
786586
786588
786589
786591
786592
786594
786595
786597
786598
786600
786601
786603
786604
786606
786607
786610
786770
786771
786773
786774
786776
786777
786779
786780
786782
786783
786785
786786
786788
786789
786791
786792
786795
786955
786956
786958
786959
786961
786962
786964
786965
786967
786968
786970
786971
786973
786974
786976
786977
786980
787140
787141
787143
787144
787146
787147
787149
787150
787152
787153
787155
787156
787158
787159
787161
787162
787165
787325
787326
787328
787329
787331
787332
787334
787335
787337
787338
787340
787341
787343
787344
787346
787347
787350
787510
787511
787513
787514
787516
787517
787519
787520
787522
787523
787525
787526
787528
787529
787531
787532
787535
787695
787696
787698
787699
787701
787702
787704
787705
787707
787708
787710
787711
787713
787714
787716
787717
787720
787880
787881
787883
787884
787886
787887
787889
787890
787892
787893
787895
787896
787898
787899
787901
787902
787905
788065
788066
788068
788069
788071
788072
788074
788075
788077
788078
788080
788081
788083
788084
788086
788087
788090
788250
788251
788253
788254
788256
788257
788259
788260
788262
788263
788265
788266
788268
788269
788271
788272
788275
788435
788436
788438
788439
788441
788442
788444
788445
788447
788448
788450
788451
788453
788454
788456
788457
788460
788620
788621
788623
788624
788626
788627
788629
788630
788632
788633
788635
788636
788638
788639
788641
788642
788645
788805
788806
788808
788809
788811
788812
788814
788815
788817
788818
788820
788821
788823
788824
788826
788827
788830
788990
788991
788993
788994
788996
788997
788999
789000
789002
789003
789005
789006
789008
789009
789011
789012
789015
789175
789176
789178
789179
789181
789182
789184
789185
789187
789188
789190
789191
789193
789194
789196
789197
789200
789360
789361
789363
789364
789366
789367
789369
789370
789372
789373
789375
789376
789378
789379
789381
789382
789385
789545
789546
789548
789549
789551
789552
789554
789555
789557
789558
789560
789561
789563
789564
789566
789567
789570
789730
789731
789733
789734
789736
789737
789739
789740
789742
789743
789745
789746
789748
789749
789751
789752
789755
789915
789916
789918
789919
789921
789922
789924
789925
789927
789928
789930
789931
789933
789934
789936
789937
789940
790100
790101
790103
790104
790106
790107
790109
790110
790112
790113
790115
790116
790118
790119
790121
790122
790125
790285
790286
790288
790289
790291
790292
790294
790295
790297
790298
790300
790301
790303
790304
790306
790307
790310
790470
790471
790473
790474
790476
790477
790479
790480
790482
790483
790485
790486
790488
790489
790491
790492
790495
790655
790656
790658
790659
790661
790662
790664
790665
790667
790668
790670
790671
790673
790674
790676
790677
790680
790840
790841
790843
790844
790846
790847
790849
790850
790852
790853
790855
790856
790858
790859
790861
790862
790865
791025
791026
791028
791029
791031
791032
791034
791035
791037
791038
791040
791041
791043
791044
791046
791047
791050
791210
791211
791213
791214
791216
791217
791219
791220
791222
791223
791225
791226
791228
791229
791231
791232
791235
791395
791398
791401
791404
791407
791410
791413
791416
-27489
-27492
-27495
-27498
-27501
-27504
-27507
-27510
-27513
-27674
-27677
-27680
-27683
-27686
-27689
-27692
-27695
-27698
-27859
-27862
-27865
-27868
-27871
-27874
-27877
-27880
-27883
-28044
-28047
-28050
-28053
-28056
-28059
-28062
-28065
-28068
-28229
-28232
-28235
-28238
-28241
-28244
-28247
-28250
-28253
-28414
-28417
-28420
-28423
-28426
-28429
-28432
-28435
-28438
-28599
-28602
-28605
-28608
-28611
-28614
-28617
-28620
-28623
-28784
-28787
-28790
-28793
-28796
-28799
-28802
-28805
-28808
-28969
-28972
-28975
-28978
-28981
-28984
-28987
-28990
-28993
-29154
-29157
-29160
-29163
-29166
-29169
-29172
-29175
-29178
-29339
-29342
-29345
-29348
-29351
-29354
-29357
-29360
-29363
-29524
-29527
-29530
-29533
-29536
-29539
-29542
-29545
-29548
-29709
-29712
-29715
-29718
-29721
-29724
-29727
-29730
-29733
-29894
-29897
-29900
-29903
-29906
-29909
-29912
-29915
-29918
-30079
-30082
-30085
-30088
-30091
-30094
-30097
-30100
-30103
-30264
-30267
-30270
-30273
-30276
-30279
-30282
-30285
-30288
-30449
-30452
-30455
-30458
-30461
-30464
-30467
-30470
-30473
-30634
-30637
-30640
-30643
-30646
-30649
-30652
-30655
-30658
-30819
-30822
-30825
-30828
-30831
-30834
-30837
-30840
-30843
-31004
-31007
-31010
-31013
-31016
-31019
-31022
-31025
-31028
-31189
-31192
-31195
-31198
-31201
-31204
-31207
-31210
-31213
-31374
-31377
-31380
-31383
-31386
-31389
-31392
-31395
-31398
-31559
-31562
-31565
-31568
-31571
-31574
-31577
-31580
-31583
-31744
-31747
-31750
-31753
-31756
-31759
-31762
-31765
-31768
-31929
-31932
-31935
-31938
-31941
-31944
-31947
-31950
-31953
-32114
-32117
-32120
-32123
-32126
-32129
-32132
-32135
-32138
-32299
-32302
-32305
-32308
-32311
-32314
-32317
-32320
-32323
-32484
-32487
-32490
-32493
-32496
-32499
-32502
-32505
-32508
-32669
-32672
-32675
-32678
-32681
-32684
-32687
-32690
-32693
-32854
-32857
-32860
-32863
-32866
-32869
-32872
-32875
-32878
-33039
-33042
-33045
-33048
-33051
-33054
-33057
-33060
-33063
-33224
-33227
-33230
-33233
-33236
-33239
-33242
-33245
-33248
-33409
-33412
-33415
-33418
-33421
-33424
-33427
-33430
-33433
-33594
-33597
-33600
-33603
-33606
-33609
-33612
-33615
-33618
-33779
-33782
-33785
-33788
-33791
-33794
-33797
-33800
-33803
-33964
-33967
-33970
-33973
-33976
-33979
-33982
-33985
-33988
-34149
-34152
-34155
-34158
-34161
-34164
-34167
-34170
-34173
-34334
-34337
-34340
-34343
-34346
-34349
-34352
-34355
-34358
-34519
-34522
-34525
-34528
-34531
-34534
-34537
-34540
-34543
-34704
-34707
-34710
-34713
-34716
-34719
-34722
-34725
-34728
-34889
-34892
-34895
-34898
-34901
-34904
-34907
-34910
-34913
-35074
-35077
-35080
-35083
-35086
-35089
-35092
-35095
-35098
-35259
-35262
-35265
-35268
-35271
-35274
-35277
-35280
-35283
-35444
-35447
-35450
-35453
-35456
-35459
-35462
-35465
-35468
-35629
-35632
-35635
-35638
-35641
-35644
-35647
-35650
-35653
-35814
-35817
-35820
-35823
-35826
-35829
-35832
-35835
-35838
-35999
-36002
-36005
-36008
-36011
-36014
-36017
-36020
-36023
-36184
-36187
-36190
-36193
-36196
-36199
-36202
-36205
-36208
-36369
-36372
-36375
-36378
-36381
-36384
-36387
-36390
-36393
-36554
-36557
-36560
-36563
-36566
-36569
-36572
-36575
-36578
-36739
-36742
-36745
-36748
-36751
-36754
-36757
-36760
-36763
-36924
-36927
-36930
-36933
-36936
-36939
-36942
-36945
-36948
-37109
-37112
-37115
-37118
-37121
-37124
-37127
-37130
-37133
-37294
-37297
-37300
-37303
-37306
-37309
-37312
-37315
-37318
-37479
-37482
-37485
-37488
-37491
-37494
-37497
-37500
-37503
-37664
-37667
-37670
-37673
-37676
-37679
-37682
-37685
-37688
-37849
-37852
-37855
-37858
-37861
-37864
-37867
-37870
-37873
-38034
-38037
-38040
-38043
-38046
-38049
-38052
-38055
-38058
-38219
-38222
-38225
-38228
-38231
-38234
-38237
-38240
-38243
-38404
-38407
-38410
-38413
-38416
-38419
-38422
-38425
-38428
-38589
-38592
-38595
-38598
-38601
-38604
-38607
-38610
-38613
-40746
-40749
-40752
-40755
-40758
-40761
-40764
-40767
-40770
-40927
40954
-41112
41120
41123
41126
41129
41132
41135
41138
41139
-41297
41305
41308
41311
41314
41317
41320
41323
41324
-41482
41490
41493
41496
41499
41502
41505
41508
41509
-41667
41675
41678
41681
41684
41687
41690
41693
41694
-41852
41860
41863
41866
41869
41872
41875
41878
41879
-42037
42045
42048
42051
42054
42057
42060
42063
42064
-42222
42230
42233
42236
42239
42242
42245
42248
42249
-42407
42415
42418
42421
42424
42427
42430
42433
42434
-42592
42600
42603
42606
42609
42612
42615
42618
42619
-42777
42785
42788
42791
42794
42797
42800
42803
42804
-42962
42970
42973
42976
42979
42982
42985
42988
42989
-43147
43155
43158
43161
43164
43167
43170
43173
43174
-43332
43340
43343
43346
43349
43352
43355
43358
43359
-43517
43525
43528
43531
43534
43537
43540
43543
43544
-43702
43710
43713
43716
43719
43722
43725
43728
43729
-43887
43895
43898
43901
43904
43907
43910
43913
43914
-44072
44080
44083
44086
44089
44092
44095
44098
44099
-44257
44265
44268
44271
44274
44277
44280
44283
44284
-44442
44450
44453
44456
44459
44462
44465
44468
44469
-44627
44635
44638
44641
44644
44647
44650
44653
44654
-44812
44820
44823
44826
44829
44832
44835
44838
44839
-44997
45005
45008
45011
45014
45017
45020
45023
45024
-45182
45190
45193
45196
45199
45202
45205
45208
45209
-45367
45375
45378
45381
45384
45387
45390
45393
45394
-45552
45560
45563
45566
45569
45572
45575
45578
45579
-45737
45745
45748
45751
45754
45757
45760
45763
45764
-45922
45930
45933
45936
45939
45942
45945
45948
45949
-46107
46115
46118
46121
46124
46127
46130
46133
46134
-46292
46300
46303
46306
46309
46312
46315
46318
46319
-46477
46485
46488
46491
46494
46497
46500
46503
46504
-46662
46670
46673
46676
46679
46682
46685
46688
46689
-46847
46855
46858
46861
46864
46867
46870
46873
46874
-47032
47040
47043
47046
47049
47052
47055
47058
47059
-47217
47225
47228
47231
47234
47237
47240
47243
47244
-47402
47410
47413
47416
47419
47422
47425
47428
47429
-47587
47595
47598
47601
47604
47607
47610
47613
47614
-47772
47780
47783
47786
47789
47792
47795
47798
47799
-47957
47965
47968
47971
47974
47977
47980
47983
47984
-48142
48150
48153
48156
48159
48162
48165
48168
48169
-48327
48335
48338
48341
48344
48347
48350
48353
48354
-48512
48520
48523
48526
48529
48532
48535
48538
48539
-48697
48705
48708
48711
48714
48717
48720
48723
48724
-48882
48890
48893
48896
48899
48902
48905
48908
48909
-49067
49075
49078
49081
49084
49087
49090
49093
49094
-49252
49260
49263
49266
49269
49272
49275
49278
49279
-49437
49445
49448
49451
49454
49457
49460
49463
49464
-49622
49630
49633
49636
49639
49642
49645
49648
49649
-49807
49815
49818
49821
49824
49827
49830
49833
49834
-49992
50000
50003
50006
50009
50012
50015
50018
50019
-50177
50185
50188
50191
50194
50197
50200
50203
50204
-50362
50370
50373
50376
50379
50382
50385
50388
50389
-50547
50555
50558
50561
50564
50567
50570
50573
50574
-50732
50740
50743
50746
50749
50752
50755
50758
50759
-50917
50925
50928
50931
50934
50937
50940
50943
50944
-51102
51110
51113
51116
51119
51122
51125
51128
51129
-51287
51295
51298
51301
51304
51307
51310
51313
51314
-51472
51480
51483
51486
51489
51492
51495
51498
51499
-51657
51665
51668
51671
51674
51677
51680
51683
51684
-51842
51850
51853
51856
51859
51862
51865
51868
51869
-52027
52031
52034
52037
52040
52043
52046
52049
52052
52054
52055
-54189
-54192
-54195
-54198
-54201
-54204
-54207
-54210
-54213
-54370
54377
54380
54383
54386
54389
54392
54395
54397
-54555
54558
-54579
54582
-54740
54743
-54764
54767
-54925
54928
-54949
54952
-55110
55113
-55134
55137
-55295
55298
-55319
55322
-55480
55483
-55504
55507
-55665
55668
-55689
55692
-55850
55853
-55874
55877
-56035
56038
-56059
56062
-56220
56223
-56244
56247
-56405
56408
-56429
56432
-56590
56593
-56614
56617
-56775
56778
-56799
56802
-56960
56963
-56984
56987
-57145
57148
-57169
57172
-57330
57333
-57354
57357
-57515
57518
-57539
57542
-57700
57703
-57724
57727
-57885
57888
-57909
57912
-58070
58073
-58094
58097
-58255
58258
-58279
58282
-58440
58443
-58464
58467
-58625
58628
-58649
58652
-58810
58813
-58834
58837
-58995
58998
-59019
59022
-59180
59183
-59204
59207
-59365
59368
-59389
59392
-59550
59553
-59574
59577
-59735
59738
-59759
59762
-59920
59923
-59944
59947
-60105
60108
-60129
60132
-60290
60293
-60314
60317
-60475
60478
-60499
60502
-60660
60663
-60684
60687
-60845
60848
-60869
60872
-61030
61033
-61054
61057
-61215
61218
-61239
61242
-61400
61403
-61424
61427
-61585
61588
-61609
61612
-61770
61773
-61794
61797
-61955
61958
-61979
61982
-62140
62143
-62164
62167
-62325
62328
-62349
62352
-62510
62513
-62534
62537
-62695
62698
-62719
62722
-62880
62883
-62904
62907
-63065
63068
-63089
63092
-63250
63253
-63274
63277
-63435
63438
-63459
63462
-63620
63623
-63644
63647
-63805
63808
-63829
63832
-63990
63993
-64014
64017
-64175
64178
-64199
64202
-64360
64363
-64384
64387
-64545
64548
-64569
64572
-64730
64733
-64754
64757
-64915
64918
-64939
64942
-65100
65103
-65124
65127
-65285
65288
-65292
-65295
-65298
-65301
-65304
-65307
-65309
-65310
65312
-65470
65474
65477
65480
65483
65486
65489
65492
65495
65497
65498
-67632
-67635
-67638
-67641
-67644
-67647
-67650
-67653
-67656
-67813
67820
67823
67826
67829
67832
67835
67838
67840
-67998
68001
-68022
68025
-68183
68186
-68207
68210
-68368
68371
-68392
68395
-68553
68556
-68577
68580
-68738
68741
-68762
68765
-68923
68926
-68947
68950
-69108
69111
-69132
69135
-69293
69296
-69317
69320
-69478
69481
-69502
69505
-69663
69666
-69687
69690
-69848
69851
-69872
69875
-70033
70036
-70057
70060
-70218
70221
-70242
70245
-70403
70406
-70427
70430
-70588
70591
-70612
70615
-70773
70776
-70797
70800
-70958
70961
-70982
70985
-71143
71146
-71167
71170
-71328
71331
-71352
71355
-71513
71516
-71537
71540
-71698
71701
-71722
71725
-71883
71886
-71907
71910
-72068
72071
-72092
72095
-72253
72256
-72277
72280
-72438
72441
-72462
72465
-72623
72626
-72647
72650
-72808
72811
-72832
72835
-72993
72996
-73017
73020
-73178
73181
-73202
73205
-73363
73366
-73387
73390
-73548
73551
-73572
73575
-73733
73736
-73757
73760
-73918
73921
-73942
73945
-74103
74106
-74127
74130
-74288
74291
-74312
74315
-74473
74476
-74497
74500
-74658
74661
-74682
74685
-74843
74846
-74867
74870
-75028
75031
-75052
75055
-75213
75216
-75237
75240
-75398
75401
-75422
75425
-75583
75586
-75607
75610
-75768
75771
-75792
75795
-75953
75956
-75977
75980
-76138
76141
-76162
76165
-76323
76326
-76347
76350
-76508
76511
-76532
76535
-76693
76696
-76717
76720
-76878
76881
-76902
76905
-77063
77066
-77087
77090
-77248
77251
-77272
77275
-77433
77436
-77457
77460
-77618
77621
-77642
77645
-77803
77806
-77827
77830
-77988
77991
-78012
78015
-78173
78176
-78197
78200
-78358
78361
-78382
78385
-78543
78546
-78567
78570
-78728
78731
-78735
-78738
-78741
-78744
-78747
-78750
-78752
-78753
78755
-78913
78917
78920
78923
78924
78926
78927
78929
78930
78932
78933
78935
78936
78938
78939
78940
78941
-81075
-81078
-81081
-81084
-81087
-81090
-81093
-81096
-81099
-81256
81263
81264
81266
81267
81269
81270
81272
81273
81275
81276
81278
81279
81281
81283
-81441
81444
-81465
81468
-81626
81629
-81650
81653
-81811
81814
-81835
81838
-81996
81999
-82020
82023
-82181
82184
-82205
82208
-82366
82369
-82390
82393
-82551
82554
-82575
82578
-82736
82739
-82760
82763
-82921
82924
-82945
82948
-83106
83109
-83130
83133
-83291
83294
-83315
83318
-83476
83479
-83500
83503
-83661
83664
-83685
83688
-83846
83849
-83870
83873
-84031
84034
-84055
84058
-84216
84219
-84240
84243
-84401
84404
-84425
84428
-84586
84589
-84610
84613
-84771
84774
-84795
84798
-84956
84959
-84980
84983
-85141
85144
-85165
85168
-85326
85329
-85350
85353
-85511
85514
-85535
85538
-85696
85699
-85720
85723
-85881
85884
-85905
85908
-86066
86069
-86090
86093
-86251
86254
-86275
86278
-86436
86439
-86460
86463
-86621
86624
-86645
86648
-86806
86809
-86830
86833
-86991
86994
-87015
87018
-87176
87179
-87200
87203
-87361
87364
-87385
87388
-87546
87549
-87570
87573
-87731
87734
-87755
87758
-87916
87919
-87940
87943
-88101
88104
-88125
88128
-88286
88289
-88310
88313
-88471
88474
-88495
88498
-88656
88659
-88680
88683
-88841
88844
-88865
88868
-89026
89029
-89050
89053
-89211
89214
-89235
89238
-89396
89399
-89420
89423
-89581
89584
-89605
89608
-89766
89769
-89790
89793
-89951
89954
-89975
89978
-90136
90139
-90160
90163
-90321
90324
-90345
90348
-90506
90509
-90530
90533
-90691
90694
-90715
90718
-90876
90879
-90900
90903
-91061
91064
-91085
91088
-91246
91249
-91270
91273
-91431
91434
-91455
91458
-91616
91619
-91640
91643
-91801
91804
-91825
91828
-91986
91989
-92010
92013
-92171
92174
-92178
-92195
92198
-92356
92360
92362
92363
-92380
92383
92384
-94518
-94539
-94542
-94699
94702
-94720
94724
94726
-94884
94887
-94908
94911
-95069
95072
-95093
95096
-95254
95257
-95278
95281
-95439
95442
-95463
95466
-95624
95627
-95648
95651
-95809
95812
-95833
95836
-95994
95997
-96018
96021
-96179
96182
-96203
96206
-96364
96367
-96388
96391
-96549
96552
-96573
96576
-96734
96737
-96758
96761
-96919
96922
-96943
96946
-97104
97107
-97128
97131
-97289
97292
-97313
97316
-97474
97477
-97498
97501
-97659
97662
-97683
97686
-97844
97847
-97868
97871
-98029
98032
-98053
98056
-98214
98217
-98238
98241
-98399
98402
-98423
98426
-98584
98587
-98608
98611
-98769
98772
-98793
98796
-98954
98957
-98978
98981
-99139
99142
-99163
99166
-99324
99327
-99348
99351
-99509
99512
-99533
99536
-99694
99697
-99718
99721
-99879
99882
-99903
99906
-100064
100067
-100088
100091
-100249
100252
-100273
100276
-100434
100437
-100458
100461
-100619
100622
-100643
100646
-100804
100807
-100828
100831
-100989
100992
-101013
101016
-101174
101177
-101198
101201
-101359
101362
-101383
101386
-101544
101547
-101568
101571
-101729
101732
-101753
101756
-101914
101917
-101938
101941
-102099
102102
-102123
102126
-102284
102287
-102308
102311
-102469
102472
-102493
102496
-102654
102657
-102678
102681
-102839
102842
-102863
102866
-103024
103027
-103048
103051
-103209
103212
-103233
103236
-103394
103397
-103418
103421
-103579
103582
-103603
103606
-103764
103767
-103788
103791
-103949
103952
-103973
103976
-104134
104137
-104158
104161
-104319
104322
-104343
104346
-104504
104507
-104528
104531
-104689
104692
-104713
104716
-104874
104877
-104898
104901
-105059
105062
-105083
105086
-105244
105247
-105268
105271
-105429
105432
-105453
105456
-105614
105617
-105621
-105638
105641
-105799
105803
105805
105806
-105823
105826
105827
-107961
-107982
-107985
-108142
108145
-108163
108167
108169
-108327
108330
-108351
108354
-108512
108515
-108536
108539
-108697
108700
-108721
108724
-108882
108885
-108906
108909
-109067
109070
-109091
109094
-109252
109255
-109276
109279
-109437
109440
-109461
109464
-109622
109625
-109646
109649
-109807
109810
-109831
109834
-109992
109995
-110016
110019
-110177
110180
-110201
110204
-110362
110365
-110386
110389
-110547
110550
-110571
110574
-110732
110735
-110756
110759
-110917
110920
-110941
110944
-111102
111105
-111126
111129
-111287
111290
-111311
111314
-111472
111475
-111496
111499
-111657
111660
-111681
111684
-111842
111845
-111866
111869
-112027
112030
-112051
112054
-112212
112215
-112236
112239
-112397
112400
-112421
112424
-112582
112585
-112606
112609
-112767
112770
-112791
112794
-112952
112955
-112976
112979
-113137
113140
-113161
113164
-113322
113325
-113346
113349
-113507
113510
-113531
113534
-113692
113695
-113716
113719
-113877
113880
-113901
113904
-114062
114065
-114086
114089
-114247
114250
-114271
114274
-114432
114435
-114456
114459
-114617
114620
-114641
114644
-114802
114805
-114826
114829
-114987
114990
-115011
115014
-115172
115175
-115196
115199
-115357
115360
-115381
115384
-115542
115545
-115566
115569
-115727
115730
-115751
115754
-115912
115915
-115936
115939
-116097
116100
-116121
116124
-116282
116285
-116306
116309
-116467
116470
-116491
116494
-116652
116655
-116676
116679
-116837
116840
-116861
116864
-117022
117025
-117046
117049
-117207
117210
-117231
117234
-117392
117395
-117416
117419
-117577
117580
-117601
117604
-117762
117765
-117786
117789
-117947
117950
-117971
117974
-118132
118135
-118156
118159
-118317
118320
-118341
118344
-118502
118505
-118526
118529
-118687
118690
-118711
118714
-118872
118875
-118896
118899
-119057
119060
-119064
-119081
119084
-119242
119246
119248
119249
-119266
119269
119270
-121404
-121425
-121428
-121585
121588
-121606
121610
121612
-121770
121773
-121794
121797
-121955
121958
-121979
121982
-122140
122143
-122148
-122151
-122154
-122157
-122160
-122163
-122164
122167
-122325
122328
-122333
-122336
-122339
-122342
-122345
-122348
-122349
122352
-122510
122513
-122518
-122521
-122524
-122527
-122530
-122533
-122534
122537
-122695
122698
-122703
-122706
-122709
-122712
-122715
-122718
-122719
122722
-122880
122883
-122888
-122891
-122894
-122897
-122900
-122903
-122904
122907
-123065
123068
-123073
-123076
-123079
-123082
-123085
-123088
-123089
123092
-123250
123253
-123258
-123261
-123264
-123267
-123270
-123273
-123274
123277
-123435
123438
-123443
-123446
-123449
-123452
-123455
-123458
-123459
123462
-123620
123623
-123628
-123631
-123634
-123637
-123640
-123643
-123644
123647
-123805
123808
-123813
-123816
-123819
-123822
-123825
-123828
-123829
123832
-123990
123993
-123998
-124001
-124004
-124007
-124010
-124013
-124014
124017
-124175
124178
-124199
124202
-124360
124363
-124384
124387
-124545
124548
-124569
124572
-124730
124733
-124754
124757
-124915
124918
-124939
124942
-125100
125103
-125124
125127
-125285
125288
-125309
125312
-125470
125473
-125494
125497
-125655
125658
-125679
125682
-125840
125843
-125864
125867
-126025
126028
-126049
126052
-126210
126213
-126234
126237
-126395
126398
-126419
126422
-126580
126583
-126604
126607
-126765
126768
-126789
126792
-126950
126953
-126974
126977
-127135
127138
-127159
127162
-127320
127323
-127344
127347
-127505
127508
-127529
127532
-127690
127693
-127714
127717
-127875
127878
-127899
127902
-128060
128063
-128084
128087
-128245
128248
-128269
128272
-128430
128433
-128454
128457
-128615
128618
-128639
128642
-128800
128803
-128824
128827
-128985
128988
-129009
129012
-129170
129173
-129194
129197
-129355
129358
-129379
129382
-129540
129543
-129564
129567
-129725
129728
-129733
-129736
-129739
-129742
-129745
-129748
-129749
129752
-129910
129913
-129918
-129921
-129924
-129927
-129930
-129933
-129934
129937
-130095
130098
-130103
-130106
-130109
-130112
-130115
-130118
-130119
130122
-130280
130283
-130288
-130291
-130294
-130297
-130300
-130303
-130304
130307
-130465
130468
-130473
-130476
-130479
-130482
-130485
-130488
-130489
130492
-130650
130653
-130658
-130661
-130664
-130667
-130670
-130673
-130674
130677
-130835
130838
-130843
-130846
-130849
-130852
-130855
-130858
-130859
130862
-131020
131023
-131028
-131031
-131034
-131037
-131040
-131043
-131044
131047
-131205
131208
-131213
-131216
-131219
-131222
-131225
-131228
-131229
131232
-131390
131393
-131398
-131401
-131404
-131407
-131410
-131413
-131414
131417
-131575
131578
-131583
-131586
-131589
-131592
-131595
-131598
-131599
131602
-131760
131763
-131768
-131771
-131774
-131777
-131780
-131783
-131784
131787
-131945
131948
-131953
-131956
-131959
-131962
-131965
-131968
-131969
131972
-132130
132133
-132154
132157
-132315
132318
-132339
132342
-132500
132503
-132507
-132524
132527
-132685
132689
132691
132692
-132709
132712
132713
-134847
-134868
-134871
-135028
135031
-135049
135053
135055
-135213
135216
-135237
135240
-135398
135401
-135405
-135408
-135411
-135414
-135417
-135420
-135422
135425
-135583
135604
-135607
135610
-135768
135789
-135792
135795
-135953
135974
-135977
135980
-136138
136159
-136162
136165
-136323
136344
-136347
136350
-136508
136529
-136532
136535
-136693
136714
-136717
136720
-136878
136899
-136902
136905
-137063
137084
-137087
137090
-137248
137269
-137272
137275
-137433
137440
137443
137446
137449
137452
137454
137455
-137457
137460
-137618
137621
-137642
137645
-137803
137806
-137827
137830
-137988
137991
-138012
138015
-138173
138176
-138197
138200
-138358
138361
-138382
138385
-138543
138546
-138567
138570
-138728
138731
-138752
138755
-138913
138916
-138937
138940
-139098
139101
-139122
139125
-139283
139286
-139307
139310
-139468
139471
-139492
139495
-139653
139656
-139677
139680
-139838
139841
-139862
139865
-140023
140026
-140047
140050
-140208
140211
-140232
140235
-140393
140396
-140417
140420
-140578
140581
-140602
140605
-140763
140766
-140787
140790
-140948
140951
-140972
140975
-141133
141136
-141157
141160
-141318
141321
-141342
141345
-141503
141506
-141527
141530
-141688
141691
-141712
141715
-141873
141876
-141897
141900
-142058
142061
-142082
142085
-142243
142246
-142267
142270
-142428
142431
-142452
142455
-142613
142616
-142637
142640
-142798
142801
-142822
142825
-142983
142986
-142990
-142993
-142996
-142999
-143002
-143005
-143007
143010
-143168
143189
-143192
143195
-143353
143374
-143377
143380
-143538
143559
-143562
143565
-143723
143744
-143747
143750
-143908
143929
-143932
143935
-144093
144114
-144117
144120
-144278
144299
-144302
144305
-144463
144484
-144487
144490
-144648
144669
-144672
144675
-144833
144854
-144857
144860
-145018
145039
-145042
145045
-145203
145224
-145227
145230
-145388
145395
145398
145401
145404
145407
145409
145410
-145412
145415
-145573
145576
-145597
145600
-145758
145761
-145782
145785
-145943
145946
-145950
-145967
145970
-146128
146132
146134
146135
-146152
146155
146156
-148290
-148311
-148314
-148471
148474
-148492
148496
148498
-148656
148659
-148680
148683
-148841
148844
-148848
-148851
-148854
-148857
-148860
-148863
-148865
148868
-149026
149047
-149050
149053
-149211
149232
-149235
149238
-149396
149417
-149420
149423
-149581
149602
-149605
149608
-149766
149787
-149790
149793
-149951
149972
-149975
149978
-150136
150157
-150160
150163
-150321
150342
-150345
150348
-150506
150527
-150530
150533
-150691
150712
-150715
150718
-150876
150883
150886
150889
150892
150895
150897
150898
-150900
150903
-151061
151064
-151085
151088
-151246
151249
-151270
151273
-151431
151434
-151455
151458
-151616
151619
-151640
151643
-151801
151804
-151825
151828
-151986
151989
-152010
152013
-152171
152174
-152195
152198
-152356
152359
-152380
152383
-152541
152544
-152565
152568
-152726
152729
-152750
152753
-152911
152914
-152935
152938
-153096
153099
-153120
153123
-153281
153284
-153305
153308
-153466
153469
-153490
153493
-153651
153654
-153675
153678
-153836
153839
-153860
153863
-154021
154024
-154045
154048
-154206
154209
-154230
154233
-154391
154394
-154415
154418
-154576
154579
-154600
154603
-154761
154764
-154785
154788
-154946
154949
-154970
154973
-155131
155134
-155155
155158
-155316
155319
-155340
155343
-155501
155504
-155525
155528
-155686
155689
-155710
155713
-155871
155874
-155895
155898
-156056
156059
-156080
156083
-156241
156244
-156265
156268
-156426
156429
-156433
-156436
-156439
-156442
-156445
-156448
-156450
156453
-156611
156632
-156635
156638
-156796
156817
-156820
156823
-156981
157002
-157005
157008
-157166
157187
-157190
157193
-157351
157372
-157375
157378
-157536
157557
-157560
157563
-157721
157742
-157745
157748
-157906
157927
-157930
157933
-158091
158112
-158115
158118
-158276
158297
-158300
158303
-158461
158482
-158485
158488
-158646
158667
-158670
158673
-158831
158838
158841
158844
158847
158850
158852
158853
-158855
158858
-159016
159019
-159040
159043
-159201
159204
-159225
159228
-159386
159389
-159393
-159410
159413
-159571
159575
159577
159578
-159595
159598
159599
-161733
-161754
-161757
-161914
161917
-161935
161939
161941
-162099
162102
-162123
162126
-162284
162287
-162291
-162294
-162297
-162300
-162303
-162306
-162308
162311
-162469
162490
-162493
162496
-162654
162675
-162678
162681
-162839
162860
-162863
162866
-163024
163045
-163048
163051
-163209
163230
-163233
163236
-163394
163415
-163418
163421
-163579
163600
-163603
163606
-163764
163785
-163788
163791
-163949
163970
-163973
163976
-164134
164155
-164158
164161
-164319
164326
164329
164332
164335
164338
164340
164341
-164343
164346
-164504
164507
-164528
164531
-164689
164692
-164713
164716
-164874
164877
-164898
164901
-165059
165062
-165083
165086
-165244
165247
-165268
165271
-165429
165432
-165453
165456
-165614
165617
-165638
165641
-165799
165802
-165823
165826
-165984
165987
-166008
166011
-166169
166172
-166193
166196
-166354
166357
-166362
-166365
-166368
-166371
-166378
166381
-166539
166542
-166547
-166550
-166553
-166556
-166563
166566
-166724
166727
-166732
-166735
-166738
-166741
-166748
166751
-166909
166912
-166917
-166920
-166923
-166926
-166933
166936
-167094
167097
-167102
-167105
-167108
-167111
-167118
167121
-167279
167282
-167287
-167290
-167293
-167296
-167303
167306
-167464
167467
-167472
-167475
-167478
-167481
-167488
167491
-167649
167652
-167657
-167660
-167663
-167666
-167673
167676
-167834
167837
-167842
-167845
-167848
-167851
-167858
167861
-168019
168022
-168027
-168030
-168033
-168036
-168043
168046
-168204
168207
-168212
-168215
-168218
-168221
-168228
168231
-168389
168392
-168397
-168400
-168403
-168406
-168413
168416
-168574
168577
-168582
-168585
-168588
-168591
-168598
168601
-168759
168762
-168767
-168770
-168773
-168776
-168783
168786
-168944
168947
-168952
-168955
-168958
-168961
-168968
168971
-169129
169132
-169137
-169140
-169143
-169146
-169153
169156
-169314
169317
-169322
-169325
-169328
-169331
-169338
169341
-169499
169502
-169523
169526
-169684
169687
-169708
169711
-169869
169872
-169876
-169879
-169882
-169885
-169888
-169891
-169893
169896
-170054
170075
-170078
170081
-170239
170260
-170263
170266
-170424
170445
-170448
170451
-170609
170630
-170633
170636
-170794
170815
-170818
170821
-170979
171000
-171003
171006
-171164
171185
-171188
171191
-171349
171370
-171373
171376
-171534
171555
-171558
171561
-171719
171740
-171743
171746
-171904
171925
-171928
171931
-172089
172110
-172113
172116
-172274
172281
172284
172287
172290
172293
172295
172296
-172298
172301
-172459
172462
-172483
172486
-172644
172647
-172668
172671
-172829
172832
-172836
-172853
172856
-173014
173018
173020
173021
-173038
173041
173042
-175176
-175197
-175200
-175357
175360
-175378
175382
175384
-175542
175545
-175566
175569
-175727
175730
-175734
-175737
-175740
-175743
-175746
-175749
-175751
175754
-175912
175933
-175936
175939
-176097
176118
-176121
176124
-176282
176303
-176306
176309
-176467
176488
-176491
176494
-176652
176673
-176676
176679
-176837
176858
-176861
176864
-177022
177043
-177046
177049
-177207
177228
-177231
177234
-177392
177413
-177416
177419
-177577
177598
-177601
177604
-177762
177769
177772
177775
177778
177781
177783
177784
-177786
177789
-177947
177950
-177971
177974
-178132
178135
-178156
178159
-178317
178320
-178341
178344
-178502
178505
-178526
178529
-178687
178690
-178711
178714
-178872
178875
-178896
178899
-179057
179060
-179081
179084
-179242
179245
-179266
179269
-179427
179430
-179451
179454
-179612
179615
-179619
-179622
-179625
-179628
-179636
179639
-179797
179812
-179821
179824
-179982
179997
-180006
180009
-180167
180182
-180191
180194
-180352
180367
-180376
180379
-180537
180552
-180561
180564
-180722
180737
-180746
180749
-180907
180922
-180931
180934
-181092
181107
-181116
181119
-181277
181292
-181301
181304
-181462
181477
-181486
181489
-181647
181662
-181671
181674
-181832
181847
-181856
181859
-182017
182032
-182041
182044
-182202
182217
-182226
182229
-182387
182402
-182411
182414
-182572
182587
-182596
182599
-182757
182764
182767
182770
182772
182773
-182781
182784
-182942
182945
-182966
182969
-183127
183130
-183151
183154
-183312
183315
-183319
-183322
-183325
-183328
-183331
-183334
-183336
183339
-183497
183518
-183521
183524
-183682
183703
-183706
183709
-183867
183888
-183891
183894
-184052
184073
-184076
184079
-184237
184258
-184261
184264
-184422
184443
-184446
184449
-184607
184628
-184631
184634
-184792
184813
-184816
184819
-184977
184998
-185001
185004
-185162
185183
-185186
185189
-185347
185368
-185371
185374
-185532
185553
-185556
185559
-185717
185724
185727
185730
185733
185736
185738
185739
-185741
185744
-185902
185905
-185926
185929
-186087
186090
-186111
186114
-186272
186275
-186279
-186296
186299
-186457
186461
186463
186464
-186481
186484
186485
-188619
-188640
-188643
-188800
188803
-188821
188825
188827
-188985
188988
-189009
189012
-189170
189173
-189177
-189180
-189183
-189186
-189189
-189192
-189194
189197
-189355
189376
-189379
189382
-189540
189561
-189564
189567
-189725
189746
-189749
189752
-189910
189931
-189934
189937
-190095
190116
-190119
190122
-190280
190301
-190304
190307
-190465
190486
-190489
190492
-190650
190671
-190674
190677
-190835
190856
-190859
190862
-191020
191041
-191044
191047
-191205
191212
191215
191218
191221
191224
191226
191227
-191229
191232
-191390
191393
-191414
191417
-191575
191578
-191599
191602
-191760
191763
-191784
191787
-191945
191948
-191969
191972
-192130
192133
-192154
192157
-192315
192318
-192339
192342
-192500
192503
-192524
192527
-192685
192688
-192709
192712
-192870
192873
-192894
192897
-193055
193058
-193062
-193065
-193068
-193071
-193079
193082
-193240
193255
-193264
193267
-193425
193440
-193449
193452
-193610
193625
-193634
193637
-193795
193810
-193819
193822
-193980
193995
-194004
194007
-194165
194180
-194189
194192
-194350
194365
-194374
194377
-194535
194550
-194559
194562
-194720
194735
-194744
194747
-194905
194920
-194929
194932
-195090
195105
-195114
195117
-195275
195290
-195299
195302
-195460
195475
-195484
195487
-195645
195660
-195669
195672
-195830
195845
-195854
195857
-196015
196030
-196039
196042
-196200
196207
196210
196213
196215
196216
-196224
196227
-196385
196388
-196409
196412
-196570
196573
-196594
196597
-196755
196758
-196762
-196765
-196768
-196771
-196774
-196777
-196779
196782
-196940
196961
-196964
196967
-197125
197146
-197149
197152
-197310
197331
-197334
197337
-197495
197516
-197519
197522
-197680
197701
-197704
197707
-197865
197886
-197889
197892
-198050
198071
-198074
198077
-198235
198256
-198259
198262
-198420
198441
-198444
198447
-198605
198626
-198629
198632
-198790
198811
-198814
198817
-198975
198996
-198999
199002
-199160
199167
199170
199173
199176
199179
199181
199182
-199184
199187
-199345
199348
-199369
199372
-199530
199533
-199554
199557
-199715
199718
-199722
-199739
199742
-199900
199904
199906
199907
-199924
199927
199928
-202062
-202083
-202086
-202243
202246
-202264
202268
202270
-202428
202431
-202452
202455
-202613
202616
-202620
-202623
-202626
-202629
-202632
-202635
-202637
202640
-202798
202819
-202822
202825
-202983
203004
-203007
203010
-203168
203189
-203192
203195
-203353
203374
-203377
203380
-203538
203559
-203562
203565
-203723
203744
-203747
203750
-203908
203929
-203932
203935
-204093
204114
-204117
204120
-204278
204299
-204302
204305
-204463
204484
-204487
204490
-204648
204655
204658
204661
204664
204667
204669
204670
-204672
204675
-204833
204836
-204857
204860
-205018
205021
-205042
205045
-205203
205206
-205227
205230
-205388
205391
-205412
205415
-205573
205576
-205597
205600
-205758
205761
-205782
205785
-205943
205946
-205967
205970
-206128
206131
-206152
206155
-206313
206316
-206337
206340
-206498
206501
-206505
-206508
-206511
-206514
-206522
206525
-206683
206698
-206707
206710
-206868
206883
-206892
206895
-207053
207068
-207077
207080
-207238
207253
-207262
207265
-207423
207438
-207447
207450
-207608
207623
-207632
207635
-207793
207808
-207817
207820
-207978
207993
-208002
208005
-208163
208178
-208187
208190
-208348
208363
-208372
208375
-208533
208548
-208557
208560
-208718
208733
-208742
208745
-208903
208918
-208927
208930
-209088
209103
-209112
209115
-209273
209288
-209297
209300
-209458
209473
-209482
209485
-209643
209650
209653
209656
209658
209659
-209667
209670
-209828
209831
-209852
209855
-210013
210016
-210037
210040
-210198
210201
-210205
-210208
-210211
-210214
-210217
-210220
-210222
210225
-210383
210404
-210407
210410
-210568
210589
-210592
210595
-210753
210774
-210777
210780
-210938
210959
-210962
210965
-211123
211144
-211147
211150
-211308
211329
-211332
211335
-211493
211514
-211517
211520
-211678
211699
-211702
211705
-211863
211884
-211887
211890
-212048
212069
-212072
212075
-212233
212254
-212257
212260
-212418
212439
-212442
212445
-212603
212610
212613
212616
212619
212622
212624
212625
-212627
212630
-212788
212791
-212812
212815
-212973
212976
-212997
213000
-213158
213161
-213165
-213182
213185
-213343
213347
213349
213350
-213367
213370
213371
-215505
-215526
-215529
-215686
215689
-215707
215711
215713
-215871
215874
-215895
215898
-216056
216059
-216063
-216066
-216069
-216072
-216075
-216078
-216080
216083
-216241
216262
-216265
216268
-216426
216447
-216450
216453
-216611
216632
-216635
216638
-216796
216817
-216820
216823
-216981
217002
-217005
217008
-217166
217187
-217190
217193
-217351
217372
-217375
217378
-217536
217557
-217560
217563
-217721
217742
-217745
217748
-217906
217927
-217930
217933
-218091
218098
218101
218104
218107
218110
218112
218113
-218115
218118
-218276
218279
-218300
218303
-218461
218464
-218485
218488
-218646
218649
-218670
218673
-218831
218834
-218855
218858
-219016
219019
-219040
219043
-219201
219204
-219225
219228
-219386
219389
-219410
219413
-219571
219574
-219595
219598
-219756
219759
-219780
219783
-219941
219944
-219948
-219951
-219954
-219957
-219965
219968
-220126
220141
-220150
220153
-220311
220326
-220335
220338
-220496
220511
-220520
220523
-220681
220696
-220705
220708
-220866
220881
-220890
220893
-221051
221066
-221075
221078
-221236
221251
-221260
221263
-221421
221436
-221445
221448
-221606
221621
-221630
221633
-221791
221806
-221815
221818
-221976
221991
-222000
222003
-222161
222176
-222185
222188
-222346
222361
-222370
222373
-222531
222546
-222555
222558
-222716
222731
-222740
222743
-222901
222916
-222925
222928
-223086
223093
223096
223099
223101
223102
-223110
223113
-223271
223274
-223295
223298
-223456
223459
-223480
223483
-223641
223644
-223648
-223651
-223654
-223657
-223660
-223663
-223665
223668
-223826
223847
-223850
223853
-224011
224032
-224035
224038
-224196
224217
-224220
224223
-224381
224402
-224405
224408
-224566
224587
-224590
224593
-224751
224772
-224775
224778
-224936
224957
-224960
224963
-225121
225142
-225145
225148
-225306
225327
-225330
225333
-225491
225512
-225515
225518
-225676
225697
-225700
225703
-225861
225882
-225885
225888
-226046
226053
226056
226059
226062
226065
226067
226068
-226070
226073
-226231
226234
-226255
226258
-226416
226419
-226440
226443
-226601
226604
-226608
-226625
226628
-226786
226790
226792
226793
-226810
226813
226814
-228948
-228969
-228972
-229129
229132
-229150
229154
229156
-229314
229317
-229338
229341
-229499
229502
-229506
-229509
-229512
-229515
-229518
-229521
-229523
229526
-229684
229705
-229708
229711
-229869
229890
-229893
229896
-230054
230075
-230078
230081
-230239
230260
-230263
230266
-230424
230445
-230448
230451
-230609
230630
-230633
230636
-230794
230815
-230818
230821
-230979
231000
-231003
231006
-231164
231185
-231188
231191
-231349
231370
-231373
231376
-231534
231541
231544
231547
231550
231553
231555
231556
-231558
231561
-231719
231722
-231743
231746
-231904
231907
-231928
231931
-232089
232092
-232113
232116
-232274
232277
-232298
232301
-232459
232462
-232483
232486
-232644
232647
-232668
232671
-232829
232832
-232853
232856
-233014
233017
-233038
233041
-233199
233202
-233223
233226
-233384
233387
-233391
-233394
-233397
-233400
-233408
233411
-233569
233584
-233593
233596
-233754
233769
-233778
233781
-233939
233954
-233963
233966
-234124
234139
-234148
234151
-234309
234324
-234333
234336
-234494
234509
-234518
234521
-234679
234694
-234703
234706
-234864
234879
-234888
234891
-235049
235064
-235073
235076
-235234
235249
-235258
235261
-235419
235434
-235443
235446
-235604
235619
-235628
235631
-235789
235804
-235813
235816
-235974
235989
-235998
236001
-236159
236174
-236183
236186
-236344
236359
-236368
236371
-236529
236536
236539
236542
236544
236545
-236553
236556
-236714
236717
-236738
236741
-236899
236902
-236923
236926
-237084
237087
-237091
-237094
-237097
-237100
-237103
-237106
-237108
237111
-237269
237290
-237293
237296
-237454
237475
-237478
237481
-237639
237660
-237663
237666
-237824
237845
-237848
237851
-238009
238030
-238033
238036
-238194
238215
-238218
238221
-238379
238400
-238403
238406
-238564
238585
-238588
238591
-238749
238770
-238773
238776
-238934
238955
-238958
238961
-239119
239140
-239143
239146
-239304
239325
-239328
239331
-239489
239496
239499
239502
239505
239508
239510
239511
-239513
239516
-239674
239677
-239698
239701
-239859
239862
-239883
239886
-240044
240047
-240051
-240068
240071
-240229
240233
240235
240236
-240253
240256
240257
-242391
-242412
-242415
-242572
242575
-242593
242597
242599
-242757
242760
-242781
242784
-242942
242945
-242949
-242952
-242955
-242958
-242961
-242964
-242966
242969
-243127
243148
-243151
243154
-243312
243333
-243336
243339
-243497
243518
-243521
243524
-243682
243703
-243706
243709
-243867
243888
-243891
243894
-244052
244073
-244076
244079
-244237
244258
-244261
244264
-244422
244443
-244446
244449
-244607
244628
-244631
244634
-244792
244813
-244816
244819
-244977
244984
244987
244990
244993
244996
244998
244999
-245001
245004
-245162
245165
-245186
245189
-245347
245350
-245371
245374
-245532
245535
-245556
245559
-245717
245720
-245741
245744
-245902
245905
-245926
245929
-246087
246090
-246111
246114
-246272
246275
-246296
246299
-246457
246460
-246481
246484
-246642
246645
-246666
246669
-246827
246830
-246834
-246837
-246840
-246843
-246851
246854
-247012
247027
-247036
247039
-247197
247212
-247221
247224
-247382
247397
-247406
247409
-247567
247582
-247591
247594
-247752
247767
-247776
247779
-247937
247952
-247961
247964
-248122
248137
-248146
248149
-248307
248322
-248331
248334
-248492
248507
-248516
248519
-248677
248692
-248701
248704
-248862
248877
-248886
248889
-249047
249062
-249071
249074
-249232
249247
-249256
249259
-249417
249432
-249441
249444
-249602
249617
-249626
249629
-249787
249802
-249811
249814
-249972
249979
249982
249985
249987
249988
-249996
249999
-250157
250160
-250181
250184
-250342
250345
-250366
250369
-250527
250530
-250534
-250537
-250540
-250543
-250546
-250549
-250551
250554
-250712
250733
-250736
250739
-250897
250918
-250921
250924
-251082
251103
-251106
251109
-251267
251288
-251291
251294
-251452
251473
-251476
251479
-251637
251658
-251661
251664
-251822
251843
-251846
251849
-252007
252028
-252031
252034
-252192
252213
-252216
252219
-252377
252398
-252401
252404
-252562
252583
-252586
252589
-252747
252768
-252771
252774
-252932
252939
252942
252945
252948
252951
252953
252954
-252956
252959
-253117
253120
-253141
253144
-253302
253305
-253326
253329
-253487
253490
-253494
-253511
253514
-253672
253676
253678
253679
-253696
253699
253700
-255834
-255855
-255858
-256015
256018
-256036
256040
256042
-256200
256203
-256224
256227
-256385
256388
-256392
-256395
-256398
-256401
-256404
-256407
-256409
256412
-256570
256591
-256594
256597
-256755
256776
-256779
256782
-256940
256961
-256964
256967
-257125
257146
-257149
257152
-257310
257331
-257334
257337
-257495
257516
-257519
257522
-257680
257701
-257704
257707
-257865
257886
-257889
257892
-258050
258071
-258074
258077
-258235
258256
-258259
258262
-258420
258427
258430
258433
258436
258439
258441
258442
-258444
258447
-258605
258608
-258629
258632
-258790
258793
-258814
258817
-258975
258978
-258999
259002
-259160
259163
-259184
259187
-259345
259348
-259369
259372
-259530
259533
-259554
259557
-259715
259718
-259739
259742
-259900
259903
-259924
259927
-260085
260088
-260109
260112
-260270
260273
-260277
-260280
-260283
-260286
-260294
260297
-260455
260470
-260479
260482
-260640
260655
-260664
260667
-260825
260840
-260849
260852
-261010
261025
-261034
261037
-261195
261210
-261219
261222
-261380
261395
-261404
261407
-261565
261580
-261589
261592
-261750
261765
-261774
261777
-261935
261950
-261959
261962
-262120
262135
-262144
262147
-262305
262320
-262329
262332
-262490
262505
-262514
262517
-262675
262690
-262699
262702
-262860
262875
-262884
262887
-263045
263060
-263069
263072
-263230
263245
-263254
263257
-263415
263422
263425
263428
263430
263431
-263439
263442
-263600
263603
-263624
263627
-263785
263788
-263809
263812
-263970
263973
-263977
-263980
-263983
-263986
-263989
-263992
-263994
263997
-264155
264176
-264179
264182
-264340
264361
-264364
264367
-264525
264546
-264549
264552
-264710
264731
-264734
264737
-264895
264916
-264919
264922
-265080
265101
-265104
265107
-265265
265286
-265289
265292
-265450
265471
-265474
265477
-265635
265656
-265659
265662
-265820
265841
-265844
265847
-266005
266026
-266029
266032
-266190
266211
-266214
266217
-266375
266382
266385
266388
266391
266394
266396
266397
-266399
266402
-266560
266563
-266584
266587
-266745
266748
-266769
266772
-266930
266933
-266937
-266954
266957
-267115
267119
267121
267122
-267139
267142
267143
-269277
-269298
-269301
-269458
269461
-269479
269483
269485
-269643
269646
-269667
269670
-269828
269831
-269835
-269838
-269841
-269844
-269847
-269850
-269852
269855
-270013
270034
-270037
270040
-270198
270219
-270222
270225
-270383
270404
-270407
270410
-270568
270589
-270592
270595
-270753
270774
-270777
270780
-270938
270959
-270962
270965
-271123
271144
-271147
271150
-271308
271329
-271332
271335
-271493
271514
-271517
271520
-271678
271699
-271702
271705
-271863
271870
271873
271876
271879
271882
271884
271885
-271887
271890
-272048
272051
-272072
272075
-272233
272236
-272257
272260
-272418
272421
-272442
272445
-272603
272606
-272627
272630
-272788
272791
-272812
272815
-272973
272976
-272997
273000
-273158
273161
-273182
273185
-273343
273346
-273367
273370
-273528
273531
-273552
273555
-273713
273716
-273720
-273723
-273726
-273729
-273737
273740
-273898
273913
-273922
273925
-274083
274098
-274107
274110
-274268
274283
-274292
274295
-274453
274468
-274477
274480
-274638
274653
-274662
274665
-274823
274838
-274847
274850
-275008
275023
-275032
275035
-275193
275208
-275217
275220
-275378
275393
-275402
275405
-275563
275578
-275587
275590
-275748
275763
-275772
275775
-275933
275948
-275957
275960
-276118
276133
-276142
276145
-276303
276318
-276327
276330
-276488
276503
-276512
276515
-276673
276688
-276697
276700
-276858
276865
276868
276871
276873
276874
-276882
276885
-277043
277046
-277067
277070
-277228
277231
-277252
277255
-277413
277416
-277420
-277423
-277426
-277429
-277432
-277435
-277437
277440
-277598
277619
-277622
277625
-277783
277804
-277807
277810
-277968
277989
-277992
277995
-278153
278174
-278177
278180
-278338
278359
-278362
278365
-278523
278544
-278547
278550
-278708
278729
-278732
278735
-278893
278914
-278917
278920
-279078
279099
-279102
279105
-279263
279284
-279287
279290
-279448
279469
-279472
279475
-279633
279654
-279657
279660
-279818
279825
279828
279831
279834
279837
279839
279840
-279842
279845
-280003
280006
-280027
280030
-280188
280191
-280212
280215
-280373
280376
-280380
-280397
280400
-280558
280562
280564
280565
-280582
280585
280586
-282720
-282741
-282744
-282901
282904
-282922
282926
282928
-283086
283089
-283110
283113
-283271
283274
-283278
-283281
-283284
-283287
-283290
-283293
-283295
283298
-283456
283477
-283480
283483
-283641
283662
-283665
283668
-283826
283847
-283850
283853
-284011
284032
-284035
284038
-284196
284217
-284220
284223
-284381
284402
-284405
284408
-284566
284587
-284590
284593
-284751
284772
-284775
284778
-284936
284957
-284960
284963
-285121
285142
-285145
285148
-285306
285313
285316
285319
285322
285325
285327
285328
-285330
285333
-285491
285494
-285515
285518
-285676
285679
-285700
285703
-285861
285864
-285885
285888
-286046
286049
-286070
286073
-286231
286234
-286255
286258
-286416
286419
-286440
286443
-286601
286604
-286625
286628
-286786
286789
-286810
286813
-286971
286974
-286995
286998
-287156
287159
-287163
-287166
-287169
-287172
-287180
287183
-287341
287356
-287365
287368
-287526
287541
-287550
287553
-287711
287726
-287735
287738
-287896
287911
-287920
287923
-288081
288096
-288105
288108
-288266
288281
-288290
288293
-288451
288466
-288475
288478
-288636
288651
-288660
288663
-288821
288836
-288845
288848
-289006
289021
-289030
289033
-289191
289206
-289215
289218
-289376
289391
-289400
289403
-289561
289576
-289585
289588
-289746
289761
-289770
289773
-289931
289946
-289955
289958
-290116
290131
-290140
290143
-290301
290308
290311
290314
290316
290317
-290325
290328
-290486
290489
-290510
290513
-290671
290674
-290695
290698
-290856
290859
-290863
-290866
-290869
-290872
-290875
-290878
-290880
290883
-291041
291062
-291065
291068
-291226
291247
-291250
291253
-291411
291432
-291435
291438
-291596
291617
-291620
291623
-291781
291802
-291805
291808
-291966
291987
-291990
291993
-292151
292172
-292175
292178
-292336
292357
-292360
292363
-292521
292542
-292545
292548
-292706
292727
-292730
292733
-292891
292912
-292915
292918
-293076
293097
-293100
293103
-293261
293268
293271
293274
293277
293280
293282
293283
-293285
293288
-293446
293449
-293470
293473
-293631
293634
-293655
293658
-293816
293819
-293823
-293840
293843
-294001
294005
294007
294008
-294025
294028
294029
-296163
-296184
-296187
-296344
296347
-296365
296369
296371
-296529
296532
-296553
296556
-296714
296717
-296721
-296724
-296727
-296730
-296733
-296736
-296738
296741
-296899
296920
-296923
296926
-297084
297105
-297108
297111
-297269
297290
-297293
297296
-297454
297475
-297478
297481
-297639
297660
-297663
297666
-297824
297845
-297848
297851
-298009
298030
-298033
298036
-298194
298215
-298218
298221
-298379
298400
-298403
298406
-298564
298585
-298588
298591
-298749
298756
298759
298762
298765
298768
298770
298771
-298773
298776
-298934
298937
-298958
298961
-299119
299122
-299143
299146
-299304
299307
-299328
299331
-299489
299492
-299513
299516
-299674
299677
-299698
299701
-299859
299862
-299883
299886
-300044
300047
-300068
300071
-300229
300232
-300253
300256
-300414
300417
-300438
300441
-300599
300602
-300606
-300609
-300612
-300615
-300623
300626
-300784
300799
-300808
300811
-300969
300984
-300993
300996
-301154
301169
-301178
301181
-301339
301354
-301363
301366
-301524
301539
-301548
301551
-301709
301724
-301733
301736
-301894
301909
-301918
301921
-302079
302094
-302103
302106
-302264
302279
-302288
302291
-302449
302464
-302473
302476
-302634
302649
-302658
302661
-302819
302834
-302843
302846
-303004
303019
-303028
303031
-303189
303204
-303213
303216
-303374
303389
-303398
303401
-303559
303574
-303583
303586
-303744
303751
303754
303757
303759
303760
-303768
303771
-303929
303932
-303953
303956
-304114
304117
-304138
304141
-304299
304302
-304306
-304309
-304312
-304315
-304318
-304321
-304323
304326
-304484
304505
-304508
304511
-304669
304690
-304693
304696
-304854
304875
-304878
304881
-305039
305060
-305063
305066
-305224
305245
-305248
305251
-305409
305430
-305433
305436
-305594
305615
-305618
305621
-305779
305800
-305803
305806
-305964
305985
-305988
305991
-306149
306170
-306173
306176
-306334
306355
-306358
306361
-306519
306540
-306543
306546
-306704
306711
306714
306717
306720
306723
306725
306726
-306728
306731
-306889
306892
-306913
306916
-307074
307077
-307098
307101
-307259
307262
-307266
-307283
307286
-307444
307448
307450
307451
-307468
307471
307472
-309606
-309627
-309630
-309787
309790
-309808
309812
309814
-309972
309975
-309996
309999
-310157
310160
-310164
-310167
-310170
-310173
-310176
-310179
-310181
310184
-310342
310363
-310366
310369
-310527
310548
-310551
310554
-310712
310733
-310736
310739
-310897
310918
-310921
310924
-311082
311103
-311106
311109
-311267
311288
-311291
311294
-311452
311473
-311476
311479
-311637
311658
-311661
311664
-311822
311843
-311846
311849
-312007
312028
-312031
312034
-312192
312199
312202
312205
312208
312211
312213
312214
-312216
312219
-312377
312380
-312401
312404
-312562
312565
-312586
312589
-312747
312750
-312771
312774
-312932
312935
-312956
312959
-313117
313120
-313141
313144
-313302
313305
-313326
313329
-313487
313490
-313511
313514
-313672
313675
-313696
313699
-313857
313860
-313881
313884
-314042
314045
-314049
-314052
-314055
-314058
-314066
314069
-314227
314242
-314251
314254
-314412
314427
-314436
314439
-314597
314612
-314621
314624
-314782
314797
-314806
314809
-314967
314982
-314991
314994
-315152
315167
-315176
315179
-315337
315352
-315361
315364
-315522
315537
-315546
315549
-315707
315722
-315731
315734
-315892
315907
-315916
315919
-316077
316092
-316101
316104
-316262
316277
-316286
316289
-316447
316462
-316471
316474
-316632
316647
-316656
316659
-316817
316832
-316841
316844
-317002
317017
-317026
317029
-317187
317194
317197
317200
317202
317203
-317211
317214
-317372
317375
-317396
317399
-317557
317560
-317581
317584
-317742
317745
-317749
-317752
-317755
-317758
-317761
-317764
-317766
317769
-317927
317948
-317951
317954
-318112
318133
-318136
318139
-318297
318318
-318321
318324
-318482
318503
-318506
318509
-318667
318688
-318691
318694
-318852
318873
-318876
318879
-319037
319058
-319061
319064
-319222
319243
-319246
319249
-319407
319428
-319431
319434
-319592
319613
-319616
319619
-319777
319798
-319801
319804
-319962
319983
-319986
319989
-320147
320154
320157
320160
320163
320166
320168
320169
-320171
320174
-320332
320335
-320356
320359
-320517
320520
-320541
320544
-320702
320705
-320709
-320726
320729
-320887
320891
320893
320894
-320911
320914
320915
-323049
-323070
-323073
-323230
323233
-323251
323255
323257
-323415
323418
-323439
323442
-323600
323603
-323607
-323610
-323613
-323616
-323619
-323622
-323624
323627
-323785
323806
-323809
323812
-323970
323991
-323994
323997
-324155
324176
-324179
324182
-324340
324361
-324364
324367
-324525
324546
-324549
324552
-324710
324731
-324734
324737
-324895
324916
-324919
324922
-325080
325101
-325104
325107
-325265
325286
-325289
325292
-325450
325471
-325474
325477
-325635
325642
325645
325648
325651
325654
325656
325657
-325659
325662
-325820
325823
-325844
325847
-326005
326008
-326029
326032
-326190
326193
-326214
326217
-326375
326378
-326399
326402
-326560
326563
-326584
326587
-326745
326748
-326769
326772
-326930
326933
-326954
326957
-327115
327118
-327139
327142
-327300
327303
-327324
327327
-327485
327488
-327492
-327495
-327498
-327501
-327509
327512
-327670
327685
-327694
327697
-327855
327870
-327879
327882
-328040
328055
-328064
328067
-328225
328240
-328249
328252
-328410
328425
-328434
328437
-328595
328610
-328619
328622
-328780
328795
-328804
328807
-328965
328980
-328989
328992
-329150
329165
-329174
329177
-329335
329350
-329359
329362
-329520
329535
-329544
329547
-329705
329720
-329729
329732
-329890
329905
-329914
329917
-330075
330090
-330099
330102
-330260
330275
-330284
330287
-330445
330460
-330469
330472
-330630
330637
330640
330643
330645
330646
-330654
330657
-330815
330818
-330839
330842
-331000
331003
-331024
331027
-331185
331188
-331192
-331195
-331198
-331201
-331204
-331207
-331209
331212
-331370
331391
-331394
331397
-331555
331576
-331579
331582
-331740
331761
-331764
331767
-331925
331946
-331949
331952
-332110
332131
-332134
332137
-332295
332316
-332319
332322
-332480
332501
-332504
332507
-332665
332686
-332689
332692
-332850
332871
-332874
332877
-333035
333056
-333059
333062
-333220
333241
-333244
333247
-333405
333426
-333429
333432
-333590
333597
333600
333603
333606
333609
333611
333612
-333614
333617
-333775
333778
-333799
333802
-333960
333963
-333984
333987
-334145
334148
-334152
-334169
334172
-334330
334334
334336
334337
-334354
334357
334358
-336492
-336513
-336516
-336673
336676
-336694
336698
336700
-336858
336861
-336882
336885
-337043
337046
-337050
-337053
-337056
-337059
-337062
-337065
-337067
337070
-337228
337249
-337252
337255
-337413
337434
-337437
337440
-337598
337619
-337622
337625
-337783
337804
-337807
337810
-337968
337989
-337992
337995
-338153
338174
-338177
338180
-338338
338359
-338362
338365
-338523
338544
-338547
338550
-338708
338729
-338732
338735
-338893
338914
-338917
338920
-339078
339085
339088
339091
339094
339097
339099
339100
-339102
339105
-339263
339266
-339287
339290
-339448
339451
-339472
339475
-339633
339636
-339657
339660
-339818
339821
-339842
339845
-340003
340006
-340027
340030
-340188
340191
-340212
340215
-340373
340376
-340397
340400
-340558
340561
-340582
340585
-340743
340746
-340767
340770
-340928
340931
-340935
-340938
-340941
-340944
-340952
340955
-341113
341128
-341137
341140
-341298
341313
-341322
341325
-341483
341498
-341507
341510
-341668
341683
-341692
341695
-341853
341868
-341877
341880
-342038
342053
-342062
342065
-342223
342238
-342247
342250
-342408
342423
-342432
342435
-342593
342608
-342617
342620
-342778
342793
-342802
342805
-342963
342978
-342987
342990
-343148
343163
-343172
343175
-343333
343348
-343357
343360
-343518
343533
-343542
343545
-343703
343718
-343727
343730
-343888
343903
-343912
343915
-344073
344080
344083
344086
344088
344089
-344097
344100
-344258
344261
-344282
344285
-344443
344446
-344467
344470
-344628
344631
-344635
-344638
-344641
-344644
-344647
-344650
-344652
344655
-344813
344834
-344837
344840
-344998
345019
-345022
345025
-345183
345204
-345207
345210
-345368
345389
-345392
345395
-345553
345574
-345577
345580
-345738
345759
-345762
345765
-345923
345944
-345947
345950
-346108
346129
-346132
346135
-346293
346314
-346317
346320
-346478
346499
-346502
346505
-346663
346684
-346687
346690
-346848
346869
-346872
346875
-347033
347040
347043
347046
347049
347052
347054
347055
-347057
347060
-347218
347221
-347242
347245
-347403
347406
-347427
347430
-347588
347591
-347595
-347612
347615
-347773
347777
347779
347780
-347797
347800
347801
-349935
-349956
-349959
-350116
350119
-350137
350141
350143
-350301
350304
-350325
350328
-350486
350489
-350493
-350496
-350499
-350502
-350505
-350508
-350510
350513
-350671
350692
-350695
350698
-350856
350877
-350880
350883
-351041
351062
-351065
351068
-351226
351247
-351250
351253
-351411
351432
-351435
351438
-351596
351617
-351620
351623
-351781
351802
-351805
351808
-351966
351987
-351990
351993
-352151
352172
-352175
352178
-352336
352357
-352360
352363
-352521
352528
352531
352534
352537
352540
352542
352543
-352545
352548
-352706
352709
-352730
352733
-352891
352894
-352915
352918
-353076
353079
-353100
353103
-353261
353264
-353285
353288
-353446
353449
-353470
353473
-353631
353634
-353655
353658
-353816
353819
-353840
353843
-354001
354004
-354025
354028
-354186
354189
-354210
354213
-354371
354374
-354378
-354381
-354384
-354387
-354395
354398
-354556
354571
-354580
354583
-354741
354756
-354765
354768
-354926
354941
-354950
354953
-355111
355126
-355135
355138
-355296
355311
-355320
355323
-355481
355496
-355505
355508
-355666
355681
-355690
355693
-355851
355866
-355875
355878
-356036
356051
-356060
356063
-356221
356236
-356245
356248
-356406
356421
-356430
356433
-356591
356606
-356615
356618
-356776
356791
-356800
356803
-356961
356976
-356985
356988
-357146
357161
-357170
357173
-357331
357346
-357355
357358
-357516
357523
357526
357529
357531
357532
-357540
357543
-357701
357704
-357725
357728
-357886
357889
-357910
357913
-358071
358074
-358078
-358081
-358084
-358087
-358090
-358093
-358095
358098
-358256
358277
-358280
358283
-358441
358462
-358465
358468
-358626
358647
-358650
358653
-358811
358832
-358835
358838
-358996
359017
-359020
359023
-359181
359202
-359205
359208
-359366
359387
-359390
359393
-359551
359572
-359575
359578
-359736
359757
-359760
359763
-359921
359942
-359945
359948
-360106
360127
-360130
360133
-360291
360312
-360315
360318
-360476
360483
360486
360489
360492
360495
360497
360498
-360500
360503
-360661
360664
-360685
360688
-360846
360849
-360870
360873
-361031
361034
-361038
-361055
361058
-361216
361220
361222
361223
-361240
361243
361244
-363378
-363399
-363402
-363559
363562
-363580
363584
363586
-363744
363747
-363768
363771
-363929
363932
-363936
-363939
-363942
-363945
-363948
-363951
-363953
363956
-364114
364135
-364138
364141
-364299
364320
-364323
364326
-364484
364505
-364508
364511
-364669
364690
-364693
364696
-364854
364875
-364878
364881
-365039
365060
-365063
365066
-365224
365245
-365248
365251
-365409
365430
-365433
365436
-365594
365615
-365618
365621
-365779
365800
-365803
365806
-365964
365971
365974
365977
365980
365983
365985
365986
-365988
365991
-366149
366152
-366173
366176
-366334
366337
-366358
366361
-366519
366522
-366543
366546
-366704
366707
-366728
366731
-366889
366892
-366913
366916
-367074
367077
-367098
367101
-367259
367262
-367283
367286
-367444
367447
-367468
367471
-367629
367632
-367653
367656
-367814
367817
-367821
-367824
-367827
-367830
-367838
367841
-367999
368014
-368023
368026
-368184
368199
-368208
368211
-368369
368384
-368393
368396
-368554
368569
-368578
368581
-368739
368754
-368763
368766
-368924
368939
-368948
368951
-369109
369124
-369133
369136
-369294
369309
-369318
369321
-369479
369494
-369503
369506
-369664
369679
-369688
369691
-369849
369864
-369873
369876
-370034
370049
-370058
370061
-370219
370234
-370243
370246
-370404
370419
-370428
370431
-370589
370604
-370613
370616
-370774
370789
-370798
370801
-370959
370966
370969
370972
370974
370975
-370983
370986
-371144
371147
-371168
371171
-371329
371332
-371353
371356
-371514
371517
-371521
-371524
-371527
-371530
-371533
-371536
-371538
371541
-371699
371720
-371723
371726
-371884
371905
-371908
371911
-372069
372090
-372093
372096
-372254
372275
-372278
372281
-372439
372460
-372463
372466
-372624
372645
-372648
372651
-372809
372830
-372833
372836
-372994
373015
-373018
373021
-373179
373200
-373203
373206
-373364
373385
-373388
373391
-373549
373570
-373573
373576
-373734
373755
-373758
373761
-373919
373926
373929
373932
373935
373938
373940
373941
-373943
373946
-374104
374107
-374128
374131
-374289
374292
-374313
374316
-374474
374477
-374481
-374498
374501
-374659
374663
374665
374666
-374683
374686
374687
-376821
-376842
-376845
-377002
377005
-377023
377027
377029
-377187
377190
-377211
377214
-377372
377375
-377379
-377382
-377385
-377388
-377391
-377394
-377396
377399
-377557
377578
-377581
377584
-377742
377763
-377766
377769
-377927
377948
-377951
377954
-378112
378133
-378136
378139
-378297
378318
-378321
378324
-378482
378503
-378506
378509
-378667
378688
-378691
378694
-378852
378873
-378876
378879
-379037
379058
-379061
379064
-379222
379243
-379246
379249
-379407
379414
379417
379420
379423
379426
379428
379429
-379431
379434
-379592
379595
-379616
379619
-379777
379780
-379801
379804
-379962
379965
-379986
379989
-380147
380150
-380171
380174
-380332
380335
-380356
380359
-380517
380520
-380541
380544
-380702
380705
-380726
380729
-380887
380890
-380911
380914
-381072
381075
-381096
381099
-381257
381260
-381264
-381267
-381270
-381273
-381281
381284
-381442
381457
-381466
381469
-381627
381642
-381651
381654
-381812
381827
-381836
381839
-381997
382012
-382021
382024
-382182
382197
-382206
382209
-382367
382382
-382391
382394
-382552
382567
-382576
382579
-382737
382752
-382761
382764
-382922
382937
-382946
382949
-383107
383122
-383131
383134
-383292
383307
-383316
383319
-383477
383492
-383501
383504
-383662
383677
-383686
383689
-383847
383862
-383871
383874
-384032
384047
-384056
384059
-384217
384232
-384241
384244
-384402
384409
384412
384415
384417
384418
-384426
384429
-384587
384590
-384611
384614
-384772
384775
-384796
384799
-384957
384960
-384964
-384967
-384970
-384973
-384976
-384979
-384981
384984
-385142
385163
-385166
385169
-385327
385348
-385351
385354
-385512
385533
-385536
385539
-385697
385718
-385721
385724
-385882
385903
-385906
385909
-386067
386088
-386091
386094
-386252
386273
-386276
386279
-386437
386458
-386461
386464
-386622
386643
-386646
386649
-386807
386828
-386831
386834
-386992
387013
-387016
387019
-387177
387198
-387201
387204
-387362
387369
387372
387375
387378
387381
387383
387384
-387386
387389
-387547
387550
-387571
387574
-387732
387735
-387756
387759
-387917
387920
-387924
-387941
387944
-388102
388106
388108
388109
-388126
388129
388130
-390264
-390285
-390288
-390445
390448
-390466
390470
390472
-390630
390633
-390654
390657
-390815
390818
-390822
-390825
-390828
-390831
-390834
-390837
-390839
390842
-391000
391021
-391024
391027
-391185
391206
-391209
391212
-391370
391391
-391394
391397
-391555
391576
-391579
391582
-391740
391761
-391764
391767
-391925
391946
-391949
391952
-392110
392131
-392134
392137
-392295
392316
-392319
392322
-392480
392501
-392504
392507
-392665
392686
-392689
392692
-392850
392857
392860
392863
392866
392869
392871
392872
-392874
392877
-393035
393038
-393059
393062
-393220
393223
-393244
393247
-393405
393408
-393429
393432
-393590
393593
-393614
393617
-393775
393778
-393799
393802
-393960
393963
-393984
393987
-394145
394148
-394169
394172
-394330
394333
-394354
394357
-394515
394518
-394539
394542
-394700
394703
-394707
-394710
-394713
-394716
-394724
394727
-394885
394900
-394909
394912
-395070
395085
-395094
395097
-395255
395270
-395279
395282
-395440
395455
-395464
395467
-395625
395640
-395649
395652
-395810
395825
-395834
395837
-395995
396010
-396019
396022
-396180
396195
-396204
396207
-396365
396380
-396389
396392
-396550
396565
-396574
396577
-396735
396750
-396759
396762
-396920
396935
-396944
396947
-397105
397120
-397129
397132
-397290
397305
-397314
397317
-397475
397490
-397499
397502
-397660
397675
-397684
397687
-397845
397852
397855
397858
397860
397861
-397869
397872
-398030
398033
-398054
398057
-398215
398218
-398239
398242
-398400
398403
-398407
-398410
-398413
-398416
-398419
-398422
-398424
398427
-398585
398606
-398609
398612
-398770
398791
-398794
398797
-398955
398976
-398979
398982
-399140
399161
-399164
399167
-399325
399346
-399349
399352
-399510
399531
-399534
399537
-399695
399716
-399719
399722
-399880
399901
-399904
399907
-400065
400086
-400089
400092
-400250
400271
-400274
400277
-400435
400456
-400459
400462
-400620
400641
-400644
400647
-400805
400812
400815
400818
400821
400824
400826
400827
-400829
400832
-400990
400993
-401014
401017
-401175
401178
-401199
401202
-401360
401363
-401367
-401384
401387
-401545
401549
401551
401552
-401569
401572
401573
-403707
-403728
-403731
-403888
403891
-403909
403913
403915
-404073
404076
-404097
404100
-404258
404261
-404265
-404268
-404271
-404274
-404277
-404280
-404282
404285
-404443
404464
-404467
404470
-404628
404649
-404652
404655
-404813
404834
-404837
404840
-404998
405019
-405022
405025
-405183
405204
-405207
405210
-405368
405389
-405392
405395
-405553
405574
-405577
405580
-405738
405759
-405762
405765
-405923
405944
-405947
405950
-406108
406129
-406132
406135
-406293
406300
406303
406306
406309
406312
406314
406315
-406317
406320
-406478
406481
-406502
406505
-406663
406666
-406687
406690
-406848
406851
-406872
406875
-407033
407036
-407057
407060
-407218
407221
-407242
407245
-407403
407406
-407427
407430
-407588
407591
-407612
407615
-407773
407776
-407797
407800
-407958
407961
-407982
407985
-408143
408146
-408150
-408153
-408156
-408159
-408167
408170
-408328
408343
-408352
408355
-408513
408528
-408537
408540
-408698
408713
-408722
408725
-408883
408898
-408907
408910
-409068
409083
-409092
409095
-409253
409268
-409277
409280
-409438
409453
-409462
409465
-409623
409638
-409647
409650
-409808
409823
-409832
409835
-409993
410008
-410017
410020
-410178
410193
-410202
410205
-410363
410378
-410387
410390
-410548
410563
-410572
410575
-410733
410748
-410757
410760
-410918
410933
-410942
410945
-411103
411118
-411127
411130
-411288
411295
411298
411301
411303
411304
-411312
411315
-411473
411476
-411497
411500
-411658
411661
-411682
411685
-411843
411846
-411850
-411853
-411856
-411859
-411862
-411865
-411867
411870
-412028
412049
-412052
412055
-412213
412234
-412237
412240
-412398
412419
-412422
412425
-412583
412604
-412607
412610
-412768
412789
-412792
412795
-412953
412974
-412977
412980
-413138
413159
-413162
413165
-413323
413344
-413347
413350
-413508
413529
-413532
413535
-413693
413714
-413717
413720
-413878
413899
-413902
413905
-414063
414084
-414087
414090
-414248
414255
414258
414261
414264
414267
414269
414270
-414272
414275
-414433
414436
-414457
414460
-414618
414621
-414642
414645
-414803
414806
-414810
-414827
414830
-414988
414992
414994
414995
-415012
415015
415016
-417150
-417171
-417174
-417331
417334
-417352
417356
417358
-417516
417519
-417540
417543
-417701
417704
-417708
-417711
-417714
-417717
-417720
-417723
-417725
417728
-417886
417907
-417910
417913
-418071
418092
-418095
418098
-418256
418277
-418280
418283
-418441
418462
-418465
418468
-418626
418647
-418650
418653
-418811
418832
-418835
418838
-418996
419017
-419020
419023
-419181
419202
-419205
419208
-419366
419387
-419390
419393
-419551
419572
-419575
419578
-419736
419743
419746
419749
419752
419755
419757
419758
-419760
419763
-419921
419924
-419945
419948
-420106
420109
-420130
420133
-420291
420294
-420315
420318
-420476
420479
-420500
420503
-420661
420664
-420685
420688
-420846
420849
-420870
420873
-421031
421034
-421055
421058
-421216
421219
-421240
421243
-421401
421404
-421425
421428
-421586
421589
-421593
-421596
-421599
-421602
-421610
421613
-421771
421786
-421795
421798
-421956
421971
-421980
421983
-422141
422156
-422165
422168
-422326
422341
-422350
422353
-422511
422526
-422535
422538
-422696
422711
-422720
422723
-422881
422896
-422905
422908
-423066
423081
-423090
423093
-423251
423266
-423275
423278
-423436
423451
-423460
423463
-423621
423636
-423645
423648
-423806
423821
-423830
423833
-423991
424006
-424015
424018
-424176
424191
-424200
424203
-424361
424376
-424385
424388
-424546
424561
-424570
424573
-424731
424738
424741
424744
424746
424747
-424755
424758
-424916
424919
-424940
424943
-425101
425104
-425125
425128
-425286
425289
-425293
-425296
-425299
-425302
-425305
-425308
-425310
425313
-425471
425492
-425495
425498
-425656
425677
-425680
425683
-425841
425862
-425865
425868
-426026
426047
-426050
426053
-426211
426232
-426235
426238
-426396
426417
-426420
426423
-426581
426602
-426605
426608
-426766
426787
-426790
426793
-426951
426972
-426975
426978
-427136
427157
-427160
427163
-427321
427342
-427345
427348
-427506
427527
-427530
427533
-427691
427698
427701
427704
427707
427710
427712
427713
-427715
427718
-427876
427879
-427900
427903
-428061
428064
-428085
428088
-428246
428249
-428253
-428270
428273
-428431
428435
428437
428438
-428455
428458
428459
-430593
-430614
-430617
-430774
430777
-430795
430799
430801
-430959
430962
-430983
430986
-431144
431147
-431151
-431154
-431157
-431160
-431163
-431166
-431168
431171
-431329
431350
-431353
431356
-431514
431535
-431538
431541
-431699
431720
-431723
431726
-431884
431905
-431908
431911
-432069
432090
-432093
432096
-432254
432275
-432278
432281
-432439
432460
-432463
432466
-432624
432645
-432648
432651
-432809
432830
-432833
432836
-432994
433015
-433018
433021
-433179
433186
433189
433192
433195
433198
433200
433201
-433203
433206
-433364
433367
-433388
433391
-433549
433552
-433573
433576
-433734
433737
-433758
433761
-433919
433922
-433943
433946
-434104
434107
-434128
434131
-434289
434292
-434313
434316
-434474
434477
-434498
434501
-434659
434662
-434683
434686
-434844
434847
-434868
434871
-435029
435032
-435036
-435039
-435042
-435045
-435053
435056
-435214
435229
-435238
435241
-435399
435414
-435423
435426
-435584
435599
-435608
435611
-435769
435784
-435793
435796
-435954
435969
-435978
435981
-436139
436154
-436163
436166
-436324
436339
-436348
436351
-436509
436524
-436533
436536
-436694
436709
-436718
436721
-436879
436894
-436903
436906
-437064
437079
-437088
437091
-437249
437264
-437273
437276
-437434
437449
-437458
437461
-437619
437634
-437643
437646
-437804
437819
-437828
437831
-437989
438004
-438013
438016
-438174
438181
438184
438187
438189
438190
-438198
438201
-438359
438362
-438383
438386
-438544
438547
-438568
438571
-438729
438732
-438736
-438739
-438742
-438745
-438748
-438751
-438753
438756
-438914
438935
-438938
438941
-439099
439120
-439123
439126
-439284
439305
-439308
439311
-439469
439490
-439493
439496
-439654
439675
-439678
439681
-439839
439860
-439863
439866
-440024
440045
-440048
440051
-440209
440230
-440233
440236
-440394
440415
-440418
440421
-440579
440600
-440603
440606
-440764
440785
-440788
440791
-440949
440970
-440973
440976
-441134
441141
441144
441147
441150
441153
441155
441156
-441158
441161
-441319
441322
-441343
441346
-441504
441507
-441528
441531
-441689
441692
-441696
-441713
441716
-441874
441878
441880
441881
-441898
441901
441902
-444036
-444057
-444060
-444217
444220
-444238
444242
444244
-444402
444405
-444426
444429
-444587
444590
-444594
-444597
-444600
-444603
-444606
-444609
-444611
444614
-444772
444793
-444796
444799
-444957
444978
-444981
444984
-445142
445163
-445166
445169
-445327
445348
-445351
445354
-445512
445533
-445536
445539
-445697
445718
-445721
445724
-445882
445903
-445906
445909
-446067
446088
-446091
446094
-446252
446273
-446276
446279
-446437
446458
-446461
446464
-446622
446629
446632
446635
446638
446641
446643
446644
-446646
446649
-446807
446810
-446831
446834
-446992
446995
-447016
447019
-447177
447180
-447201
447204
-447362
447365
-447386
447389
-447547
447550
-447571
447574
-447732
447735
-447756
447759
-447917
447920
-447941
447944
-448102
448105
-448126
448129
-448287
448290
-448311
448314
-448472
448475
-448479
-448482
-448485
-448488
-448496
448499
-448657
448672
-448681
448684
-448842
448857
-448866
448869
-449027
449042
-449051
449054
-449212
449227
-449236
449239
-449397
449412
-449421
449424
-449582
449597
-449606
449609
-449767
449782
-449791
449794
-449952
449967
-449976
449979
-450137
450152
-450161
450164
-450322
450337
-450346
450349
-450507
450522
-450531
450534
-450692
450707
-450716
450719
-450877
450892
-450901
450904
-451062
451077
-451086
451089
-451247
451262
-451271
451274
-451432
451447
-451456
451459
-451617
451624
451627
451630
451632
451633
-451641
451644
-451802
451805
-451826
451829
-451987
451990
-452011
452014
-452172
452175
-452179
-452182
-452185
-452188
-452191
-452194
-452196
452199
-452357
452378
-452381
452384
-452542
452563
-452566
452569
-452727
452748
-452751
452754
-452912
452933
-452936
452939
-453097
453118
-453121
453124
-453282
453303
-453306
453309
-453467
453488
-453491
453494
-453652
453673
-453676
453679
-453837
453858
-453861
453864
-454022
454043
-454046
454049
-454207
454228
-454231
454234
-454392
454413
-454416
454419
-454577
454584
454587
454590
454593
454596
454598
454599
-454601
454604
-454762
454765
-454786
454789
-454947
454950
-454971
454974
-455132
455135
-455139
-455156
455159
-455317
455321
455323
455324
-455341
455344
455345
-457479
-457500
-457503
-457660
457663
-457681
457685
457687
-457845
457848
-457869
457872
-458030
458033
-458037
-458040
-458043
-458046
-458049
-458052
-458054
458057
-458215
458236
-458239
458242
-458400
458421
-458424
458427
-458585
458606
-458609
458612
-458770
458791
-458794
458797
-458955
458976
-458979
458982
-459140
459161
-459164
459167
-459325
459346
-459349
459352
-459510
459531
-459534
459537
-459695
459716
-459719
459722
-459880
459901
-459904
459907
-460065
460072
460075
460078
460081
460084
460086
460087
-460089
460092
-460250
460253
-460274
460277
-460435
460438
-460459
460462
-460620
460623
-460644
460647
-460805
460808
-460829
460832
-460990
460993
-461014
461017
-461175
461178
-461199
461202
-461360
461363
-461384
461387
-461545
461548
-461569
461572
-461730
461733
-461754
461757
-461915
461918
-461922
-461925
-461928
-461931
-461939
461942
-462100
462115
-462124
462127
-462285
462300
-462309
462312
-462470
462485
-462494
462497
-462655
462670
-462679
462682
-462840
462855
-462864
462867
-463025
463040
-463049
463052
-463210
463225
-463234
463237
-463395
463410
-463419
463422
-463580
463595
-463604
463607
-463765
463780
-463789
463792
-463950
463965
-463974
463977
-464135
464150
-464159
464162
-464320
464335
-464344
464347
-464505
464520
-464529
464532
-464690
464705
-464714
464717
-464875
464890
-464899
464902
-465060
465067
465070
465073
465075
465076
-465084
465087
-465245
465248
-465269
465272
-465430
465433
-465454
465457
-465615
465618
-465622
-465625
-465628
-465631
-465634
-465637
-465639
465642
-465800
465821
-465824
465827
-465985
466006
-466009
466012
-466170
466191
-466194
466197
-466355
466376
-466379
466382
-466540
466561
-466564
466567
-466725
466746
-466749
466752
-466910
466931
-466934
466937
-467095
467116
-467119
467122
-467280
467301
-467304
467307
-467465
467486
-467489
467492
-467650
467671
-467674
467677
-467835
467856
-467859
467862
-468020
468027
468030
468033
468036
468039
468041
468042
-468044
468047
-468205
468208
-468229
468232
-468390
468393
-468414
468417
-468575
468578
-468582
-468599
468602
-468760
468764
468766
468767
-468784
468787
468788
-470922
-470943
-470946
-471103
471106
-471124
471128
471130
-471288
471291
-471312
471315
-471473
471476
-471480
-471483
-471486
-471489
-471492
-471495
-471497
471500
-471658
471679
-471682
471685
-471843
471864
-471867
471870
-472028
472049
-472052
472055
-472213
472234
-472237
472240
-472398
472419
-472422
472425
-472583
472604
-472607
472610
-472768
472789
-472792
472795
-472953
472974
-472977
472980
-473138
473159
-473162
473165
-473323
473344
-473347
473350
-473508
473515
473518
473521
473524
473527
473529
473530
-473532
473535
-473693
473696
-473717
473720
-473878
473881
-473902
473905
-474063
474066
-474087
474090
-474248
474251
-474272
474275
-474433
474436
-474457
474460
-474618
474621
-474642
474645
-474803
474806
-474827
474830
-474988
474991
-475012
475015
-475173
475176
-475197
475200
-475358
475361
-475365
-475368
-475371
-475374
-475382
475385
-475543
475558
-475567
475570
-475728
475743
-475752
475755
-475913
475928
-475937
475940
-476098
476113
-476122
476125
-476283
476298
-476307
476310
-476468
476483
-476492
476495
-476653
476668
-476677
476680
-476838
476853
-476862
476865
-477023
477038
-477047
477050
-477208
477223
-477232
477235
-477393
477408
-477417
477420
-477578
477593
-477602
477605
-477763
477778
-477787
477790
-477948
477963
-477972
477975
-478133
478148
-478157
478160
-478318
478333
-478342
478345
-478503
478510
478513
478516
478518
478519
-478527
478530
-478688
478691
-478712
478715
-478873
478876
-478897
478900
-479058
479061
-479065
-479068
-479071
-479074
-479077
-479080
-479082
479085
-479243
479264
-479267
479270
-479428
479449
-479452
479455
-479613
479634
-479637
479640
-479798
479819
-479822
479825
-479983
480004
-480007
480010
-480168
480189
-480192
480195
-480353
480374
-480377
480380
-480538
480559
-480562
480565
-480723
480744
-480747
480750
-480908
480929
-480932
480935
-481093
481114
-481117
481120
-481278
481299
-481302
481305
-481463
481470
481473
481476
481479
481482
481484
481485
-481487
481490
-481648
481651
-481672
481675
-481833
481836
-481857
481860
-482018
482021
-482025
-482042
482045
-482203
482207
482209
482210
-482227
482230
482231
-484365
-484386
-484389
-484546
484549
-484567
484571
484573
-484731
484734
-484755
484758
-484916
484919
-484923
-484926
-484929
-484932
-484935
-484938
-484940
484943
-485101
485122
-485125
485128
-485286
485307
-485310
485313
-485471
485492
-485495
485498
-485656
485677
-485680
485683
-485841
485862
-485865
485868
-486026
486047
-486050
486053
-486211
486232
-486235
486238
-486396
486417
-486420
486423
-486581
486602
-486605
486608
-486766
486787
-486790
486793
-486951
486958
486961
486964
486967
486970
486972
486973
-486975
486978
-487136
487139
-487160
487163
-487321
487324
-487345
487348
-487506
487509
-487530
487533
-487691
487694
-487715
487718
-487876
487879
-487900
487903
-488061
488064
-488085
488088
-488246
488249
-488270
488273
-488431
488434
-488455
488458
-488616
488619
-488640
488643
-488801
488804
-488808
-488811
-488814
-488817
-488825
488828
-488986
489001
-489010
489013
-489171
489186
-489195
489198
-489356
489371
-489380
489383
-489541
489556
-489565
489568
-489726
489741
-489750
489753
-489911
489926
-489935
489938
-490096
490111
-490120
490123
-490281
490296
-490305
490308
-490466
490481
-490490
490493
-490651
490666
-490675
490678
-490836
490851
-490860
490863
-491021
491036
-491045
491048
-491206
491221
-491230
491233
-491391
491406
-491415
491418
-491576
491591
-491600
491603
-491761
491776
-491785
491788
-491946
491953
491956
491959
491961
491962
-491970
491973
-492131
492134
-492155
492158
-492316
492319
-492340
492343
-492501
492504
-492508
-492511
-492514
-492517
-492520
-492523
-492525
492528
-492686
492707
-492710
492713
-492871
492892
-492895
492898
-493056
493077
-493080
493083
-493241
493262
-493265
493268
-493426
493447
-493450
493453
-493611
493632
-493635
493638
-493796
493817
-493820
493823
-493981
494002
-494005
494008
-494166
494187
-494190
494193
-494351
494372
-494375
494378
-494536
494557
-494560
494563
-494721
494742
-494745
494748
-494906
494913
494916
494919
494922
494925
494927
494928
-494930
494933
-495091
495094
-495115
495118
-495276
495279
-495300
495303
-495461
495464
-495468
-495485
495488
-495646
495650
495652
495653
-495670
495673
495674
-497808
-497829
-497832
-497989
497992
-498010
498014
498016
-498174
498177
-498198
498201
-498359
498362
-498366
-498369
-498372
-498375
-498378
-498381
-498383
498386
-498544
498565
-498568
498571
-498729
498750
-498753
498756
-498914
498935
-498938
498941
-499099
499120
-499123
499126
-499284
499305
-499308
499311
-499469
499490
-499493
499496
-499654
499675
-499678
499681
-499839
499860
-499863
499866
-500024
500045
-500048
500051
-500209
500230
-500233
500236
-500394
500401
500404
500407
500410
500413
500415
500416
-500418
500421
-500579
500582
-500603
500606
-500764
500767
-500788
500791
-500949
500952
-500973
500976
-501134
501137
-501158
501161
-501319
501322
-501343
501346
-501504
501507
-501528
501531
-501689
501692
-501713
501716
-501874
501877
-501898
501901
-502059
502062
-502083
502086
-502244
502247
-502251
-502254
-502257
-502260
-502268
502271
-502429
502444
-502453
502456
-502614
502629
-502638
502641
-502799
502814
-502823
502826
-502984
502999
-503008
503011
-503169
503184
-503193
503196
-503354
503369
-503378
503381
-503539
503554
-503563
503566
-503724
503739
-503748
503751
-503909
503924
-503933
503936
-504094
504109
-504118
504121
-504279
504294
-504303
504306
-504464
504479
-504488
504491
-504649
504664
-504673
504676
-504834
504849
-504858
504861
-505019
505034
-505043
505046
-505204
505219
-505228
505231
-505389
505396
505399
505402
505404
505405
-505413
505416
-505574
505577
-505598
505601
-505759
505762
-505783
505786
-505944
505947
-505951
-505954
-505957
-505960
-505963
-505966
-505968
505971
-506129
506150
-506153
506156
-506314
506335
-506338
506341
-506499
506520
-506523
506526
-506684
506705
-506708
506711
-506869
506890
-506893
506896
-507054
507075
-507078
507081
-507239
507260
-507263
507266
-507424
507445
-507448
507451
-507609
507630
-507633
507636
-507794
507815
-507818
507821
-507979
508000
-508003
508006
-508164
508185
-508188
508191
-508349
508356
508359
508362
508365
508368
508370
508371
-508373
508376
-508534
508537
-508558
508561
-508719
508722
-508743
508746
-508904
508907
-508911
-508928
508931
-509089
509093
509095
509096
-509113
509116
509117
-511251
-511272
-511275
-511432
511435
-511453
511457
511459
-511617
511620
-511641
511644
-511802
511805
-511809
-511812
-511815
-511818
-511821
-511824
-511826
511829
-511987
512008
-512011
512014
-512172
512193
-512196
512199
-512357
512378
-512381
512384
-512542
512563
-512566
512569
-512727
512748
-512751
512754
-512912
512933
-512936
512939
-513097
513118
-513121
513124
-513282
513303
-513306
513309
-513467
513488
-513491
513494
-513652
513673
-513676
513679
-513837
513844
513847
513850
513853
513856
513858
513859
-513861
513864
-514022
514025
-514046
514049
-514207
514210
-514231
514234
-514392
514395
-514416
514419
-514577
514580
-514601
514604
-514762
514765
-514786
514789
-514947
514950
-514971
514974
-515132
515135
-515156
515159
-515317
515320
-515341
515344
-515502
515505
-515526
515529
-515687
515690
-515694
-515697
-515700
-515703
-515711
515714
-515872
515887
-515896
515899
-516057
516072
-516081
516084
-516242
516257
-516266
516269
-516427
516442
-516451
516454
-516612
516627
-516636
516639
-516797
516812
-516821
516824
-516982
516997
-517006
517009
-517167
517182
-517191
517194
-517352
517367
-517376
517379
-517537
517552
-517561
517564
-517722
517737
-517746
517749
-517907
517922
-517931
517934
-518092
518107
-518116
518119
-518277
518292
-518301
518304
-518462
518477
-518486
518489
-518647
518662
-518671
518674
-518832
518839
518842
518845
518847
518848
-518856
518859
-519017
519020
-519041
519044
-519202
519205
-519226
519229
-519387
519390
-519394
-519397
-519400
-519403
-519406
-519409
-519411
519414
-519572
519580
519583
519586
519589
519592
519593
519595
-519596
519599
-519757
519765
519768
519771
519774
519777
519778
519780
-519781
519784
-519942
519950
519953
519956
519959
519962
519963
519965
-519966
519969
-520127
520135
520138
520141
520144
520147
520148
520150
-520151
520154
-520312
520320
520323
520326
520329
520332
520333
520335
-520336
520339
-520497
520505
520508
520511
520514
520517
520518
520520
-520521
520524
-520682
520690
520693
520696
520699
520702
520703
520705
-520706
520709
-520867
520875
520878
520881
520884
520887
520888
520890
-520891
520894
-521052
521060
521063
521066
521069
521072
521073
521075
-521076
521079
-521237
521245
521248
521251
521254
521257
521258
521260
-521261
521264
-521422
521430
521433
521436
521439
521442
521443
521445
-521446
521449
-521607
521615
521618
521621
521624
521627
521628
521630
-521631
521634
-521792
521799
521800
521802
521803
521805
521806
521808
521809
521811
521812
521813
521814
521815
-521816
521819
-521977
521980
-522001
522004
-522162
522165
-522186
522189
-522347
522350
-522354
-522371
522374
-522532
522536
522538
522539
-522556
522559
522560
-524694
-524715
-524718
-524875
524878
-524896
524900
524902
-525060
525063
-525084
525087
-525245
525248
-525252
-525255
-525258
-525261
-525264
-525267
-525269
525272
-525430
525451
-525454
525457
-525615
525636
-525639
525642
-525800
525821
-525824
525827
-525985
526006
-526009
526012
-526170
526191
-526194
526197
-526355
526376
-526379
526382
-526540
526561
-526564
526567
-526725
526746
-526749
526752
-526910
526931
-526934
526937
-527095
527116
-527119
527122
-527280
527287
527290
527293
527296
527299
527301
527302
-527304
527307
-527465
527468
-527489
527492
-527650
527653
-527674
527677
-527835
527838
-527859
527862
-528020
528023
-528044
528047
-528205
528208
-528229
528232
-528390
528393
-528414
528417
-528575
528578
-528599
528602
-528760
528763
-528784
528787
-528945
528948
-528969
528972
-529130
529133
-529137
-529140
-529143
-529146
-529154
529157
-529315
529330
-529339
529342
-529500
529515
-529524
529527
-529685
529700
-529709
529712
-529870
529885
-529894
529897
-530055
530070
-530079
530082
-530240
530255
-530264
530267
-530425
530440
-530449
530452
-530610
530625
-530634
530637
-530795
530810
-530819
530822
-530980
530995
-531004
531007
-531165
531180
-531189
531192
-531350
531365
-531374
531377
-531535
531550
-531559
531562
-531720
531735
-531744
531747
-531905
531920
-531929
531932
-532090
532105
-532114
532117
-532275
532282
532285
532288
532290
532291
-532299
532302
-532460
532463
-532484
532487
-532645
532648
-532669
532672
-532830
532833
-532854
532857
-533015
533018
-533029
-533032
-533035
-533039
533042
-533200
533203
-533214
-533217
-533220
-533224
533227
-533385
533388
-533399
-533402
-533405
-533409
533412
-533570
533573
-533584
-533587
-533590
-533594
533597
-533755
533758
-533769
-533772
-533775
-533779
533782
-533940
533943
-533954
-533957
-533960
-533964
533967
-534125
534128
-534139
-534142
-534145
-534149
534152
-534310
534313
-534324
-534327
-534330
-534334
534337
-534495
534498
-534509
-534512
-534515
-534519
534522
-534680
534683
-534694
-534697
-534700
-534704
534707
-534865
534868
-534879
-534882
-534885
-534889
534892
-535050
535053
-535064
-535067
-535070
-535074
535077
-535235
535238
-535259
535262
-535420
535423
-535444
535447
-535605
535608
-535629
535632
-535790
535793
-535797
-535814
535817
-535975
535979
535981
535982
-535999
536002
536003
-538137
-538158
-538161
-538318
538321
-538339
538343
538345
-538503
538506
-538527
538530
-538688
538691
-538695
-538698
-538701
-538704
-538707
-538710
-538712
538715
-538873
538894
-538897
538900
-539058
539079
-539082
539085
-539243
539264
-539267
539270
-539428
539449
-539452
539455
-539613
539634
-539637
539640
-539798
539819
-539822
539825
-539983
540004
-540007
540010
-540168
540189
-540192
540195
-540353
540374
-540377
540380
-540538
540559
-540562
540565
-540723
540730
540733
540736
540739
540742
540744
540745
-540747
540750
-540908
540911
-540932
540935
-541093
541096
-541117
541120
-541278
541281
-541302
541305
-541463
541466
-541487
541490
-541648
541651
-541672
541675
-541833
541836
-541857
541860
-542018
542021
-542042
542045
-542203
542206
-542227
542230
-542388
542391
-542412
542415
-542573
542576
-542580
-542583
-542586
-542589
-542597
542600
-542758
542773
-542782
542785
-542943
542958
-542967
542970
-543128
543143
-543152
543155
-543313
543328
-543337
543340
-543498
543513
-543522
543525
-543683
543698
-543707
543710
-543868
543883
-543892
543895
-544053
544068
-544077
544080
-544238
544253
-544262
544265
-544423
544438
-544447
544450
-544608
544623
-544632
544635
-544793
544808
-544817
544820
-544978
544993
-545002
545005
-545163
545178
-545187
545190
-545348
545363
-545372
545375
-545533
545548
-545557
545560
-545718
545725
545728
545731
545733
545734
-545742
545745
-545903
545906
-545927
545930
-546088
546091
-546112
546115
-546273
546276
-546286
-546289
-546292
-546297
546300
-546458
546461
-546467
546476
-546482
546485
-546643
546646
-546652
546661
-546667
546670
-546828
546831
-546837
546846
-546852
546855
-547013
547016
-547022
547031
-547037
547040
-547198
547201
-547207
547216
-547222
547225
-547383
547386
-547392
547401
-547407
547410
-547568
547571
-547577
547586
-547592
547595
-547753
547756
-547762
547771
-547777
547780
-547938
547941
-547947
547956
-547962
547965
-548123
548126
-548132
548141
-548147
548150
-548308
548311
-548317
548326
-548332
548335
-548493
548496
-548502
548506
548509
548511
548512
-548517
548520
-548678
548681
-548702
548705
-548863
548866
-548887
548890
-549048
549051
-549072
549075
-549233
549236
-549240
-549257
549260
-549418
549422
549424
549425
-549442
549445
549446
-551580
-551601
-551604
-551761
551764
-551782
551786
551788
-551946
551949
-551970
551973
-552131
552134
-552138
-552141
-552144
-552147
-552150
-552153
-552155
552158
-552316
552337
-552340
552343
-552501
552522
-552525
552528
-552686
552707
-552710
552713
-552871
552892
-552895
552898
-553056
553077
-553080
553083
-553241
553262
-553265
553268
-553426
553447
-553450
553453
-553611
553632
-553635
553638
-553796
553817
-553820
553823
-553981
554002
-554005
554008
-554166
554173
554176
554179
554182
554185
554187
554188
-554190
554193
-554351
554354
-554375
554378
-554536
554539
-554560
554563
-554721
554724
-554745
554748
-554906
554909
-554930
554933
-555091
555094
-555115
555118
-555276
555279
-555300
555303
-555461
555464
-555485
555488
-555646
555649
-555670
555673
-555831
555834
-555855
555858
-556016
556019
-556023
-556026
-556029
-556032
-556040
556043
-556201
556216
-556225
556228
-556386
556401
-556410
556413
-556571
556586
-556595
556598
-556756
556771
-556780
556783
-556941
556956
-556965
556968
-557126
557141
-557150
557153
-557311
557326
-557335
557338
-557496
557511
-557520
557523
-557681
557696
-557705
557708
-557866
557881
-557890
557893
-558051
558066
-558075
558078
-558236
558251
-558260
558263
-558421
558436
-558445
558448
-558606
558621
-558630
558633
-558791
558806
-558815
558818
-558976
558991
-559000
559003
-559161
559168
559171
559174
559176
559177
-559185
559188
-559346
559349
-559370
559373
-559531
559534
-559555
559558
-559716
559719
-559729
-559732
-559735
-559740
559743
-559901
559904
-559910
559919
-559925
559928
-560086
560089
-560095
560104
-560110
560113
-560271
560274
-560280
560289
-560295
560298
-560456
560459
-560465
560474
-560480
560483
-560641
560644
-560650
560659
-560665
560668
-560826
560829
-560835
560844
-560850
560853
-561011
561014
-561020
561029
-561035
561038
-561196
561199
-561205
561214
-561220
561223
-561381
561384
-561390
561399
-561405
561408
-561566
561569
-561575
561584
-561590
561593
-561751
561754
-561760
561769
-561775
561778
-561936
561939
-561945
561949
561952
561954
561955
-561960
561963
-562121
562124
-562145
562148
-562306
562309
-562330
562333
-562491
562494
-562515
562518
-562676
562679
-562683
-562700
562703
-562861
562865
562867
562868
-562885
562888
562889
-565023
-565044
-565047
-565204
565207
-565225
565229
565231
-565389
565392
-565413
565416
-565574
565577
-565581
-565584
-565587
-565590
-565593
-565596
-565598
565601
-565759
565780
-565783
565786
-565944
565965
-565968
565971
-566129
566150
-566153
566156
-566314
566335
-566338
566341
-566499
566520
-566523
566526
-566684
566705
-566708
566711
-566869
566890
-566893
566896
-567054
567075
-567078
567081
-567239
567260
-567263
567266
-567424
567445
-567448
567451
-567609
567616
567619
567622
567625
567628
567630
567631
-567633
567636
-567794
567797
-567818
567821
-567979
567982
-568003
568006
-568164
568167
-568188
568191
-568349
568352
-568373
568376
-568534
568537
-568558
568561
-568719
568722
-568743
568746
-568904
568907
-568928
568931
-569089
569092
-569113
569116
-569274
569277
-569298
569301
-569459
569462
-569466
-569469
-569472
-569475
-569483
569486
-569644
569659
-569668
569671
-569829
569844
-569853
569856
-570014
570029
-570038
570041
-570199
570214
-570223
570226
-570384
570399
-570408
570411
-570569
570584
-570593
570596
-570754
570769
-570778
570781
-570939
570954
-570963
570966
-571124
571139
-571148
571151
-571309
571324
-571333
571336
-571494
571509
-571518
571521
-571679
571694
-571703
571706
-571864
571879
-571888
571891
-572049
572064
-572073
572076
-572234
572249
-572258
572261
-572419
572434
-572443
572446
-572604
572611
572614
572617
572619
572620
-572628
572631
-572789
572792
-572813
572816
-572974
572977
-572998
573001
-573159
573162
-573172
-573175
-573178
-573183
573186
-573344
573347
-573353
573362
-573368
573371
-573529
573532
-573538
573547
-573553
573556
-573714
573717
-573723
573732
-573738
573741
-573899
573902
-573908
573917
-573923
573926
-574084
574087
-574093
574102
-574108
574111
-574269
574272
-574278
574287
-574293
574296
-574454
574457
-574463
574472
-574478
574481
-574639
574642
-574648
574657
-574663
574666
-574824
574827
-574833
574842
-574848
574851
-575009
575012
-575018
575027
-575033
575036
-575194
575197
-575203
575212
-575218
575221
-575379
575382
-575388
575392
575395
575397
575398
-575403
575406
-575564
575567
-575588
575591
-575749
575752
-575773
575776
-575934
575937
-575958
575961
-576119
576122
-576126
-576143
576146
-576304
576308
576310
576311
-576328
576331
576332
-578466
-578487
-578490
-578647
578650
-578668
578672
578674
-578832
578835
-578856
578859
-579017
579020
-579024
-579027
-579030
-579033
-579036
-579039
-579041
579044
-579202
579223
-579226
579229
-579387
579408
-579411
579414
-579572
579593
-579596
579599
-579757
579778
-579781
579784
-579942
579963
-579966
579969
-580127
580148
-580151
580154
-580312
580333
-580336
580339
-580497
580518
-580521
580524
-580682
580703
-580706
580709
-580867
580888
-580891
580894
-581052
581059
581062
581065
581068
581071
581073
581074
-581076
581079
-581237
581240
-581261
581264
-581422
581425
-581446
581449
-581607
581610
-581631
581634
-581792
581795
-581816
581819
-581977
581980
-582001
582004
-582162
582165
-582186
582189
-582347
582350
-582371
582374
-582532
582535
-582556
582559
-582717
582720
-582741
582744
-582902
582905
-582909
-582912
-582915
-582918
-582926
582929
-583087
583102
-583111
583114
-583272
583287
-583296
583299
-583457
583472
-583481
583484
-583642
583657
-583666
583669
-583827
583842
-583851
583854
-584012
584027
-584036
584039
-584197
584212
-584221
584224
-584382
584397
-584406
584409
-584567
584582
-584591
584594
-584752
584767
-584776
584779
-584937
584952
-584961
584964
-585122
585137
-585146
585149
-585307
585322
-585331
585334
-585492
585507
-585516
585519
-585677
585692
-585701
585704
-585862
585877
-585886
585889
-586047
586054
586057
586060
586062
586063
-586071
586074
-586232
586235
-586256
586259
-586417
586420
-586441
586444
-586602
586605
-586615
-586618
-586621
-586626
586629
-586787
586790
-586796
586805
-586811
586814
-586972
586975
-586981
586990
-586996
586999
-587157
587160
-587166
587175
-587181
587184
-587342
587345
-587351
587360
-587366
587369
-587527
587530
-587536
587545
-587551
587554
-587712
587715
-587721
587730
-587736
587739
-587897
587900
-587906
587915
-587921
587924
-588082
588085
-588091
588100
-588106
588109
-588267
588270
-588276
588285
-588291
588294
-588452
588455
-588461
588470
-588476
588479
-588637
588640
-588646
588655
-588661
588664
-588822
588825
-588831
588835
588838
588840
588841
-588846
588849
-589007
589010
-589031
589034
-589192
589195
-589216
589219
-589377
589380
-589401
589404
-589562
589565
-589569
-589586
589589
-589747
589751
589753
589754
-589771
589774
589775
-591909
-591930
-591933
-592090
592093
-592111
592115
592117
-592275
592278
-592299
592302
-592460
592463
-592467
-592470
-592473
-592476
-592479
-592482
-592484
592487
-592645
592666
-592669
592672
-592830
592851
-592854
592857
-593015
593036
-593039
593042
-593200
593221
-593224
593227
-593385
593406
-593409
593412
-593570
593591
-593594
593597
-593755
593776
-593779
593782
-593940
593961
-593964
593967
-594125
594146
-594149
594152
-594310
594331
-594334
594337
-594495
594502
594505
594508
594511
594514
594516
594517
-594519
594522
-594680
594683
-594704
594707
-594865
594868
-594889
594892
-595050
595053
-595074
595077
-595235
595238
-595259
595262
-595420
595423
-595444
595447
-595605
595608
-595629
595632
-595790
595793
-595814
595817
-595975
595978
-595999
596002
-596160
596163
-596184
596187
-596345
596348
-596352
-596355
-596358
-596361
-596369
596372
-596530
596545
-596554
596557
-596715
596730
-596739
596742
-596900
596915
-596924
596927
-597085
597100
-597109
597112
-597270
597285
-597294
597297
-597455
597470
-597479
597482
-597640
597655
-597664
597667
-597825
597840
-597849
597852
-598010
598025
-598034
598037
-598195
598210
-598219
598222
-598380
598395
-598404
598407
-598565
598580
-598589
598592
-598750
598765
-598774
598777
-598935
598950
-598959
598962
-599120
599135
-599144
599147
-599305
599320
-599329
599332
-599490
599497
599500
599503
599505
599506
-599514
599517
-599675
599678
-599699
599702
-599860
599863
-599884
599887
-600045
600048
-600058
-600061
-600064
-600069
600072
-600230
600233
-600239
600248
-600254
600257
-600415
600418
-600424
600433
-600439
600442
-600600
600603
-600609
600618
-600624
600627
-600785
600788
-600794
600803
-600809
600812
-600970
600973
-600979
600988
-600994
600997
-601155
601158
-601164
601173
-601179
601182
-601340
601343
-601349
601358
-601364
601367
-601525
601528
-601534
601543
-601549
601552
-601710
601713
-601719
601728
-601734
601737
-601895
601898
-601904
601913
-601919
601922
-602080
602083
-602089
602098
-602104
602107
-602265
602268
-602274
602278
602281
602283
602284
-602289
602292
-602450
602453
-602474
602477
-602635
602638
-602659
602662
-602820
602823
-602844
602847
-603005
603008
-603012
-603029
603032
-603190
603194
603196
603197
-603214
603217
603218
-605352
-605373
-605376
-605533
605536
-605554
605558
605560
-605718
605721
-605742
605745
-605903
605906
-605910
-605913
-605916
-605919
-605922
-605925
-605927
605930
-606088
606109
-606112
606115
-606273
606294
-606297
606300
-606458
606479
-606482
606485
-606643
606664
-606667
606670
-606828
606849
-606852
606855
-607013
607034
-607037
607040
-607198
607219
-607222
607225
-607383
607404
-607407
607410
-607568
607589
-607592
607595
-607753
607774
-607777
607780
-607938
607945
607948
607951
607954
607957
607959
607960
-607962
607965
-608123
608126
-608147
608150
-608308
608311
-608332
608335
-608493
608496
-608517
608520
-608678
608681
-608702
608705
-608863
608866
-608887
608890
-609048
609051
-609072
609075
-609233
609236
-609257
609260
-609418
609421
-609442
609445
-609603
609606
-609627
609630
-609788
609791
-609795
-609798
-609801
-609804
-609812
609815
-609973
609988
-609997
610000
-610158
610173
-610182
610185
-610343
610358
-610367
610370
-610528
610543
-610552
610555
-610713
610728
-610737
610740
-610898
610913
-610922
610925
-611083
611098
-611107
611110
-611268
611283
-611292
611295
-611453
611468
-611477
611480
-611638
611653
-611662
611665
-611823
611838
-611847
611850
-612008
612023
-612032
612035
-612193
612208
-612217
612220
-612378
612393
-612402
612405
-612563
612578
-612587
612590
-612748
612763
-612772
612775
-612933
612940
612943
612946
612948
612949
-612957
612960
-613118
613121
-613142
613145
-613303
613306
-613327
613330
-613488
613491
-613501
-613504
-613507
-613512
613515
-613673
613676
-613682
613691
-613697
613700
-613858
613861
-613867
613876
-613882
613885
-614043
614046
-614052
614061
-614067
614070
-614228
614231
-614237
614246
-614252
614255
-614413
614416
-614422
614431
-614437
614440
-614598
614601
-614607
614616
-614622
614625
-614783
614786
-614792
614801
-614807
614810
-614968
614971
-614977
614986
-614992
614995
-615153
615156
-615162
615171
-615177
615180
-615338
615341
-615347
615356
-615362
615365
-615523
615526
-615532
615541
-615547
615550
-615708
615711
-615717
615721
615724
615726
615727
-615732
615735
-615893
615896
-615917
615920
-616078
616081
-616102
616105
-616263
616266
-616287
616290
-616448
616451
-616455
-616472
616475
-616633
616637
616639
616640
-616657
616660
616661
-618795
-618816
-618819
-618976
618979
-618997
619001
619003
-619161
619164
-619185
619188
-619346
619349
-619353
-619356
-619359
-619362
-619365
-619368
-619370
619373
-619531
619552
-619555
619558
-619716
619737
-619740
619743
-619901
619922
-619925
619928
-620086
620107
-620110
620113
-620271
620292
-620295
620298
-620456
620477
-620480
620483
-620641
620662
-620665
620668
-620826
620847
-620850
620853
-621011
621032
-621035
621038
-621196
621217
-621220
621223
-621381
621388
621391
621394
621397
621400
621402
621403
-621405
621408
-621566
621569
-621590
621593
-621751
621754
-621775
621778
-621936
621939
-621960
621963
-622121
622124
-622145
622148
-622306
622309
-622330
622333
-622491
622494
-622515
622518
-622676
622679
-622700
622703
-622861
622864
-622885
622888
-623046
623049
-623070
623073
-623231
623234
-623238
-623241
-623244
-623247
-623255
623258
-623416
623431
-623440
623443
-623601
623616
-623625
623628
-623786
623801
-623810
623813
-623971
623986
-623995
623998
-624156
624171
-624180
624183
-624341
624356
-624365
624368
-624526
624541
-624550
624553
-624711
624726
-624735
624738
-624896
624911
-624920
624923
-625081
625096
-625105
625108
-625266
625281
-625290
625293
-625451
625466
-625475
625478
-625636
625651
-625660
625663
-625821
625836
-625845
625848
-626006
626021
-626030
626033
-626191
626206
-626215
626218
-626376
626383
626386
626389
626391
626392
-626400
626403
-626561
626564
-626585
626588
-626746
626749
-626770
626773
-626931
626934
-626944
-626947
-626950
-626955
626958
-627116
627119
-627125
627134
-627140
627143
-627301
627304
-627310
627319
-627325
627328
-627486
627489
-627495
627504
-627510
627513
-627671
627674
-627680
627689
-627695
627698
-627856
627859
-627865
627874
-627880
627883
-628041
628044
-628050
628059
-628065
628068
-628226
628229
-628235
628244
-628250
628253
-628411
628414
-628420
628429
-628435
628438
-628596
628599
-628605
628614
-628620
628623
-628781
628784
-628790
628799
-628805
628808
-628966
628969
-628975
628984
-628990
628993
-629151
629154
-629160
629164
629167
629169
629170
-629175
629178
-629336
629339
-629360
629363
-629521
629524
-629545
629548
-629706
629709
-629730
629733
-629891
629894
-629898
-629915
629918
-630076
630080
630082
630083
-630100
630103
630104
-632238
-632259
-632262
-632419
632422
-632440
632444
632446
-632604
632607
-632628
632631
-632789
632792
-632796
-632799
-632802
-632805
-632808
-632811
-632813
632816
-632974
632995
-632998
633001
-633159
633180
-633183
633186
-633344
633365
-633368
633371
-633529
633550
-633553
633556
-633714
633735
-633738
633741
-633899
633920
-633923
633926
-634084
634105
-634108
634111
-634269
634290
-634293
634296
-634454
634475
-634478
634481
-634639
634660
-634663
634666
-634824
634831
634834
634837
634840
634843
634845
634846
-634848
634851
-635009
635012
-635033
635036
-635194
635197
-635218
635221
-635379
635382
-635403
635406
-635564
635567
-635588
635591
-635749
635752
-635773
635776
-635934
635937
-635958
635961
-636119
636122
-636143
636146
-636304
636307
-636328
636331
-636489
636492
-636513
636516
-636674
636677
-636681
-636684
-636687
-636690
-636698
636701
-636859
636867
636870
636873
636874
636876
-636883
636886
-637044
637052
637055
637058
637059
637061
-637068
637071
-637229
637237
637240
637243
637244
637246
-637253
637256
-637414
637422
637425
637428
637429
637431
-637438
637441
-637599
637607
637610
637613
637614
637616
-637623
637626
-637784
637792
637795
637798
637799
637801
-637808
637811
-637969
637977
637980
637983
637984
637986
-637993
637996
-638154
638162
638165
638168
638169
638171
-638178
638181
-638339
638347
638350
638353
638354
638356
-638363
638366
-638524
638532
638535
638538
638539
638541
-638548
638551
-638709
638717
638720
638723
638724
638726
-638733
638736
-638894
638902
638905
638908
638909
638911
-638918
638921
-639079
639087
639090
639093
639094
639096
-639103
639106
-639264
639272
639275
639278
639279
639281
-639288
639291
-639449
639457
639460
639463
639464
639466
-639473
639476
-639634
639642
639645
639648
639649
639651
-639658
639661
-639819
639826
639827
639829
639830
639832
639833
639834
639835
639836
-639843
639846
-640004
640007
-640028
640031
-640189
640192
-640213
640216
-640374
640377
-640387
-640390
-640393
-640398
640401
-640559
640562
-640568
640577
-640583
640586
-640744
640747
-640753
640762
-640768
640771
-640929
640932
-640938
640947
-640953
640956
-641114
641117
-641123
641132
-641138
641141
-641299
641302
-641308
641317
-641323
641326
-641484
641487
-641493
641502
-641508
641511
-641669
641672
-641678
641687
-641693
641696
-641854
641857
-641863
641872
-641878
641881
-642039
642042
-642048
642057
-642063
642066
-642224
642227
-642233
642242
-642248
642251
-642409
642412
-642418
642427
-642433
642436
-642594
642597
-642603
642607
642610
642612
642613
-642618
642621
-642779
642782
-642803
642806
-642964
642967
-642988
642991
-643149
643152
-643173
643176
-643334
643337
-643341
-643358
643361
-643519
643523
643525
643526
-643543
643546
643547
-645681
-645702
-645705
-645862
645865
-645883
645887
645889
-646047
646050
-646071
646074
-646232
646235
-646239
-646242
-646245
-646248
-646251
-646254
-646256
646259
-646417
646438
-646441
646444
-646602
646623
-646626
646629
-646787
646808
-646811
646814
-646972
646993
-646996
646999
-647157
647178
-647181
647184
-647342
647363
-647366
647369
-647527
647548
-647551
647554
-647712
647733
-647736
647739
-647897
647918
-647921
647924
-648082
648103
-648106
648109
-648267
648274
648277
648280
648283
648286
648288
648289
-648291
648294
-648452
648455
-648476
648479
-648637
648640
-648661
648664
-648822
648825
-648846
648849
-649007
649010
-649031
649034
-649192
649195
-649216
649219
-649377
649380
-649401
649404
-649562
649565
-649586
649589
-649747
649750
-649771
649774
-649932
649935
-649956
649959
-650117
650120
-650141
650144
-650302
650305
-650326
650329
-650487
650490
-650511
650514
-650672
650675
-650696
650699
-650857
650860
-650881
650884
-651042
651045
-651066
651069
-651227
651230
-651251
651254
-651412
651415
-651436
651439
-651597
651600
-651621
651624
-651782
651785
-651806
651809
-651967
651970
-651991
651994
-652152
652155
-652176
652179
-652337
652340
-652361
652364
-652522
652525
-652546
652549
-652707
652710
-652731
652734
-652892
652895
-652916
652919
-653077
653080
-653101
653104
-653262
653265
-653286
653289
-653447
653450
-653471
653474
-653632
653635
-653656
653659
-653817
653820
-653830
-653833
-653836
-653841
653844
-654002
654005
-654011
654020
-654026
654029
-654187
654190
-654196
654205
-654211
654214
-654372
654375
-654381
654390
-654396
654399
-654557
654560
-654566
654575
-654581
654584
-654742
654745
-654751
654760
-654766
654769
-654927
654930
-654936
654945
-654951
654954
-655112
655115
-655121
655130
-655136
655139
-655297
655300
-655306
655315
-655321
655324
-655482
655485
-655491
655500
-655506
655509
-655667
655670
-655676
655685
-655691
655694
-655852
655855
-655861
655870
-655876
655879
-656037
656040
-656046
656050
656053
656055
656056
-656061
656064
-656222
656225
-656246
656249
-656407
656410
-656431
656434
-656592
656595
-656616
656619
-656777
656780
-656784
-656801
656804
-656962
656966
656968
656969
-656986
656989
656990
-659124
-659145
-659148
-659305
659308
-659326
659330
659332
-659490
659493
-659514
659517
-659675
659678
-659682
-659685
-659688
-659691
-659694
-659697
-659699
659702
-659860
659881
-659884
659887
-660045
660066
-660069
660072
-660230
660251
-660254
660257
-660415
660436
-660439
660442
-660600
660621
-660624
660627
-660785
660806
-660809
660812
-660970
660991
-660994
660997
-661155
661176
-661179
661182
-661340
661361
-661364
661367
-661525
661546
-661549
661552
-661710
661717
661720
661723
661726
661729
661731
661732
-661734
661737
-661895
661898
-661919
661922
-662080
662083
-662104
662107
-662265
662268
-662289
662292
-662450
662453
-662474
662477
-662635
662638
-662659
662662
-662820
662823
-662844
662847
-663005
663008
-663029
663032
-663190
663193
-663214
663217
-663375
663378
-663399
663402
-663560
663563
-663584
663587
-663745
663748
-663769
663772
-663930
663933
-663954
663957
-664115
664118
-664139
664142
-664300
664303
-664324
664327
-664485
664488
-664509
664512
-664670
664673
-664694
664697
-664855
664858
-664879
664882
-665040
665043
-665064
665067
-665225
665228
-665249
665252
-665410
665413
-665434
665437
-665595
665598
-665619
665622
-665780
665783
-665804
665807
-665965
665968
-665989
665992
-666150
666153
-666174
666177
-666335
666338
-666359
666362
-666520
666523
-666544
666547
-666705
666708
-666729
666732
-666890
666893
-666914
666917
-667075
667078
-667099
667102
-667260
667263
-667273
-667276
-667279
-667284
667287
-667445
667448
-667454
667463
-667469
667472
-667630
667633
-667639
667648
-667654
667657
-667815
667818
-667824
667833
-667839
667842
-668000
668003
-668009
668018
-668024
668027
-668185
668188
-668194
668203
-668209
668212
-668370
668373
-668379
668388
-668394
668397
-668555
668558
-668564
668573
-668579
668582
-668740
668743
-668749
668758
-668764
668767
-668925
668928
-668934
668943
-668949
668952
-669110
669113
-669119
669128
-669134
669137
-669295
669298
-669304
669313
-669319
669322
-669480
669483
-669489
669493
669496
669498
669499
-669504
669507
-669665
669668
-669689
669692
-669850
669853
-669874
669877
-670035
670038
-670059
670062
-670220
670223
-670227
-670244
670247
-670405
670409
670411
670412
-670429
670432
670433
-672567
-672588
-672591
-672748
672751
-672769
672773
672775
-672933
672936
-672957
672960
-673118
673121
-673125
-673128
-673131
-673134
-673137
-673140
-673142
673145
-673303
673324
-673327
673330
-673488
673509
-673512
673515
-673673
673694
-673697
673700
-673858
673879
-673882
673885
-674043
674064
-674067
674070
-674228
674249
-674252
674255
-674413
674434
-674437
674440
-674598
674619
-674622
674625
-674783
674804
-674807
674810
-674968
674989
-674992
674995
-675153
675160
675163
675166
675169
675172
675174
675175
-675177
675180
-675338
675341
-675362
675365
-675523
675526
-675547
675550
-675708
675711
-675732
675735
-675893
675896
-675917
675920
-676078
676081
-676102
676105
-676263
676266
-676287
676290
-676448
676451
-676472
676475
-676633
676636
-676657
676660
-676818
676821
-676842
676845
-677003
677006
-677027
677030
-677188
677191
-677212
677215
-677373
677376
-677397
677400
-677558
677561
-677582
677585
-677743
677746
-677767
677770
-677928
677931
-677952
677955
-678113
678116
-678137
678140
-678298
678301
-678322
678325
-678483
678486
-678507
678510
-678668
678671
-678692
678695
-678853
678856
-678877
678880
-679038
679041
-679062
679065
-679223
679226
-679247
679250
-679408
679411
-679432
679435
-679593
679596
-679617
679620
-679778
679781
-679802
679805
-679963
679966
-679987
679990
-680148
680151
-680172
680175
-680333
680336
-680357
680360
-680518
680521
-680542
680545
-680703
680706
-680716
-680719
-680722
-680727
680730
-680888
680891
-680897
680906
-680912
680915
-681073
681076
-681082
681091
-681097
681100
-681258
681261
-681267
681276
-681282
681285
-681443
681446
-681452
681461
-681467
681470
-681628
681631
-681637
681646
-681652
681655
-681813
681816
-681822
681831
-681837
681840
-681998
682001
-682007
682016
-682022
682025
-682183
682186
-682192
682201
-682207
682210
-682368
682371
-682377
682386
-682392
682395
-682553
682556
-682562
682571
-682577
682580
-682738
682741
-682747
682756
-682762
682765
-682923
682926
-682932
682936
682939
682941
682942
-682947
682950
-683108
683111
-683132
683135
-683293
683296
-683317
683320
-683478
683481
-683502
683505
-683663
683666
-683670
-683687
683690
-683848
683852
683854
683855
-683872
683875
683876
-686010
-686031
-686034
-686191
686194
-686212
686216
686218
-686376
686379
-686400
686403
-686561
686564
-686568
-686571
-686574
-686577
-686580
-686583
-686585
686588
-686746
686754
686757
686760
686763
686766
686767
686769
-686770
686773
-686931
686939
686942
686945
686948
686951
686952
686954
-686955
686958
-687116
687124
687127
687130
687133
687136
687137
687139
-687140
687143
-687301
687309
687312
687315
687318
687321
687322
687324
-687325
687328
-687486
687494
687497
687500
687503
687506
687507
687509
-687510
687513
-687671
687679
687682
687685
687688
687691
687692
687694
-687695
687698
-687856
687864
687867
687870
687873
687876
687877
687879
-687880
687883
-688041
688049
688052
688055
688058
688061
688062
688064
-688065
688068
-688226
688234
688237
688240
688243
688246
688247
688249
-688250
688253
-688411
688419
688422
688425
688428
688431
688432
688434
-688435
688438
-688596
688603
688604
688606
688607
688609
688610
688612
688613
688615
688616
688617
688618
688619
-688620
688623
-688781
688784
-688805
688808
-688966
688969
-688990
688993
-689151
689154
-689175
689178
-689336
689339
-689360
689363
-689521
689524
-689545
689548
-689706
689709
-689730
689733
-689891
689894
-689915
689918
-690076
690079
-690100
690103
-690261
690264
-690285
690288
-690446
690449
-690470
690473
-690631
690634
-690655
690658
-690816
690819
-690840
690843
-691001
691004
-691025
691028
-691186
691189
-691210
691213
-691371
691374
-691395
691398
-691556
691559
-691580
691583
-691741
691744
-691765
691768
-691926
691929
-691950
691953
-692111
692114
-692135
692138
-692296
692299
-692320
692323
-692481
692484
-692505
692508
-692666
692669
-692690
692693
-692851
692854
-692875
692878
-693036
693039
-693060
693063
-693221
693224
-693245
693248
-693406
693409
-693430
693433
-693591
693594
-693615
693618
-693776
693779
-693800
693803
-693961
693964
-693985
693988
-694146
694149
-694159
-694162
-694165
-694170
694173
-694331
694334
-694340
694345
694348
694349
694351
-694355
694358
-694516
694519
-694525
694530
694533
694534
694536
-694540
694543
-694701
694704
-694710
694715
694718
694719
694721
-694725
694728
-694886
694889
-694895
694900
694903
694904
694906
-694910
694913
-695071
695074
-695080
695085
695088
695089
695091
-695095
695098
-695256
695259
-695265
695270
695273
695274
695276
-695280
695283
-695441
695444
-695450
695455
695458
695459
695461
-695465
695468
-695626
695629
-695635
695640
695643
695644
695646
-695650
695653
-695811
695814
-695820
695825
695828
695829
695831
-695835
695838
-695996
695999
-696005
696010
696013
696014
696016
-696020
696023
-696181
696184
-696190
696195
696198
696199
696201
-696205
696208
-696366
696369
-696375
696379
696380
696382
696383
696384
696385
696386
-696390
696393
-696551
696554
-696575
696578
-696736
696739
-696760
696763
-696921
696924
-696945
696948
-697106
697109
-697113
-697130
697133
-697291
697295
697297
697298
-697315
697318
697319
-699453
-699474
-699477
-699634
699637
-699655
699659
699661
-699819
699822
-699843
699846
-700004
700007
-700028
700031
-700189
700192
-700213
700216
-700374
700377
-700398
700401
-700559
700562
-700583
700586
-700744
700747
-700768
700771
-700929
700932
-700953
700956
-701114
701117
-701138
701141
-701299
701302
-701323
701326
-701484
701487
-701508
701511
-701669
701672
-701693
701696
-701854
701857
-701878
701881
-702039
702042
-702063
702066
-702224
702227
-702248
702251
-702409
702412
-702433
702436
-702594
702597
-702618
702621
-702779
702782
-702803
702806
-702964
702967
-702988
702991
-703149
703152
-703173
703176
-703334
703337
-703358
703361
-703519
703522
-703543
703546
-703704
703707
-703728
703731
-703889
703892
-703913
703916
-704074
704077
-704098
704101
-704259
704262
-704283
704286
-704444
704447
-704468
704471
-704629
704632
-704653
704656
-704814
704817
-704838
704841
-704999
705002
-705023
705026
-705184
705187
-705208
705211
-705369
705372
-705393
705396
-705554
705557
-705578
705581
-705739
705742
-705763
705766
-705924
705927
-705948
705951
-706109
706112
-706133
706136
-706294
706297
-706318
706321
-706479
706482
-706503
706506
-706664
706667
-706688
706691
-706849
706852
-706873
706876
-707034
707037
-707058
707061
-707219
707222
-707243
707246
-707404
707407
-707428
707431
-707589
707592
-707613
707616
-707774
707777
-707798
707801
-707959
707962
-707983
707986
-708144
708147
-708168
708171
-708329
708332
-708353
708356
-708514
708517
-708538
708541
-708699
708702
-708723
708726
-708884
708887
-708908
708911
-709069
709072
-709093
709096
-709254
709257
-709278
709281
-709439
709442
-709463
709466
-709624
709627
-709648
709651
-709809
709812
-709833
709836
-709994
709997
-710018
710021
-710179
710182
-710203
710206
-710364
710367
-710388
710391
-710549
710552
-710556
-710573
710576
-710734
710738
710740
710741
-710758
710761
710762
-712896
-712917
-712920
-713077
713080
-713098
713102
713104
-713262
713265
-713286
713289
-713447
713450
-713471
713474
-713632
713635
-713656
713659
-713817
713820
-713841
713844
-714002
714005
-714026
714029
-714187
714190
-714211
714214
-714372
714375
-714396
714399
-714557
714560
-714581
714584
-714742
714745
-714766
714769
-714927
714930
-714951
714954
-715112
715115
-715136
715139
-715297
715300
-715321
715324
-715482
715485
-715506
715509
-715667
715670
-715691
715694
-715852
715855
-715876
715879
-716037
716040
-716061
716064
-716222
716225
-716246
716249
-716407
716410
-716431
716434
-716592
716595
-716616
716619
-716777
716780
-716801
716804
-716962
716965
-716986
716989
-717147
717150
-717171
717174
-717332
717335
-717356
717359
-717517
717520
-717541
717544
-717702
717705
-717726
717729
-717887
717890
-717911
717914
-718072
718075
-718096
718099
-718257
718260
-718281
718284
-718442
718445
-718466
718469
-718627
718630
-718651
718654
-718812
718815
-718836
718839
-718997
719000
-719021
719024
-719182
719185
-719206
719209
-719367
719370
-719391
719394
-719552
719555
-719576
719579
-719737
719740
-719761
719764
-719922
719925
-719946
719949
-720107
720110
-720131
720134
-720292
720295
-720316
720319
-720477
720480
-720501
720504
-720662
720665
-720686
720689
-720847
720850
-720871
720874
-721032
721035
-721056
721059
-721217
721220
-721241
721244
-721402
721405
-721426
721429
-721587
721590
-721611
721614
-721772
721775
-721796
721799
-721957
721960
-721981
721984
-722142
722145
-722166
722169
-722327
722330
-722351
722354
-722512
722515
-722536
722539
-722697
722700
-722721
722724
-722882
722885
-722906
722909
-723067
723070
-723091
723094
-723252
723255
-723276
723279
-723437
723440
-723461
723464
-723622
723625
-723646
723649
-723807
723810
-723831
723834
-723992
723995
-723999
-724016
724019
-724177
724181
724183
724184
-724201
724204
724205
-726339
-726360
-726363
-726520
726523
-726528
-726531
-726534
-726537
-726540
-726541
-726543
726545
726547
-726705
726708
-726729
726732
-726890
726893
-726914
726917
-727075
727078
-727099
727102
-727260
727263
-727284
727287
-727445
727448
-727469
727472
-727630
727633
-727654
727657
-727815
727818
-727839
727842
-728000
728003
-728024
728027
-728185
728188
-728209
728212
-728370
728373
-728394
728397
-728555
728558
-728579
728582
-728740
728743
-728764
728767
-728925
728928
-728949
728952
-729110
729113
-729134
729137
-729295
729298
-729319
729322
-729480
729483
-729504
729507
-729665
729668
-729689
729692
-729850
729853
-729874
729877
-730035
730038
-730059
730062
-730220
730223
-730244
730247
-730405
730408
-730429
730432
-730590
730593
-730614
730617
-730775
730778
-730799
730802
-730960
730963
-730984
730987
-731145
731148
-731169
731172
-731330
731333
-731354
731357
-731515
731518
-731539
731542
-731700
731703
-731724
731727
-731885
731888
-731909
731912
-732070
732073
-732094
732097
-732255
732258
-732279
732282
-732440
732443
-732464
732467
-732625
732628
-732649
732652
-732810
732813
-732834
732837
-732995
732998
-733019
733022
-733180
733183
-733204
733207
-733365
733368
-733389
733392
-733550
733553
-733574
733577
-733735
733738
-733759
733762
-733920
733923
-733944
733947
-734105
734108
-734129
734132
-734290
734293
-734314
734317
-734475
734478
-734499
734502
-734660
734663
-734684
734687
-734845
734848
-734869
734872
-735030
735033
-735054
735057
-735215
735218
-735239
735242
-735400
735403
-735424
735427
-735585
735588
-735609
735612
-735770
735773
-735794
735797
-735955
735958
-735979
735982
-736140
736143
-736164
736167
-736325
736328
-736349
736352
-736510
736513
-736534
736537
-736695
736698
-736719
736722
-736880
736883
-736904
736907
-737065
737068
-737089
737092
-737250
737253
-737274
737277
-737435
737438
-737442
-737459
737462
-737620
737624
737626
737627
-737644
737647
737648
-739782
-739785
-739788
-739791
-739794
-739797
-739800
-739803
-739806
-739963
739970
739973
739976
739979
739982
739985
739988
739990
-740148
740151
-740172
740175
-740333
740336
-740357
740360
-740518
740521
-740542
740545
-740703
740706
-740727
740730
-740888
740891
-740912
740915
-741073
741076
-741097
741100
-741258
741261
-741282
741285
-741443
741446
-741467
741470
-741628
741631
-741652
741655
-741813
741816
-741837
741840
-741998
742001
-742022
742025
-742183
742186
-742207
742210
-742368
742371
-742392
742395
-742553
742556
-742577
742580
-742738
742741
-742762
742765
-742923
742926
-742947
742950
-743108
743111
-743132
743135
-743293
743296
-743317
743320
-743478
743481
-743502
743505
-743663
743666
-743687
743690
-743848
743851
-743872
743875
-744033
744036
-744057
744060
-744218
744221
-744242
744245
-744403
744406
-744427
744430
-744588
744591
-744612
744615
-744773
744776
-744797
744800
-744958
744961
-744982
744985
-745143
745146
-745167
745170
-745328
745331
-745352
745355
-745513
745516
-745537
745540
-745698
745701
-745722
745725
-745883
745886
-745907
745910
-746068
746071
-746092
746095
-746253
746256
-746277
746280
-746438
746441
-746462
746465
-746623
746626
-746647
746650
-746808
746811
-746832
746835
-746993
746996
-747017
747020
-747178
747181
-747202
747205
-747363
747366
-747387
747390
-747548
747551
-747572
747575
-747733
747736
-747757
747760
-747918
747921
-747942
747945
-748103
748106
-748127
748130
-748288
748291
-748312
748315
-748473
748476
-748497
748500
-748658
748661
-748682
748685
-748843
748846
-748867
748870
-749028
749031
-749052
749055
-749213
749216
-749237
749240
-749398
749401
-749422
749425
-749583
749586
-749607
749610
-749768
749771
-749792
749795
-749953
749956
-749977
749980
-750138
750141
-750162
750165
-750323
750326
-750347
750350
-750508
750511
-750532
750535
-750693
750696
-750717
750720
-750878
750881
-750885
-750902
750905
-751063
751067
751069
751070
-751087
751090
751091
-753225
-753228
-753231
-753234
-753237
-753240
-753243
-753246
-753249
-753406
753413
753416
753419
753422
753425
753428
753431
753433
-753591
753594
-753615
753618
-753776
753779
-753800
753803
-753961
753964
-753985
753988
-754146
754149
-754170
754173
-754331
754334
-754355
754358
-754516
754519
-754540
754543
-754701
754704
-754725
754728
-754886
754889
-754910
754913
-755071
755074
-755095
755098
-755256
755259
-755280
755283
-755441
755444
-755465
755468
-755626
755629
-755650
755653
-755811
755814
-755835
755838
-755996
755999
-756020
756023
-756181
756184
-756205
756208
-756366
756369
-756390
756393
-756551
756554
-756575
756578
-756736
756739
-756760
756763
-756921
756924
-756945
756948
-757106
757109
-757130
757133
-757291
757294
-757315
757318
-757476
757479
-757500
757503
-757661
757664
-757685
757688
-757846
757849
-757870
757873
-758031
758034
-758055
758058
-758216
758219
-758240
758243
-758401
758404
-758425
758428
-758586
758589
-758610
758613
-758771
758774
-758795
758798
-758956
758959
-758980
758983
-759141
759144
-759165
759168
-759326
759329
-759350
759353
-759511
759514
-759535
759538
-759696
759699
-759720
759723
-759881
759884
-759905
759908
-760066
760069
-760090
760093
-760251
760254
-760275
760278
-760436
760439
-760460
760463
-760621
760624
-760645
760648
-760806
760809
-760830
760833
-760991
760994
-761015
761018
-761176
761179
-761200
761203
-761361
761364
-761385
761388
-761546
761549
-761570
761573
-761731
761734
-761755
761758
-761916
761919
-761940
761943
-762101
762104
-762125
762128
-762286
762289
-762310
762313
-762471
762474
-762495
762498
-762656
762659
-762680
762683
-762841
762844
-762865
762868
-763026
763029
-763050
763053
-763211
763214
-763235
763238
-763396
763399
-763420
763423
-763581
763584
-763605
763608
-763766
763769
-763790
763793
-763951
763954
-763975
763978
-764136
764139
-764160
764163
-764321
764324
-764328
-764345
764348
-764506
764510
764512
764513
-764517
-764520
-764523
-764526
-764529
-764530
-764532
764533
764534
-766668
-766671
-766674
-766677
-766680
-766683
-766686
-766689
-766692
-766849
766856
766859
766862
766865
766868
766871
766874
766876
-767034
767037
-767042
-767045
-767048
-767051
-767054
-767057
-767058
-767060
767061
-767219
767222
-767227
-767230
-767233
-767236
-767239
-767242
-767243
-767245
767246
-767404
767407
-767412
-767415
-767418
-767421
-767424
-767427
-767428
-767430
767431
-767589
767592
-767597
-767600
-767603
-767606
-767609
-767612
-767613
-767615
767616
-767774
767777
-767782
-767785
-767788
-767791
-767794
-767797
-767798
-767800
767801
-767959
767962
-767967
-767970
-767973
-767976
-767979
-767982
-767983
-767985
767986
-768144
768147
-768152
-768155
-768158
-768161
-768164
-768167
-768168
-768170
768171
-768329
768332
-768337
-768340
-768343
-768346
-768349
-768352
-768353
-768355
768356
-768514
768517
-768522
-768525
-768528
-768531
-768534
-768537
-768538
-768540
768541
-768699
768702
-768707
-768710
-768713
-768716
-768719
-768722
-768723
-768725
768726
-768884
768887
-768892
-768895
-768898
-768901
-768904
-768907
-768908
-768910
768911
-769069
769072
-769077
-769080
-769083
-769086
-769089
-769092
-769093
-769095
769096
-769254
769257
-769262
-769265
-769268
-769271
-769274
-769277
-769278
-769280
769281
-769439
769442
-769447
-769450
-769453
-769456
-769459
-769462
-769463
-769465
769466
-769624
769627
-769632
-769635
-769638
-769641
-769644
-769647
-769648
-769650
769651
-769809
769812
-769817
-769820
-769823
-769826
-769829
-769832
-769833
-769835
769836
-769994
769997
-770002
-770005
-770008
-770011
-770014
-770017
-770018
-770020
770021
-770179
770182
-770187
-770190
-770193
-770196
-770199
-770202
-770203
-770205
770206
-770364
770367
-770372
-770375
-770378
-770381
-770384
-770387
-770388
-770390
770391
-770549
770552
-770557
-770560
-770563
-770566
-770569
-770572
-770573
-770575
770576
-770734
770737
-770742
-770745
-770748
-770751
-770754
-770757
-770758
-770760
770761
-770919
770922
-770927
-770930
-770933
-770936
-770939
-770942
-770943
-770945
770946
-771104
771107
-771112
-771115
-771118
-771121
-771124
-771127
-771128
-771130
771131
-771289
771292
-771297
-771300
-771303
-771306
-771309
-771312
-771313
-771315
771316
-771474
771477
-771482
-771485
-771488
-771491
-771494
-771497
-771498
-771500
771501
-771659
771662
-771667
-771670
-771673
-771676
-771679
-771682
-771683
-771685
771686
-771844
771847
-771852
-771855
-771858
-771861
-771864
-771867
-771868
-771870
771871
-772029
772032
-772037
-772040
-772043
-772046
-772049
-772052
-772053
-772055
772056
-772214
772217
-772222
-772225
-772228
-772231
-772234
-772237
-772238
-772240
772241
-772399
772402
-772407
-772410
-772413
-772416
-772419
-772422
-772423
-772425
772426
-772584
772587
-772592
-772595
-772598
-772601
-772604
-772607
-772608
-772610
772611
-772769
772772
-772777
-772780
-772783
-772786
-772789
-772792
-772793
-772795
772796
-772954
772957
-772962
-772965
-772968
-772971
-772974
-772977
-772978
-772980
772981
-773139
773142
-773147
-773150
-773153
-773156
-773159
-773162
-773163
-773165
773166
-773324
773327
-773332
-773335
-773338
-773341
-773344
-773347
-773348
-773350
773351
-773509
773512
-773517
-773520
-773523
-773526
-773529
-773532
-773533
-773535
773536
-773694
773697
-773702
-773705
-773708
-773711
-773714
-773717
-773718
-773720
773721
-773879
773882
-773887
-773890
-773893
-773896
-773899
-773902
-773903
-773905
773906
-774064
774067
-774072
-774075
-774078
-774081
-774084
-774087
-774088
-774090
774091
-774249
774252
-774257
-774260
-774263
-774266
-774269
-774272
-774273
-774275
774276
-774434
774437
-774442
-774445
-774448
-774451
-774454
-774457
-774458
-774460
774461
-774619
774622
-774627
-774630
-774633
-774636
-774639
-774642
-774643
-774645
774646
-774804
774807
-774812
-774815
-774818
-774821
-774824
-774827
-774828
-774830
774831
-774989
774992
-774997
-775000
-775003
-775006
-775009
-775012
-775013
-775015
775016
-775174
775177
-775182
-775185
-775188
-775191
-775194
-775197
-775198
-775200
775201
-775359
775362
-775367
-775370
-775373
-775376
-775379
-775382
-775383
-775385
775386
-775544
775547
-775552
-775555
-775558
-775561
-775564
-775567
-775568
-775570
775571
-775729
775732
-775737
-775740
-775743
-775746
-775749
-775752
-775753
-775755
775756
-775914
775917
-775922
-775925
-775928
-775931
-775934
-775937
-775938
-775940
775941
-776099
776102
-776107
-776110
-776113
-776116
-776119
-776122
-776123
-776125
776126
-776284
776287
-776292
-776295
-776298
-776301
-776304
-776307
-776308
-776310
776311
-776469
776472
-776477
-776480
-776483
-776486
-776489
-776492
-776493
-776495
776496
-776654
776657
-776662
-776665
-776668
-776671
-776674
-776677
-776678
-776680
776681
-776839
776842
-776847
-776850
-776853
-776856
-776859
-776862
-776863
-776865
776866
-777024
777027
-777032
-777035
-777038
-777041
-777044
-777047
-777048
-777050
777051
-777209
777212
-777217
-777220
-777223
-777226
-777229
-777232
-777233
-777235
777236
-777394
777397
-777402
-777405
-777408
-777411
-777414
-777417
-777418
-777420
777421
-777579
777582
-777587
-777590
-777593
-777596
-777599
-777602
-777603
-777605
777606
-777764
777767
-777771
-777772
-777774
-777775
-777777
-777778
-777780
-777781
-777783
-777784
-777786
-777787
-777788
-777789
-777790
777791
-777949
777953
777956
777959
777962
777965
777968
777971
777974
777976
777977
-780111
-780114
-780117
-780120
-780123
-780126
-780129
-780132
-780135
-780292
780297
780300
780303
780306
780309
780312
780315
780318
780319
780321
-780477
780482
780485
780488
780491
780494
780497
780500
780503
780504
780506
-780662
780667
780670
780673
780676
780679
780682
780685
780688
780689
780691
-780847
780852
780855
780858
780861
780864
780867
780870
780873
780874
780876
-781032
781037
781040
781043
781046
781049
781052
781055
781058
781059
781061
-781217
781222
781225
781228
781231
781234
781237
781240
781243
781244
781246
-781402
781407
781410
781413
781416
781419
781422
781425
781428
781429
781431
-781587
781592
781595
781598
781601
781604
781607
781610
781613
781614
781616
-781772
781777
781780
781783
781786
781789
781792
781795
781798
781799
781801
-781957
781962
781965
781968
781971
781974
781977
781980
781983
781984
781986
-782142
782147
782150
782153
782156
782159
782162
782165
782168
782169
782171
-782327
782332
782335
782338
782341
782344
782347
782350
782353
782354
782356
-782512
782517
782520
782523
782526
782529
782532
782535
782538
782539
782541
-782697
782702
782705
782708
782711
782714
782717
782720
782723
782724
782726
-782882
782887
782890
782893
782896
782899
782902
782905
782908
782909
782911
-783067
783072
783075
783078
783081
783084
783087
783090
783093
783094
783096
-783252
783257
783260
783263
783266
783269
783272
783275
783278
783279
783281
-783437
783442
783445
783448
783451
783454
783457
783460
783463
783464
783466
-783622
783627
783630
783633
783636
783639
783642
783645
783648
783649
783651
-783807
783812
783815
783818
783821
783824
783827
783830
783833
783834
783836
-783992
783997
784000
784003
784006
784009
784012
784015
784018
784019
784021
-784177
784182
784185
784188
784191
784194
784197
784200
784203
784204
784206
-784362
784367
784370
784373
784376
784379
784382
784385
784388
784389
784391
-784547
784552
784555
784558
784561
784564
784567
784570
784573
784574
784576
-784732
784737
784740
784743
784746
784749
784752
784755
784758
784759
784761
-784917
784922
784925
784928
784931
784934
784937
784940
784943
784944
784946
-785102
785107
785110
785113
785116
785119
785122
785125
785128
785129
785131
-785287
785292
785295
785298
785301
785304
785307
785310
785313
785314
785316
-785472
785477
785480
785483
785486
785489
785492
785495
785498
785499
785501
-785657
785662
785665
785668
785671
785674
785677
785680
785683
785684
785686
-785842
785847
785850
785853
785856
785859
785862
785865
785868
785869
785871
-786027
786032
786035
786038
786041
786044
786047
786050
786053
786054
786056
-786212
786217
786220
786223
786226
786229
786232
786235
786238
786239
786241
-786397
786402
786405
786408
786411
786414
786417
786420
786423
786424
786426
-786582
786587
786590
786593
786596
786599
786602
786605
786608
786609
786611
-786767
786772
786775
786778
786781
786784
786787
786790
786793
786794
786796
-786952
786957
786960
786963
786966
786969
786972
786975
786978
786979
786981
-787137
787142
787145
787148
787151
787154
787157
787160
787163
787164
787166
-787322
787327
787330
787333
787336
787339
787342
787345
787348
787349
787351
-787507
787512
787515
787518
787521
787524
787527
787530
787533
787534
787536
-787692
787697
787700
787703
787706
787709
787712
787715
787718
787719
787721
-787877
787882
787885
787888
787891
787894
787897
787900
787903
787904
787906
-788062
788067
788070
788073
788076
788079
788082
788085
788088
788089
788091
-788247
788252
788255
788258
788261
788264
788267
788270
788273
788274
788276
-788432
788437
788440
788443
788446
788449
788452
788455
788458
788459
788461
-788617
788622
788625
788628
788631
788634
788637
788640
788643
788644
788646
-788802
788807
788810
788813
788816
788819
788822
788825
788828
788829
788831
-788987
788992
788995
788998
789001
789004
789007
789010
789013
789014
789016
-789172
789177
789180
789183
789186
789189
789192
789195
789198
789199
789201
-789357
789362
789365
789368
789371
789374
789377
789380
789383
789384
789386
-789542
789547
789550
789553
789556
789559
789562
789565
789568
789569
789571
-789727
789732
789735
789738
789741
789744
789747
789750
789753
789754
789756
-789912
789917
789920
789923
789926
789929
789932
789935
789938
789939
789941
-790097
790102
790105
790108
790111
790114
790117
790120
790123
790124
790126
-790282
790287
790290
790293
790296
790299
790302
790305
790308
790309
790311
-790467
790472
790475
790478
790481
790484
790487
790490
790493
790494
790496
-790652
790657
790660
790663
790666
790669
790672
790675
790678
790679
790681
-790837
790842
790845
790848
790851
790854
790857
790860
790863
790864
790866
-791022
791027
791030
791033
791036
791039
791042
791045
791048
791049
791051
-791207
791212
791215
791218
791221
791224
791227
791230
791233
791234
791236
-791392
791396
791397
791399
791400
791402
791403
791405
791406
791408
791409
791411
791412
791414
791415
791417
791418
791419
791420
791421
)


// ************************************************************************* //
