/*--------------------------------*- C++ -*----------------------------------*\
| =========                 |                                                 |
| \\      /  F ield         | OpenFOAM: The Open Source CFD Toolbox           |
|  \\    /   O peration     | Version:  2606                                  |
|   \\  /    A nd           | Website:  www.openfoam.com                      |
|    \\/     M anipulation  |                                                 |
\*---------------------------------------------------------------------------*/
FoamFile
{
    version     2.0;
    format      ascii;
    arch        "LSB;label=32;scalar=64";
    class       labelList;
    location    "constant/Dell_PowerEdge_R470_1U_1/polyMesh";
    object      pointRegionAddressing;
}
// * * * * * * * * * * * * * * * * * * * * * * * * * * * * * * * * * * * * * //


24810
(
14190
14191
14192
14193
14194
14195
14196
14197
14198
14199
14253
14254
14255
14256
14257
14258
14259
14260
14261
14262
14316
14317
14318
14319
14320
14321
14322
14323
14324
14325
14379
14380
14381
14382
14383
14384
14385
14386
14387
14388
14442
14443
14444
14445
14446
14447
14448
14449
14450
14451
14505
14506
14507
14508
14509
14510
14511
14512
14513
14514
14568
14569
14570
14571
14572
14573
14574
14575
14576
14577
14631
14632
14633
14634
14635
14636
14637
14638
14639
14640
14694
14695
14696
14697
14698
14699
14700
14701
14702
14703
14757
14758
14759
14760
14761
14762
14763
14764
14765
14766
14820
14821
14822
14823
14824
14825
14826
14827
14828
14829
14883
14884
14885
14886
14887
14888
14889
14890
14891
14892
14946
14947
14948
14949
14950
14951
14952
14953
14954
14955
15009
15010
15011
15012
15013
15014
15015
15016
15017
15018
15072
15073
15074
15075
15076
15077
15078
15079
15080
15081
15135
15136
15137
15138
15139
15140
15141
15142
15143
15144
15198
15199
15200
15201
15202
15203
15204
15205
15206
15207
15261
15262
15263
15264
15265
15266
15267
15268
15269
15270
15324
15325
15326
15327
15328
15329
15330
15331
15332
15333
15387
15388
15389
15390
15391
15392
15393
15394
15395
15396
15450
15451
15452
15453
15454
15455
15456
15457
15458
15459
15513
15514
15515
15516
15517
15518
15519
15520
15521
15522
15576
15577
15578
15579
15580
15581
15582
15583
15584
15585
15639
15640
15641
15642
15643
15644
15645
15646
15647
15648
15702
15703
15704
15705
15706
15707
15708
15709
15710
15711
15765
15766
15767
15768
15769
15770
15771
15772
15773
15774
15828
15829
15830
15831
15832
15833
15834
15835
15836
15837
15891
15892
15893
15894
15895
15896
15897
15898
15899
15900
15954
15955
15956
15957
15958
15959
15960
15961
15962
15963
16017
16018
16019
16020
16021
16022
16023
16024
16025
16026
16080
16081
16082
16083
16084
16085
16086
16087
16088
16089
16143
16144
16145
16146
16147
16148
16149
16150
16151
16152
16206
16207
16208
16209
16210
16211
16212
16213
16214
16215
16269
16270
16271
16272
16273
16274
16275
16276
16277
16278
16332
16333
16334
16335
16336
16337
16338
16339
16340
16341
16395
16396
16397
16398
16399
16400
16401
16402
16403
16404
16458
16459
16460
16461
16462
16463
16464
16465
16466
16467
16521
16522
16523
16524
16525
16526
16527
16528
16529
16530
16584
16585
16586
16587
16588
16589
16590
16591
16592
16593
16647
16648
16649
16650
16651
16652
16653
16654
16655
16656
16710
16711
16712
16713
16714
16715
16716
16717
16718
16719
16773
16774
16775
16776
16777
16778
16779
16780
16781
16782
16836
16837
16838
16839
16840
16841
16842
16843
16844
16845
16899
16900
16901
16902
16903
16904
16905
16906
16907
16908
16962
16963
16964
16965
16966
16967
16968
16969
16970
16971
17025
17026
17027
17028
17029
17030
17031
17032
17033
17034
17088
17089
17090
17091
17092
17093
17094
17095
17096
17097
17151
17152
17153
17154
17155
17156
17157
17158
17159
17160
17214
17215
17216
17217
17218
17219
17220
17221
17222
17223
17277
17278
17279
17280
17281
17282
17283
17284
17285
17286
17340
17341
17342
17343
17344
17345
17346
17347
17348
17349
17403
17404
17405
17406
17407
17408
17409
17410
17411
17412
17466
17467
17468
17469
17470
17471
17472
17473
17474
17475
17529
17530
17531
17532
17533
17534
17535
17536
17537
17538
17592
17593
17594
17595
17596
17597
17598
17599
17600
17601
17655
17656
17657
17658
17659
17660
17661
17662
17663
17664
17718
17719
17720
17721
17722
17723
17724
17725
17726
17727
17781
17782
17783
17784
17785
17786
17787
17788
17789
17790
17844
17845
17846
17847
17848
17849
17850
17851
17852
17853
17907
17908
17909
17910
17911
17912
17913
17914
17915
17916
17970
17971
17972
17973
17974
17975
17976
17977
17978
17979
18033
18034
18035
18036
18037
18038
18039
18040
18041
18042
18852
18853
18854
18855
18856
18857
18858
18859
18860
18861
18915
18916
18917
18918
18919
18920
18921
18922
18923
18924
18978
18979
18980
18981
18982
18983
18984
18985
18986
18987
19041
19042
19043
19044
19045
19046
19047
19048
19049
19050
19104
19105
19106
19107
19108
19109
19110
19111
19112
19113
19167
19168
19169
19170
19171
19172
19173
19174
19175
19176
19230
19231
19232
19233
19234
19235
19236
19237
19238
19239
19293
19294
19295
19296
19297
19298
19299
19300
19301
19302
19356
19357
19358
19359
19360
19361
19362
19363
19364
19365
19419
19420
19421
19422
19423
19424
19425
19426
19427
19428
19482
19483
19484
19485
19486
19487
19488
19489
19490
19491
19545
19546
19547
19548
19549
19550
19551
19552
19553
19554
19608
19609
19610
19611
19612
19613
19614
19615
19616
19617
19671
19672
19673
19674
19675
19676
19677
19678
19679
19680
19734
19735
19736
19737
19738
19739
19740
19741
19742
19743
19797
19798
19799
19800
19801
19802
19803
19804
19805
19806
19860
19861
19862
19863
19864
19865
19866
19867
19868
19869
19923
19924
19925
19926
19927
19928
19929
19930
19931
19932
19986
19987
19988
19989
19990
19991
19992
19993
19994
19995
20049
20050
20051
20052
20053
20054
20055
20056
20057
20058
20112
20113
20114
20115
20116
20117
20118
20119
20120
20121
20175
20176
20177
20178
20179
20180
20181
20182
20183
20184
20238
20239
20240
20241
20242
20243
20244
20245
20246
20247
20301
20302
20303
20304
20305
20306
20307
20308
20309
20310
20364
20365
20366
20367
20368
20369
20370
20371
20372
20373
20427
20428
20429
20430
20431
20432
20433
20434
20435
20436
20490
20491
20492
20493
20494
20495
20496
20497
20498
20499
20553
20554
20555
20556
20557
20558
20559
20560
20561
20562
20616
20617
20618
20619
20620
20621
20622
20623
20624
20625
20679
20680
20681
20682
20683
20684
20685
20686
20687
20688
20742
20743
20744
20745
20746
20747
20748
20749
20750
20751
20805
20806
20807
20808
20809
20810
20811
20812
20813
20814
20868
20869
20870
20871
20872
20873
20874
20875
20876
20877
20931
20932
20933
20934
20935
20936
20937
20938
20939
20940
20994
20995
20996
20997
20998
20999
21000
21001
21002
21003
21057
21058
21059
21060
21061
21062
21063
21064
21065
21066
21120
21121
21122
21123
21124
21125
21126
21127
21128
21129
21183
21184
21185
21186
21187
21188
21189
21190
21191
21192
21246
21247
21248
21249
21250
21251
21252
21253
21254
21255
21309
21310
21311
21312
21313
21314
21315
21316
21317
21318
21372
21373
21374
21375
21376
21377
21378
21379
21380
21381
21435
21436
21437
21438
21439
21440
21441
21442
21443
21444
21498
21499
21500
21501
21502
21503
21504
21505
21506
21507
21561
21562
21563
21564
21565
21566
21567
21568
21569
21570
21624
21625
21626
21627
21628
21629
21630
21631
21632
21633
21687
21688
21689
21690
21691
21692
21693
21694
21695
21696
21750
21751
21752
21753
21754
21755
21756
21757
21758
21759
21813
21814
21815
21816
21817
21818
21819
21820
21821
21822
21876
21877
21878
21879
21880
21881
21882
21883
21884
21885
21939
21940
21941
21942
21943
21944
21945
21946
21947
21948
22002
22003
22004
22005
22006
22007
22008
22009
22010
22011
22065
22066
22067
22068
22069
22070
22071
22072
22073
22074
22128
22129
22130
22131
22132
22133
22134
22135
22136
22137
22191
22192
22193
22194
22195
22196
22197
22198
22199
22200
22254
22255
22256
22257
22258
22259
22260
22261
22262
22263
22317
22318
22319
22320
22321
22322
22323
22324
22325
22326
22380
22381
22382
22383
22384
22385
22386
22387
22388
22389
22443
22444
22445
22446
22447
22448
22449
22450
22451
22452
22506
22507
22508
22509
22510
22511
22512
22513
22514
22515
22569
22570
22571
22572
22573
22574
22575
22576
22577
22578
22632
22633
22634
22635
22636
22637
22638
22639
22640
22641
22695
22696
22697
22698
22699
22700
22701
22702
22703
22704
23514
23515
23516
23517
23518
23519
23520
23521
23522
23523
23577
23578
23579
23580
23581
23582
23583
23584
23585
23586
23640
23641
23648
23649
23703
23704
23711
23712
23766
23767
23774
23775
23829
23830
23837
23838
23892
23893
23900
23901
23955
23956
23963
23964
24018
24019
24026
24027
24081
24082
24089
24090
24144
24145
24152
24153
24207
24208
24215
24216
24270
24271
24278
24279
24333
24334
24341
24342
24396
24397
24404
24405
24459
24460
24467
24468
24522
24523
24530
24531
24585
24586
24593
24594
24648
24649
24656
24657
24711
24712
24719
24720
24774
24775
24782
24783
24837
24838
24845
24846
24900
24901
24908
24909
24963
24964
24971
24972
25026
25027
25034
25035
25089
25090
25097
25098
25152
25153
25160
25161
25215
25216
25223
25224
25278
25279
25286
25287
25341
25342
25349
25350
25404
25405
25412
25413
25467
25468
25475
25476
25530
25531
25538
25539
25593
25594
25601
25602
25656
25657
25664
25665
25719
25720
25727
25728
25782
25783
25790
25791
25845
25846
25853
25854
25908
25909
25916
25917
25971
25972
25979
25980
26034
26035
26042
26043
26097
26098
26105
26106
26160
26161
26168
26169
26223
26224
26231
26232
26286
26287
26294
26295
26349
26350
26357
26358
26412
26413
26420
26421
26475
26476
26483
26484
26538
26539
26546
26547
26601
26602
26609
26610
26664
26665
26672
26673
26727
26728
26735
26736
26790
26791
26798
26799
26853
26854
26861
26862
26916
26917
26924
26925
26979
26980
26987
26988
27042
27043
27050
27051
27105
27106
27113
27114
27168
27169
27176
27177
27231
27232
27239
27240
27294
27295
27296
27297
27298
27299
27300
27301
27302
27303
27357
27358
27359
27360
27361
27362
27363
27364
27365
27366
28176
28177
28178
28179
28180
28181
28182
28183
28184
28185
28239
28240
28241
28242
28243
28244
28245
28246
28247
28248
28302
28303
28310
28311
28365
28366
28373
28374
28428
28429
28436
28437
28491
28492
28499
28500
28554
28555
28562
28563
28617
28618
28625
28626
28680
28681
28688
28689
28743
28744
28751
28752
28806
28807
28814
28815
28869
28870
28877
28878
28932
28933
28940
28941
28995
28996
29003
29004
29058
29059
29066
29067
29121
29122
29129
29130
29184
29185
29192
29193
29247
29248
29255
29256
29310
29311
29318
29319
29373
29374
29381
29382
29436
29437
29444
29445
29499
29500
29507
29508
29562
29563
29570
29571
29625
29626
29633
29634
29688
29689
29696
29697
29751
29752
29759
29760
29814
29815
29822
29823
29877
29878
29885
29886
29940
29941
29948
29949
30003
30004
30011
30012
30066
30067
30074
30075
30129
30130
30137
30138
30192
30193
30200
30201
30255
30256
30263
30264
30318
30319
30326
30327
30381
30382
30389
30390
30444
30445
30452
30453
30507
30508
30515
30516
30570
30571
30578
30579
30633
30634
30641
30642
30696
30697
30704
30705
30759
30760
30767
30768
30822
30823
30830
30831
30885
30886
30893
30894
30948
30949
30956
30957
31011
31012
31019
31020
31074
31075
31082
31083
31137
31138
31145
31146
31200
31201
31208
31209
31263
31264
31271
31272
31326
31327
31334
31335
31389
31390
31397
31398
31452
31453
31460
31461
31515
31516
31523
31524
31578
31579
31586
31587
31641
31642
31649
31650
31704
31705
31712
31713
31767
31768
31775
31776
31830
31831
31838
31839
31893
31894
31901
31902
31956
31957
31958
31959
31960
31961
31962
31963
31964
31965
32019
32020
32021
32022
32023
32024
32025
32026
32027
32028
32838
32839
32840
32841
32842
32843
32844
32845
32846
32847
32901
32902
32903
32904
32905
32906
32907
32908
32909
32910
32964
32965
32972
32973
33027
33028
33035
33036
33090
33091
33098
33099
33153
33154
33161
33162
33216
33217
33224
33225
33279
33280
33287
33288
33342
33343
33350
33351
33405
33406
33413
33414
33468
33469
33476
33477
33531
33532
33539
33540
33594
33595
33602
33603
33657
33658
33665
33666
33720
33721
33728
33729
33783
33784
33791
33792
33846
33847
33854
33855
33909
33910
33917
33918
33972
33973
33980
33981
34035
34036
34043
34044
34098
34099
34106
34107
34161
34162
34169
34170
34224
34225
34232
34233
34287
34288
34295
34296
34350
34351
34358
34359
34413
34414
34421
34422
34476
34477
34484
34485
34539
34540
34547
34548
34602
34603
34610
34611
34665
34666
34673
34674
34728
34729
34736
34737
34791
34792
34799
34800
34854
34855
34862
34863
34917
34918
34925
34926
34980
34981
34988
34989
35043
35044
35051
35052
35106
35107
35114
35115
35169
35170
35177
35178
35232
35233
35240
35241
35295
35296
35303
35304
35358
35359
35366
35367
35421
35422
35429
35430
35484
35485
35492
35493
35547
35548
35555
35556
35610
35611
35618
35619
35673
35674
35681
35682
35736
35737
35744
35745
35799
35800
35807
35808
35862
35863
35870
35871
35925
35926
35933
35934
35988
35989
35996
35997
36051
36052
36059
36060
36114
36115
36122
36123
36177
36178
36185
36186
36240
36241
36248
36249
36303
36304
36311
36312
36366
36367
36374
36375
36429
36430
36437
36438
36492
36493
36500
36501
36555
36556
36563
36564
36618
36619
36620
36626
36627
36681
36682
36683
36689
36690
37500
37501
37507
37508
37509
37563
37564
37570
37571
37572
37626
37627
37634
37635
37689
37690
37697
37698
37752
37753
37760
37761
37815
37816
37823
37824
37878
37879
37886
37887
37941
37942
37949
37950
38004
38005
38012
38013
38067
38068
38075
38076
38130
38131
38138
38139
38193
38194
38201
38202
38256
38257
38264
38265
38319
38320
38327
38328
38382
38383
38390
38391
38445
38446
38453
38454
38508
38509
38516
38517
38571
38572
38579
38580
38634
38635
38642
38643
38697
38698
38705
38706
38760
38761
38768
38769
38823
38824
38831
38832
38886
38887
38894
38895
38949
38950
38957
38958
39012
39013
39020
39021
39075
39076
39083
39084
39138
39139
39146
39147
39201
39202
39209
39210
39264
39265
39272
39273
39327
39328
39335
39336
39390
39391
39398
39399
39453
39454
39461
39462
39516
39517
39524
39525
39579
39580
39587
39588
39642
39643
39650
39651
39705
39706
39713
39714
39768
39769
39776
39777
39831
39832
39839
39840
39894
39895
39902
39903
39957
39958
39965
39966
40020
40021
40028
40029
40083
40084
40091
40092
40146
40147
40154
40155
40209
40210
40217
40218
40272
40273
40280
40281
40335
40336
40343
40344
40398
40399
40406
40407
40461
40462
40469
40470
40524
40525
40532
40533
40587
40588
40595
40596
40650
40651
40658
40659
40713
40714
40721
40722
40776
40777
40784
40785
40839
40840
40847
40848
40902
40903
40910
40911
40965
40966
40973
40974
41028
41029
41036
41037
41091
41092
41099
41100
41154
41155
41162
41163
41217
41218
41225
41226
41280
41281
41282
41288
41289
41343
41344
41345
41351
41352
42162
42163
42169
42170
42171
42225
42226
42232
42233
42234
42288
42289
42296
42297
42351
42352
42359
42360
42414
42415
42422
42423
42477
42478
42485
42486
42540
42541
42548
42549
42603
42604
42611
42612
42666
42667
42674
42675
42729
42730
42737
42738
42792
42793
42800
42801
42855
42856
42863
42864
42918
42919
42926
42927
42981
42982
42989
42990
43044
43045
43052
43053
43107
43108
43115
43116
43170
43171
43178
43179
43233
43234
43241
43242
43296
43297
43304
43305
43359
43360
43367
43368
43422
43423
43430
43431
43485
43486
43493
43494
43548
43549
43556
43557
43611
43612
43619
43620
43674
43675
43682
43683
43737
43738
43745
43746
43800
43801
43808
43809
43863
43864
43871
43872
43926
43927
43934
43935
43989
43990
43997
43998
44052
44053
44060
44061
44115
44116
44123
44124
44178
44179
44186
44187
44241
44242
44249
44250
44304
44305
44312
44313
44367
44368
44375
44376
44430
44431
44438
44439
44493
44494
44501
44502
44556
44557
44564
44565
44619
44620
44627
44628
44682
44683
44690
44691
44745
44746
44753
44754
44808
44809
44816
44817
44871
44872
44879
44880
44934
44935
44942
44943
44997
44998
45005
45006
45060
45061
45068
45069
45123
45124
45131
45132
45186
45187
45194
45195
45249
45250
45257
45258
45312
45313
45320
45321
45375
45376
45383
45384
45438
45439
45446
45447
45501
45502
45509
45510
45564
45565
45572
45573
45627
45628
45635
45636
45690
45691
45698
45699
45753
45754
45761
45762
45816
45817
45824
45825
45879
45880
45887
45888
45942
45943
45944
45950
45951
46005
46006
46007
46013
46014
46824
46825
46831
46832
46833
46887
46888
46894
46895
46896
46950
46951
46958
46959
47013
47014
47015
47016
47017
47018
47019
47020
47021
47022
47076
47077
47078
47079
47080
47081
47082
47083
47084
47085
47139
47140
47141
47142
47143
47144
47145
47146
47147
47148
47202
47203
47204
47205
47206
47207
47208
47209
47210
47211
47265
47266
47267
47268
47269
47270
47271
47272
47273
47274
47328
47329
47330
47331
47332
47333
47334
47335
47336
47337
47391
47392
47393
47394
47395
47396
47397
47398
47399
47400
47454
47455
47456
47457
47458
47459
47460
47461
47462
47463
47517
47518
47519
47520
47521
47522
47523
47524
47525
47526
47580
47581
47582
47583
47584
47585
47586
47587
47588
47589
47643
47644
47645
47646
47647
47648
47649
47650
47651
47652
47706
47707
47708
47709
47710
47711
47712
47713
47714
47715
47769
47770
47777
47778
47832
47833
47840
47841
47895
47896
47903
47904
47958
47959
47966
47967
48021
48022
48029
48030
48084
48085
48092
48093
48147
48148
48155
48156
48210
48211
48218
48219
48273
48274
48281
48282
48336
48337
48344
48345
48399
48400
48407
48408
48462
48463
48470
48471
48525
48526
48533
48534
48588
48589
48596
48597
48651
48652
48659
48660
48714
48715
48722
48723
48777
48778
48785
48786
48840
48841
48848
48849
48903
48904
48911
48912
48966
48967
48974
48975
49029
49030
49037
49038
49092
49093
49100
49101
49155
49156
49163
49164
49218
49219
49226
49227
49281
49282
49289
49290
49344
49345
49352
49353
49407
49408
49415
49416
49470
49471
49478
49479
49533
49534
49541
49542
49596
49597
49598
49599
49600
49601
49602
49603
49604
49605
49659
49660
49661
49662
49663
49664
49665
49666
49667
49668
49722
49723
49724
49725
49726
49727
49728
49729
49730
49731
49785
49786
49787
49788
49789
49790
49791
49792
49793
49794
49848
49849
49850
49851
49852
49853
49854
49855
49856
49857
49911
49912
49913
49914
49915
49916
49917
49918
49919
49920
49974
49975
49976
49977
49978
49979
49980
49981
49982
49983
50037
50038
50039
50040
50041
50042
50043
50044
50045
50046
50100
50101
50102
50103
50104
50105
50106
50107
50108
50109
50163
50164
50165
50166
50167
50168
50169
50170
50171
50172
50226
50227
50228
50229
50230
50231
50232
50233
50234
50235
50289
50290
50291
50292
50293
50294
50295
50296
50297
50298
50352
50353
50354
50355
50356
50357
50358
50359
50360
50361
50415
50416
50417
50418
50419
50420
50421
50422
50423
50424
50478
50479
50486
50487
50541
50542
50549
50550
50604
50605
50606
50612
50613
50667
50668
50669
50675
50676
51486
51487
51493
51494
51495
51549
51550
51556
51557
51558
51612
51613
51620
51621
51675
51676
51677
51678
51679
51680
51681
51682
51683
51684
51738
51739
51740
51741
51742
51743
51744
51745
51746
51747
51801
51802
51803
51804
51805
51806
51807
51808
51809
51810
51864
51865
51866
51867
51868
51869
51870
51871
51872
51873
51927
51928
51929
51930
51931
51932
51933
51934
51935
51936
51990
51991
51992
51993
51994
51995
51996
51997
51998
51999
52053
52054
52055
52056
52057
52058
52059
52060
52061
52062
52116
52117
52118
52119
52120
52121
52122
52123
52124
52125
52179
52180
52181
52182
52183
52184
52185
52186
52187
52188
52242
52243
52244
52245
52246
52247
52248
52249
52250
52251
52305
52306
52307
52308
52309
52310
52311
52312
52313
52314
52368
52369
52370
52371
52372
52373
52374
52375
52376
52377
52431
52432
52439
52440
52494
52495
52502
52503
52557
52558
52565
52566
52620
52621
52628
52629
52683
52684
52691
52692
52746
52747
52754
52755
52809
52810
52817
52818
52872
52873
52880
52881
52935
52936
52943
52944
52998
52999
53006
53007
53061
53062
53069
53070
53124
53125
53132
53133
53187
53188
53195
53196
53250
53251
53258
53259
53313
53314
53321
53322
53376
53377
53384
53385
53439
53440
53447
53448
53502
53503
53510
53511
53565
53566
53573
53574
53628
53629
53636
53637
53691
53692
53699
53700
53754
53755
53762
53763
53817
53818
53825
53826
53880
53881
53888
53889
53943
53944
53951
53952
54006
54007
54014
54015
54069
54070
54077
54078
54132
54133
54140
54141
54195
54196
54203
54204
54258
54259
54260
54261
54262
54263
54264
54265
54266
54267
54321
54322
54323
54324
54325
54326
54327
54328
54329
54330
54384
54385
54386
54387
54388
54389
54390
54391
54392
54393
54447
54448
54449
54450
54451
54452
54453
54454
54455
54456
54510
54511
54512
54513
54514
54515
54516
54517
54518
54519
54573
54574
54575
54576
54577
54578
54579
54580
54581
54582
54636
54637
54638
54639
54640
54641
54642
54643
54644
54645
54699
54700
54701
54702
54703
54704
54705
54706
54707
54708
54762
54763
54764
54765
54766
54767
54768
54769
54770
54771
54825
54826
54827
54828
54829
54830
54831
54832
54833
54834
54888
54889
54890
54891
54892
54893
54894
54895
54896
54897
54951
54952
54953
54954
54955
54956
54957
54958
54959
54960
55014
55015
55016
55017
55018
55019
55020
55021
55022
55023
55077
55078
55079
55080
55081
55082
55083
55084
55085
55086
55140
55141
55148
55149
55203
55204
55211
55212
55266
55267
55268
55274
55275
55329
55330
55331
55337
55338
56148
56149
56155
56156
56157
56211
56212
56218
56219
56220
56274
56275
56282
56283
56337
56338
56339
56340
56341
56342
56343
56344
56345
56346
56400
56401
56402
56403
56404
56405
56406
56407
56408
56409
56463
56464
56465
56466
56467
56468
56469
56470
56471
56472
56526
56527
56528
56529
56530
56531
56532
56533
56534
56535
56589
56590
56591
56592
56593
56594
56595
56596
56597
56598
56652
56653
56654
56655
56656
56657
56658
56659
56660
56661
56715
56716
56717
56718
56719
56720
56721
56722
56723
56724
56778
56779
56780
56781
56782
56783
56784
56785
56786
56787
56841
56842
56843
56844
56845
56846
56847
56848
56849
56850
56904
56905
56906
56907
56908
56909
56910
56911
56912
56913
56967
56968
56969
56970
56971
56972
56973
56974
56975
56976
57030
57031
57032
57033
57034
57035
57036
57037
57038
57039
57093
57094
57101
57102
57156
57157
57164
57165
57219
57220
57227
57228
57282
57283
57290
57291
57345
57346
57353
57354
57408
57409
57416
57417
57471
57472
57479
57480
57534
57535
57542
57543
57597
57598
57605
57606
57660
57661
57668
57669
57723
57724
57731
57732
57786
57787
57794
57795
57849
57850
57857
57858
57912
57913
57920
57921
57975
57976
57983
57984
58038
58039
58046
58047
58101
58102
58109
58110
58164
58165
58172
58173
58227
58228
58235
58236
58290
58291
58298
58299
58353
58354
58361
58362
58416
58417
58424
58425
58479
58480
58487
58488
58542
58543
58550
58551
58605
58606
58613
58614
58668
58669
58676
58677
58731
58732
58739
58740
58794
58795
58802
58803
58857
58858
58865
58866
58920
58921
58922
58923
58924
58925
58926
58927
58928
58929
58983
58984
58985
58986
58987
58988
58989
58990
58991
58992
59046
59047
59048
59049
59050
59051
59052
59053
59054
59055
59109
59110
59111
59112
59113
59114
59115
59116
59117
59118
59172
59173
59174
59175
59176
59177
59178
59179
59180
59181
59235
59236
59237
59238
59239
59240
59241
59242
59243
59244
59298
59299
59300
59301
59302
59303
59304
59305
59306
59307
59361
59362
59363
59364
59365
59366
59367
59368
59369
59370
59424
59425
59426
59427
59428
59429
59430
59431
59432
59433
59487
59488
59489
59490
59491
59492
59493
59494
59495
59496
59550
59551
59552
59553
59554
59555
59556
59557
59558
59559
59613
59614
59615
59616
59617
59618
59619
59620
59621
59622
59676
59677
59678
59679
59680
59681
59682
59683
59684
59685
59739
59740
59741
59742
59743
59744
59745
59746
59747
59748
59802
59803
59810
59811
59865
59866
59873
59874
59928
59929
59930
59936
59937
59991
59992
59993
59999
60000
60810
60811
60817
60818
60819
60873
60874
60880
60881
60882
60936
60937
60944
60945
60999
61000
61001
61002
61003
61004
61005
61006
61007
61008
61062
61063
61064
61065
61066
61067
61068
61069
61070
61071
61125
61126
61127
61128
61129
61130
61131
61132
61133
61134
61188
61189
61190
61191
61192
61193
61194
61195
61196
61197
61251
61252
61253
61254
61255
61256
61257
61258
61259
61260
61314
61315
61316
61317
61318
61319
61320
61321
61322
61323
61377
61378
61379
61380
61381
61382
61383
61384
61385
61386
61440
61441
61442
61443
61444
61445
61446
61447
61448
61449
61503
61504
61505
61506
61507
61508
61509
61510
61511
61512
61566
61567
61568
61569
61570
61571
61572
61573
61574
61575
61629
61630
61631
61632
61633
61634
61635
61636
61637
61638
61692
61693
61694
61695
61696
61697
61698
61699
61700
61701
61755
61756
61763
61764
61818
61819
61826
61827
61881
61882
61889
61890
61944
61945
61952
61953
62007
62008
62015
62016
62070
62071
62078
62079
62133
62134
62141
62142
62196
62197
62204
62205
62259
62260
62267
62268
62322
62323
62324
62325
62326
62327
62330
62331
62385
62386
62387
62388
62389
62390
62393
62394
62448
62449
62450
62451
62452
62453
62456
62457
62511
62512
62513
62514
62515
62516
62519
62520
62574
62575
62576
62577
62578
62579
62582
62583
62637
62638
62639
62640
62641
62642
62645
62646
62700
62701
62702
62703
62704
62705
62708
62709
62763
62764
62765
62766
62767
62768
62771
62772
62826
62827
62828
62829
62830
62831
62834
62835
62889
62890
62891
62892
62893
62894
62897
62898
62952
62953
62954
62955
62956
62957
62960
62961
63015
63016
63017
63018
63019
63020
63023
63024
63078
63079
63080
63081
63082
63083
63086
63087
63141
63142
63143
63144
63145
63146
63149
63150
63204
63205
63206
63207
63208
63209
63212
63213
63267
63268
63269
63270
63271
63272
63275
63276
63330
63331
63332
63333
63334
63335
63338
63339
63393
63394
63395
63396
63397
63398
63401
63402
63456
63457
63464
63465
63519
63520
63527
63528
63582
63583
63584
63585
63586
63587
63588
63589
63590
63591
63645
63646
63647
63648
63649
63650
63651
63652
63653
63654
63708
63709
63710
63711
63712
63713
63714
63715
63716
63717
63771
63772
63773
63774
63775
63776
63777
63778
63779
63780
63834
63835
63836
63837
63838
63839
63840
63841
63842
63843
63897
63898
63899
63900
63901
63902
63903
63904
63905
63906
63960
63961
63962
63963
63964
63965
63966
63967
63968
63969
64023
64024
64025
64026
64027
64028
64029
64030
64031
64032
64086
64087
64088
64089
64090
64091
64092
64093
64094
64095
64149
64150
64151
64152
64153
64154
64155
64156
64157
64158
64212
64213
64214
64215
64216
64217
64218
64219
64220
64221
64275
64276
64277
64278
64279
64280
64281
64282
64283
64284
64338
64339
64340
64341
64342
64343
64344
64345
64346
64347
64401
64402
64403
64404
64405
64406
64407
64408
64409
64410
64464
64465
64472
64473
64527
64528
64535
64536
64590
64591
64592
64598
64599
64653
64654
64655
64661
64662
65472
65473
65479
65480
65481
65535
65536
65542
65543
65544
65598
65599
65606
65607
65661
65662
65663
65664
65665
65666
65667
65668
65669
65670
65724
65725
65726
65727
65728
65729
65730
65731
65732
65733
65787
65788
65789
65790
65791
65792
65793
65794
65795
65796
65850
65851
65852
65853
65854
65855
65856
65857
65858
65859
65913
65914
65915
65916
65917
65918
65919
65920
65921
65922
65976
65977
65978
65979
65980
65981
65982
65983
65984
65985
66039
66040
66041
66042
66043
66044
66045
66046
66047
66048
66102
66103
66104
66105
66106
66107
66108
66109
66110
66111
66165
66166
66167
66168
66169
66170
66171
66172
66173
66174
66228
66229
66230
66231
66232
66233
66234
66235
66236
66237
66291
66292
66293
66294
66295
66296
66297
66298
66299
66300
66354
66355
66356
66357
66358
66359
66360
66361
66362
66363
66417
66418
66425
66426
66480
66481
66488
66489
66543
66544
66551
66552
66606
66607
66614
66615
66669
66670
66677
66678
66732
66733
66740
66741
66795
66796
66803
66804
66858
66859
66866
66867
66921
66922
66929
66930
66984
66985
66986
66987
66988
66989
66992
66993
67047
67048
67049
67050
67051
67052
67055
67056
67110
67111
67112
67113
67114
67115
67118
67119
67173
67174
67175
67176
67177
67178
67181
67182
67236
67237
67238
67239
67240
67241
67244
67245
67299
67300
67301
67302
67303
67304
67307
67308
67362
67363
67364
67365
67366
67367
67370
67371
67425
67426
67427
67428
67429
67430
67433
67434
67488
67489
67490
67491
67492
67493
67496
67497
67551
67552
67553
67554
67555
67556
67559
67560
67614
67615
67616
67617
67618
67619
67622
67623
67677
67678
67679
67680
67681
67682
67685
67686
67740
67741
67742
67743
67744
67745
67748
67749
67803
67804
67805
67806
67807
67808
67811
67812
67866
67867
67868
67869
67870
67871
67874
67875
67929
67930
67931
67932
67933
67934
67937
67938
67992
67993
67994
67995
67996
67997
68000
68001
68055
68056
68057
68058
68059
68060
68063
68064
68118
68119
68126
68127
68181
68182
68189
68190
68244
68245
68246
68247
68248
68249
68250
68251
68252
68253
68307
68308
68309
68310
68311
68312
68313
68314
68315
68316
68370
68371
68372
68373
68374
68375
68376
68377
68378
68379
68433
68434
68435
68436
68437
68438
68439
68440
68441
68442
68496
68497
68498
68499
68500
68501
68502
68503
68504
68505
68559
68560
68561
68562
68563
68564
68565
68566
68567
68568
68622
68623
68624
68625
68626
68627
68628
68629
68630
68631
68685
68686
68687
68688
68689
68690
68691
68692
68693
68694
68748
68749
68750
68751
68752
68753
68754
68755
68756
68757
68811
68812
68813
68814
68815
68816
68817
68818
68819
68820
68874
68875
68876
68877
68878
68879
68880
68881
68882
68883
68937
68938
68939
68940
68941
68942
68943
68944
68945
68946
69000
69001
69002
69003
69004
69005
69006
69007
69008
69009
69063
69064
69065
69066
69067
69068
69069
69070
69071
69072
69126
69127
69134
69135
69189
69190
69197
69198
69252
69253
69254
69260
69261
69315
69316
69317
69323
69324
70134
70135
70141
70142
70143
70197
70198
70204
70205
70206
70260
70261
70268
70269
70323
70324
70325
70326
70327
70328
70329
70330
70331
70332
70386
70387
70388
70389
70390
70391
70392
70393
70394
70395
70449
70450
70451
70452
70453
70454
70455
70456
70457
70458
70512
70513
70514
70515
70516
70517
70518
70519
70520
70521
70575
70576
70577
70578
70579
70580
70581
70582
70583
70584
70638
70639
70640
70641
70642
70643
70644
70645
70646
70647
70701
70702
70703
70704
70705
70706
70707
70708
70709
70710
70764
70765
70766
70767
70768
70769
70770
70771
70772
70773
70827
70828
70829
70830
70831
70832
70833
70834
70835
70836
70890
70891
70892
70893
70894
70895
70896
70897
70898
70899
70953
70954
70955
70956
70957
70958
70959
70960
70961
70962
71016
71017
71018
71019
71020
71021
71022
71023
71024
71025
71079
71080
71087
71088
71142
71143
71150
71151
71205
71206
71213
71214
71268
71269
71276
71277
71331
71332
71339
71340
71394
71395
71402
71403
71457
71458
71465
71466
71520
71521
71528
71529
71583
71584
71591
71592
71646
71647
71648
71649
71650
71651
71654
71655
71709
71710
71711
71712
71713
71714
71717
71718
71772
71773
71774
71775
71776
71777
71780
71781
71835
71836
71837
71838
71839
71840
71843
71844
71898
71899
71900
71901
71902
71903
71906
71907
71961
71962
71963
71964
71965
71966
71969
71970
72024
72025
72026
72027
72028
72029
72032
72033
72087
72088
72089
72090
72091
72092
72095
72096
72150
72151
72152
72153
72154
72155
72158
72159
72213
72214
72215
72216
72217
72218
72221
72222
72276
72277
72278
72279
72280
72281
72284
72285
72339
72340
72341
72342
72343
72344
72347
72348
72402
72403
72404
72405
72406
72407
72410
72411
72465
72466
72467
72468
72469
72470
72473
72474
72528
72529
72530
72531
72532
72533
72536
72537
72591
72592
72593
72594
72595
72596
72599
72600
72654
72655
72656
72657
72658
72659
72662
72663
72717
72718
72719
72720
72721
72722
72725
72726
72780
72781
72788
72789
72843
72844
72851
72852
72906
72907
72908
72909
72910
72911
72912
72913
72914
72915
72969
72970
72971
72972
72973
72974
72975
72976
72977
72978
73032
73033
73034
73035
73036
73037
73038
73039
73040
73041
73095
73096
73097
73098
73099
73100
73101
73102
73103
73104
73158
73159
73160
73161
73162
73163
73164
73165
73166
73167
73221
73222
73223
73224
73225
73226
73227
73228
73229
73230
73284
73285
73286
73287
73288
73289
73290
73291
73292
73293
73347
73348
73349
73350
73351
73352
73353
73354
73355
73356
73410
73411
73412
73413
73414
73415
73416
73417
73418
73419
73473
73474
73475
73476
73477
73478
73479
73480
73481
73482
73536
73537
73538
73539
73540
73541
73542
73543
73544
73545
73599
73600
73601
73602
73603
73604
73605
73606
73607
73608
73662
73663
73664
73665
73666
73667
73668
73669
73670
73671
73725
73726
73727
73728
73729
73730
73731
73732
73733
73734
73788
73789
73796
73797
73851
73852
73859
73860
73914
73915
73916
73922
73923
73977
73978
73979
73985
73986
74796
74797
74803
74804
74805
74859
74860
74866
74867
74868
74922
74923
74930
74931
74985
74986
74987
74988
74989
74990
74991
74992
74993
74994
75048
75049
75050
75051
75052
75053
75054
75055
75056
75057
75111
75112
75113
75114
75115
75116
75117
75118
75119
75120
75174
75175
75176
75177
75178
75179
75180
75181
75182
75183
75237
75238
75239
75240
75241
75242
75243
75244
75245
75246
75300
75301
75302
75303
75304
75305
75306
75307
75308
75309
75363
75364
75365
75366
75367
75368
75369
75370
75371
75372
75426
75427
75428
75429
75430
75431
75432
75433
75434
75435
75489
75490
75491
75492
75493
75494
75495
75496
75497
75498
75552
75553
75554
75555
75556
75557
75558
75559
75560
75561
75615
75616
75617
75618
75619
75620
75621
75622
75623
75624
75678
75679
75680
75681
75682
75683
75684
75685
75686
75687
75741
75742
75749
75750
75804
75805
75812
75813
75867
75868
75875
75876
75930
75931
75938
75939
75993
75994
76001
76002
76056
76057
76064
76065
76119
76120
76127
76128
76182
76183
76190
76191
76245
76246
76253
76254
76308
76309
76310
76311
76312
76313
76316
76317
76371
76372
76373
76374
76375
76376
76379
76380
76434
76435
76436
76437
76438
76439
76442
76443
76497
76498
76499
76500
76501
76502
76505
76506
76560
76561
76562
76563
76564
76565
76568
76569
76623
76624
76625
76626
76627
76628
76631
76632
76686
76687
76688
76689
76690
76691
76694
76695
76749
76750
76751
76752
76753
76754
76757
76758
76812
76813
76814
76815
76816
76817
76820
76821
76875
76876
76877
76878
76879
76880
76883
76884
76938
76939
76940
76941
76942
76943
76946
76947
77001
77002
77003
77004
77005
77006
77009
77010
77064
77065
77066
77067
77068
77069
77072
77073
77127
77128
77129
77130
77131
77132
77135
77136
77190
77191
77192
77193
77194
77195
77198
77199
77253
77254
77255
77256
77257
77258
77261
77262
77316
77317
77318
77319
77320
77321
77324
77325
77379
77380
77381
77382
77383
77384
77387
77388
77442
77443
77450
77451
77505
77506
77513
77514
77568
77569
77570
77571
77572
77573
77574
77575
77576
77577
77631
77632
77633
77634
77635
77636
77637
77638
77639
77640
77694
77695
77696
77697
77698
77699
77700
77701
77702
77703
77757
77758
77759
77760
77761
77762
77763
77764
77765
77766
77820
77821
77822
77823
77824
77825
77826
77827
77828
77829
77883
77884
77885
77886
77887
77888
77889
77890
77891
77892
77946
77947
77948
77949
77950
77951
77952
77953
77954
77955
78009
78010
78011
78012
78013
78014
78015
78016
78017
78018
78072
78073
78074
78075
78076
78077
78078
78079
78080
78081
78135
78136
78137
78138
78139
78140
78141
78142
78143
78144
78198
78199
78200
78201
78202
78203
78204
78205
78206
78207
78261
78262
78263
78264
78265
78266
78267
78268
78269
78270
78324
78325
78326
78327
78328
78329
78330
78331
78332
78333
78387
78388
78389
78390
78391
78392
78393
78394
78395
78396
78450
78451
78458
78459
78513
78514
78521
78522
78576
78577
78578
78584
78585
78639
78640
78641
78647
78648
79458
79459
79465
79466
79467
79521
79522
79528
79529
79530
79584
79585
79592
79593
79647
79648
79649
79650
79651
79652
79653
79654
79655
79656
79710
79711
79712
79713
79714
79715
79716
79717
79718
79719
79773
79774
79775
79776
79777
79778
79779
79780
79781
79782
79836
79837
79838
79839
79840
79841
79842
79843
79844
79845
79899
79900
79901
79902
79903
79904
79905
79906
79907
79908
79962
79963
79964
79965
79966
79967
79968
79969
79970
79971
80025
80026
80027
80028
80029
80030
80031
80032
80033
80034
80088
80089
80090
80091
80092
80093
80094
80095
80096
80097
80151
80152
80153
80154
80155
80156
80157
80158
80159
80160
80214
80215
80216
80217
80218
80219
80220
80221
80222
80223
80277
80278
80279
80280
80281
80282
80283
80284
80285
80286
80340
80341
80342
80343
80344
80345
80346
80347
80348
80349
80403
80404
80411
80412
80466
80467
80474
80475
80529
80530
80537
80538
80592
80593
80600
80601
80655
80656
80663
80664
80718
80719
80726
80727
80781
80782
80789
80790
80844
80845
80852
80853
80907
80908
80915
80916
80970
80971
80972
80973
80974
80975
80978
80979
81033
81034
81035
81036
81037
81038
81041
81042
81096
81097
81098
81099
81100
81101
81104
81105
81159
81160
81161
81162
81163
81164
81167
81168
81222
81223
81224
81225
81226
81227
81230
81231
81285
81286
81287
81288
81289
81290
81293
81294
81348
81349
81350
81351
81352
81353
81356
81357
81411
81412
81413
81414
81415
81416
81419
81420
81474
81475
81476
81477
81478
81479
81482
81483
81537
81538
81539
81540
81541
81542
81545
81546
81600
81601
81602
81603
81604
81605
81608
81609
81663
81664
81665
81666
81667
81668
81671
81672
81726
81727
81728
81729
81730
81731
81734
81735
81789
81790
81791
81792
81793
81794
81797
81798
81852
81853
81854
81855
81856
81857
81860
81861
81915
81916
81917
81918
81919
81920
81923
81924
81978
81979
81980
81981
81982
81983
81986
81987
82041
82042
82043
82044
82045
82046
82049
82050
82104
82105
82112
82113
82167
82168
82175
82176
82230
82231
82232
82233
82234
82235
82236
82237
82238
82239
82293
82294
82295
82296
82297
82298
82299
82300
82301
82302
82356
82357
82358
82359
82360
82361
82362
82363
82364
82365
82419
82420
82421
82422
82423
82424
82425
82426
82427
82428
82482
82483
82484
82485
82486
82487
82488
82489
82490
82491
82545
82546
82547
82548
82549
82550
82551
82552
82553
82554
82608
82609
82610
82611
82612
82613
82614
82615
82616
82617
82671
82672
82673
82674
82675
82676
82677
82678
82679
82680
82734
82735
82736
82737
82738
82739
82740
82741
82742
82743
82797
82798
82799
82800
82801
82802
82803
82804
82805
82806
82860
82861
82862
82863
82864
82865
82866
82867
82868
82869
82923
82924
82925
82926
82927
82928
82929
82930
82931
82932
82986
82987
82988
82989
82990
82991
82992
82993
82994
82995
83049
83050
83051
83052
83053
83054
83055
83056
83057
83058
83112
83113
83120
83121
83175
83176
83183
83184
83238
83239
83240
83246
83247
83301
83302
83303
83309
83310
84120
84121
84127
84128
84129
84183
84184
84190
84191
84192
84246
84247
84254
84255
84309
84310
84311
84312
84313
84314
84315
84316
84317
84318
84372
84373
84374
84375
84376
84377
84378
84379
84380
84381
84435
84436
84437
84438
84439
84440
84441
84442
84443
84444
84498
84499
84500
84501
84502
84503
84504
84505
84506
84507
84561
84562
84563
84564
84565
84566
84567
84568
84569
84570
84624
84625
84626
84627
84628
84629
84630
84631
84632
84633
84687
84688
84689
84690
84691
84692
84693
84694
84695
84696
84750
84751
84752
84753
84754
84755
84756
84757
84758
84759
84813
84814
84815
84816
84817
84818
84819
84820
84821
84822
84876
84877
84878
84879
84880
84881
84882
84883
84884
84885
84939
84940
84941
84942
84943
84944
84945
84946
84947
84948
85002
85003
85004
85005
85006
85007
85008
85009
85010
85011
85065
85066
85073
85074
85128
85129
85136
85137
85191
85192
85199
85200
85254
85255
85262
85263
85317
85318
85325
85326
85380
85381
85388
85389
85443
85444
85451
85452
85506
85507
85514
85515
85569
85570
85577
85578
85632
85633
85634
85635
85636
85637
85640
85641
85695
85696
85697
85698
85699
85700
85703
85704
85758
85759
85760
85761
85762
85763
85766
85767
85821
85822
85823
85824
85825
85826
85829
85830
85884
85885
85886
85887
85888
85889
85892
85893
85947
85948
85949
85950
85951
85952
85955
85956
86010
86011
86012
86013
86014
86015
86018
86019
86073
86074
86075
86076
86077
86078
86081
86082
86136
86137
86138
86139
86140
86141
86144
86145
86199
86200
86201
86202
86203
86204
86207
86208
86262
86263
86264
86265
86266
86267
86270
86271
86325
86326
86327
86328
86329
86330
86333
86334
86388
86389
86390
86391
86392
86393
86396
86397
86451
86452
86453
86454
86455
86456
86459
86460
86514
86515
86516
86517
86518
86519
86522
86523
86577
86578
86579
86580
86581
86582
86585
86586
86640
86641
86642
86643
86644
86645
86648
86649
86703
86704
86705
86706
86707
86708
86711
86712
86766
86767
86774
86775
86829
86830
86837
86838
86892
86893
86894
86895
86896
86897
86898
86899
86900
86901
86955
86956
86957
86958
86959
86960
86961
86962
86963
86964
87018
87019
87020
87021
87022
87023
87024
87025
87026
87027
87081
87082
87083
87084
87085
87086
87087
87088
87089
87090
87144
87145
87146
87147
87148
87149
87150
87151
87152
87153
87207
87208
87209
87210
87211
87212
87213
87214
87215
87216
87270
87271
87272
87273
87274
87275
87276
87277
87278
87279
87333
87334
87335
87336
87337
87338
87339
87340
87341
87342
87396
87397
87398
87399
87400
87401
87402
87403
87404
87405
87459
87460
87461
87462
87463
87464
87465
87466
87467
87468
87522
87523
87524
87525
87526
87527
87528
87529
87530
87531
87585
87586
87587
87588
87589
87590
87591
87592
87593
87594
87648
87649
87650
87651
87652
87653
87654
87655
87656
87657
87711
87712
87713
87714
87715
87716
87717
87718
87719
87720
87774
87775
87782
87783
87837
87838
87845
87846
87900
87901
87902
87908
87909
87963
87964
87965
87971
87972
88782
88783
88789
88790
88791
88845
88846
88852
88853
88854
88908
88909
88916
88917
88971
88972
88973
88974
88975
88976
88977
88978
88979
88980
89034
89035
89036
89037
89038
89039
89040
89041
89042
89043
89097
89098
89099
89100
89101
89102
89103
89104
89105
89106
89160
89161
89162
89163
89164
89165
89166
89167
89168
89169
89223
89224
89225
89226
89227
89228
89229
89230
89231
89232
89286
89287
89288
89289
89290
89291
89292
89293
89294
89295
89349
89350
89351
89352
89353
89354
89355
89356
89357
89358
89412
89413
89414
89415
89416
89417
89418
89419
89420
89421
89475
89476
89477
89478
89479
89480
89481
89482
89483
89484
89538
89539
89540
89541
89542
89543
89544
89545
89546
89547
89601
89602
89603
89604
89605
89606
89607
89608
89609
89610
89664
89665
89666
89667
89668
89669
89670
89671
89672
89673
89727
89728
89735
89736
89790
89791
89798
89799
89853
89854
89861
89862
89916
89917
89924
89925
89979
89980
89987
89988
90042
90043
90050
90051
90105
90106
90113
90114
90168
90169
90176
90177
90231
90232
90239
90240
90294
90295
90296
90297
90298
90299
90302
90303
90357
90358
90359
90360
90361
90362
90365
90366
90420
90421
90422
90423
90424
90425
90428
90429
90483
90484
90485
90486
90487
90488
90491
90492
90546
90547
90548
90549
90550
90551
90554
90555
90609
90610
90611
90612
90613
90614
90617
90618
90672
90673
90674
90675
90676
90677
90680
90681
90735
90736
90737
90738
90739
90740
90743
90744
90798
90799
90800
90801
90802
90803
90806
90807
90861
90862
90863
90864
90865
90866
90869
90870
90924
90925
90926
90927
90928
90929
90932
90933
90987
90988
90989
90990
90991
90992
90995
90996
91050
91051
91052
91053
91054
91055
91058
91059
91113
91114
91115
91116
91117
91118
91121
91122
91176
91177
91178
91179
91180
91181
91184
91185
91239
91240
91241
91242
91243
91244
91247
91248
91302
91303
91304
91305
91306
91307
91310
91311
91365
91366
91367
91368
91369
91370
91373
91374
91428
91429
91436
91437
91491
91492
91499
91500
91554
91555
91556
91557
91558
91559
91560
91561
91562
91563
91617
91618
91619
91620
91621
91622
91623
91624
91625
91626
91680
91681
91682
91683
91684
91685
91686
91687
91688
91689
91743
91744
91745
91746
91747
91748
91749
91750
91751
91752
91806
91807
91808
91809
91810
91811
91812
91813
91814
91815
91869
91870
91871
91872
91873
91874
91875
91876
91877
91878
91932
91933
91934
91935
91936
91937
91938
91939
91940
91941
91995
91996
91997
91998
91999
92000
92001
92002
92003
92004
92058
92059
92060
92061
92062
92063
92064
92065
92066
92067
92121
92122
92123
92124
92125
92126
92127
92128
92129
92130
92184
92185
92186
92187
92188
92189
92190
92191
92192
92193
92247
92248
92249
92250
92251
92252
92253
92254
92255
92256
92310
92311
92312
92313
92314
92315
92316
92317
92318
92319
92373
92374
92375
92376
92377
92378
92379
92380
92381
92382
92436
92437
92444
92445
92499
92500
92507
92508
92562
92563
92564
92570
92571
92625
92626
92627
92633
92634
93444
93445
93451
93452
93453
93507
93508
93514
93515
93516
93570
93571
93578
93579
93633
93634
93635
93636
93637
93638
93639
93640
93641
93642
93696
93697
93698
93699
93700
93701
93702
93703
93704
93705
93759
93760
93761
93762
93763
93764
93765
93766
93767
93768
93822
93823
93824
93825
93826
93827
93828
93829
93830
93831
93885
93886
93887
93888
93889
93890
93891
93892
93893
93894
93948
93949
93950
93951
93952
93953
93954
93955
93956
93957
94011
94012
94013
94014
94015
94016
94017
94018
94019
94020
94074
94075
94076
94077
94078
94079
94080
94081
94082
94083
94137
94138
94139
94140
94141
94142
94143
94144
94145
94146
94200
94201
94202
94203
94204
94205
94206
94207
94208
94209
94263
94264
94265
94266
94267
94268
94269
94270
94271
94272
94326
94327
94328
94329
94330
94331
94332
94333
94334
94335
94389
94390
94397
94398
94452
94453
94460
94461
94515
94516
94523
94524
94578
94579
94586
94587
94641
94642
94649
94650
94704
94705
94712
94713
94767
94768
94775
94776
94830
94831
94838
94839
94893
94894
94901
94902
94956
94957
94958
94959
94960
94961
94964
94965
95019
95020
95021
95022
95023
95024
95027
95028
95082
95083
95084
95085
95086
95087
95090
95091
95145
95146
95147
95148
95149
95150
95153
95154
95208
95209
95210
95211
95212
95213
95216
95217
95271
95272
95273
95274
95275
95276
95279
95280
95334
95335
95336
95337
95338
95339
95342
95343
95397
95398
95399
95400
95401
95402
95405
95406
95460
95461
95462
95463
95464
95465
95468
95469
95523
95524
95525
95526
95527
95528
95531
95532
95586
95587
95588
95589
95590
95591
95594
95595
95649
95650
95651
95652
95653
95654
95657
95658
95712
95713
95714
95715
95716
95717
95720
95721
95775
95776
95777
95778
95779
95780
95783
95784
95838
95839
95840
95841
95842
95843
95846
95847
95901
95902
95903
95904
95905
95906
95909
95910
95964
95965
95966
95967
95968
95969
95972
95973
96027
96028
96029
96030
96031
96032
96035
96036
96090
96091
96098
96099
96153
96154
96161
96162
96216
96217
96218
96219
96220
96221
96222
96223
96224
96225
96279
96280
96281
96282
96283
96284
96285
96286
96287
96288
96342
96343
96344
96345
96346
96347
96348
96349
96350
96351
96405
96406
96407
96408
96409
96410
96411
96412
96413
96414
96468
96469
96470
96471
96472
96473
96474
96475
96476
96477
96531
96532
96533
96534
96535
96536
96537
96538
96539
96540
96594
96595
96596
96597
96598
96599
96600
96601
96602
96603
96657
96658
96659
96660
96661
96662
96663
96664
96665
96666
96720
96721
96722
96723
96724
96725
96726
96727
96728
96729
96783
96784
96785
96786
96787
96788
96789
96790
96791
96792
96846
96847
96848
96849
96850
96851
96852
96853
96854
96855
96909
96910
96911
96912
96913
96914
96915
96916
96917
96918
96972
96973
96974
96975
96976
96977
96978
96979
96980
96981
97035
97036
97037
97038
97039
97040
97041
97042
97043
97044
97098
97099
97106
97107
97161
97162
97169
97170
97224
97225
97226
97232
97233
97287
97288
97289
97295
97296
98106
98107
98113
98114
98115
98169
98170
98176
98177
98178
98232
98233
98240
98241
98295
98296
98297
98298
98299
98300
98301
98302
98303
98304
98358
98359
98360
98361
98362
98363
98364
98365
98366
98367
98421
98422
98423
98424
98425
98426
98427
98428
98429
98430
98484
98485
98486
98487
98488
98489
98490
98491
98492
98493
98547
98548
98549
98550
98551
98552
98553
98554
98555
98556
98610
98611
98612
98613
98614
98615
98616
98617
98618
98619
98673
98674
98675
98676
98677
98678
98679
98680
98681
98682
98736
98737
98738
98739
98740
98741
98742
98743
98744
98745
98799
98800
98801
98802
98803
98804
98805
98806
98807
98808
98862
98863
98864
98865
98866
98867
98868
98869
98870
98871
98925
98926
98927
98928
98929
98930
98931
98932
98933
98934
98988
98989
98990
98991
98992
98993
98994
98995
98996
98997
99051
99052
99059
99060
99114
99115
99122
99123
99177
99178
99185
99186
99240
99241
99248
99249
99303
99304
99311
99312
99366
99367
99374
99375
99429
99430
99437
99438
99492
99493
99500
99501
99555
99556
99563
99564
99618
99619
99620
99621
99622
99623
99626
99627
99681
99682
99683
99684
99685
99686
99689
99690
99744
99745
99746
99747
99748
99749
99752
99753
99807
99808
99809
99810
99811
99812
99815
99816
99870
99871
99872
99873
99874
99875
99878
99879
99933
99934
99935
99936
99937
99938
99941
99942
99996
99997
99998
99999
100000
100001
100004
100005
100059
100060
100061
100062
100063
100064
100067
100068
100122
100123
100124
100125
100126
100127
100130
100131
100185
100186
100187
100188
100189
100190
100193
100194
100248
100249
100250
100251
100252
100253
100256
100257
100311
100312
100313
100314
100315
100316
100319
100320
100374
100375
100376
100377
100378
100379
100382
100383
100437
100438
100439
100440
100441
100442
100445
100446
100500
100501
100502
100503
100504
100505
100508
100509
100563
100564
100565
100566
100567
100568
100571
100572
100626
100627
100628
100629
100630
100631
100634
100635
100689
100690
100691
100692
100693
100694
100697
100698
100752
100753
100760
100761
100815
100816
100823
100824
100878
100879
100880
100881
100882
100883
100884
100885
100886
100887
100941
100942
100943
100944
100945
100946
100947
100948
100949
100950
101004
101005
101006
101007
101008
101009
101010
101011
101012
101013
101067
101068
101069
101070
101071
101072
101073
101074
101075
101076
101130
101131
101132
101133
101134
101135
101136
101137
101138
101139
101193
101194
101195
101196
101197
101198
101199
101200
101201
101202
101256
101257
101258
101259
101260
101261
101262
101263
101264
101265
101319
101320
101321
101322
101323
101324
101325
101326
101327
101328
101382
101383
101384
101385
101386
101387
101388
101389
101390
101391
101445
101446
101447
101448
101449
101450
101451
101452
101453
101454
101508
101509
101510
101511
101512
101513
101514
101515
101516
101517
101571
101572
101573
101574
101575
101576
101577
101578
101579
101580
101634
101635
101636
101637
101638
101639
101640
101641
101642
101643
101697
101698
101699
101700
101701
101702
101703
101704
101705
101706
101760
101761
101768
101769
101823
101824
101831
101832
101886
101887
101888
101894
101895
101949
101950
101951
101957
101958
102768
102769
102775
102776
102777
102831
102832
102838
102839
102840
102894
102895
102902
102903
102957
102958
102959
102960
102961
102962
102963
102964
102965
102966
103020
103021
103022
103023
103024
103025
103026
103027
103028
103029
103083
103084
103085
103086
103087
103088
103089
103090
103091
103092
103146
103147
103148
103149
103150
103151
103152
103153
103154
103155
103209
103210
103211
103212
103213
103214
103215
103216
103217
103218
103272
103273
103274
103275
103276
103277
103278
103279
103280
103281
103335
103336
103337
103338
103339
103340
103341
103342
103343
103344
103398
103399
103400
103401
103402
103403
103404
103405
103406
103407
103461
103462
103463
103464
103465
103466
103467
103468
103469
103470
103524
103525
103526
103527
103528
103529
103530
103531
103532
103533
103587
103588
103589
103590
103591
103592
103593
103594
103595
103596
103650
103651
103652
103653
103654
103655
103656
103657
103658
103659
103713
103714
103721
103722
103776
103777
103784
103785
103839
103840
103847
103848
103902
103903
103910
103911
103965
103966
103973
103974
104028
104029
104036
104037
104091
104092
104099
104100
104154
104155
104162
104163
104217
104218
104225
104226
104280
104281
104282
104283
104284
104285
104288
104289
104343
104344
104345
104346
104347
104348
104351
104352
104406
104407
104408
104409
104410
104411
104414
104415
104469
104470
104471
104472
104473
104474
104477
104478
104532
104533
104534
104535
104536
104537
104540
104541
104595
104596
104597
104598
104599
104600
104603
104604
104658
104659
104660
104661
104662
104663
104666
104667
104721
104722
104723
104724
104725
104726
104729
104730
104784
104785
104786
104787
104788
104789
104792
104793
104847
104848
104849
104850
104851
104852
104855
104856
104910
104911
104912
104913
104914
104915
104918
104919
104973
104974
104975
104976
104977
104978
104981
104982
105036
105037
105038
105039
105040
105041
105044
105045
105099
105100
105101
105102
105103
105104
105107
105108
105162
105163
105164
105165
105166
105167
105170
105171
105225
105226
105227
105228
105229
105230
105233
105234
105288
105289
105290
105291
105292
105293
105296
105297
105351
105352
105353
105354
105355
105356
105359
105360
105414
105415
105422
105423
105477
105478
105485
105486
105540
105541
105542
105543
105544
105545
105546
105547
105548
105549
105603
105604
105605
105606
105607
105608
105609
105610
105611
105612
105666
105667
105668
105669
105670
105671
105672
105673
105674
105675
105729
105730
105731
105732
105733
105734
105735
105736
105737
105738
105792
105793
105794
105795
105796
105797
105798
105799
105800
105801
105855
105856
105857
105858
105859
105860
105861
105862
105863
105864
105918
105919
105920
105921
105922
105923
105924
105925
105926
105927
105981
105982
105983
105984
105985
105986
105987
105988
105989
105990
106044
106045
106046
106047
106048
106049
106050
106051
106052
106053
106107
106108
106109
106110
106111
106112
106113
106114
106115
106116
106170
106171
106172
106173
106174
106175
106176
106177
106178
106179
106233
106234
106235
106236
106237
106238
106239
106240
106241
106242
106296
106297
106298
106299
106300
106301
106302
106303
106304
106305
106359
106360
106361
106362
106363
106364
106365
106366
106367
106368
106422
106423
106430
106431
106485
106486
106493
106494
106548
106549
106550
106556
106557
106611
106612
106613
106619
106620
107430
107431
107437
107438
107439
107493
107494
107500
107501
107502
107556
107557
107564
107565
107619
107620
107621
107622
107623
107624
107625
107626
107627
107628
107682
107683
107684
107685
107686
107687
107688
107689
107690
107691
107745
107746
107747
107748
107749
107750
107751
107752
107753
107754
107808
107809
107810
107811
107812
107813
107814
107815
107816
107817
107871
107872
107873
107874
107875
107876
107877
107878
107879
107880
107934
107935
107936
107937
107938
107939
107940
107941
107942
107943
107997
107998
107999
108000
108001
108002
108003
108004
108005
108006
108060
108061
108062
108063
108064
108065
108066
108067
108068
108069
108123
108124
108125
108126
108127
108128
108129
108130
108131
108132
108186
108187
108188
108189
108190
108191
108192
108193
108194
108195
108249
108250
108251
108252
108253
108254
108255
108256
108257
108258
108312
108313
108314
108315
108316
108317
108318
108319
108320
108321
108375
108376
108383
108384
108438
108439
108446
108447
108501
108502
108509
108510
108564
108565
108572
108573
108627
108628
108635
108636
108690
108691
108698
108699
108753
108754
108761
108762
108816
108817
108824
108825
108879
108880
108887
108888
108942
108943
108944
108945
108946
108947
108950
108951
109005
109006
109007
109008
109009
109010
109013
109014
109068
109069
109070
109071
109072
109073
109076
109077
109131
109132
109133
109134
109135
109136
109139
109140
109194
109195
109196
109197
109198
109199
109202
109203
109257
109258
109259
109260
109261
109262
109265
109266
109320
109321
109322
109323
109324
109325
109328
109329
109383
109384
109385
109386
109387
109388
109391
109392
109446
109447
109448
109449
109450
109451
109454
109455
109509
109510
109511
109512
109513
109514
109517
109518
109572
109573
109574
109575
109576
109577
109580
109581
109635
109636
109637
109638
109639
109640
109643
109644
109698
109699
109700
109701
109702
109703
109706
109707
109761
109762
109763
109764
109765
109766
109769
109770
109824
109825
109826
109827
109828
109829
109832
109833
109887
109888
109889
109890
109891
109892
109895
109896
109950
109951
109952
109953
109954
109955
109958
109959
110013
110014
110015
110016
110017
110018
110021
110022
110076
110077
110084
110085
110139
110140
110147
110148
110202
110203
110204
110205
110206
110207
110208
110209
110210
110211
110265
110266
110267
110268
110269
110270
110271
110272
110273
110274
110328
110329
110330
110331
110332
110333
110334
110335
110336
110337
110391
110392
110393
110394
110395
110396
110397
110398
110399
110400
110454
110455
110456
110457
110458
110459
110460
110461
110462
110463
110517
110518
110519
110520
110521
110522
110523
110524
110525
110526
110580
110581
110582
110583
110584
110585
110586
110587
110588
110589
110643
110644
110645
110646
110647
110648
110649
110650
110651
110652
110706
110707
110708
110709
110710
110711
110712
110713
110714
110715
110769
110770
110771
110772
110773
110774
110775
110776
110777
110778
110832
110833
110834
110835
110836
110837
110838
110839
110840
110841
110895
110896
110897
110898
110899
110900
110901
110902
110903
110904
110958
110959
110960
110961
110962
110963
110964
110965
110966
110967
111021
111022
111023
111024
111025
111026
111027
111028
111029
111030
111084
111085
111092
111093
111147
111148
111155
111156
111210
111211
111212
111218
111219
111273
111274
111275
111281
111282
112092
112093
112099
112100
112101
112155
112156
112162
112163
112164
112218
112219
112226
112227
112281
112282
112283
112284
112285
112286
112287
112288
112289
112290
112344
112345
112346
112347
112348
112349
112350
112351
112352
112353
112407
112408
112409
112410
112411
112412
112413
112414
112415
112416
112470
112471
112472
112473
112474
112475
112476
112477
112478
112479
112533
112534
112535
112536
112537
112538
112539
112540
112541
112542
112596
112597
112598
112599
112600
112601
112602
112603
112604
112605
112659
112660
112661
112662
112663
112664
112665
112666
112667
112668
112722
112723
112724
112725
112726
112727
112728
112729
112730
112731
112785
112786
112787
112788
112789
112790
112791
112792
112793
112794
112848
112849
112850
112851
112852
112853
112854
112855
112856
112857
112911
112912
112913
112914
112915
112916
112917
112918
112919
112920
112974
112975
112976
112977
112978
112979
112980
112981
112982
112983
113037
113038
113045
113046
113100
113101
113108
113109
113163
113164
113171
113172
113226
113227
113234
113235
113289
113290
113297
113298
113352
113353
113360
113361
113415
113416
113423
113424
113478
113479
113486
113487
113541
113542
113549
113550
113604
113605
113606
113607
113608
113609
113612
113613
113667
113668
113669
113670
113671
113672
113675
113676
113730
113731
113732
113733
113734
113735
113738
113739
113793
113794
113795
113796
113797
113798
113801
113802
113856
113857
113858
113859
113860
113861
113864
113865
113919
113920
113921
113922
113923
113924
113927
113928
113982
113983
113984
113985
113986
113987
113990
113991
114045
114046
114047
114048
114049
114050
114053
114054
114108
114109
114110
114111
114112
114113
114116
114117
114171
114172
114173
114174
114175
114176
114179
114180
114234
114235
114236
114237
114238
114239
114242
114243
114297
114298
114299
114300
114301
114302
114305
114306
114360
114361
114362
114363
114364
114365
114368
114369
114423
114424
114425
114426
114427
114428
114431
114432
114486
114487
114488
114489
114490
114491
114494
114495
114549
114550
114551
114552
114553
114554
114557
114558
114612
114613
114614
114615
114616
114617
114620
114621
114675
114676
114677
114678
114679
114680
114683
114684
114738
114739
114746
114747
114801
114802
114809
114810
114864
114865
114866
114867
114868
114869
114870
114871
114872
114873
114927
114928
114929
114930
114931
114932
114933
114934
114935
114936
114990
114991
114992
114993
114994
114995
114996
114997
114998
114999
115053
115054
115055
115056
115057
115058
115059
115060
115061
115062
115116
115117
115118
115119
115120
115121
115122
115123
115124
115125
115179
115180
115181
115182
115183
115184
115185
115186
115187
115188
115242
115243
115244
115245
115246
115247
115248
115249
115250
115251
115305
115306
115307
115308
115309
115310
115311
115312
115313
115314
115368
115369
115370
115371
115372
115373
115374
115375
115376
115377
115431
115432
115433
115434
115435
115436
115437
115438
115439
115440
115494
115495
115496
115497
115498
115499
115500
115501
115502
115503
115557
115558
115559
115560
115561
115562
115563
115564
115565
115566
115620
115621
115622
115623
115624
115625
115626
115627
115628
115629
115683
115684
115685
115686
115687
115688
115689
115690
115691
115692
115746
115747
115754
115755
115809
115810
115817
115818
115872
115873
115874
115880
115881
115935
115936
115937
115943
115944
116754
116755
116761
116762
116763
116817
116818
116824
116825
116826
116880
116881
116888
116889
116943
116944
116945
116946
116947
116948
116949
116950
116951
116952
117006
117007
117008
117009
117010
117011
117012
117013
117014
117015
117069
117070
117071
117072
117073
117074
117075
117076
117077
117078
117132
117133
117134
117135
117136
117137
117138
117139
117140
117141
117195
117196
117197
117198
117199
117200
117201
117202
117203
117204
117258
117259
117260
117261
117262
117263
117264
117265
117266
117267
117321
117322
117323
117324
117325
117326
117327
117328
117329
117330
117384
117385
117386
117387
117388
117389
117390
117391
117392
117393
117447
117448
117449
117450
117451
117452
117453
117454
117455
117456
117510
117511
117512
117513
117514
117515
117516
117517
117518
117519
117573
117574
117575
117576
117577
117578
117579
117580
117581
117582
117636
117637
117638
117639
117640
117641
117642
117643
117644
117645
117699
117700
117707
117708
117762
117763
117770
117771
117825
117826
117833
117834
117888
117889
117896
117897
117951
117952
117959
117960
118014
118015
118022
118023
118077
118078
118085
118086
118140
118141
118148
118149
118203
118204
118211
118212
118266
118267
118268
118269
118270
118271
118274
118275
118329
118330
118331
118332
118333
118334
118337
118338
118392
118393
118394
118395
118396
118397
118400
118401
118455
118456
118457
118458
118459
118460
118463
118464
118518
118519
118520
118521
118522
118523
118526
118527
118581
118582
118583
118584
118585
118586
118589
118590
118644
118645
118646
118647
118648
118649
118652
118653
118707
118708
118709
118710
118711
118712
118715
118716
118770
118771
118772
118773
118774
118775
118778
118779
118833
118834
118835
118836
118837
118838
118841
118842
118896
118897
118898
118899
118900
118901
118904
118905
118959
118960
118961
118962
118963
118964
118967
118968
119022
119023
119024
119025
119026
119027
119030
119031
119085
119086
119087
119088
119089
119090
119093
119094
119148
119149
119150
119151
119152
119153
119156
119157
119211
119212
119213
119214
119215
119216
119219
119220
119274
119275
119276
119277
119278
119279
119282
119283
119337
119338
119339
119340
119341
119342
119345
119346
119400
119401
119408
119409
119463
119464
119471
119472
119526
119527
119528
119529
119530
119531
119532
119533
119534
119535
119589
119590
119591
119592
119593
119594
119595
119596
119597
119598
119652
119653
119654
119655
119656
119657
119658
119659
119660
119661
119715
119716
119717
119718
119719
119720
119721
119722
119723
119724
119778
119779
119780
119781
119782
119783
119784
119785
119786
119787
119841
119842
119843
119844
119845
119846
119847
119848
119849
119850
119904
119905
119906
119907
119908
119909
119910
119911
119912
119913
119967
119968
119969
119970
119971
119972
119973
119974
119975
119976
120030
120031
120032
120033
120034
120035
120036
120037
120038
120039
120093
120094
120095
120096
120097
120098
120099
120100
120101
120102
120156
120157
120158
120159
120160
120161
120162
120163
120164
120165
120219
120220
120221
120222
120223
120224
120225
120226
120227
120228
120282
120283
120284
120285
120286
120287
120288
120289
120290
120291
120345
120346
120347
120348
120349
120350
120351
120352
120353
120354
120408
120409
120416
120417
120471
120472
120479
120480
120534
120535
120536
120542
120543
120597
120598
120599
120605
120606
121416
121417
121423
121424
121425
121479
121480
121486
121487
121488
121542
121543
121550
121551
121605
121606
121607
121608
121609
121610
121611
121612
121613
121614
121668
121669
121670
121671
121672
121673
121674
121675
121676
121677
121731
121732
121733
121734
121735
121736
121737
121738
121739
121740
121794
121795
121796
121797
121798
121799
121800
121801
121802
121803
121857
121858
121859
121860
121861
121862
121863
121864
121865
121866
121920
121921
121922
121923
121924
121925
121926
121927
121928
121929
121983
121984
121985
121986
121987
121988
121989
121990
121991
121992
122046
122047
122048
122049
122050
122051
122052
122053
122054
122055
122109
122110
122111
122112
122113
122114
122115
122116
122117
122118
122172
122173
122174
122175
122176
122177
122178
122179
122180
122181
122235
122236
122237
122238
122239
122240
122241
122242
122243
122244
122298
122299
122300
122301
122302
122303
122304
122305
122306
122307
122361
122362
122369
122370
122424
122425
122432
122433
122487
122488
122495
122496
122550
122551
122558
122559
122613
122614
122621
122622
122676
122677
122684
122685
122739
122740
122747
122748
122802
122803
122810
122811
122865
122866
122873
122874
122928
122929
122930
122931
122932
122933
122936
122937
122991
122992
122993
122994
122995
122996
122999
123000
123054
123055
123056
123057
123058
123059
123062
123063
123117
123118
123119
123120
123121
123122
123125
123126
123180
123181
123182
123183
123184
123185
123188
123189
123243
123244
123245
123246
123247
123248
123251
123252
123306
123307
123308
123309
123310
123311
123314
123315
123369
123370
123371
123372
123373
123374
123377
123378
123432
123433
123434
123435
123436
123437
123440
123441
123495
123496
123497
123498
123499
123500
123503
123504
123558
123559
123560
123561
123562
123563
123566
123567
123621
123622
123623
123624
123625
123626
123629
123630
123684
123685
123686
123687
123688
123689
123692
123693
123747
123748
123749
123750
123751
123752
123755
123756
123810
123811
123812
123813
123814
123815
123818
123819
123873
123874
123875
123876
123877
123878
123881
123882
123936
123937
123938
123939
123940
123941
123944
123945
123999
124000
124001
124002
124003
124004
124007
124008
124062
124063
124070
124071
124125
124126
124133
124134
124188
124189
124190
124191
124192
124193
124194
124195
124196
124197
124251
124252
124253
124254
124255
124256
124257
124258
124259
124260
124314
124315
124316
124317
124318
124319
124320
124321
124322
124323
124377
124378
124379
124380
124381
124382
124383
124384
124385
124386
124440
124441
124442
124443
124444
124445
124446
124447
124448
124449
124503
124504
124505
124506
124507
124508
124509
124510
124511
124512
124566
124567
124568
124569
124570
124571
124572
124573
124574
124575
124629
124630
124631
124632
124633
124634
124635
124636
124637
124638
124692
124693
124694
124695
124696
124697
124698
124699
124700
124701
124755
124756
124757
124758
124759
124760
124761
124762
124763
124764
124818
124819
124820
124821
124822
124823
124824
124825
124826
124827
124881
124882
124883
124884
124885
124886
124887
124888
124889
124890
124944
124945
124946
124947
124948
124949
124950
124951
124952
124953
125007
125008
125009
125010
125011
125012
125013
125014
125015
125016
125070
125071
125078
125079
125133
125134
125141
125142
125196
125197
125198
125204
125205
125259
125260
125261
125267
125268
126078
126079
126085
126086
126087
126141
126142
126148
126149
126150
126204
126205
126212
126213
126267
126268
126269
126270
126271
126272
126273
126274
126275
126276
126330
126331
126332
126333
126334
126335
126336
126337
126338
126339
126393
126394
126395
126396
126397
126398
126399
126400
126401
126402
126456
126457
126458
126459
126460
126461
126462
126463
126464
126465
126519
126520
126521
126522
126523
126524
126525
126526
126527
126528
126582
126583
126584
126585
126586
126587
126588
126589
126590
126591
126645
126646
126647
126648
126649
126650
126651
126652
126653
126654
126708
126709
126710
126711
126712
126713
126714
126715
126716
126717
126771
126772
126773
126774
126775
126776
126777
126778
126779
126780
126834
126835
126836
126837
126838
126839
126840
126841
126842
126843
126897
126898
126899
126900
126901
126902
126903
126904
126905
126906
126960
126961
126962
126963
126964
126965
126966
126967
126968
126969
127023
127024
127031
127032
127086
127087
127094
127095
127149
127150
127157
127158
127212
127213
127220
127221
127275
127276
127283
127284
127338
127339
127346
127347
127401
127402
127409
127410
127464
127465
127472
127473
127527
127528
127535
127536
127590
127591
127592
127593
127594
127595
127598
127599
127653
127654
127655
127656
127657
127658
127661
127662
127716
127717
127718
127719
127720
127721
127724
127725
127779
127780
127781
127782
127783
127784
127787
127788
127842
127843
127844
127845
127846
127847
127850
127851
127905
127906
127907
127908
127909
127910
127913
127914
127968
127969
127970
127971
127972
127973
127976
127977
128031
128032
128033
128034
128035
128036
128039
128040
128094
128095
128096
128097
128098
128099
128102
128103
128157
128158
128159
128160
128161
128162
128165
128166
128220
128221
128222
128223
128224
128225
128228
128229
128283
128284
128285
128286
128287
128288
128291
128292
128346
128347
128348
128349
128350
128351
128354
128355
128409
128410
128411
128412
128413
128414
128417
128418
128472
128473
128474
128475
128476
128477
128480
128481
128535
128536
128537
128538
128539
128540
128543
128544
128598
128599
128600
128601
128602
128603
128606
128607
128661
128662
128663
128664
128665
128666
128669
128670
128724
128725
128732
128733
128787
128788
128795
128796
128850
128851
128852
128853
128854
128855
128856
128857
128858
128859
128913
128914
128915
128916
128917
128918
128919
128920
128921
128922
128976
128977
128978
128979
128980
128981
128982
128983
128984
128985
129039
129040
129041
129042
129043
129044
129045
129046
129047
129048
129102
129103
129104
129105
129106
129107
129108
129109
129110
129111
129165
129166
129167
129168
129169
129170
129171
129172
129173
129174
129228
129229
129230
129231
129232
129233
129234
129235
129236
129237
129291
129292
129293
129294
129295
129296
129297
129298
129299
129300
129354
129355
129356
129357
129358
129359
129360
129361
129362
129363
129417
129418
129419
129420
129421
129422
129423
129424
129425
129426
129480
129481
129482
129483
129484
129485
129486
129487
129488
129489
129543
129544
129545
129546
129547
129548
129549
129550
129551
129552
129606
129607
129608
129609
129610
129611
129612
129613
129614
129615
129669
129670
129671
129672
129673
129674
129675
129676
129677
129678
129732
129733
129740
129741
129795
129796
129803
129804
129858
129859
129860
129866
129867
129921
129922
129923
129929
129930
130740
130741
130747
130748
130749
130803
130804
130810
130811
130812
130866
130867
130874
130875
130929
130930
130931
130932
130933
130934
130935
130936
130937
130938
130992
130993
130994
130995
130996
130997
130998
130999
131000
131001
131055
131056
131057
131058
131059
131060
131061
131062
131063
131064
131118
131119
131120
131121
131122
131123
131124
131125
131126
131127
131181
131182
131183
131184
131185
131186
131187
131188
131189
131190
131244
131245
131246
131247
131248
131249
131250
131251
131252
131253
131307
131308
131309
131310
131311
131312
131313
131314
131315
131316
131370
131371
131372
131373
131374
131375
131376
131377
131378
131379
131433
131434
131435
131436
131437
131438
131439
131440
131441
131442
131496
131497
131498
131499
131500
131501
131502
131503
131504
131505
131559
131560
131561
131562
131563
131564
131565
131566
131567
131568
131622
131623
131624
131625
131626
131627
131628
131629
131630
131631
131685
131686
131693
131694
131748
131749
131756
131757
131811
131812
131819
131820
131874
131875
131882
131883
131937
131938
131945
131946
132000
132001
132008
132009
132063
132064
132071
132072
132126
132127
132134
132135
132189
132190
132197
132198
132252
132253
132254
132255
132256
132257
132260
132261
132315
132316
132317
132318
132319
132320
132323
132324
132378
132379
132380
132381
132382
132383
132386
132387
132441
132442
132443
132444
132445
132446
132449
132450
132504
132505
132506
132507
132508
132509
132512
132513
132567
132568
132569
132570
132571
132572
132575
132576
132630
132631
132632
132633
132634
132635
132638
132639
132693
132694
132695
132696
132697
132698
132701
132702
132756
132757
132758
132759
132760
132761
132764
132765
132819
132820
132821
132822
132823
132824
132827
132828
132882
132883
132884
132885
132886
132887
132890
132891
132945
132946
132947
132948
132949
132950
132953
132954
133008
133009
133010
133011
133012
133013
133016
133017
133071
133072
133073
133074
133075
133076
133079
133080
133134
133135
133136
133137
133138
133139
133142
133143
133197
133198
133199
133200
133201
133202
133205
133206
133260
133261
133262
133263
133264
133265
133268
133269
133323
133324
133325
133326
133327
133328
133331
133332
133386
133387
133394
133395
133449
133450
133457
133458
133512
133513
133514
133515
133516
133517
133518
133519
133520
133521
133575
133576
133577
133578
133579
133580
133581
133582
133583
133584
133638
133639
133640
133641
133642
133643
133644
133645
133646
133647
133701
133702
133703
133704
133705
133706
133707
133708
133709
133710
133764
133765
133766
133767
133768
133769
133770
133771
133772
133773
133827
133828
133829
133830
133831
133832
133833
133834
133835
133836
133890
133891
133892
133893
133894
133895
133896
133897
133898
133899
133953
133954
133955
133956
133957
133958
133959
133960
133961
133962
134016
134017
134018
134019
134020
134021
134022
134023
134024
134025
134079
134080
134081
134082
134083
134084
134085
134086
134087
134088
134142
134143
134144
134145
134146
134147
134148
134149
134150
134151
134205
134206
134207
134208
134209
134210
134211
134212
134213
134214
134268
134269
134270
134271
134272
134273
134274
134275
134276
134277
134331
134332
134333
134334
134335
134336
134337
134338
134339
134340
134394
134395
134402
134403
134457
134458
134465
134466
134520
134521
134522
134528
134529
134583
134584
134585
134591
134592
135402
135403
135409
135410
135411
135465
135466
135472
135473
135474
135528
135529
135536
135537
135591
135592
135593
135594
135595
135596
135597
135598
135599
135600
135654
135655
135656
135657
135658
135659
135660
135661
135662
135663
135717
135718
135719
135720
135721
135722
135723
135724
135725
135726
135780
135781
135782
135783
135784
135785
135786
135787
135788
135789
135843
135844
135845
135846
135847
135848
135849
135850
135851
135852
135906
135907
135908
135909
135910
135911
135912
135913
135914
135915
135969
135970
135971
135972
135973
135974
135975
135976
135977
135978
136032
136033
136034
136035
136036
136037
136038
136039
136040
136041
136095
136096
136097
136098
136099
136100
136101
136102
136103
136104
136158
136159
136160
136161
136162
136163
136164
136165
136166
136167
136221
136222
136223
136224
136225
136226
136227
136228
136229
136230
136284
136285
136286
136287
136288
136289
136290
136291
136292
136293
136347
136348
136355
136356
136410
136411
136418
136419
136473
136474
136481
136482
136536
136537
136544
136545
136599
136600
136607
136608
136662
136663
136670
136671
136725
136726
136733
136734
136788
136789
136796
136797
136851
136852
136859
136860
136914
136915
136916
136917
136918
136919
136922
136923
136977
136978
136979
136980
136981
136982
136985
136986
137040
137041
137042
137043
137044
137045
137048
137049
137103
137104
137105
137106
137107
137108
137111
137112
137166
137167
137168
137169
137170
137171
137174
137175
137229
137230
137231
137232
137233
137234
137237
137238
137292
137293
137294
137295
137296
137297
137300
137301
137355
137356
137357
137358
137359
137360
137363
137364
137418
137419
137420
137421
137422
137423
137426
137427
137481
137482
137483
137484
137485
137486
137489
137490
137544
137545
137546
137547
137548
137549
137552
137553
137607
137608
137609
137610
137611
137612
137615
137616
137670
137671
137672
137673
137674
137675
137678
137679
137733
137734
137735
137736
137737
137738
137741
137742
137796
137797
137798
137799
137800
137801
137804
137805
137859
137860
137861
137862
137863
137864
137867
137868
137922
137923
137924
137925
137926
137927
137930
137931
137985
137986
137987
137988
137989
137990
137993
137994
138048
138049
138056
138057
138111
138112
138119
138120
138174
138175
138176
138177
138178
138179
138180
138181
138182
138183
138237
138238
138239
138240
138241
138242
138243
138244
138245
138246
138300
138301
138302
138303
138304
138305
138306
138307
138308
138309
138363
138364
138365
138366
138367
138368
138369
138370
138371
138372
138426
138427
138428
138429
138430
138431
138432
138433
138434
138435
138489
138490
138491
138492
138493
138494
138495
138496
138497
138498
138552
138553
138554
138555
138556
138557
138558
138559
138560
138561
138615
138616
138617
138618
138619
138620
138621
138622
138623
138624
138678
138679
138680
138681
138682
138683
138684
138685
138686
138687
138741
138742
138743
138744
138745
138746
138747
138748
138749
138750
138804
138805
138806
138807
138808
138809
138810
138811
138812
138813
138867
138868
138869
138870
138871
138872
138873
138874
138875
138876
138930
138931
138932
138933
138934
138935
138936
138937
138938
138939
138993
138994
138995
138996
138997
138998
138999
139000
139001
139002
139056
139057
139064
139065
139119
139120
139127
139128
139182
139183
139184
139190
139191
139245
139246
139247
139253
139254
140064
140065
140071
140072
140073
140127
140128
140134
140135
140136
140190
140191
140198
140199
140253
140254
140255
140256
140257
140258
140259
140260
140261
140262
140316
140317
140318
140319
140320
140321
140322
140323
140324
140325
140379
140380
140381
140382
140383
140384
140385
140386
140387
140388
140442
140443
140444
140445
140446
140447
140448
140449
140450
140451
140505
140506
140507
140508
140509
140510
140511
140512
140513
140514
140568
140569
140570
140571
140572
140573
140574
140575
140576
140577
140631
140632
140633
140634
140635
140636
140637
140638
140639
140640
140694
140695
140696
140697
140698
140699
140700
140701
140702
140703
140757
140758
140759
140760
140761
140762
140763
140764
140765
140766
140820
140821
140822
140823
140824
140825
140826
140827
140828
140829
140883
140884
140885
140886
140887
140888
140889
140890
140891
140892
140946
140947
140948
140949
140950
140951
140952
140953
140954
140955
141009
141010
141017
141018
141072
141073
141080
141081
141135
141136
141143
141144
141198
141199
141206
141207
141261
141262
141269
141270
141324
141325
141332
141333
141387
141388
141395
141396
141450
141451
141458
141459
141513
141514
141521
141522
141576
141577
141578
141579
141580
141581
141584
141585
141639
141640
141641
141642
141643
141644
141647
141648
141702
141703
141704
141705
141706
141707
141710
141711
141765
141766
141767
141768
141769
141770
141773
141774
141828
141829
141830
141831
141832
141833
141836
141837
141891
141892
141893
141894
141895
141896
141899
141900
141954
141955
141956
141957
141958
141959
141962
141963
142017
142018
142019
142020
142021
142022
142025
142026
142080
142081
142082
142083
142084
142085
142088
142089
142143
142144
142145
142146
142147
142148
142151
142152
142206
142207
142208
142209
142210
142211
142214
142215
142269
142270
142271
142272
142273
142274
142277
142278
142332
142333
142334
142335
142336
142337
142340
142341
142395
142396
142397
142398
142399
142400
142403
142404
142458
142459
142460
142461
142462
142463
142466
142467
142521
142522
142523
142524
142525
142526
142529
142530
142584
142585
142586
142587
142588
142589
142592
142593
142647
142648
142649
142650
142651
142652
142655
142656
142710
142711
142718
142719
142773
142774
142781
142782
142836
142837
142838
142839
142840
142841
142842
142843
142844
142845
142899
142900
142901
142902
142903
142904
142905
142906
142907
142908
142962
142963
142964
142965
142966
142967
142968
142969
142970
142971
143025
143026
143027
143028
143029
143030
143031
143032
143033
143034
143088
143089
143090
143091
143092
143093
143094
143095
143096
143097
143151
143152
143153
143154
143155
143156
143157
143158
143159
143160
143214
143215
143216
143217
143218
143219
143220
143221
143222
143223
143277
143278
143279
143280
143281
143282
143283
143284
143285
143286
143340
143341
143342
143343
143344
143345
143346
143347
143348
143349
143403
143404
143405
143406
143407
143408
143409
143410
143411
143412
143466
143467
143468
143469
143470
143471
143472
143473
143474
143475
143529
143530
143531
143532
143533
143534
143535
143536
143537
143538
143592
143593
143594
143595
143596
143597
143598
143599
143600
143601
143655
143656
143657
143658
143659
143660
143661
143662
143663
143664
143718
143719
143726
143727
143781
143782
143789
143790
143844
143845
143846
143852
143853
143907
143908
143909
143915
143916
144726
144727
144733
144734
144735
144789
144790
144796
144797
144798
144852
144853
144860
144861
144915
144916
144917
144918
144919
144920
144921
144922
144923
144924
144978
144979
144980
144981
144982
144983
144984
144985
144986
144987
145041
145042
145043
145044
145045
145046
145047
145048
145049
145050
145104
145105
145106
145107
145108
145109
145110
145111
145112
145113
145167
145168
145169
145170
145171
145172
145173
145174
145175
145176
145230
145231
145232
145233
145234
145235
145236
145237
145238
145239
145293
145294
145295
145296
145297
145298
145299
145300
145301
145302
145356
145357
145358
145359
145360
145361
145362
145363
145364
145365
145419
145420
145421
145422
145423
145424
145425
145426
145427
145428
145482
145483
145484
145485
145486
145487
145488
145489
145490
145491
145545
145546
145547
145548
145549
145550
145551
145552
145553
145554
145608
145609
145610
145611
145612
145613
145614
145615
145616
145617
145671
145672
145679
145680
145734
145735
145742
145743
145797
145798
145805
145806
145860
145861
145868
145869
145923
145924
145931
145932
145986
145987
145994
145995
146049
146050
146057
146058
146112
146113
146120
146121
146175
146176
146183
146184
146238
146239
146240
146241
146242
146243
146246
146247
146301
146302
146303
146304
146305
146306
146309
146310
146364
146365
146366
146367
146368
146369
146372
146373
146427
146428
146429
146430
146431
146432
146435
146436
146490
146491
146492
146493
146494
146495
146498
146499
146553
146554
146555
146556
146557
146558
146561
146562
146616
146617
146618
146619
146620
146621
146624
146625
146679
146680
146681
146682
146683
146684
146687
146688
146742
146743
146744
146745
146746
146747
146750
146751
146805
146806
146807
146808
146809
146810
146813
146814
146868
146869
146870
146871
146872
146873
146876
146877
146931
146932
146933
146934
146935
146936
146939
146940
146994
146995
146996
146997
146998
146999
147002
147003
147057
147058
147059
147060
147061
147062
147065
147066
147120
147121
147122
147123
147124
147125
147128
147129
147183
147184
147185
147186
147187
147188
147191
147192
147246
147247
147248
147249
147250
147251
147254
147255
147309
147310
147311
147312
147313
147314
147317
147318
147372
147373
147380
147381
147435
147436
147443
147444
147498
147499
147500
147501
147502
147503
147504
147505
147506
147507
147561
147562
147563
147564
147565
147566
147567
147568
147569
147570
147624
147625
147626
147627
147628
147629
147630
147631
147632
147633
147687
147688
147689
147690
147691
147692
147693
147694
147695
147696
147750
147751
147752
147753
147754
147755
147756
147757
147758
147759
147813
147814
147815
147816
147817
147818
147819
147820
147821
147822
147876
147877
147878
147879
147880
147881
147882
147883
147884
147885
147939
147940
147941
147942
147943
147944
147945
147946
147947
147948
148002
148003
148004
148005
148006
148007
148008
148009
148010
148011
148065
148066
148067
148068
148069
148070
148071
148072
148073
148074
148128
148129
148130
148131
148132
148133
148134
148135
148136
148137
148191
148192
148193
148194
148195
148196
148197
148198
148199
148200
148254
148255
148256
148257
148258
148259
148260
148261
148262
148263
148317
148318
148319
148320
148321
148322
148323
148324
148325
148326
148380
148381
148388
148389
148443
148444
148451
148452
148506
148507
148508
148514
148515
148569
148570
148571
148577
148578
149388
149389
149395
149396
149397
149451
149452
149458
149459
149460
149514
149515
149522
149523
149577
149578
149579
149580
149581
149582
149583
149584
149585
149586
149640
149641
149642
149643
149644
149645
149646
149647
149648
149649
149703
149704
149705
149706
149707
149708
149709
149710
149711
149712
149766
149767
149768
149769
149770
149771
149772
149773
149774
149775
149829
149830
149831
149832
149833
149834
149835
149836
149837
149838
149892
149893
149894
149895
149896
149897
149898
149899
149900
149901
149955
149956
149957
149958
149959
149960
149961
149962
149963
149964
150018
150019
150020
150021
150022
150023
150024
150025
150026
150027
150081
150082
150083
150084
150085
150086
150087
150088
150089
150090
150144
150145
150146
150147
150148
150149
150150
150151
150152
150153
150207
150208
150209
150210
150211
150212
150213
150214
150215
150216
150270
150271
150272
150273
150274
150275
150276
150277
150278
150279
150333
150334
150341
150342
150396
150397
150404
150405
150459
150460
150467
150468
150522
150523
150530
150531
150585
150586
150593
150594
150648
150649
150656
150657
150711
150712
150719
150720
150774
150775
150782
150783
150837
150838
150845
150846
150900
150901
150902
150903
150904
150905
150908
150909
150963
150964
150965
150966
150967
150968
150971
150972
151026
151027
151028
151029
151030
151031
151034
151035
151089
151090
151091
151092
151093
151094
151097
151098
151152
151153
151154
151155
151156
151157
151160
151161
151215
151216
151217
151218
151219
151220
151223
151224
151278
151279
151280
151281
151282
151283
151286
151287
151341
151342
151343
151344
151345
151346
151349
151350
151404
151405
151406
151407
151408
151409
151412
151413
151467
151468
151469
151470
151471
151472
151475
151476
151530
151531
151532
151533
151534
151535
151538
151539
151593
151594
151595
151596
151597
151598
151601
151602
151656
151657
151658
151659
151660
151661
151664
151665
151719
151720
151721
151722
151723
151724
151727
151728
151782
151783
151784
151785
151786
151787
151790
151791
151845
151846
151847
151848
151849
151850
151853
151854
151908
151909
151910
151911
151912
151913
151916
151917
151971
151972
151973
151974
151975
151976
151979
151980
152034
152035
152042
152043
152097
152098
152105
152106
152160
152161
152162
152163
152164
152165
152166
152167
152168
152169
152223
152224
152225
152226
152227
152228
152229
152230
152231
152232
152286
152287
152288
152289
152290
152291
152292
152293
152294
152295
152349
152350
152351
152352
152353
152354
152355
152356
152357
152358
152412
152413
152414
152415
152416
152417
152418
152419
152420
152421
152475
152476
152477
152478
152479
152480
152481
152482
152483
152484
152538
152539
152540
152541
152542
152543
152544
152545
152546
152547
152601
152602
152603
152604
152605
152606
152607
152608
152609
152610
152664
152665
152666
152667
152668
152669
152670
152671
152672
152673
152727
152728
152729
152730
152731
152732
152733
152734
152735
152736
152790
152791
152792
152793
152794
152795
152796
152797
152798
152799
152853
152854
152855
152856
152857
152858
152859
152860
152861
152862
152916
152917
152918
152919
152920
152921
152922
152923
152924
152925
152979
152980
152981
152982
152983
152984
152985
152986
152987
152988
153042
153043
153050
153051
153105
153106
153113
153114
153168
153169
153170
153176
153177
153231
153232
153233
153239
153240
154050
154051
154057
154058
154059
154113
154114
154120
154121
154122
154176
154177
154184
154185
154239
154240
154241
154242
154243
154244
154245
154246
154247
154248
154302
154303
154304
154305
154306
154307
154308
154309
154310
154311
154365
154366
154367
154368
154369
154370
154371
154372
154373
154374
154428
154429
154430
154431
154432
154433
154434
154435
154436
154437
154491
154492
154493
154494
154495
154496
154497
154498
154499
154500
154554
154555
154556
154557
154558
154559
154560
154561
154562
154563
154617
154618
154619
154620
154621
154622
154623
154624
154625
154626
154680
154681
154682
154683
154684
154685
154686
154687
154688
154689
154743
154744
154745
154746
154747
154748
154749
154750
154751
154752
154806
154807
154808
154809
154810
154811
154812
154813
154814
154815
154869
154870
154871
154872
154873
154874
154875
154876
154877
154878
154932
154933
154934
154935
154936
154937
154938
154939
154940
154941
154995
154996
155003
155004
155058
155059
155066
155067
155121
155122
155129
155130
155184
155185
155192
155193
155247
155248
155255
155256
155310
155311
155318
155319
155373
155374
155381
155382
155436
155437
155444
155445
155499
155500
155507
155508
155562
155563
155564
155565
155566
155567
155570
155571
155625
155626
155627
155628
155629
155630
155633
155634
155688
155689
155690
155691
155692
155693
155696
155697
155751
155752
155753
155754
155755
155756
155759
155760
155814
155815
155816
155817
155818
155819
155822
155823
155877
155878
155879
155880
155881
155882
155885
155886
155940
155941
155942
155943
155944
155945
155948
155949
156003
156004
156005
156006
156007
156008
156011
156012
156066
156067
156068
156069
156070
156071
156074
156075
156129
156130
156131
156132
156133
156134
156137
156138
156192
156193
156194
156195
156196
156197
156200
156201
156255
156256
156257
156258
156259
156260
156263
156264
156318
156319
156320
156321
156322
156323
156326
156327
156381
156382
156383
156384
156385
156386
156389
156390
156444
156445
156446
156447
156448
156449
156452
156453
156507
156508
156509
156510
156511
156512
156515
156516
156570
156571
156572
156573
156574
156575
156578
156579
156633
156634
156635
156636
156637
156638
156641
156642
156696
156697
156704
156705
156759
156760
156767
156768
156822
156823
156824
156825
156826
156827
156828
156829
156830
156831
156885
156886
156887
156888
156889
156890
156891
156892
156893
156894
156948
156949
156950
156951
156952
156953
156954
156955
156956
156957
157011
157012
157013
157014
157015
157016
157017
157018
157019
157020
157074
157075
157076
157077
157078
157079
157080
157081
157082
157083
157137
157138
157139
157140
157141
157142
157143
157144
157145
157146
157200
157201
157202
157203
157204
157205
157206
157207
157208
157209
157263
157264
157265
157266
157267
157268
157269
157270
157271
157272
157326
157327
157328
157329
157330
157331
157332
157333
157334
157335
157389
157390
157391
157392
157393
157394
157395
157396
157397
157398
157452
157453
157454
157455
157456
157457
157458
157459
157460
157461
157515
157516
157517
157518
157519
157520
157521
157522
157523
157524
157578
157579
157580
157581
157582
157583
157584
157585
157586
157587
157641
157642
157643
157644
157645
157646
157647
157648
157649
157650
157704
157705
157712
157713
157767
157768
157775
157776
157830
157831
157832
157838
157839
157893
157894
157895
157901
157902
158712
158713
158719
158720
158721
158775
158776
158782
158783
158784
158838
158839
158846
158847
158901
158902
158903
158904
158905
158906
158907
158908
158909
158910
158964
158965
158966
158967
158968
158969
158970
158971
158972
158973
159027
159028
159029
159030
159031
159032
159033
159034
159035
159036
159090
159091
159092
159093
159094
159095
159096
159097
159098
159099
159153
159154
159155
159156
159157
159158
159159
159160
159161
159162
159216
159217
159218
159219
159220
159221
159222
159223
159224
159225
159279
159280
159281
159282
159283
159284
159285
159286
159287
159288
159342
159343
159344
159345
159346
159347
159348
159349
159350
159351
159405
159406
159407
159408
159409
159410
159411
159412
159413
159414
159468
159469
159470
159471
159472
159473
159474
159475
159476
159477
159531
159532
159533
159534
159535
159536
159537
159538
159539
159540
159594
159595
159596
159597
159598
159599
159600
159601
159602
159603
159657
159658
159665
159666
159720
159721
159728
159729
159783
159784
159791
159792
159846
159847
159854
159855
159909
159910
159917
159918
159972
159973
159980
159981
160035
160036
160043
160044
160098
160099
160106
160107
160161
160162
160169
160170
160224
160225
160226
160227
160228
160229
160232
160233
160287
160288
160289
160290
160291
160292
160295
160296
160350
160351
160352
160353
160354
160355
160358
160359
160413
160414
160415
160416
160417
160418
160421
160422
160476
160477
160478
160479
160480
160481
160484
160485
160539
160540
160541
160542
160543
160544
160547
160548
160602
160603
160604
160605
160606
160607
160610
160611
160665
160666
160667
160668
160669
160670
160673
160674
160728
160729
160730
160731
160732
160733
160736
160737
160791
160792
160793
160794
160795
160796
160799
160800
160854
160855
160856
160857
160858
160859
160862
160863
160917
160918
160919
160920
160921
160922
160925
160926
160980
160981
160982
160983
160984
160985
160988
160989
161043
161044
161045
161046
161047
161048
161051
161052
161106
161107
161108
161109
161110
161111
161114
161115
161169
161170
161171
161172
161173
161174
161177
161178
161232
161233
161234
161235
161236
161237
161240
161241
161295
161296
161297
161298
161299
161300
161303
161304
161358
161359
161366
161367
161421
161422
161429
161430
161484
161485
161486
161487
161488
161489
161490
161491
161492
161493
161547
161548
161549
161550
161551
161552
161553
161554
161555
161556
161610
161611
161612
161613
161614
161615
161616
161617
161618
161619
161673
161674
161675
161676
161677
161678
161679
161680
161681
161682
161736
161737
161738
161739
161740
161741
161742
161743
161744
161745
161799
161800
161801
161802
161803
161804
161805
161806
161807
161808
161862
161863
161864
161865
161866
161867
161868
161869
161870
161871
161925
161926
161927
161928
161929
161930
161931
161932
161933
161934
161988
161989
161990
161991
161992
161993
161994
161995
161996
161997
162051
162052
162053
162054
162055
162056
162057
162058
162059
162060
162114
162115
162116
162117
162118
162119
162120
162121
162122
162123
162177
162178
162179
162180
162181
162182
162183
162184
162185
162186
162240
162241
162242
162243
162244
162245
162246
162247
162248
162249
162303
162304
162305
162306
162307
162308
162309
162310
162311
162312
162366
162367
162374
162375
162429
162430
162437
162438
162492
162493
162494
162500
162501
162555
162556
162557
162563
162564
163374
163375
163381
163382
163383
163437
163438
163444
163445
163446
163500
163501
163508
163509
163563
163564
163565
163566
163567
163568
163569
163570
163571
163572
163626
163627
163628
163629
163630
163631
163632
163633
163634
163635
163689
163690
163691
163692
163693
163694
163695
163696
163697
163698
163752
163753
163754
163755
163756
163757
163758
163759
163760
163761
163815
163816
163817
163818
163819
163820
163821
163822
163823
163824
163878
163879
163880
163881
163882
163883
163884
163885
163886
163887
163941
163942
163943
163944
163945
163946
163947
163948
163949
163950
164004
164005
164006
164007
164008
164009
164010
164011
164012
164013
164067
164068
164069
164070
164071
164072
164073
164074
164075
164076
164130
164131
164132
164133
164134
164135
164136
164137
164138
164139
164193
164194
164195
164196
164197
164198
164199
164200
164201
164202
164256
164257
164258
164259
164260
164261
164262
164263
164264
164265
164319
164320
164327
164328
164382
164383
164390
164391
164445
164446
164453
164454
164508
164509
164516
164517
164571
164572
164579
164580
164634
164635
164642
164643
164697
164698
164705
164706
164760
164761
164768
164769
164823
164824
164831
164832
164886
164887
164888
164889
164890
164891
164894
164895
164949
164950
164951
164952
164953
164954
164957
164958
165012
165013
165014
165015
165016
165017
165020
165021
165075
165076
165077
165078
165079
165080
165083
165084
165138
165139
165140
165141
165142
165143
165146
165147
165201
165202
165203
165204
165205
165206
165209
165210
165264
165265
165266
165267
165268
165269
165272
165273
165327
165328
165329
165330
165331
165332
165335
165336
165390
165391
165392
165393
165394
165395
165398
165399
165453
165454
165455
165456
165457
165458
165461
165462
165516
165517
165518
165519
165520
165521
165524
165525
165579
165580
165581
165582
165583
165584
165587
165588
165642
165643
165644
165645
165646
165647
165650
165651
165705
165706
165707
165708
165709
165710
165713
165714
165768
165769
165770
165771
165772
165773
165776
165777
165831
165832
165833
165834
165835
165836
165839
165840
165894
165895
165896
165897
165898
165899
165902
165903
165957
165958
165959
165960
165961
165962
165965
165966
166020
166021
166028
166029
166083
166084
166091
166092
166146
166147
166148
166149
166150
166151
166152
166153
166154
166155
166209
166210
166211
166212
166213
166214
166215
166216
166217
166218
166272
166273
166274
166275
166276
166277
166278
166279
166280
166281
166335
166336
166337
166338
166339
166340
166341
166342
166343
166344
166398
166399
166400
166401
166402
166403
166404
166405
166406
166407
166461
166462
166463
166464
166465
166466
166467
166468
166469
166470
166524
166525
166526
166527
166528
166529
166530
166531
166532
166533
166587
166588
166589
166590
166591
166592
166593
166594
166595
166596
166650
166651
166652
166653
166654
166655
166656
166657
166658
166659
166713
166714
166715
166716
166717
166718
166719
166720
166721
166722
166776
166777
166778
166779
166780
166781
166782
166783
166784
166785
166839
166840
166841
166842
166843
166844
166845
166846
166847
166848
166902
166903
166904
166905
166906
166907
166908
166909
166910
166911
166965
166966
166967
166968
166969
166970
166971
166972
166973
166974
167028
167029
167036
167037
167091
167092
167099
167100
167154
167155
167156
167162
167163
167217
167218
167219
167225
167226
168036
168037
168043
168044
168045
168099
168100
168106
168107
168108
168162
168163
168170
168171
168225
168226
168227
168228
168229
168230
168231
168232
168233
168234
168288
168289
168290
168291
168292
168293
168294
168295
168296
168297
168351
168352
168353
168354
168355
168356
168357
168358
168359
168360
168414
168415
168416
168417
168418
168419
168420
168421
168422
168423
168477
168478
168479
168480
168481
168482
168483
168484
168485
168486
168540
168541
168542
168543
168544
168545
168546
168547
168548
168549
168603
168604
168605
168606
168607
168608
168609
168610
168611
168612
168666
168667
168668
168669
168670
168671
168672
168673
168674
168675
168729
168730
168731
168732
168733
168734
168735
168736
168737
168738
168792
168793
168794
168795
168796
168797
168798
168799
168800
168801
168855
168856
168857
168858
168859
168860
168861
168862
168863
168864
168918
168919
168920
168921
168922
168923
168924
168925
168926
168927
168981
168982
168989
168990
169044
169045
169052
169053
169107
169108
169115
169116
169170
169171
169178
169179
169233
169234
169241
169242
169296
169297
169304
169305
169359
169360
169367
169368
169422
169423
169430
169431
169485
169486
169493
169494
169548
169549
169550
169551
169552
169553
169556
169557
169611
169612
169613
169614
169615
169616
169619
169620
169674
169675
169676
169677
169678
169679
169682
169683
169737
169738
169739
169740
169741
169742
169745
169746
169800
169801
169802
169803
169804
169805
169808
169809
169863
169864
169865
169866
169867
169868
169871
169872
169926
169927
169928
169929
169930
169931
169934
169935
169989
169990
169991
169992
169993
169994
169997
169998
170052
170053
170054
170055
170056
170057
170060
170061
170115
170116
170117
170118
170119
170120
170123
170124
170178
170179
170180
170181
170182
170183
170186
170187
170241
170242
170243
170244
170245
170246
170249
170250
170304
170305
170306
170307
170308
170309
170312
170313
170367
170368
170369
170370
170371
170372
170375
170376
170430
170431
170432
170433
170434
170435
170438
170439
170493
170494
170495
170496
170497
170498
170501
170502
170556
170557
170558
170559
170560
170561
170564
170565
170619
170620
170621
170622
170623
170624
170627
170628
170682
170683
170690
170691
170745
170746
170753
170754
170808
170809
170810
170811
170812
170813
170814
170815
170816
170817
170871
170872
170873
170874
170875
170876
170877
170878
170879
170880
170934
170935
170936
170937
170938
170939
170940
170941
170942
170943
170997
170998
170999
171000
171001
171002
171003
171004
171005
171006
171060
171061
171062
171063
171064
171065
171066
171067
171068
171069
171123
171124
171125
171126
171127
171128
171129
171130
171131
171132
171186
171187
171188
171189
171190
171191
171192
171193
171194
171195
171249
171250
171251
171252
171253
171254
171255
171256
171257
171258
171312
171313
171314
171315
171316
171317
171318
171319
171320
171321
171375
171376
171377
171378
171379
171380
171381
171382
171383
171384
171438
171439
171440
171441
171442
171443
171444
171445
171446
171447
171501
171502
171503
171504
171505
171506
171507
171508
171509
171510
171564
171565
171566
171567
171568
171569
171570
171571
171572
171573
171627
171628
171629
171630
171631
171632
171633
171634
171635
171636
171690
171691
171698
171699
171753
171754
171761
171762
171816
171817
171818
171824
171825
171879
171880
171881
171887
171888
172698
172699
172705
172706
172707
172761
172762
172768
172769
172770
172824
172825
172832
172833
172887
172888
172889
172890
172891
172892
172893
172894
172895
172896
172950
172951
172952
172953
172954
172955
172956
172957
172958
172959
173013
173014
173015
173016
173017
173018
173019
173020
173021
173022
173076
173077
173078
173079
173080
173081
173082
173083
173084
173085
173139
173140
173141
173142
173143
173144
173145
173146
173147
173148
173202
173203
173204
173205
173206
173207
173208
173209
173210
173211
173265
173266
173267
173268
173269
173270
173271
173272
173273
173274
173328
173329
173330
173331
173332
173333
173334
173335
173336
173337
173391
173392
173393
173394
173395
173396
173397
173398
173399
173400
173454
173455
173456
173457
173458
173459
173460
173461
173462
173463
173517
173518
173519
173520
173521
173522
173523
173524
173525
173526
173580
173581
173582
173583
173584
173585
173586
173587
173588
173589
173643
173644
173651
173652
173706
173707
173714
173715
173769
173770
173777
173778
173832
173833
173840
173841
173895
173896
173903
173904
173958
173959
173966
173967
174021
174022
174029
174030
174084
174085
174092
174093
174147
174148
174155
174156
174210
174211
174212
174213
174214
174215
174218
174219
174273
174274
174275
174276
174277
174278
174281
174282
174336
174337
174338
174339
174340
174341
174344
174345
174399
174400
174401
174402
174403
174404
174407
174408
174462
174463
174464
174465
174466
174467
174470
174471
174525
174526
174527
174528
174529
174530
174533
174534
174588
174589
174590
174591
174592
174593
174596
174597
174651
174652
174653
174654
174655
174656
174659
174660
174714
174715
174716
174717
174718
174719
174722
174723
174777
174778
174779
174780
174781
174782
174785
174786
174840
174841
174842
174843
174844
174845
174848
174849
174903
174904
174905
174906
174907
174908
174911
174912
174966
174967
174968
174969
174970
174971
174974
174975
175029
175030
175031
175032
175033
175034
175037
175038
175092
175093
175094
175095
175096
175097
175100
175101
175155
175156
175157
175158
175159
175160
175163
175164
175218
175219
175220
175221
175222
175223
175226
175227
175281
175282
175283
175284
175285
175286
175289
175290
175344
175345
175352
175353
175407
175408
175415
175416
175470
175471
175472
175473
175474
175475
175476
175477
175478
175479
175533
175534
175535
175536
175537
175538
175539
175540
175541
175542
175596
175597
175598
175599
175600
175601
175602
175603
175604
175605
175659
175660
175661
175662
175663
175664
175665
175666
175667
175668
175722
175723
175724
175725
175726
175727
175728
175729
175730
175731
175785
175786
175787
175788
175789
175790
175791
175792
175793
175794
175848
175849
175850
175851
175852
175853
175854
175855
175856
175857
175911
175912
175913
175914
175915
175916
175917
175918
175919
175920
175974
175975
175976
175977
175978
175979
175980
175981
175982
175983
176037
176038
176039
176040
176041
176042
176043
176044
176045
176046
176100
176101
176102
176103
176104
176105
176106
176107
176108
176109
176163
176164
176165
176166
176167
176168
176169
176170
176171
176172
176226
176227
176228
176229
176230
176231
176232
176233
176234
176235
176289
176290
176291
176292
176293
176294
176295
176296
176297
176298
176352
176353
176360
176361
176415
176416
176423
176424
176478
176479
176480
176486
176487
176541
176542
176543
176549
176550
177360
177361
177367
177368
177369
177423
177424
177430
177431
177432
177486
177487
177494
177495
177549
177550
177551
177552
177553
177554
177555
177556
177557
177558
177612
177613
177614
177615
177616
177617
177618
177619
177620
177621
177675
177676
177677
177678
177679
177680
177681
177682
177683
177684
177738
177739
177740
177741
177742
177743
177744
177745
177746
177747
177801
177802
177803
177804
177805
177806
177807
177808
177809
177810
177864
177865
177866
177867
177868
177869
177870
177871
177872
177873
177927
177928
177929
177930
177931
177932
177933
177934
177935
177936
177990
177991
177992
177993
177994
177995
177996
177997
177998
177999
178053
178054
178055
178056
178057
178058
178059
178060
178061
178062
178116
178117
178118
178119
178120
178121
178122
178123
178124
178125
178179
178180
178181
178182
178183
178184
178185
178186
178187
178188
178242
178243
178244
178245
178246
178247
178248
178249
178250
178251
178305
178306
178313
178314
178368
178369
178376
178377
178431
178432
178439
178440
178494
178495
178502
178503
178557
178558
178565
178566
178620
178621
178628
178629
178683
178684
178691
178692
178746
178747
178754
178755
178809
178810
178817
178818
178872
178873
178874
178875
178876
178877
178880
178881
178935
178936
178937
178938
178939
178940
178943
178944
178998
178999
179000
179001
179002
179003
179006
179007
179061
179062
179063
179064
179065
179066
179069
179070
179124
179125
179126
179127
179128
179129
179132
179133
179187
179188
179189
179190
179191
179192
179195
179196
179250
179251
179252
179253
179254
179255
179258
179259
179313
179314
179315
179316
179317
179318
179321
179322
179376
179377
179378
179379
179380
179381
179384
179385
179439
179440
179441
179442
179443
179444
179447
179448
179502
179503
179504
179505
179506
179507
179510
179511
179565
179566
179567
179568
179569
179570
179573
179574
179628
179629
179630
179631
179632
179633
179636
179637
179691
179692
179693
179694
179695
179696
179699
179700
179754
179755
179756
179757
179758
179759
179762
179763
179817
179818
179819
179820
179821
179822
179825
179826
179880
179881
179882
179883
179884
179885
179888
179889
179943
179944
179945
179946
179947
179948
179951
179952
180006
180007
180014
180015
180069
180070
180077
180078
180132
180133
180134
180135
180136
180137
180138
180139
180140
180141
180195
180196
180197
180198
180199
180200
180201
180202
180203
180204
180258
180259
180260
180261
180262
180263
180264
180265
180266
180267
180321
180322
180323
180324
180325
180326
180327
180328
180329
180330
180384
180385
180386
180387
180388
180389
180390
180391
180392
180393
180447
180448
180449
180450
180451
180452
180453
180454
180455
180456
180510
180511
180512
180513
180514
180515
180516
180517
180518
180519
180573
180574
180575
180576
180577
180578
180579
180580
180581
180582
180636
180637
180638
180639
180640
180641
180642
180643
180644
180645
180699
180700
180701
180702
180703
180704
180705
180706
180707
180708
180762
180763
180764
180765
180766
180767
180768
180769
180770
180771
180825
180826
180827
180828
180829
180830
180831
180832
180833
180834
180888
180889
180890
180891
180892
180893
180894
180895
180896
180897
180951
180952
180953
180954
180955
180956
180957
180958
180959
180960
181014
181015
181022
181023
181077
181078
181085
181086
181140
181141
181142
181148
181149
181203
181204
181205
181211
181212
182022
182023
182029
182030
182031
182085
182086
182092
182093
182094
182148
182149
182156
182157
182211
182212
182213
182214
182215
182216
182217
182218
182219
182220
182274
182275
182276
182277
182278
182279
182280
182281
182282
182283
182337
182338
182339
182340
182341
182342
182343
182344
182345
182346
182400
182401
182402
182403
182404
182405
182406
182407
182408
182409
182463
182464
182465
182466
182467
182468
182469
182470
182471
182472
182526
182527
182528
182529
182530
182531
182532
182533
182534
182535
182589
182590
182591
182592
182593
182594
182595
182596
182597
182598
182652
182653
182654
182655
182656
182657
182658
182659
182660
182661
182715
182716
182717
182718
182719
182720
182721
182722
182723
182724
182778
182779
182780
182781
182782
182783
182784
182785
182786
182787
182841
182842
182843
182844
182845
182846
182847
182848
182849
182850
182904
182905
182906
182907
182908
182909
182910
182911
182912
182913
182967
182968
182975
182976
183030
183031
183038
183039
183093
183094
183101
183102
183156
183157
183164
183165
183219
183220
183227
183228
183282
183283
183290
183291
183345
183346
183353
183354
183408
183409
183416
183417
183471
183472
183479
183480
183534
183535
183536
183537
183538
183539
183542
183543
183597
183598
183599
183600
183601
183602
183605
183606
183660
183661
183662
183663
183664
183665
183668
183669
183723
183724
183725
183726
183727
183728
183731
183732
183786
183787
183788
183789
183790
183791
183794
183795
183849
183850
183851
183852
183853
183854
183857
183858
183912
183913
183914
183915
183916
183917
183920
183921
183975
183976
183977
183978
183979
183980
183983
183984
184038
184039
184040
184041
184042
184043
184046
184047
184101
184102
184103
184104
184105
184106
184109
184110
184164
184165
184166
184167
184168
184169
184172
184173
184227
184228
184229
184230
184231
184232
184235
184236
184290
184291
184292
184293
184294
184295
184298
184299
184353
184354
184355
184356
184357
184358
184361
184362
184416
184417
184418
184419
184420
184421
184424
184425
184479
184480
184481
184482
184483
184484
184487
184488
184542
184543
184544
184545
184546
184547
184550
184551
184605
184606
184607
184608
184609
184610
184613
184614
184668
184669
184676
184677
184731
184732
184739
184740
184794
184795
184796
184797
184798
184799
184800
184801
184802
184803
184857
184858
184859
184860
184861
184862
184863
184864
184865
184866
184920
184921
184922
184923
184924
184925
184926
184927
184928
184929
184983
184984
184985
184986
184987
184988
184989
184990
184991
184992
185046
185047
185048
185049
185050
185051
185052
185053
185054
185055
185109
185110
185111
185112
185113
185114
185115
185116
185117
185118
185172
185173
185174
185175
185176
185177
185178
185179
185180
185181
185235
185236
185237
185238
185239
185240
185241
185242
185243
185244
185298
185299
185300
185301
185302
185303
185304
185305
185306
185307
185361
185362
185363
185364
185365
185366
185367
185368
185369
185370
185424
185425
185426
185427
185428
185429
185430
185431
185432
185433
185487
185488
185489
185490
185491
185492
185493
185494
185495
185496
185550
185551
185552
185553
185554
185555
185556
185557
185558
185559
185613
185614
185615
185616
185617
185618
185619
185620
185621
185622
185676
185677
185684
185685
185739
185740
185747
185748
185802
185803
185804
185810
185811
185865
185866
185867
185873
185874
186684
186685
186691
186692
186693
186747
186748
186754
186755
186756
186810
186811
186818
186819
186873
186874
186875
186876
186877
186878
186879
186880
186881
186882
186936
186937
186938
186939
186940
186941
186942
186943
186944
186945
186999
187000
187001
187002
187003
187004
187005
187006
187007
187008
187062
187063
187064
187065
187066
187067
187068
187069
187070
187071
187125
187126
187127
187128
187129
187130
187131
187132
187133
187134
187188
187189
187190
187191
187192
187193
187194
187195
187196
187197
187251
187252
187253
187254
187255
187256
187257
187258
187259
187260
187314
187315
187316
187317
187318
187319
187320
187321
187322
187323
187377
187378
187379
187380
187381
187382
187383
187384
187385
187386
187440
187441
187442
187443
187444
187445
187446
187447
187448
187449
187503
187504
187505
187506
187507
187508
187509
187510
187511
187512
187566
187567
187568
187569
187570
187571
187572
187573
187574
187575
187629
187630
187637
187638
187692
187693
187700
187701
187755
187756
187763
187764
187818
187819
187826
187827
187881
187882
187889
187890
187944
187945
187952
187953
188007
188008
188015
188016
188070
188071
188078
188079
188133
188134
188141
188142
188196
188197
188198
188199
188200
188201
188204
188205
188259
188260
188261
188262
188263
188264
188267
188268
188322
188323
188324
188325
188326
188327
188330
188331
188385
188386
188387
188388
188389
188390
188393
188394
188448
188449
188450
188451
188452
188453
188456
188457
188511
188512
188513
188514
188515
188516
188519
188520
188574
188575
188576
188577
188578
188579
188582
188583
188637
188638
188639
188640
188641
188642
188645
188646
188700
188701
188702
188703
188704
188705
188708
188709
188763
188764
188765
188766
188767
188768
188771
188772
188826
188827
188828
188829
188830
188831
188834
188835
188889
188890
188891
188892
188893
188894
188897
188898
188952
188953
188954
188955
188956
188957
188960
188961
189015
189016
189017
189018
189019
189020
189023
189024
189078
189079
189080
189081
189082
189083
189086
189087
189141
189142
189143
189144
189145
189146
189149
189150
189204
189205
189206
189207
189208
189209
189212
189213
189267
189268
189269
189270
189271
189272
189275
189276
189330
189331
189338
189339
189393
189394
189401
189402
189456
189457
189459
189460
189461
189462
189464
189465
189519
189520
189522
189523
189524
189525
189527
189528
189582
189583
189585
189586
189587
189588
189590
189591
189645
189646
189648
189649
189650
189651
189653
189654
189708
189709
189711
189712
189713
189714
189716
189717
189771
189772
189774
189775
189776
189777
189779
189780
189834
189835
189837
189838
189839
189840
189842
189843
189897
189898
189900
189901
189902
189903
189905
189906
189960
189961
189963
189964
189965
189966
189968
189969
190023
190024
190026
190027
190028
190029
190031
190032
190086
190087
190089
190090
190091
190092
190094
190095
190149
190150
190152
190153
190154
190155
190157
190158
190212
190213
190215
190216
190217
190218
190220
190221
190275
190276
190283
190284
190338
190339
190346
190347
190401
190402
190409
190410
190464
190465
190466
190472
190473
190527
190528
190529
190535
190536
191346
191347
191353
191354
191355
191409
191410
191416
191417
191418
191472
191473
191480
191481
191535
191536
191537
191538
191539
191540
191541
191542
191543
191544
191598
191599
191600
191601
191602
191603
191604
191605
191606
191607
191661
191662
191663
191664
191665
191666
191667
191668
191669
191670
191724
191725
191726
191727
191728
191729
191730
191731
191732
191733
191787
191788
191789
191790
191791
191792
191793
191794
191795
191796
191850
191851
191852
191853
191854
191855
191856
191857
191858
191859
191913
191914
191915
191916
191917
191918
191919
191920
191921
191922
191976
191977
191978
191979
191980
191981
191982
191983
191984
191985
192039
192040
192041
192042
192043
192044
192045
192046
192047
192048
192102
192103
192104
192105
192106
192107
192108
192109
192110
192111
192165
192166
192167
192168
192169
192170
192171
192172
192173
192174
192228
192229
192230
192231
192232
192233
192234
192235
192236
192237
192291
192292
192299
192300
192354
192355
192362
192363
192417
192418
192425
192426
192480
192481
192488
192489
192543
192544
192551
192552
192606
192607
192614
192615
192669
192670
192677
192678
192732
192733
192740
192741
192795
192796
192803
192804
192858
192859
192860
192861
192862
192863
192866
192867
192921
192922
192923
192924
192925
192926
192929
192930
192984
192985
192986
192987
192988
192989
192992
192993
193047
193048
193049
193050
193051
193052
193055
193056
193110
193111
193112
193113
193114
193115
193118
193119
193173
193174
193175
193176
193177
193178
193181
193182
193236
193237
193238
193239
193240
193241
193244
193245
193299
193300
193301
193302
193303
193304
193307
193308
193362
193363
193364
193365
193366
193367
193370
193371
193425
193426
193427
193428
193429
193430
193433
193434
193488
193489
193490
193491
193492
193493
193496
193497
193551
193552
193553
193554
193555
193556
193559
193560
193614
193615
193616
193617
193618
193619
193622
193623
193677
193678
193679
193680
193681
193682
193685
193686
193740
193741
193742
193743
193744
193745
193748
193749
193803
193804
193805
193806
193807
193808
193811
193812
193866
193867
193868
193869
193870
193871
193874
193875
193929
193930
193931
193932
193933
193934
193937
193938
193992
193993
194000
194001
194055
194056
194063
194064
194118
194119
194121
194122
194123
194124
194126
194127
194181
194182
194184
194185
194186
194187
194189
194190
194244
194245
194247
194248
194249
194250
194252
194253
194307
194308
194310
194311
194312
194313
194315
194316
194370
194371
194373
194374
194375
194376
194378
194379
194433
194434
194436
194437
194438
194439
194441
194442
194496
194497
194499
194500
194501
194502
194504
194505
194559
194560
194562
194563
194564
194565
194567
194568
194622
194623
194625
194626
194627
194628
194630
194631
194685
194686
194688
194689
194690
194691
194693
194694
194748
194749
194751
194752
194753
194754
194756
194757
194811
194812
194814
194815
194816
194817
194819
194820
194874
194875
194877
194878
194879
194880
194882
194883
194937
194938
194945
194946
195000
195001
195008
195009
195063
195064
195071
195072
195126
195127
195128
195134
195135
195189
195190
195191
195197
195198
196008
196009
196015
196016
196017
196071
196072
196078
196079
196080
196134
196135
196142
196143
196197
196198
196199
196200
196201
196202
196203
196204
196205
196206
196260
196261
196262
196263
196264
196265
196266
196267
196268
196269
196323
196324
196325
196326
196327
196328
196329
196330
196331
196332
196386
196387
196388
196389
196390
196391
196392
196393
196394
196395
196449
196450
196451
196452
196453
196454
196455
196456
196457
196458
196512
196513
196514
196515
196516
196517
196518
196519
196520
196521
196575
196576
196577
196578
196579
196580
196581
196582
196583
196584
196638
196639
196640
196641
196642
196643
196644
196645
196646
196647
196701
196702
196703
196704
196705
196706
196707
196708
196709
196710
196764
196765
196766
196767
196768
196769
196770
196771
196772
196773
196827
196828
196829
196830
196831
196832
196833
196834
196835
196836
196890
196891
196892
196893
196894
196895
196896
196897
196898
196899
196953
196954
196961
196962
197016
197017
197024
197025
197079
197080
197087
197088
197142
197143
197150
197151
197205
197206
197213
197214
197268
197269
197276
197277
197331
197332
197339
197340
197394
197395
197402
197403
197457
197458
197465
197466
197520
197521
197522
197523
197524
197525
197528
197529
197583
197584
197585
197586
197587
197588
197591
197592
197646
197647
197648
197649
197650
197651
197654
197655
197709
197710
197711
197712
197713
197714
197717
197718
197772
197773
197774
197775
197776
197777
197780
197781
197835
197836
197837
197838
197839
197840
197843
197844
197898
197899
197900
197901
197902
197903
197906
197907
197961
197962
197963
197964
197965
197966
197969
197970
198024
198025
198026
198027
198028
198029
198032
198033
198087
198088
198089
198090
198091
198092
198095
198096
198150
198151
198152
198153
198154
198155
198158
198159
198213
198214
198215
198216
198217
198218
198221
198222
198276
198277
198278
198279
198280
198281
198284
198285
198339
198340
198341
198342
198343
198344
198347
198348
198402
198403
198404
198405
198406
198407
198410
198411
198465
198466
198467
198468
198469
198470
198473
198474
198528
198529
198530
198531
198532
198533
198536
198537
198591
198592
198593
198594
198595
198596
198599
198600
198654
198655
198662
198663
198717
198718
198725
198726
198780
198781
198783
198784
198785
198786
198788
198789
198843
198844
198846
198847
198848
198849
198851
198852
198906
198907
198909
198910
198911
198912
198914
198915
198969
198970
198972
198973
198974
198975
198977
198978
199032
199033
199035
199036
199037
199038
199040
199041
199095
199096
199098
199099
199100
199101
199103
199104
199158
199159
199161
199162
199163
199164
199166
199167
199221
199222
199224
199225
199226
199227
199229
199230
199284
199285
199287
199288
199289
199290
199292
199293
199347
199348
199350
199351
199352
199353
199355
199356
199410
199411
199413
199414
199415
199416
199418
199419
199473
199474
199476
199477
199478
199479
199481
199482
199536
199537
199539
199540
199541
199542
199544
199545
199599
199600
199607
199608
199662
199663
199670
199671
199725
199726
199733
199734
199788
199789
199790
199796
199797
199851
199852
199853
199859
199860
200670
200671
200677
200678
200679
200733
200734
200740
200741
200742
200796
200797
200804
200805
200859
200860
200861
200862
200863
200864
200865
200866
200867
200868
200922
200923
200924
200925
200926
200927
200928
200929
200930
200931
200985
200986
200987
200988
200989
200990
200991
200992
200993
200994
201048
201049
201050
201051
201052
201053
201054
201055
201056
201057
201111
201112
201113
201114
201115
201116
201117
201118
201119
201120
201174
201175
201176
201177
201178
201179
201180
201181
201182
201183
201237
201238
201239
201240
201241
201242
201243
201244
201245
201246
201300
201301
201302
201303
201304
201305
201306
201307
201308
201309
201363
201364
201365
201366
201367
201368
201369
201370
201371
201372
201426
201427
201428
201429
201430
201431
201432
201433
201434
201435
201489
201490
201491
201492
201493
201494
201495
201496
201497
201498
201552
201553
201554
201555
201556
201557
201558
201559
201560
201561
201615
201616
201623
201624
201678
201679
201686
201687
201741
201742
201749
201750
201804
201805
201812
201813
201867
201868
201875
201876
201930
201931
201938
201939
201993
201994
202001
202002
202056
202057
202064
202065
202119
202120
202127
202128
202182
202183
202184
202185
202186
202187
202190
202191
202245
202246
202247
202248
202249
202250
202253
202254
202308
202309
202310
202311
202312
202313
202316
202317
202371
202372
202373
202374
202375
202376
202379
202380
202434
202435
202436
202437
202438
202439
202442
202443
202497
202498
202499
202500
202501
202502
202505
202506
202560
202561
202562
202563
202564
202565
202568
202569
202623
202624
202625
202626
202627
202628
202631
202632
202686
202687
202688
202689
202690
202691
202694
202695
202749
202750
202751
202752
202753
202754
202757
202758
202812
202813
202814
202815
202816
202817
202820
202821
202875
202876
202877
202878
202879
202880
202883
202884
202938
202939
202940
202941
202942
202943
202946
202947
203001
203002
203003
203004
203005
203006
203009
203010
203064
203065
203066
203067
203068
203069
203072
203073
203127
203128
203129
203130
203131
203132
203135
203136
203190
203191
203192
203193
203194
203195
203198
203199
203253
203254
203255
203256
203257
203258
203261
203262
203316
203317
203324
203325
203379
203380
203387
203388
203442
203443
203445
203446
203447
203448
203450
203451
203505
203506
203508
203509
203510
203511
203513
203514
203568
203569
203571
203572
203573
203574
203576
203577
203631
203632
203634
203635
203636
203637
203639
203640
203694
203695
203697
203698
203699
203700
203702
203703
203757
203758
203760
203761
203762
203763
203765
203766
203820
203821
203823
203824
203825
203826
203828
203829
203883
203884
203886
203887
203888
203889
203891
203892
203946
203947
203949
203950
203951
203952
203954
203955
204009
204010
204012
204013
204014
204015
204017
204018
204072
204073
204075
204076
204077
204078
204080
204081
204135
204136
204138
204139
204140
204141
204143
204144
204198
204199
204201
204202
204203
204204
204206
204207
204261
204262
204269
204270
204324
204325
204332
204333
204387
204388
204395
204396
204450
204451
204452
204458
204459
204513
204514
204515
204521
204522
205332
205333
205339
205340
205341
205395
205396
205402
205403
205404
205458
205459
205466
205467
205521
205522
205523
205524
205525
205526
205527
205528
205529
205530
205584
205585
205586
205587
205588
205589
205590
205591
205592
205593
205647
205648
205649
205650
205651
205652
205653
205654
205655
205656
205710
205711
205712
205713
205714
205715
205716
205717
205718
205719
205773
205774
205775
205776
205777
205778
205779
205780
205781
205782
205836
205837
205838
205839
205840
205841
205842
205843
205844
205845
205899
205900
205901
205902
205903
205904
205905
205906
205907
205908
205962
205963
205964
205965
205966
205967
205968
205969
205970
205971
206025
206026
206027
206028
206029
206030
206031
206032
206033
206034
206088
206089
206090
206091
206092
206093
206094
206095
206096
206097
206151
206152
206153
206154
206155
206156
206157
206158
206159
206160
206214
206215
206216
206217
206218
206219
206220
206221
206222
206223
206277
206278
206285
206286
206340
206341
206348
206349
206403
206404
206411
206412
206466
206467
206474
206475
206529
206530
206537
206538
206592
206593
206600
206601
206655
206656
206663
206664
206718
206719
206726
206727
206781
206782
206789
206790
206844
206845
206846
206847
206848
206849
206852
206853
206907
206908
206909
206910
206911
206912
206915
206916
206970
206971
206972
206973
206974
206975
206978
206979
207033
207034
207035
207036
207037
207038
207041
207042
207096
207097
207098
207099
207100
207101
207104
207105
207159
207160
207161
207162
207163
207164
207167
207168
207222
207223
207224
207225
207226
207227
207230
207231
207285
207286
207287
207288
207289
207290
207293
207294
207348
207349
207350
207351
207352
207353
207356
207357
207411
207412
207413
207414
207415
207416
207419
207420
207474
207475
207476
207477
207478
207479
207482
207483
207537
207538
207539
207540
207541
207542
207545
207546
207600
207601
207602
207603
207604
207605
207608
207609
207663
207664
207665
207666
207667
207668
207671
207672
207726
207727
207728
207729
207730
207731
207734
207735
207789
207790
207791
207792
207793
207794
207797
207798
207852
207853
207854
207855
207856
207857
207860
207861
207915
207916
207917
207918
207919
207920
207923
207924
207978
207979
207986
207987
208041
208042
208049
208050
208104
208105
208107
208108
208109
208110
208112
208113
208167
208168
208170
208171
208172
208173
208175
208176
208230
208231
208233
208234
208235
208236
208238
208239
208293
208294
208296
208297
208298
208299
208301
208302
208356
208357
208359
208360
208361
208362
208364
208365
208419
208420
208422
208423
208424
208425
208427
208428
208482
208483
208485
208486
208487
208488
208490
208491
208545
208546
208548
208549
208550
208551
208553
208554
208608
208609
208611
208612
208613
208614
208616
208617
208671
208672
208674
208675
208676
208677
208679
208680
208734
208735
208737
208738
208739
208740
208742
208743
208797
208798
208800
208801
208802
208803
208805
208806
208860
208861
208863
208864
208865
208866
208868
208869
208923
208924
208931
208932
208986
208987
208994
208995
209049
209050
209057
209058
209112
209113
209114
209120
209121
209175
209176
209177
209183
209184
209994
209995
210001
210002
210003
210057
210058
210064
210065
210066
210120
210121
210128
210129
210183
210184
210185
210186
210187
210188
210189
210190
210191
210192
210246
210247
210248
210249
210250
210251
210252
210253
210254
210255
210309
210310
210311
210312
210313
210314
210315
210316
210317
210318
210372
210373
210374
210375
210376
210377
210378
210379
210380
210381
210435
210436
210437
210438
210439
210440
210441
210442
210443
210444
210498
210499
210500
210501
210502
210503
210504
210505
210506
210507
210561
210562
210563
210564
210565
210566
210567
210568
210569
210570
210624
210625
210626
210627
210628
210629
210630
210631
210632
210633
210687
210688
210689
210690
210691
210692
210693
210694
210695
210696
210750
210751
210752
210753
210754
210755
210756
210757
210758
210759
210813
210814
210815
210816
210817
210818
210819
210820
210821
210822
210876
210877
210878
210879
210880
210881
210882
210883
210884
210885
210939
210940
210947
210948
211002
211003
211010
211011
211065
211066
211073
211074
211128
211129
211136
211137
211191
211192
211199
211200
211254
211255
211262
211263
211317
211318
211325
211326
211380
211381
211388
211389
211443
211444
211451
211452
211506
211507
211508
211509
211510
211511
211514
211515
211569
211570
211571
211572
211573
211574
211577
211578
211632
211633
211634
211635
211636
211637
211640
211641
211695
211696
211697
211698
211699
211700
211703
211704
211758
211759
211760
211761
211762
211763
211766
211767
211821
211822
211823
211824
211825
211826
211829
211830
211884
211885
211886
211887
211888
211889
211892
211893
211947
211948
211949
211950
211951
211952
211955
211956
212010
212011
212012
212013
212014
212015
212018
212019
212073
212074
212075
212076
212077
212078
212081
212082
212136
212137
212138
212139
212140
212141
212144
212145
212199
212200
212201
212202
212203
212204
212207
212208
212262
212263
212264
212265
212266
212267
212270
212271
212325
212326
212327
212328
212329
212330
212333
212334
212388
212389
212390
212391
212392
212393
212396
212397
212451
212452
212453
212454
212455
212456
212459
212460
212514
212515
212516
212517
212518
212519
212522
212523
212577
212578
212579
212580
212581
212582
212585
212586
212640
212641
212648
212649
212703
212704
212711
212712
212766
212767
212769
212770
212771
212772
212774
212775
212829
212830
212832
212833
212834
212835
212837
212838
212892
212893
212895
212896
212897
212898
212900
212901
212955
212956
212958
212959
212960
212961
212963
212964
213018
213019
213021
213022
213023
213024
213026
213027
213081
213082
213084
213085
213086
213087
213089
213090
213144
213145
213147
213148
213149
213150
213152
213153
213207
213208
213210
213211
213212
213213
213215
213216
213270
213271
213273
213274
213275
213276
213278
213279
213333
213334
213336
213337
213338
213339
213341
213342
213396
213397
213399
213400
213401
213402
213404
213405
213459
213460
213462
213463
213464
213465
213467
213468
213522
213523
213525
213526
213527
213528
213530
213531
213585
213586
213593
213594
213648
213649
213656
213657
213711
213712
213719
213720
213774
213775
213776
213782
213783
213837
213838
213839
213845
213846
214656
214657
214663
214664
214665
214719
214720
214726
214727
214728
214782
214783
214790
214791
214845
214846
214847
214848
214849
214850
214851
214852
214853
214854
214908
214909
214910
214911
214912
214913
214914
214915
214916
214917
214971
214972
214973
214974
214975
214976
214977
214978
214979
214980
215034
215035
215036
215037
215038
215039
215040
215041
215042
215043
215097
215098
215099
215100
215101
215102
215103
215104
215105
215106
215160
215161
215162
215163
215164
215165
215166
215167
215168
215169
215223
215224
215225
215226
215227
215228
215229
215230
215231
215232
215286
215287
215288
215289
215290
215291
215292
215293
215294
215295
215349
215350
215351
215352
215353
215354
215355
215356
215357
215358
215412
215413
215414
215415
215416
215417
215418
215419
215420
215421
215475
215476
215477
215478
215479
215480
215481
215482
215483
215484
215538
215539
215540
215541
215542
215543
215544
215545
215546
215547
215601
215602
215609
215610
215664
215665
215672
215673
215727
215728
215735
215736
215790
215791
215798
215799
215853
215854
215861
215862
215916
215917
215924
215925
215979
215980
215987
215988
216042
216043
216050
216051
216105
216106
216113
216114
216168
216169
216170
216171
216172
216173
216176
216177
216231
216232
216233
216234
216235
216236
216239
216240
216294
216295
216296
216297
216298
216299
216302
216303
216357
216358
216359
216360
216361
216362
216365
216366
216420
216421
216422
216423
216424
216425
216428
216429
216483
216484
216485
216486
216487
216488
216491
216492
216546
216547
216548
216549
216550
216551
216554
216555
216609
216610
216611
216612
216613
216614
216617
216618
216672
216673
216674
216675
216676
216677
216680
216681
216735
216736
216737
216738
216739
216740
216743
216744
216798
216799
216800
216801
216802
216803
216806
216807
216861
216862
216863
216864
216865
216866
216869
216870
216924
216925
216926
216927
216928
216929
216932
216933
216987
216988
216989
216990
216991
216992
216995
216996
217050
217051
217052
217053
217054
217055
217058
217059
217113
217114
217115
217116
217117
217118
217121
217122
217176
217177
217178
217179
217180
217181
217184
217185
217239
217240
217241
217242
217243
217244
217247
217248
217302
217303
217310
217311
217365
217366
217373
217374
217428
217429
217431
217432
217433
217434
217436
217437
217491
217492
217494
217495
217496
217497
217499
217500
217554
217555
217557
217558
217559
217560
217562
217563
217617
217618
217620
217621
217622
217623
217625
217626
217680
217681
217683
217684
217685
217686
217688
217689
217743
217744
217746
217747
217748
217749
217751
217752
217806
217807
217809
217810
217811
217812
217814
217815
217869
217870
217872
217873
217874
217875
217877
217878
217932
217933
217935
217936
217937
217938
217940
217941
217995
217996
217998
217999
218000
218001
218003
218004
218058
218059
218061
218062
218063
218064
218066
218067
218121
218122
218124
218125
218126
218127
218129
218130
218184
218185
218187
218188
218189
218190
218192
218193
218247
218248
218255
218256
218310
218311
218318
218319
218373
218374
218381
218382
218436
218437
218438
218444
218445
218499
218500
218501
218507
218508
219318
219319
219325
219326
219327
219381
219382
219388
219389
219390
219444
219445
219452
219453
219507
219508
219509
219510
219511
219512
219513
219514
219515
219516
219570
219571
219572
219573
219574
219575
219576
219577
219578
219579
219633
219634
219635
219636
219637
219638
219639
219640
219641
219642
219696
219697
219698
219699
219700
219701
219702
219703
219704
219705
219759
219760
219761
219762
219763
219764
219765
219766
219767
219768
219822
219823
219824
219825
219826
219827
219828
219829
219830
219831
219885
219886
219887
219888
219889
219890
219891
219892
219893
219894
219948
219949
219950
219951
219952
219953
219954
219955
219956
219957
220011
220012
220013
220014
220015
220016
220017
220018
220019
220020
220074
220075
220076
220077
220078
220079
220080
220081
220082
220083
220137
220138
220139
220140
220141
220142
220143
220144
220145
220146
220200
220201
220202
220203
220204
220205
220206
220207
220208
220209
220263
220264
220271
220272
220326
220327
220334
220335
220389
220390
220397
220398
220452
220453
220460
220461
220515
220516
220523
220524
220578
220579
220586
220587
220641
220642
220649
220650
220704
220705
220712
220713
220767
220768
220775
220776
220830
220831
220832
220833
220834
220835
220838
220839
220893
220894
220895
220896
220897
220898
220901
220902
220956
220957
220958
220959
220960
220961
220964
220965
221019
221020
221021
221022
221023
221024
221027
221028
221082
221083
221084
221085
221086
221087
221090
221091
221145
221146
221147
221148
221149
221150
221153
221154
221208
221209
221210
221211
221212
221213
221216
221217
221271
221272
221273
221274
221275
221276
221279
221280
221334
221335
221336
221337
221338
221339
221342
221343
221397
221398
221399
221400
221401
221402
221405
221406
221460
221461
221462
221463
221464
221465
221468
221469
221523
221524
221525
221526
221527
221528
221531
221532
221586
221587
221588
221589
221590
221591
221594
221595
221649
221650
221651
221652
221653
221654
221657
221658
221712
221713
221714
221715
221716
221717
221720
221721
221775
221776
221777
221778
221779
221780
221783
221784
221838
221839
221840
221841
221842
221843
221846
221847
221901
221902
221903
221904
221905
221906
221909
221910
221964
221965
221972
221973
222027
222028
222035
222036
222090
222091
222093
222094
222095
222096
222098
222099
222153
222154
222156
222157
222158
222159
222161
222162
222216
222217
222219
222220
222221
222222
222224
222225
222279
222280
222282
222283
222284
222285
222287
222288
222342
222343
222345
222346
222347
222348
222350
222351
222405
222406
222408
222409
222410
222411
222413
222414
222468
222469
222471
222472
222473
222474
222476
222477
222531
222532
222534
222535
222536
222537
222539
222540
222594
222595
222597
222598
222599
222600
222602
222603
222657
222658
222660
222661
222662
222663
222665
222666
222720
222721
222723
222724
222725
222726
222728
222729
222783
222784
222786
222787
222788
222789
222791
222792
222846
222847
222849
222850
222851
222852
222854
222855
222909
222910
222917
222918
222972
222973
222980
222981
223035
223036
223043
223044
223098
223099
223100
223106
223107
223161
223162
223163
223169
223170
223980
223981
223987
223988
223989
224043
224044
224050
224051
224052
224106
224107
224114
224115
224169
224170
224171
224172
224173
224174
224175
224176
224177
224178
224232
224233
224234
224235
224236
224237
224238
224239
224240
224241
224295
224296
224297
224298
224299
224300
224301
224302
224303
224304
224358
224359
224360
224361
224362
224363
224364
224365
224366
224367
224421
224422
224423
224424
224425
224426
224427
224428
224429
224430
224484
224485
224486
224487
224488
224489
224490
224491
224492
224493
224547
224548
224549
224550
224551
224552
224553
224554
224555
224556
224610
224611
224612
224613
224614
224615
224616
224617
224618
224619
224673
224674
224675
224676
224677
224678
224679
224680
224681
224682
224736
224737
224738
224739
224740
224741
224742
224743
224744
224745
224799
224800
224801
224802
224803
224804
224805
224806
224807
224808
224862
224863
224864
224865
224866
224867
224868
224869
224870
224871
224925
224926
224933
224934
224988
224989
224996
224997
225051
225052
225059
225060
225114
225115
225122
225123
225177
225178
225185
225186
225240
225241
225248
225249
225303
225304
225311
225312
225366
225367
225374
225375
225429
225430
225437
225438
225492
225493
225494
225495
225496
225497
225500
225501
225555
225556
225557
225558
225559
225560
225563
225564
225618
225619
225620
225621
225622
225623
225626
225627
225681
225682
225683
225684
225685
225686
225689
225690
225744
225745
225746
225747
225748
225749
225752
225753
225807
225808
225809
225810
225811
225812
225815
225816
225870
225871
225872
225873
225874
225875
225878
225879
225933
225934
225935
225936
225937
225938
225941
225942
225996
225997
225998
225999
226000
226001
226004
226005
226059
226060
226061
226062
226063
226064
226067
226068
226122
226123
226124
226125
226126
226127
226130
226131
226185
226186
226187
226188
226189
226190
226193
226194
226248
226249
226250
226251
226252
226253
226256
226257
226311
226312
226313
226314
226315
226316
226319
226320
226374
226375
226376
226377
226378
226379
226382
226383
226437
226438
226439
226440
226441
226442
226445
226446
226500
226501
226502
226503
226504
226505
226508
226509
226563
226564
226565
226566
226567
226568
226571
226572
226626
226627
226634
226635
226689
226690
226697
226698
226752
226753
226755
226756
226757
226758
226760
226761
226815
226816
226818
226819
226820
226821
226823
226824
226878
226879
226881
226882
226883
226884
226886
226887
226941
226942
226944
226945
226946
226947
226949
226950
227004
227005
227007
227008
227009
227010
227012
227013
227067
227068
227070
227071
227072
227073
227075
227076
227130
227131
227133
227134
227135
227136
227138
227139
227193
227194
227196
227197
227198
227199
227201
227202
227256
227257
227259
227260
227261
227262
227264
227265
227319
227320
227322
227323
227324
227325
227327
227328
227382
227383
227385
227386
227387
227388
227390
227391
227445
227446
227448
227449
227450
227451
227453
227454
227508
227509
227511
227512
227513
227514
227516
227517
227571
227572
227579
227580
227634
227635
227642
227643
227697
227698
227705
227706
227760
227761
227762
227768
227769
227823
227824
227825
227831
227832
228642
228643
228649
228650
228651
228705
228706
228712
228713
228714
228768
228769
228776
228777
228831
228832
228833
228834
228835
228836
228837
228838
228839
228840
228894
228895
228896
228897
228898
228899
228900
228901
228902
228903
228957
228958
228959
228960
228961
228962
228963
228964
228965
228966
229020
229021
229022
229023
229024
229025
229026
229027
229028
229029
229083
229084
229085
229086
229087
229088
229089
229090
229091
229092
229146
229147
229148
229149
229150
229151
229152
229153
229154
229155
229209
229210
229211
229212
229213
229214
229215
229216
229217
229218
229272
229273
229274
229275
229276
229277
229278
229279
229280
229281
229335
229336
229337
229338
229339
229340
229341
229342
229343
229344
229398
229399
229400
229401
229402
229403
229404
229405
229406
229407
229461
229462
229463
229464
229465
229466
229467
229468
229469
229470
229524
229525
229526
229527
229528
229529
229530
229531
229532
229533
229587
229588
229595
229596
229650
229651
229658
229659
229713
229714
229721
229722
229776
229777
229784
229785
229839
229840
229847
229848
229902
229903
229910
229911
229965
229966
229973
229974
230028
230029
230036
230037
230091
230092
230099
230100
230154
230155
230162
230163
230217
230218
230225
230226
230280
230281
230288
230289
230343
230344
230351
230352
230406
230407
230414
230415
230469
230470
230477
230478
230532
230533
230540
230541
230595
230596
230603
230604
230658
230659
230666
230667
230721
230722
230729
230730
230784
230785
230792
230793
230847
230848
230855
230856
230910
230911
230918
230919
230973
230974
230981
230982
231036
231037
231044
231045
231099
231100
231107
231108
231162
231163
231170
231171
231225
231226
231233
231234
231288
231289
231296
231297
231351
231352
231359
231360
231414
231415
231417
231418
231419
231420
231422
231423
231477
231478
231480
231481
231482
231483
231485
231486
231540
231541
231543
231544
231545
231546
231548
231549
231603
231604
231606
231607
231608
231609
231611
231612
231666
231667
231669
231670
231671
231672
231674
231675
231729
231730
231732
231733
231734
231735
231737
231738
231792
231793
231795
231796
231797
231798
231800
231801
231855
231856
231858
231859
231860
231861
231863
231864
231918
231919
231921
231922
231923
231924
231926
231927
231981
231982
231984
231985
231986
231987
231989
231990
232044
232045
232047
232048
232049
232050
232052
232053
232107
232108
232110
232111
232112
232113
232115
232116
232170
232171
232173
232174
232175
232176
232178
232179
232233
232234
232241
232242
232296
232297
232304
232305
232359
232360
232367
232368
232422
232423
232424
232430
232431
232485
232486
232487
232493
232494
233304
233305
233311
233312
233313
233367
233368
233374
233375
233376
233430
233431
233438
233439
233493
233494
233495
233496
233497
233498
233499
233500
233501
233502
233556
233557
233558
233559
233560
233561
233562
233563
233564
233565
233619
233620
233621
233622
233623
233624
233625
233626
233627
233628
233682
233683
233684
233685
233686
233687
233688
233689
233690
233691
233745
233746
233747
233748
233749
233750
233751
233752
233753
233754
233808
233809
233810
233811
233812
233813
233814
233815
233816
233817
233871
233872
233873
233874
233875
233876
233877
233878
233879
233880
233934
233935
233936
233937
233938
233939
233940
233941
233942
233943
233997
233998
233999
234000
234001
234002
234003
234004
234005
234006
234060
234061
234062
234063
234064
234065
234066
234067
234068
234069
234123
234124
234125
234126
234127
234128
234129
234130
234131
234132
234186
234187
234188
234189
234190
234191
234192
234193
234194
234195
234249
234250
234257
234258
234312
234313
234320
234321
234375
234376
234383
234384
234438
234439
234446
234447
234501
234502
234509
234510
234564
234565
234572
234573
234627
234628
234635
234636
234690
234691
234698
234699
234753
234754
234761
234762
234816
234817
234824
234825
234879
234880
234887
234888
234942
234943
234950
234951
235005
235006
235013
235014
235068
235069
235076
235077
235131
235132
235139
235140
235194
235195
235202
235203
235257
235258
235265
235266
235320
235321
235328
235329
235383
235384
235391
235392
235446
235447
235454
235455
235509
235510
235517
235518
235572
235573
235580
235581
235635
235636
235643
235644
235698
235699
235706
235707
235761
235762
235769
235770
235824
235825
235832
235833
235887
235888
235895
235896
235950
235951
235958
235959
236013
236014
236021
236022
236076
236077
236079
236080
236081
236082
236084
236085
236139
236140
236142
236143
236144
236145
236147
236148
236202
236203
236205
236206
236207
236208
236210
236211
236265
236266
236268
236269
236270
236271
236273
236274
236328
236329
236331
236332
236333
236334
236336
236337
236391
236392
236394
236395
236396
236397
236399
236400
236454
236455
236457
236458
236459
236460
236462
236463
236517
236518
236520
236521
236522
236523
236525
236526
236580
236581
236583
236584
236585
236586
236588
236589
236643
236644
236646
236647
236648
236649
236651
236652
236706
236707
236709
236710
236711
236712
236714
236715
236769
236770
236772
236773
236774
236775
236777
236778
236832
236833
236835
236836
236837
236838
236840
236841
236895
236896
236903
236904
236958
236959
236966
236967
237021
237022
237029
237030
237084
237085
237086
237092
237093
237147
237148
237149
237155
237156
237966
237967
237973
237974
237975
238029
238030
238036
238037
238038
238092
238093
238100
238101
238155
238156
238157
238158
238159
238160
238161
238162
238163
238164
238218
238219
238220
238221
238222
238223
238224
238225
238226
238227
238281
238282
238283
238284
238285
238286
238287
238288
238289
238290
238344
238345
238346
238347
238348
238349
238350
238351
238352
238353
238407
238408
238409
238410
238411
238412
238413
238414
238415
238416
238470
238471
238472
238473
238474
238475
238476
238477
238478
238479
238533
238534
238535
238536
238537
238538
238539
238540
238541
238542
238596
238597
238598
238599
238600
238601
238602
238603
238604
238605
238659
238660
238661
238662
238663
238664
238665
238666
238667
238668
238722
238723
238724
238725
238726
238727
238728
238729
238730
238731
238785
238786
238787
238788
238789
238790
238791
238792
238793
238794
238848
238849
238850
238851
238852
238853
238854
238855
238856
238857
238911
238912
238919
238920
238974
238975
238982
238983
239037
239038
239045
239046
239100
239101
239108
239109
239163
239164
239171
239172
239226
239227
239234
239235
239289
239290
239297
239298
239352
239353
239360
239361
239415
239416
239423
239424
239478
239479
239486
239487
239541
239542
239549
239550
239604
239605
239612
239613
239667
239668
239675
239676
239730
239731
239738
239739
239793
239794
239801
239802
239856
239857
239864
239865
239919
239920
239927
239928
239982
239983
239990
239991
240045
240046
240053
240054
240108
240109
240116
240117
240171
240172
240179
240180
240234
240235
240242
240243
240297
240298
240305
240306
240360
240361
240368
240369
240423
240424
240431
240432
240486
240487
240494
240495
240549
240550
240557
240558
240612
240613
240620
240621
240675
240676
240683
240684
240738
240739
240741
240742
240743
240744
240746
240747
240801
240802
240804
240805
240806
240807
240809
240810
240864
240865
240867
240868
240869
240870
240872
240873
240927
240928
240930
240931
240932
240933
240935
240936
240990
240991
240993
240994
240995
240996
240998
240999
241053
241054
241056
241057
241058
241059
241061
241062
241116
241117
241119
241120
241121
241122
241124
241125
241179
241180
241182
241183
241184
241185
241187
241188
241242
241243
241245
241246
241247
241248
241250
241251
241305
241306
241308
241309
241310
241311
241313
241314
241368
241369
241371
241372
241373
241374
241376
241377
241431
241432
241434
241435
241436
241437
241439
241440
241494
241495
241497
241498
241499
241500
241502
241503
241557
241558
241565
241566
241620
241621
241628
241629
241683
241684
241691
241692
241746
241747
241748
241754
241755
241809
241810
241811
241817
241818
242628
242629
242635
242636
242637
242691
242692
242698
242699
242700
242754
242755
242762
242763
242817
242818
242819
242820
242821
242822
242823
242824
242825
242826
242880
242881
242882
242883
242884
242885
242886
242887
242888
242889
242943
242944
242945
242946
242947
242948
242949
242950
242951
242952
243006
243007
243008
243009
243010
243011
243012
243013
243014
243015
243069
243070
243071
243072
243073
243074
243075
243076
243077
243078
243132
243133
243134
243135
243136
243137
243138
243139
243140
243141
243195
243196
243197
243198
243199
243200
243201
243202
243203
243204
243258
243259
243260
243261
243262
243263
243264
243265
243266
243267
243321
243322
243323
243324
243325
243326
243327
243328
243329
243330
243384
243385
243386
243387
243388
243389
243390
243391
243392
243393
243447
243448
243449
243450
243451
243452
243453
243454
243455
243456
243510
243511
243512
243513
243514
243515
243516
243517
243518
243519
243573
243574
243581
243582
243636
243637
243644
243645
243699
243700
243707
243708
243762
243763
243770
243771
243825
243826
243833
243834
243888
243889
243896
243897
243951
243952
243959
243960
244014
244015
244022
244023
244077
244078
244085
244086
244140
244141
244148
244149
244203
244204
244211
244212
244266
244267
244274
244275
244329
244330
244337
244338
244392
244393
244400
244401
244455
244456
244463
244464
244518
244519
244526
244527
244581
244582
244589
244590
244644
244645
244652
244653
244707
244708
244715
244716
244770
244771
244778
244779
244833
244834
244841
244842
244896
244897
244904
244905
244959
244960
244967
244968
245022
245023
245030
245031
245085
245086
245093
245094
245148
245149
245156
245157
245211
245212
245219
245220
245274
245275
245282
245283
245337
245338
245345
245346
245400
245401
245403
245404
245405
245406
245408
245409
245463
245464
245466
245467
245468
245469
245471
245472
245526
245527
245529
245530
245531
245532
245534
245535
245589
245590
245592
245593
245594
245595
245597
245598
245652
245653
245655
245656
245657
245658
245660
245661
245715
245716
245718
245719
245720
245721
245723
245724
245778
245779
245781
245782
245783
245784
245786
245787
245841
245842
245844
245845
245846
245847
245849
245850
245904
245905
245907
245908
245909
245910
245912
245913
245967
245968
245970
245971
245972
245973
245975
245976
246030
246031
246033
246034
246035
246036
246038
246039
246093
246094
246096
246097
246098
246099
246101
246102
246156
246157
246159
246160
246161
246162
246164
246165
246219
246220
246227
246228
246282
246283
246290
246291
246345
246346
246353
246354
246408
246409
246410
246416
246417
246471
246472
246473
246479
246480
247290
247291
247297
247298
247299
247353
247354
247360
247361
247362
247416
247417
247424
247425
247479
247480
247487
247488
247542
247543
247550
247551
247605
247606
247613
247614
247668
247669
247676
247677
247731
247732
247739
247740
247794
247795
247802
247803
247857
247858
247865
247866
247920
247921
247928
247929
247983
247984
247991
247992
248046
248047
248054
248055
248109
248110
248117
248118
248172
248173
248180
248181
248235
248236
248243
248244
248298
248299
248306
248307
248361
248362
248369
248370
248424
248425
248432
248433
248487
248488
248495
248496
248550
248551
248558
248559
248613
248614
248621
248622
248676
248677
248684
248685
248739
248740
248747
248748
248802
248803
248810
248811
248865
248866
248873
248874
248928
248929
248936
248937
248991
248992
248999
249000
249054
249055
249062
249063
249117
249118
249125
249126
249180
249181
249188
249189
249243
249244
249251
249252
249306
249307
249314
249315
249369
249370
249377
249378
249432
249433
249440
249441
249495
249496
249503
249504
249558
249559
249566
249567
249621
249622
249629
249630
249684
249685
249692
249693
249747
249748
249755
249756
249810
249811
249818
249819
249873
249874
249881
249882
249936
249937
249944
249945
249999
250000
250007
250008
250062
250063
250070
250071
250125
250126
250133
250134
250188
250189
250196
250197
250251
250252
250259
250260
250314
250315
250322
250323
250377
250378
250385
250386
250440
250441
250448
250449
250503
250504
250511
250512
250566
250567
250574
250575
250629
250630
250637
250638
250692
250693
250700
250701
250755
250756
250763
250764
250818
250819
250826
250827
250881
250882
250889
250890
250944
250945
250952
250953
251007
251008
251015
251016
251070
251071
251072
251078
251079
251133
251134
251135
251141
251142
251952
251953
251959
251960
251961
252015
252016
252022
252023
252024
252078
252079
252086
252087
252141
252142
252149
252150
252204
252205
252212
252213
252267
252268
252275
252276
252330
252331
252338
252339
252393
252394
252401
252402
252456
252457
252464
252465
252519
252520
252527
252528
252582
252583
252590
252591
252645
252646
252653
252654
252708
252709
252716
252717
252771
252772
252779
252780
252834
252835
252842
252843
252897
252898
252905
252906
252960
252961
252968
252969
253023
253024
253031
253032
253086
253087
253094
253095
253149
253150
253157
253158
253212
253213
253220
253221
253275
253276
253283
253284
253338
253339
253346
253347
253401
253402
253409
253410
253464
253465
253472
253473
253527
253528
253535
253536
253590
253591
253598
253599
253653
253654
253661
253662
253716
253717
253724
253725
253779
253780
253787
253788
253842
253843
253850
253851
253905
253906
253913
253914
253968
253969
253976
253977
254031
254032
254039
254040
254094
254095
254102
254103
254157
254158
254165
254166
254220
254221
254228
254229
254283
254284
254291
254292
254346
254347
254354
254355
254409
254410
254417
254418
254472
254473
254480
254481
254535
254536
254543
254544
254598
254599
254606
254607
254661
254662
254669
254670
254724
254725
254732
254733
254787
254788
254795
254796
254850
254851
254858
254859
254913
254914
254921
254922
254976
254977
254984
254985
255039
255040
255047
255048
255102
255103
255110
255111
255165
255166
255173
255174
255228
255229
255236
255237
255291
255292
255299
255300
255354
255355
255362
255363
255417
255418
255425
255426
255480
255481
255488
255489
255543
255544
255551
255552
255606
255607
255614
255615
255669
255670
255677
255678
255732
255733
255734
255740
255741
255795
255796
255797
255803
255804
256614
256615
256616
256617
256618
256619
256620
256621
256622
256623
256677
256678
256679
256680
256681
256682
256683
256684
256685
256686
256740
256741
256748
256749
256803
256804
256811
256812
256866
256867
256874
256875
256929
256930
256937
256938
256992
256993
257000
257001
257055
257056
257063
257064
257118
257119
257126
257127
257181
257182
257189
257190
257244
257245
257252
257253
257307
257308
257315
257316
257370
257371
257378
257379
257433
257434
257441
257442
257496
257497
257504
257505
257559
257560
257567
257568
257622
257623
257630
257631
257685
257686
257693
257694
257748
257749
257756
257757
257811
257812
257819
257820
257874
257875
257882
257883
257937
257938
257945
257946
258000
258001
258008
258009
258063
258064
258071
258072
258126
258127
258134
258135
258189
258190
258197
258198
258252
258253
258260
258261
258315
258316
258323
258324
258378
258379
258386
258387
258441
258442
258449
258450
258504
258505
258512
258513
258567
258568
258575
258576
258630
258631
258638
258639
258693
258694
258701
258702
258756
258757
258764
258765
258819
258820
258827
258828
258882
258883
258890
258891
258945
258946
258953
258954
259008
259009
259016
259017
259071
259072
259079
259080
259134
259135
259142
259143
259197
259198
259205
259206
259260
259261
259268
259269
259323
259324
259331
259332
259386
259387
259394
259395
259449
259450
259457
259458
259512
259513
259520
259521
259575
259576
259583
259584
259638
259639
259646
259647
259701
259702
259709
259710
259764
259765
259772
259773
259827
259828
259835
259836
259890
259891
259898
259899
259953
259954
259961
259962
260016
260017
260024
260025
260079
260080
260087
260088
260142
260143
260150
260151
260205
260206
260213
260214
260268
260269
260276
260277
260331
260332
260339
260340
260394
260395
260396
260402
260403
260457
260458
260459
260465
260466
261276
261277
261278
261279
261280
261281
261282
261283
261284
261285
261339
261340
261341
261342
261343
261344
261345
261346
261347
261348
261402
261403
261410
261411
261465
261466
261473
261474
261528
261529
261536
261537
261591
261592
261599
261600
261654
261655
261662
261663
261717
261718
261725
261726
261780
261781
261788
261789
261843
261844
261851
261852
261906
261907
261914
261915
261969
261970
261977
261978
262032
262033
262040
262041
262095
262096
262103
262104
262158
262159
262166
262167
262221
262222
262229
262230
262284
262285
262292
262293
262347
262348
262355
262356
262410
262411
262418
262419
262473
262474
262481
262482
262536
262537
262544
262545
262599
262600
262607
262608
262662
262663
262670
262671
262725
262726
262733
262734
262788
262789
262796
262797
262851
262852
262859
262860
262914
262915
262922
262923
262977
262978
262985
262986
263040
263041
263048
263049
263103
263104
263111
263112
263166
263167
263174
263175
263229
263230
263237
263238
263292
263293
263300
263301
263355
263356
263363
263364
263418
263419
263426
263427
263481
263482
263489
263490
263544
263545
263552
263553
263607
263608
263615
263616
263670
263671
263678
263679
263733
263734
263741
263742
263796
263797
263804
263805
263859
263860
263867
263868
263922
263923
263930
263931
263985
263986
263993
263994
264048
264049
264056
264057
264111
264112
264119
264120
264174
264175
264182
264183
264237
264238
264245
264246
264300
264301
264308
264309
264363
264364
264371
264372
264426
264427
264434
264435
264489
264490
264497
264498
264552
264553
264560
264561
264615
264616
264623
264624
264678
264679
264686
264687
264741
264742
264749
264750
264804
264805
264812
264813
264867
264868
264875
264876
264930
264931
264938
264939
264993
264994
265001
265002
265056
265057
265058
265064
265065
265119
265120
265121
265127
265128
265938
265939
265940
265941
265942
265943
265944
265945
265946
265947
266001
266002
266003
266004
266005
266006
266007
266008
266009
266010
266064
266065
266072
266073
266127
266128
266135
266136
266190
266191
266198
266199
266253
266254
266261
266262
266316
266317
266324
266325
266379
266380
266387
266388
266442
266443
266450
266451
266505
266506
266513
266514
266568
266569
266576
266577
266631
266632
266639
266640
266694
266695
266702
266703
266757
266758
266765
266766
266820
266821
266828
266829
266883
266884
266891
266892
266946
266947
266954
266955
267009
267010
267017
267018
267072
267073
267080
267081
267135
267136
267143
267144
267198
267199
267206
267207
267261
267262
267269
267270
267324
267325
267332
267333
267387
267388
267395
267396
267450
267451
267458
267459
267513
267514
267521
267522
267576
267577
267584
267585
267639
267640
267647
267648
267702
267703
267710
267711
267765
267766
267773
267774
267828
267829
267836
267837
267891
267892
267899
267900
267954
267955
267962
267963
268017
268018
268025
268026
268080
268081
268088
268089
268143
268144
268151
268152
268206
268207
268214
268215
268269
268270
268277
268278
268332
268333
268340
268341
268395
268396
268403
268404
268458
268459
268466
268467
268521
268522
268529
268530
268584
268585
268592
268593
268647
268648
268655
268656
268710
268711
268718
268719
268773
268774
268781
268782
268836
268837
268844
268845
268899
268900
268907
268908
268962
268963
268970
268971
269025
269026
269033
269034
269088
269089
269096
269097
269151
269152
269159
269160
269214
269215
269222
269223
269277
269278
269285
269286
269340
269341
269348
269349
269403
269404
269411
269412
269466
269467
269474
269475
269529
269530
269537
269538
269592
269593
269600
269601
269655
269656
269663
269664
269718
269719
269720
269721
269722
269723
269724
269725
269726
269727
269781
269782
269783
269784
269785
269786
269787
269788
269789
269790
270600
270601
270602
270603
270604
270605
270606
270607
270608
270609
270663
270664
270665
270666
270667
270668
270669
270670
270671
270672
270726
270727
270728
270729
270730
270731
270732
270733
270734
270735
270789
270790
270791
270792
270793
270794
270795
270796
270797
270798
270852
270853
270854
270855
270856
270857
270858
270859
270860
270861
270915
270916
270917
270918
270919
270920
270921
270922
270923
270924
270978
270979
270980
270981
270982
270983
270984
270985
270986
270987
271041
271042
271043
271044
271045
271046
271047
271048
271049
271050
271104
271105
271106
271107
271108
271109
271110
271111
271112
271113
271167
271168
271169
271170
271171
271172
271173
271174
271175
271176
271230
271231
271232
271233
271234
271235
271236
271237
271238
271239
271293
271294
271295
271296
271297
271298
271299
271300
271301
271302
271356
271357
271358
271359
271360
271361
271362
271363
271364
271365
271419
271420
271421
271422
271423
271424
271425
271426
271427
271428
271482
271483
271484
271485
271486
271487
271488
271489
271490
271491
271545
271546
271547
271548
271549
271550
271551
271552
271553
271554
271608
271609
271610
271611
271612
271613
271614
271615
271616
271617
271671
271672
271673
271674
271675
271676
271677
271678
271679
271680
271734
271735
271736
271737
271738
271739
271740
271741
271742
271743
271797
271798
271799
271800
271801
271802
271803
271804
271805
271806
271860
271861
271862
271863
271864
271865
271866
271867
271868
271869
271923
271924
271925
271926
271927
271928
271929
271930
271931
271932
271986
271987
271988
271989
271990
271991
271992
271993
271994
271995
272049
272050
272051
272052
272053
272054
272055
272056
272057
272058
272112
272113
272114
272115
272116
272117
272118
272119
272120
272121
272175
272176
272177
272178
272179
272180
272181
272182
272183
272184
272238
272239
272240
272241
272242
272243
272244
272245
272246
272247
272301
272302
272303
272304
272305
272306
272307
272308
272309
272310
272364
272365
272366
272367
272368
272369
272370
272371
272372
272373
272427
272428
272429
272430
272431
272432
272433
272434
272435
272436
272490
272491
272492
272493
272494
272495
272496
272497
272498
272499
272553
272554
272555
272556
272557
272558
272559
272560
272561
272562
272616
272617
272618
272619
272620
272621
272622
272623
272624
272625
272679
272680
272681
272682
272683
272684
272685
272686
272687
272688
272742
272743
272744
272745
272746
272747
272748
272749
272750
272751
272805
272806
272807
272808
272809
272810
272811
272812
272813
272814
272868
272869
272870
272871
272872
272873
272874
272875
272876
272877
272931
272932
272933
272934
272935
272936
272937
272938
272939
272940
272994
272995
272996
272997
272998
272999
273000
273001
273002
273003
273057
273058
273059
273060
273061
273062
273063
273064
273065
273066
273120
273121
273122
273123
273124
273125
273126
273127
273128
273129
273183
273184
273185
273186
273187
273188
273189
273190
273191
273192
273246
273247
273248
273249
273250
273251
273252
273253
273254
273255
273309
273310
273311
273312
273313
273314
273315
273316
273317
273318
273372
273373
273374
273375
273376
273377
273378
273379
273380
273381
273435
273436
273437
273438
273439
273440
273441
273442
273443
273444
273498
273499
273500
273501
273502
273503
273504
273505
273506
273507
273561
273562
273563
273564
273565
273566
273567
273568
273569
273570
273624
273625
273626
273627
273628
273629
273630
273631
273632
273633
273687
273688
273689
273690
273691
273692
273693
273694
273695
273696
273750
273751
273752
273753
273754
273755
273756
273757
273758
273759
273813
273814
273815
273816
273817
273818
273819
273820
273821
273822
273876
273877
273878
273879
273880
273881
273882
273883
273884
273885
273939
273940
273941
273942
273943
273944
273945
273946
273947
273948
274002
274003
274004
274005
274006
274007
274008
274009
274010
274011
274065
274066
274067
274068
274069
274070
274071
274072
274073
274074
274128
274129
274130
274131
274132
274133
274134
274135
274136
274137
274191
274192
274193
274194
274195
274196
274197
274198
274199
274200
274254
274255
274256
274257
274258
274259
274260
274261
274262
274263
274317
274318
274319
274320
274321
274322
274323
274324
274325
274326
274380
274381
274382
274383
274384
274385
274386
274387
274388
274389
274443
274444
274445
274446
274447
274448
274449
274450
274451
274452
275262
275263
275264
275265
275266
275267
275268
275269
275270
275271
275325
275326
275327
275328
275329
275330
275331
275332
275333
275334
275388
275389
275390
275391
275392
275393
275394
275395
275396
275397
275451
275452
275453
275454
275455
275456
275457
275458
275459
275460
275514
275515
275516
275517
275518
275519
275520
275521
275522
275523
275577
275578
275579
275580
275581
275582
275583
275584
275585
275586
275640
275641
275642
275643
275644
275645
275646
275647
275648
275649
275703
275704
275705
275706
275707
275708
275709
275710
275711
275712
275766
275767
275768
275769
275770
275771
275772
275773
275774
275775
275829
275830
275831
275832
275833
275834
275835
275836
275837
275838
275892
275893
275894
275895
275896
275897
275898
275899
275900
275901
275955
275956
275957
275958
275959
275960
275961
275962
275963
275964
276018
276019
276020
276021
276022
276023
276024
276025
276026
276027
276081
276082
276083
276084
276085
276086
276087
276088
276089
276090
276144
276145
276146
276147
276148
276149
276150
276151
276152
276153
276207
276208
276209
276210
276211
276212
276213
276214
276215
276216
276270
276271
276272
276273
276274
276275
276276
276277
276278
276279
276333
276334
276335
276336
276337
276338
276339
276340
276341
276342
276396
276397
276398
276399
276400
276401
276402
276403
276404
276405
276459
276460
276461
276462
276463
276464
276465
276466
276467
276468
276522
276523
276524
276525
276526
276527
276528
276529
276530
276531
276585
276586
276587
276588
276589
276590
276591
276592
276593
276594
276648
276649
276650
276651
276652
276653
276654
276655
276656
276657
276711
276712
276713
276714
276715
276716
276717
276718
276719
276720
276774
276775
276776
276777
276778
276779
276780
276781
276782
276783
276837
276838
276839
276840
276841
276842
276843
276844
276845
276846
276900
276901
276902
276903
276904
276905
276906
276907
276908
276909
276963
276964
276965
276966
276967
276968
276969
276970
276971
276972
277026
277027
277028
277029
277030
277031
277032
277033
277034
277035
277089
277090
277091
277092
277093
277094
277095
277096
277097
277098
277152
277153
277154
277155
277156
277157
277158
277159
277160
277161
277215
277216
277217
277218
277219
277220
277221
277222
277223
277224
277278
277279
277280
277281
277282
277283
277284
277285
277286
277287
277341
277342
277343
277344
277345
277346
277347
277348
277349
277350
277404
277405
277406
277407
277408
277409
277410
277411
277412
277413
277467
277468
277469
277470
277471
277472
277473
277474
277475
277476
277530
277531
277532
277533
277534
277535
277536
277537
277538
277539
277593
277594
277595
277596
277597
277598
277599
277600
277601
277602
277656
277657
277658
277659
277660
277661
277662
277663
277664
277665
277719
277720
277721
277722
277723
277724
277725
277726
277727
277728
277782
277783
277784
277785
277786
277787
277788
277789
277790
277791
277845
277846
277847
277848
277849
277850
277851
277852
277853
277854
277908
277909
277910
277911
277912
277913
277914
277915
277916
277917
277971
277972
277973
277974
277975
277976
277977
277978
277979
277980
278034
278035
278036
278037
278038
278039
278040
278041
278042
278043
278097
278098
278099
278100
278101
278102
278103
278104
278105
278106
278160
278161
278162
278163
278164
278165
278166
278167
278168
278169
278223
278224
278225
278226
278227
278228
278229
278230
278231
278232
278286
278287
278288
278289
278290
278291
278292
278293
278294
278295
278349
278350
278351
278352
278353
278354
278355
278356
278357
278358
278412
278413
278414
278415
278416
278417
278418
278419
278420
278421
278475
278476
278477
278478
278479
278480
278481
278482
278483
278484
278538
278539
278540
278541
278542
278543
278544
278545
278546
278547
278601
278602
278603
278604
278605
278606
278607
278608
278609
278610
278664
278665
278666
278667
278668
278669
278670
278671
278672
278673
278727
278728
278729
278730
278731
278732
278733
278734
278735
278736
278790
278791
278792
278793
278794
278795
278796
278797
278798
278799
278853
278854
278855
278856
278857
278858
278859
278860
278861
278862
278916
278917
278918
278919
278920
278921
278922
278923
278924
278925
278979
278980
278981
278982
278983
278984
278985
278986
278987
278988
279042
279043
279044
279045
279046
279047
279048
279049
279050
279051
279105
279106
279107
279108
279109
279110
279111
279112
279113
279114
)


// ************************************************************************* //
