/*--------------------------------*- C++ -*----------------------------------*\
| =========                 |                                                 |
| \\      /  F ield         | OpenFOAM: The Open Source CFD Toolbox           |
|  \\    /   O peration     | Version:  2606                                  |
|   \\  /    A nd           | Website:  www.openfoam.com                      |
|    \\/     M anipulation  |                                                 |
\*---------------------------------------------------------------------------*/
FoamFile
{
    version     2.0;
    format      ascii;
    arch        "LSB;label=32;scalar=64";
    class       labelList;
    location    "constant/Trenton_3U_BAM_2/polyMesh";
    object      faceRegionAddressing;
}
// * * * * * * * * * * * * * * * * * * * * * * * * * * * * * * * * * * * * * //


39902
(
637
638
639
640
641
642
643
644
645
646
647
648
649
650
651
652
653
654
655
656
657
658
659
660
661
662
663
664
665
666
667
668
669
670
671
672
673
674
675
676
677
678
679
680
681
683
684
822
823
824
825
826
828
829
831
832
834
835
837
838
840
841
843
844
846
847
849
850
852
853
855
856
858
859
861
862
864
865
868
869
1007
1008
1009
1010
1011
1013
1014
1016
1017
1019
1020
1022
1023
1025
1026
1028
1029
1031
1032
1034
1035
1037
1038
1040
1041
1043
1044
1046
1047
1049
1050
1053
1054
1192
1193
1194
1195
1196
1198
1199
1201
1202
1204
1205
1207
1208
1210
1211
1213
1214
1216
1217
1219
1220
1222
1223
1225
1226
1228
1229
1231
1232
1234
1235
1238
1239
1377
1378
1379
1380
1381
1383
1384
1386
1387
1389
1390
1392
1393
1395
1396
1398
1399
1401
1402
1404
1405
1407
1408
1410
1411
1413
1414
1416
1417
1419
1420
1423
1424
1562
1563
1564
1565
1566
1568
1569
1571
1572
1574
1575
1577
1578
1580
1581
1583
1584
1586
1587
1589
1590
1592
1593
1595
1596
1598
1599
1601
1602
1604
1605
1608
1609
1747
1748
1749
1750
1751
1753
1754
1756
1757
1759
1760
1762
1763
1765
1766
1768
1769
1771
1772
1774
1775
1777
1778
1780
1781
1783
1784
1786
1787
1789
1790
1793
1794
1932
1933
1934
1935
1936
1938
1939
1941
1942
1944
1945
1947
1948
1950
1951
1953
1954
1956
1957
1959
1960
1962
1963
1965
1966
1968
1969
1971
1972
1974
1975
1978
1979
2117
2118
2119
2120
2121
2123
2124
2126
2127
2129
2130
2132
2133
2135
2136
2138
2139
2141
2142
2144
2145
2147
2148
2150
2151
2153
2154
2156
2157
2159
2160
2163
2164
2302
2303
2304
2305
2306
2308
2309
2311
2312
2314
2315
2317
2318
2320
2321
2323
2324
2326
2327
2329
2330
2332
2333
2335
2336
2338
2339
2341
2342
2344
2345
2348
2349
2487
2488
2489
2490
2491
2493
2494
2496
2497
2499
2500
2502
2503
2505
2506
2508
2509
2511
2512
2514
2515
2517
2518
2520
2521
2523
2524
2526
2527
2529
2530
2533
2534
2672
2673
2674
2675
2676
2678
2679
2681
2682
2684
2685
2687
2688
2690
2691
2693
2694
2696
2697
2699
2700
2702
2703
2705
2706
2708
2709
2711
2712
2714
2715
2718
2719
2857
2858
2859
2860
2861
2863
2864
2866
2867
2869
2870
2872
2873
2875
2876
2878
2879
2881
2882
2884
2885
2887
2888
2890
2891
2893
2894
2896
2897
2899
2900
2903
2904
3042
3043
3044
3045
3046
3048
3049
3051
3052
3054
3055
3057
3058
3060
3061
3063
3064
3066
3067
3069
3070
3072
3073
3075
3076
3078
3079
3081
3082
3084
3085
3088
3089
3227
3228
3229
3230
3231
3233
3234
3236
3237
3239
3240
3242
3243
3245
3246
3248
3249
3251
3252
3254
3255
3257
3258
3260
3261
3263
3264
3266
3267
3269
3270
3273
3274
3412
3413
3414
3415
3416
3418
3419
3421
3422
3424
3425
3427
3428
3430
3431
3433
3434
3436
3437
3439
3440
3442
3443
3445
3446
3448
3449
3451
3452
3454
3455
3458
3459
3597
3598
3599
3600
3601
3603
3604
3606
3607
3609
3610
3612
3613
3615
3616
3618
3619
3621
3622
3624
3625
3627
3628
3630
3631
3633
3634
3636
3637
3639
3640
3643
3644
3782
3783
3784
3785
3786
3788
3789
3791
3792
3794
3795
3797
3798
3800
3801
3803
3804
3806
3807
3809
3810
3812
3813
3815
3816
3818
3819
3821
3822
3824
3825
3828
3829
3967
3968
3969
3970
3971
3973
3974
3976
3977
3979
3980
3982
3983
3985
3986
3988
3989
3991
3992
3994
3995
3997
3998
4000
4001
4003
4004
4006
4007
4009
4010
4013
4014
4152
4153
4154
4155
4156
4158
4159
4161
4162
4164
4165
4167
4168
4170
4171
4173
4174
4176
4177
4179
4180
4182
4183
4185
4186
4188
4189
4191
4192
4194
4195
4198
4199
4337
4338
4339
4340
4341
4343
4344
4346
4347
4349
4350
4352
4353
4355
4356
4358
4359
4361
4362
4364
4365
4367
4368
4370
4371
4373
4374
4376
4377
4379
4380
4383
4384
4522
4523
4524
4525
4526
4528
4529
4531
4532
4534
4535
4537
4538
4540
4541
4543
4544
4546
4547
4549
4550
4552
4553
4555
4556
4558
4559
4561
4562
4564
4565
4568
4569
4707
4708
4709
4710
4711
4713
4714
4716
4717
4719
4720
4722
4723
4725
4726
4728
4729
4731
4732
4734
4735
4737
4738
4740
4741
4743
4744
4746
4747
4749
4750
4753
4754
4892
4893
4894
4895
4896
4898
4899
4901
4902
4904
4905
4907
4908
4910
4911
4913
4914
4916
4917
4919
4920
4922
4923
4925
4926
4928
4929
4931
4932
4934
4935
4938
4939
5077
5078
5079
5080
5081
5083
5084
5086
5087
5089
5090
5092
5093
5095
5096
5098
5099
5101
5102
5104
5105
5107
5108
5110
5111
5113
5114
5116
5117
5119
5120
5123
5124
5262
5263
5264
5265
5266
5268
5269
5271
5272
5274
5275
5277
5278
5280
5281
5283
5284
5286
5287
5289
5290
5292
5293
5295
5296
5298
5299
5301
5302
5304
5305
5308
5309
5447
5448
5449
5450
5451
5453
5454
5456
5457
5459
5460
5462
5463
5465
5466
5468
5469
5471
5472
5474
5475
5477
5478
5480
5481
5483
5484
5486
5487
5489
5490
5493
5494
5632
5633
5634
5635
5636
5638
5639
5641
5642
5644
5645
5647
5648
5650
5651
5653
5654
5656
5657
5659
5660
5662
5663
5665
5666
5668
5669
5671
5672
5674
5675
5678
5679
5817
5818
5819
5820
5821
5823
5824
5826
5827
5829
5830
5832
5833
5835
5836
5838
5839
5841
5842
5844
5845
5847
5848
5850
5851
5853
5854
5856
5857
5859
5860
5863
5864
6002
6003
6004
6005
6006
6008
6009
6011
6012
6014
6015
6017
6018
6020
6021
6023
6024
6026
6027
6029
6030
6032
6033
6035
6036
6038
6039
6041
6042
6044
6045
6048
6049
6187
6188
6189
6190
6191
6193
6194
6196
6197
6199
6200
6202
6203
6205
6206
6208
6209
6211
6212
6214
6215
6217
6218
6220
6221
6223
6224
6226
6227
6229
6230
6233
6234
6372
6373
6374
6375
6376
6378
6379
6381
6382
6384
6385
6387
6388
6390
6391
6393
6394
6396
6397
6399
6400
6402
6403
6405
6406
6408
6409
6411
6412
6414
6415
6418
6419
6557
6558
6559
6560
6561
6563
6564
6566
6567
6569
6570
6572
6573
6575
6576
6578
6579
6581
6582
6584
6585
6587
6588
6590
6591
6593
6594
6596
6597
6599
6600
6603
6604
6742
6743
6744
6745
6746
6748
6749
6751
6752
6754
6755
6757
6758
6760
6761
6763
6764
6766
6767
6769
6770
6772
6773
6775
6776
6778
6779
6781
6782
6784
6785
6788
6789
6927
6928
6929
6930
6931
6933
6934
6936
6937
6939
6940
6942
6943
6945
6946
6948
6949
6951
6952
6954
6955
6957
6958
6960
6961
6963
6964
6966
6967
6969
6970
6973
6974
7112
7113
7114
7115
7116
7118
7119
7121
7122
7124
7125
7127
7128
7130
7131
7133
7134
7136
7137
7139
7140
7142
7143
7145
7146
7148
7149
7151
7152
7154
7155
7158
7159
7297
7298
7299
7300
7301
7303
7304
7306
7307
7309
7310
7312
7313
7315
7316
7318
7319
7321
7322
7324
7325
7327
7328
7330
7331
7333
7334
7336
7337
7339
7340
7343
7344
7482
7484
7485
7487
7488
7490
7491
7493
7494
7496
7497
7499
7500
7502
7503
7505
7506
7508
7509
7511
7512
7514
7515
7517
7518
7520
7521
7523
7524
7526
7529
14080
14081
14082
14083
14085
14086
14088
14089
14092
14095
14098
14101
14104
14107
14110
14113
14116
14119
14121
14122
14124
14126
14127
14266
14267
14311
14312
14451
14452
14496
14497
14636
14637
14681
14682
14821
14822
14866
14867
15006
15007
15051
15052
15191
15192
15236
15237
15376
15377
15421
15422
15561
15562
15606
15607
15746
15747
15791
15792
15931
15932
15976
15977
16116
16117
16161
16162
16301
16302
16346
16347
16486
16487
16531
16532
16671
16672
16716
16717
16856
16857
16901
16902
17041
17042
17086
17087
17226
17227
17271
17272
17411
17412
17456
17457
17596
17597
17641
17642
17781
17782
17826
17827
17966
17967
18011
18012
18151
18152
18196
18197
18336
18337
18381
18382
18521
18522
18566
18567
18706
18707
18751
18752
18891
18892
18936
18937
19076
19077
19121
19122
19261
19262
19306
19307
19446
19447
19491
19492
19631
19632
19676
19677
19816
19817
19861
19862
20001
20002
20046
20047
20186
20187
20231
20232
20371
20372
20416
20417
20556
20557
20601
20602
20741
20742
20786
20787
20925
20927
20928
20930
20931
20934
20937
20940
20943
20946
20949
20952
20955
20958
20961
20964
20967
20969
20972
27523
27524
27525
27526
27528
27531
27562
27564
27565
27567
27569
27570
27709
27710
27754
27755
27894
27895
27939
27940
28079
28080
28124
28125
28264
28265
28309
28310
28449
28450
28494
28495
28634
28635
28679
28680
28819
28820
28864
28865
29004
29005
29049
29050
29189
29190
29234
29235
29374
29375
29419
29420
29559
29560
29604
29605
29744
29745
29789
29790
29929
29930
29974
29975
30114
30115
30159
30160
30299
30300
30344
30345
30484
30485
30529
30530
30669
30670
30714
30715
30854
30855
30899
30900
31039
31040
31084
31085
31224
31225
31269
31270
31409
31410
31454
31455
31594
31595
31639
31640
31779
31780
31824
31825
31964
31965
32009
32010
32149
32150
32194
32195
32334
32335
32379
32380
32519
32520
32564
32565
32704
32705
32749
32750
32889
32890
32934
32935
33074
33075
33119
33120
33259
33260
33304
33305
33444
33445
33489
33490
33629
33630
33674
33675
33814
33815
33859
33860
33999
34000
34044
34045
34184
34185
34229
34230
34368
34370
34373
34410
34412
34415
40966
40967
40968
40969
40971
40974
41005
41007
41008
41010
41012
41013
41152
41153
41197
41198
41337
41338
41382
41383
41522
41523
41567
41568
41707
41708
41752
41753
41892
41893
41937
41938
42077
42078
42122
42123
42262
42263
42307
42308
42447
42448
42492
42493
42632
42633
42677
42678
42817
42818
42862
42863
43002
43003
43047
43048
43187
43188
43232
43233
43372
43373
43417
43418
43557
43558
43602
43603
43742
43743
43787
43788
43927
43928
43972
43973
44112
44113
44157
44158
44297
44298
44342
44343
44482
44483
44527
44528
44667
44668
44712
44713
44852
44853
44897
44898
45037
45038
45082
45083
45222
45223
45267
45268
45407
45408
45452
45453
45592
45593
45637
45638
45777
45778
45822
45823
45962
45963
46007
46008
46147
46148
46192
46193
46332
46333
46377
46378
46517
46518
46562
46563
46702
46703
46747
46748
46887
46888
46932
46933
47072
47073
47117
47118
47257
47258
47302
47303
47442
47443
47487
47488
47627
47628
47672
47673
47811
47813
47816
47853
47855
47858
54409
54410
54411
54412
54414
54417
54448
54450
54451
54453
54455
54456
54595
54596
54640
54641
54780
54781
54825
54826
54965
54966
55010
55011
55150
55151
55195
55196
55335
55336
55380
55381
55520
55521
55565
55566
55705
55706
55750
55751
55890
55891
55935
55936
56075
56076
56120
56121
56260
56261
56305
56306
56445
56446
56490
56491
56630
56631
56675
56676
56815
56816
56860
56861
57000
57001
57045
57046
57185
57186
57230
57231
57370
57371
57415
57416
57555
57556
57600
57601
57740
57741
57785
57786
57925
57926
57970
57971
58110
58111
58155
58156
58295
58296
58340
58341
58480
58481
58525
58526
58665
58666
58710
58711
58850
58851
58895
58896
59035
59036
59080
59081
59220
59221
59265
59266
59405
59406
59450
59451
59590
59591
59635
59636
59775
59776
59820
59821
59960
59961
60005
60006
60145
60146
60190
60191
60330
60331
60375
60376
60515
60516
60560
60561
60700
60701
60745
60746
60885
60886
60930
60931
61070
61071
61115
61116
61254
61256
61259
61296
61298
61301
67852
67853
67854
67855
67857
67860
67891
67893
67894
67896
67898
67899
68038
68039
68083
68084
68223
68224
68268
68269
68408
68409
68453
68454
68593
68594
68638
68639
68778
68779
68823
68824
68963
68964
69008
69009
69148
69149
69193
69194
69333
69334
69378
69379
69518
69519
69563
69564
69703
69704
69748
69749
69888
69889
69933
69934
70073
70074
70118
70119
70258
70259
70303
70304
70443
70444
70488
70489
70628
70629
70673
70674
70813
70814
70858
70859
70998
70999
71043
71044
71183
71184
71228
71229
71368
71369
71413
71414
71553
71554
71598
71599
71738
71739
71783
71784
71923
71924
71968
71969
72108
72109
72153
72154
72293
72294
72338
72339
72478
72479
72523
72524
72663
72664
72708
72709
72848
72849
72893
72894
73033
73034
73050
73051
73052
73053
73054
73055
73056
73057
73058
73060
73061
73078
73079
73218
73219
73235
73236
73237
73238
73239
73240
73241
73242
73243
73245
73246
73263
73264
73403
73404
73420
73421
73422
73423
73424
73425
73426
73427
73428
73430
73431
73448
73449
73588
73589
73605
73606
73607
73608
73609
73610
73611
73612
73613
73615
73616
73633
73634
73773
73774
73790
73791
73792
73793
73794
73795
73796
73797
73798
73800
73801
73818
73819
73958
73959
73975
73977
73978
73980
73981
73983
73986
74003
74004
74143
74144
74188
74189
74328
74329
74373
74374
74513
74514
74558
74559
74697
74699
74702
74739
74741
74744
81295
81296
81297
81298
81300
81303
81334
81336
81337
81339
81341
81342
81481
81482
81526
81527
81666
81667
81711
81712
81851
81852
81896
81897
82036
82037
82081
82082
82221
82222
82266
82267
82406
82407
82451
82452
82591
82592
82636
82637
82776
82777
82821
82822
82961
82962
83006
83007
83146
83147
83191
83192
83331
83332
83376
83377
83516
83517
83561
83562
83701
83702
83746
83747
83886
83887
83931
83932
84071
84072
84116
84117
84256
84257
84301
84302
84441
84442
84486
84487
84626
84627
84671
84672
84811
84812
84856
84857
84996
84997
85041
85042
85181
85182
85226
85227
85366
85367
85411
85412
85551
85552
85596
85597
85736
85737
85781
85782
85921
85922
85966
85967
86106
86107
86151
86152
86291
86292
86336
86337
86476
86477
86493
86494
86495
86496
86497
86498
86499
86500
86501
86503
86504
86521
86522
86661
86662
86678
86679
86680
86681
86682
86683
86684
86685
86686
86688
86689
86706
86707
86846
86847
86863
86864
86865
86866
86867
86868
86869
86870
86871
86873
86874
86891
86892
87031
87032
87048
87049
87050
87051
87052
87053
87054
87055
87056
87058
87059
87076
87077
87216
87217
87233
87234
87235
87236
87237
87238
87239
87240
87241
87243
87244
87261
87262
87401
87402
87418
87420
87421
87423
87424
87426
87429
87446
87447
87586
87587
87631
87632
87771
87772
87816
87817
87956
87957
88001
88002
88140
88142
88145
88182
88184
88187
94738
94739
94740
94741
94743
94746
94777
94779
94780
94782
94784
94785
94924
94925
94969
94970
95109
95110
95154
95155
95294
95295
95339
95340
95479
95480
95524
95525
95664
95665
95709
95710
95849
95850
95894
95895
96034
96035
96079
96080
96219
96220
96264
96265
96404
96405
96449
96450
96589
96590
96634
96635
96774
96775
96819
96820
96959
96960
97004
97005
97144
97145
97189
97190
97329
97330
97374
97375
97514
97515
97559
97560
97699
97700
97744
97745
97884
97885
97929
97930
98069
98070
98114
98115
98254
98255
98299
98300
98439
98440
98484
98485
98624
98625
98669
98670
98809
98810
98854
98855
98994
98995
99039
99040
99179
99180
99224
99225
99364
99365
99409
99410
99549
99550
99594
99595
99734
99735
99779
99780
99919
99920
99936
99937
99938
99939
99940
99941
99942
99943
99944
99946
99947
99964
99965
100104
100105
100121
100122
100123
100124
100125
100126
100127
100128
100129
100131
100132
100149
100150
100289
100290
100306
100307
100308
100309
100310
100311
100312
100313
100314
100316
100317
100334
100335
100474
100475
100491
100492
100493
100494
100495
100496
100497
100498
100499
100501
100502
100519
100520
100659
100660
100676
100677
100678
100679
100680
100681
100682
100683
100684
100686
100687
100704
100705
100844
100845
100861
100863
100864
100866
100867
100869
100872
100889
100890
101029
101030
101074
101075
101214
101215
101259
101260
101399
101400
101444
101445
101583
101585
101588
101625
101627
101630
108181
108182
108183
108184
108186
108189
108220
108222
108223
108225
108227
108228
108367
108368
108412
108413
108552
108553
108597
108598
108737
108738
108782
108783
108922
108923
108967
108968
109107
109108
109152
109153
109292
109293
109337
109338
109477
109478
109522
109523
109662
109663
109707
109708
109847
109848
109864
109865
109866
109867
109868
109869
109870
109871
109872
109874
109875
109892
109893
110032
110033
110049
110050
110051
110052
110053
110054
110055
110056
110057
110059
110060
110077
110078
110217
110218
110234
110235
110236
110237
110238
110239
110240
110241
110242
110244
110245
110262
110263
110402
110403
110419
110420
110421
110422
110423
110424
110425
110426
110427
110429
110430
110447
110448
110587
110588
110604
110605
110606
110607
110608
110609
110610
110611
110612
110614
110615
110632
110633
110772
110773
110789
110790
110791
110792
110793
110794
110795
110796
110797
110799
110800
110817
110818
110957
110958
110974
110975
110976
110977
110978
110979
110980
110981
110982
110984
110985
111002
111003
111142
111143
111159
111160
111161
111162
111163
111164
111165
111166
111167
111169
111170
111187
111188
111327
111328
111344
111345
111346
111347
111348
111349
111350
111351
111352
111354
111355
111372
111373
111512
111513
111529
111530
111531
111532
111533
111534
111535
111536
111537
111539
111540
111557
111558
111697
111698
111714
111715
111716
111717
111718
111719
111720
111721
111722
111724
111725
111742
111743
111882
111883
111899
111900
111901
111902
111903
111904
111905
111906
111907
111909
111910
111927
111928
112067
112068
112084
112085
112086
112087
112088
112089
112090
112091
112092
112094
112095
112112
112113
112252
112253
112269
112270
112271
112272
112273
112274
112275
112276
112277
112279
112280
112297
112298
112437
112438
112454
112455
112456
112457
112458
112459
112460
112461
112462
112464
112465
112482
112483
112622
112623
112639
112640
112641
112642
112643
112644
112645
112646
112647
112649
112650
112667
112668
112807
112808
112824
112826
112827
112829
112830
112832
112835
112852
112853
112992
112993
113037
113038
113177
113178
113222
113223
113362
113363
113379
113380
113381
113382
113383
113384
113385
113386
113387
113389
113390
113407
113408
113547
113548
113564
113565
113566
113567
113568
113569
113570
113571
113572
113574
113575
113592
113593
113732
113733
113749
113750
113751
113752
113753
113754
113755
113756
113757
113759
113760
113777
113778
113917
113918
113934
113935
113936
113937
113938
113939
113940
113941
113942
113944
113945
113962
113963
114102
114103
114119
114120
114121
114122
114123
114124
114125
114126
114127
114129
114130
114147
114148
114287
114288
114304
114306
114307
114309
114310
114312
114315
114332
114333
114472
114473
114517
114518
114657
114658
114702
114703
114842
114843
114887
114888
115026
115028
115031
115068
115070
115073
121624
121625
121626
121627
121629
121632
121663
121665
121666
121668
121670
121671
121810
121811
121855
121856
121995
121996
122040
122041
122180
122181
122225
122226
122365
122366
122410
122411
122550
122551
122595
122596
122735
122736
122780
122781
122920
122921
122965
122966
123105
123106
123150
123151
123290
123291
123307
123308
123309
123310
123311
123312
123313
123314
123315
123317
123318
123335
123336
123475
123476
123492
123493
123494
123495
123496
123497
123498
123499
123500
123502
123503
123520
123521
123660
123661
123677
123678
123679
123680
123681
123682
123683
123684
123685
123687
123688
123705
123706
123845
123846
123862
123863
123864
123865
123866
123867
123868
123869
123870
123872
123873
123890
123891
124030
124031
124047
124048
124049
124050
124051
124052
124053
124054
124055
124057
124058
124075
124076
124215
124216
124232
124233
124234
124235
124236
124237
124238
124239
124240
124242
124243
124260
124261
124400
124401
124417
124418
124419
124420
124421
124422
124423
124424
124425
124427
124428
124445
124446
124585
124586
124602
124603
124604
124605
124606
124607
124608
124609
124610
124612
124613
124630
124631
124770
124771
124787
124788
124789
124790
124791
124792
124793
124794
124795
124797
124798
124815
124816
124955
124956
124972
124973
124974
124975
124976
124977
124978
124979
124980
124982
124983
125000
125001
125140
125141
125157
125158
125159
125160
125161
125162
125163
125164
125165
125167
125168
125185
125186
125325
125326
125342
125343
125344
125345
125346
125347
125348
125349
125350
125352
125353
125370
125371
125510
125511
125527
125528
125529
125530
125531
125532
125533
125534
125535
125537
125538
125555
125556
125695
125696
125712
125713
125714
125715
125716
125717
125718
125719
125720
125722
125723
125740
125741
125880
125881
125897
125898
125899
125900
125901
125902
125903
125904
125905
125907
125908
125925
125926
126065
126066
126082
126083
126084
126085
126086
126087
126088
126089
126090
126092
126093
126110
126111
126250
126251
126267
126269
126270
126272
126273
126275
126278
126295
126296
126435
126436
126480
126481
126620
126621
126665
126666
126805
126806
126822
126823
126824
126825
126826
126827
126828
126829
126830
126832
126833
126850
126851
126990
126991
127007
127008
127009
127010
127011
127012
127013
127014
127015
127017
127018
127035
127036
127175
127176
127192
127193
127194
127195
127196
127197
127198
127199
127200
127202
127203
127220
127221
127360
127361
127377
127378
127379
127380
127381
127382
127383
127384
127385
127387
127388
127405
127406
127545
127546
127562
127563
127564
127565
127566
127567
127568
127569
127570
127572
127573
127590
127591
127730
127731
127747
127749
127750
127752
127753
127755
127758
127775
127776
127915
127916
127960
127961
128100
128101
128145
128146
128285
128286
128330
128331
128469
128471
128474
128511
128513
128516
135067
135068
135069
135070
135072
135075
135106
135108
135109
135111
135113
135114
135253
135254
135298
135299
135438
135439
135483
135484
135623
135624
135668
135669
135808
135809
135853
135854
135993
135994
136038
136039
136178
136179
136223
136224
136363
136364
136408
136409
136548
136549
136593
136594
136733
136734
136750
136751
136752
136753
136754
136755
136756
136757
136758
136760
136761
136778
136779
136918
136919
136935
136936
136937
136938
136939
136940
136941
136942
136943
136945
136946
136963
136964
137103
137104
137120
137121
137122
137123
137124
137125
137126
137127
137128
137130
137131
137148
137149
137288
137289
137305
137306
137307
137308
137309
137310
137311
137312
137313
137315
137316
137333
137334
137473
137474
137490
137491
137492
137493
137494
137495
137496
137497
137498
137500
137501
137518
137519
137658
137659
137675
137676
137677
137678
137679
137680
137681
137682
137683
137685
137686
137703
137704
137843
137844
137860
137861
137862
137863
137864
137865
137866
137867
137868
137870
137871
137888
137889
138028
138029
138045
138046
138047
138048
138049
138050
138051
138052
138053
138055
138056
138073
138074
138213
138214
138230
138231
138232
138233
138234
138235
138236
138237
138238
138240
138241
138258
138259
138398
138399
138415
138416
138417
138418
138419
138420
138421
138422
138423
138425
138426
138443
138444
138583
138584
138600
138601
138602
138603
138604
138605
138606
138607
138608
138610
138611
138628
138629
138768
138769
138785
138786
138787
138788
138789
138790
138791
138792
138793
138795
138796
138813
138814
138953
138954
138970
138971
138972
138973
138974
138975
138976
138977
138978
138980
138981
138998
138999
139138
139139
139155
139156
139157
139158
139159
139160
139161
139162
139163
139165
139166
139183
139184
139323
139324
139340
139341
139342
139343
139344
139345
139346
139347
139348
139350
139351
139368
139369
139508
139509
139525
139526
139527
139528
139529
139530
139531
139532
139533
139535
139536
139553
139554
139693
139694
139710
139712
139713
139715
139716
139718
139721
139738
139739
139878
139879
139923
139924
140063
140064
140108
140109
140248
140249
140265
140266
140267
140268
140269
140270
140271
140272
140273
140275
140276
140293
140294
140433
140434
140450
140451
140452
140453
140454
140455
140456
140457
140458
140460
140461
140478
140479
140618
140619
140635
140636
140637
140638
140639
140640
140641
140642
140643
140645
140646
140663
140664
140803
140804
140820
140821
140822
140823
140824
140825
140826
140827
140828
140830
140831
140848
140849
140988
140989
141005
141006
141007
141008
141009
141010
141011
141012
141013
141015
141016
141033
141034
141173
141174
141190
141192
141193
141195
141196
141198
141201
141218
141219
141358
141359
141403
141404
141543
141544
141588
141589
141728
141729
141773
141774
141912
141914
141917
141954
141956
141959
148510
148511
148512
148513
148515
148518
148549
148551
148552
148554
148556
148557
148696
148697
148741
148742
148881
148882
148926
148927
149066
149067
149111
149112
149251
149252
149296
149297
149436
149437
149481
149482
149621
149622
149666
149667
149806
149807
149851
149852
149991
149992
150036
150037
150176
150177
150193
150194
150195
150196
150197
150198
150199
150200
150201
150203
150204
150221
150222
150361
150362
150378
150379
150380
150381
150382
150383
150384
150385
150386
150388
150389
150406
150407
150546
150547
150563
150564
150565
150566
150567
150568
150569
150570
150571
150573
150574
150591
150592
150731
150732
150748
150749
150750
150751
150752
150753
150754
150755
150756
150758
150759
150776
150777
150916
150917
150933
150934
150935
150936
150937
150938
150939
150940
150941
150943
150944
150961
150962
151101
151102
151118
151119
151120
151121
151122
151123
151124
151125
151126
151128
151129
151146
151147
151286
151287
151303
151304
151305
151306
151307
151308
151309
151310
151311
151313
151314
151331
151332
151471
151472
151488
151489
151490
151491
151492
151493
151494
151495
151496
151498
151499
151516
151517
151656
151657
151673
151674
151675
151676
151677
151678
151679
151680
151681
151683
151684
151701
151702
151841
151842
151858
151859
151860
151861
151862
151863
151864
151865
151866
151868
151869
151886
151887
152026
152027
152043
152044
152045
152046
152047
152048
152049
152050
152051
152053
152054
152071
152072
152211
152212
152228
152229
152230
152231
152232
152233
152234
152235
152236
152238
152239
152256
152257
152396
152397
152413
152414
152415
152416
152417
152418
152419
152420
152421
152423
152424
152441
152442
152581
152582
152598
152599
152600
152601
152602
152603
152604
152605
152606
152608
152609
152626
152627
152766
152767
152783
152784
152785
152786
152787
152788
152789
152790
152791
152793
152794
152811
152812
152951
152952
152968
152969
152970
152971
152972
152973
152974
152975
152976
152978
152979
152996
152997
153136
153137
153153
153155
153156
153158
153159
153161
153164
153181
153182
153321
153322
153366
153367
153506
153507
153551
153552
153691
153692
153708
153709
153710
153711
153712
153713
153714
153715
153716
153718
153719
153736
153737
153876
153877
153893
153894
153895
153896
153897
153898
153899
153900
153901
153903
153904
153921
153922
154061
154062
154078
154079
154080
154081
154082
154083
154084
154085
154086
154088
154089
154106
154107
154246
154247
154263
154264
154265
154266
154267
154268
154269
154270
154271
154273
154274
154291
154292
154431
154432
154448
154449
154450
154451
154452
154453
154454
154455
154456
154458
154459
154476
154477
154616
154617
154633
154635
154636
154638
154639
154641
154644
154661
154662
154801
154802
154846
154847
154986
154987
155031
155032
155171
155172
155216
155217
155355
155357
155360
155397
155399
155402
161953
161954
161955
161956
161958
161961
161992
161994
161995
161997
161999
162000
162139
162140
162184
162185
162324
162325
162369
162370
162509
162510
162554
162555
162694
162695
162739
162740
162879
162880
162924
162925
163064
163065
163109
163110
163249
163250
163294
163295
163434
163435
163479
163480
163619
163620
163636
163637
163638
163639
163640
163641
163642
163643
163644
163646
163647
163664
163665
163804
163805
163821
163822
163823
163824
163825
163826
163827
163828
163829
163831
163832
163849
163850
163989
163990
164006
164007
164008
164009
164010
164011
164012
164013
164014
164016
164017
164034
164035
164174
164175
164191
164192
164193
164194
164195
164196
164197
164198
164199
164201
164202
164219
164220
164359
164360
164376
164377
164378
164379
164380
164381
164382
164383
164384
164386
164387
164404
164405
164544
164545
164561
164562
164563
164564
164565
164566
164567
164568
164569
164571
164572
164589
164590
164729
164730
164746
164747
164748
164749
164750
164751
164752
164753
164754
164756
164757
164774
164775
164914
164915
164931
164932
164933
164934
164935
164936
164937
164938
164939
164941
164942
164959
164960
165099
165100
165116
165117
165118
165119
165120
165121
165122
165123
165124
165126
165127
165144
165145
165284
165285
165301
165302
165303
165304
165305
165306
165307
165308
165309
165311
165312
165329
165330
165469
165470
165486
165487
165488
165489
165490
165491
165492
165493
165494
165496
165497
165514
165515
165654
165655
165671
165672
165673
165674
165675
165676
165677
165678
165679
165681
165682
165699
165700
165839
165840
165856
165857
165858
165859
165860
165861
165862
165863
165864
165866
165867
165884
165885
166024
166025
166041
166042
166043
166044
166045
166046
166047
166048
166049
166051
166052
166069
166070
166209
166210
166226
166227
166228
166229
166230
166231
166232
166233
166234
166236
166237
166254
166255
166394
166395
166411
166412
166413
166414
166415
166416
166417
166418
166419
166421
166422
166439
166440
166579
166580
166596
166598
166599
166601
166602
166604
166607
166624
166625
166764
166765
166809
166810
166949
166950
166994
166995
167134
167135
167151
167152
167153
167154
167155
167156
167157
167158
167159
167161
167162
167179
167180
167319
167320
167336
167337
167338
167339
167340
167341
167342
167343
167344
167346
167347
167364
167365
167504
167505
167521
167522
167523
167524
167525
167526
167527
167528
167529
167531
167532
167549
167550
167689
167690
167706
167707
167708
167709
167710
167711
167712
167713
167714
167716
167717
167734
167735
167874
167875
167891
167892
167893
167894
167895
167896
167897
167898
167899
167901
167902
167919
167920
168059
168060
168076
168078
168079
168081
168082
168084
168087
168104
168105
168244
168245
168289
168290
168429
168430
168474
168475
168614
168615
168659
168660
168798
168800
168803
168840
168842
168845
175396
175397
175398
175399
175401
175404
175435
175437
175438
175440
175442
175443
175582
175583
175627
175628
175767
175768
175812
175813
175952
175953
175997
175998
176137
176138
176182
176183
176322
176323
176367
176368
176507
176508
176552
176553
176692
176693
176737
176738
176877
176878
176922
176923
177062
177063
177079
177080
177081
177082
177083
177084
177085
177086
177087
177089
177090
177107
177108
177247
177248
177264
177265
177266
177267
177268
177269
177270
177271
177272
177274
177275
177292
177293
177432
177433
177449
177450
177451
177452
177453
177454
177455
177456
177457
177459
177460
177477
177478
177617
177618
177634
177635
177636
177637
177638
177639
177640
177641
177642
177644
177645
177662
177663
177802
177803
177819
177820
177821
177822
177823
177824
177825
177826
177827
177829
177830
177847
177848
177987
177988
178004
178005
178006
178007
178008
178009
178010
178011
178012
178014
178015
178032
178033
178172
178173
178189
178190
178191
178192
178193
178194
178195
178196
178197
178199
178200
178217
178218
178357
178358
178374
178375
178376
178377
178378
178379
178380
178381
178382
178384
178385
178402
178403
178542
178543
178559
178560
178561
178562
178563
178564
178565
178566
178567
178569
178570
178587
178588
178727
178728
178744
178745
178746
178747
178748
178749
178750
178751
178752
178754
178755
178772
178773
178912
178913
178929
178930
178931
178932
178933
178934
178935
178936
178937
178939
178940
178957
178958
179097
179098
179114
179115
179116
179117
179118
179119
179120
179121
179122
179124
179125
179142
179143
179282
179283
179299
179300
179301
179302
179303
179304
179305
179306
179307
179309
179310
179327
179328
179467
179468
179484
179485
179486
179487
179488
179489
179490
179491
179492
179494
179495
179512
179513
179652
179653
179669
179670
179671
179672
179673
179674
179675
179676
179677
179679
179680
179697
179698
179837
179838
179854
179855
179856
179857
179858
179859
179860
179861
179862
179864
179865
179882
179883
180022
180023
180039
180041
180042
180044
180045
180047
180050
180067
180068
180207
180208
180252
180253
180392
180393
180437
180438
180577
180578
180594
180595
180596
180597
180598
180599
180600
180601
180602
180604
180605
180622
180623
180762
180763
180779
180780
180781
180782
180783
180784
180785
180786
180787
180789
180790
180807
180808
180947
180948
180964
180965
180966
180967
180968
180969
180970
180971
180972
180974
180975
180992
180993
181132
181133
181149
181150
181151
181152
181153
181154
181155
181156
181157
181159
181160
181177
181178
181317
181318
181334
181335
181336
181337
181338
181339
181340
181341
181342
181344
181345
181362
181363
181502
181503
181519
181521
181522
181524
181525
181527
181530
181547
181548
181687
181688
181732
181733
181872
181873
181917
181918
182057
182058
182102
182103
182241
182243
182246
182283
182285
182288
188839
188840
188841
188842
188844
188847
188878
188880
188881
188883
188885
188886
189025
189026
189070
189071
189210
189211
189255
189256
189395
189396
189440
189441
189580
189581
189625
189626
189765
189766
189810
189811
189950
189951
189995
189996
190135
190136
190180
190181
190320
190321
190365
190366
190505
190506
190522
190523
190524
190525
190526
190527
190528
190529
190530
190532
190533
190550
190551
190690
190691
190707
190708
190709
190710
190711
190712
190713
190714
190715
190717
190718
190735
190736
190875
190876
190892
190893
190894
190895
190896
190897
190898
190899
190900
190902
190903
190920
190921
191060
191061
191077
191078
191079
191080
191081
191082
191083
191084
191085
191087
191088
191105
191106
191245
191246
191262
191263
191264
191265
191266
191267
191268
191269
191270
191272
191273
191290
191291
191430
191431
191447
191448
191449
191450
191451
191452
191453
191454
191455
191457
191458
191475
191476
191615
191616
191632
191633
191634
191635
191636
191637
191638
191639
191640
191642
191643
191660
191661
191800
191801
191817
191818
191819
191820
191821
191822
191823
191824
191825
191827
191828
191845
191846
191985
191986
192002
192003
192004
192005
192006
192007
192008
192009
192010
192012
192013
192030
192031
192170
192171
192187
192188
192189
192190
192191
192192
192193
192194
192195
192197
192198
192215
192216
192355
192356
192372
192373
192374
192375
192376
192377
192378
192379
192380
192382
192383
192400
192401
192540
192541
192557
192558
192559
192560
192561
192562
192563
192564
192565
192567
192568
192585
192586
192725
192726
192742
192743
192744
192745
192746
192747
192748
192749
192750
192752
192753
192770
192771
192910
192911
192927
192928
192929
192930
192931
192932
192933
192934
192935
192937
192938
192955
192956
193095
193096
193112
193113
193114
193115
193116
193117
193118
193119
193120
193122
193123
193140
193141
193280
193281
193297
193298
193299
193300
193301
193302
193303
193304
193305
193307
193308
193325
193326
193465
193466
193482
193484
193485
193487
193488
193490
193493
193510
193511
193650
193651
193695
193696
193835
193836
193880
193881
194020
194021
194037
194038
194039
194040
194041
194042
194043
194044
194045
194047
194048
194065
194066
194205
194206
194222
194223
194224
194225
194226
194227
194228
194229
194230
194232
194233
194250
194251
194390
194391
194407
194408
194409
194410
194411
194412
194413
194414
194415
194417
194418
194435
194436
194575
194576
194592
194593
194594
194595
194596
194597
194598
194599
194600
194602
194603
194620
194621
194760
194761
194777
194778
194779
194780
194781
194782
194783
194784
194785
194787
194788
194805
194806
194945
194946
194962
194964
194965
194967
194968
194970
194973
194990
194991
195130
195131
195175
195176
195315
195316
195360
195361
195500
195501
195545
195546
195684
195686
195689
195726
195728
195731
202282
202283
202284
202285
202287
202290
202321
202323
202324
202326
202328
202329
202468
202469
202513
202514
202653
202654
202698
202699
202838
202839
202883
202884
203023
203024
203068
203069
203208
203209
203253
203254
203393
203394
203438
203439
203578
203579
203623
203624
203763
203764
203808
203809
203948
203949
203965
203966
203967
203968
203969
203970
203971
203972
203973
203975
203976
203993
203994
204133
204134
204150
204151
204152
204153
204154
204155
204156
204157
204158
204160
204161
204178
204179
204318
204319
204335
204336
204337
204338
204339
204340
204341
204342
204343
204345
204346
204363
204364
204503
204504
204520
204521
204522
204523
204524
204525
204526
204527
204528
204530
204531
204548
204549
204688
204689
204705
204706
204707
204708
204709
204710
204711
204712
204713
204715
204716
204733
204734
204873
204874
204890
204891
204892
204893
204894
204895
204896
204897
204898
204900
204901
204918
204919
205058
205059
205075
205076
205077
205078
205079
205080
205081
205082
205083
205085
205086
205103
205104
205243
205244
205260
205261
205262
205263
205264
205265
205266
205267
205268
205270
205271
205288
205289
205428
205429
205445
205446
205447
205448
205449
205450
205451
205452
205453
205455
205456
205473
205474
205613
205614
205630
205631
205632
205633
205634
205635
205636
205637
205638
205640
205641
205658
205659
205798
205799
205815
205816
205817
205818
205819
205820
205821
205822
205823
205825
205826
205843
205844
205983
205984
206000
206001
206002
206003
206004
206005
206006
206007
206008
206010
206011
206028
206029
206168
206169
206185
206186
206187
206188
206189
206190
206191
206192
206193
206195
206196
206213
206214
206353
206354
206370
206371
206372
206373
206374
206375
206376
206377
206378
206380
206381
206398
206399
206538
206539
206555
206556
206557
206558
206559
206560
206561
206562
206563
206565
206566
206583
206584
206723
206724
206740
206741
206742
206743
206744
206745
206746
206747
206748
206750
206751
206768
206769
206908
206909
206925
206927
206928
206930
206931
206933
206936
206953
206954
207093
207094
207138
207139
207278
207279
207323
207324
207463
207464
207480
207481
207482
207483
207484
207485
207486
207487
207488
207490
207491
207508
207509
207648
207649
207665
207666
207667
207668
207669
207670
207671
207672
207673
207675
207676
207693
207694
207833
207834
207850
207851
207852
207853
207854
207855
207856
207857
207858
207860
207861
207878
207879
208018
208019
208035
208036
208037
208038
208039
208040
208041
208042
208043
208045
208046
208063
208064
208203
208204
208220
208221
208222
208223
208224
208225
208226
208227
208228
208230
208231
208248
208249
208388
208389
208405
208407
208408
208410
208411
208413
208416
208433
208434
208573
208574
208618
208619
208758
208759
208803
208804
208943
208944
208988
208989
209127
209129
209132
209169
209171
209174
215725
215726
215727
215728
215730
215733
215764
215766
215767
215769
215771
215772
215911
215912
215956
215957
216096
216097
216141
216142
216281
216282
216326
216327
216466
216467
216511
216512
216651
216652
216696
216697
216836
216837
216881
216882
217021
217022
217066
217067
217206
217207
217251
217252
217391
217392
217408
217409
217410
217411
217412
217413
217414
217415
217416
217418
217419
217436
217437
217576
217577
217593
217594
217595
217596
217597
217598
217599
217600
217601
217603
217604
217621
217622
217761
217762
217778
217779
217780
217781
217782
217783
217784
217785
217786
217788
217789
217806
217807
217946
217947
217963
217964
217965
217966
217967
217968
217969
217970
217971
217973
217974
217991
217992
218131
218132
218148
218149
218150
218151
218152
218153
218154
218155
218156
218158
218159
218176
218177
218316
218317
218333
218334
218335
218336
218337
218338
218339
218340
218341
218343
218344
218361
218362
218501
218502
218518
218519
218520
218521
218522
218523
218524
218525
218526
218528
218529
218546
218547
218686
218687
218703
218704
218705
218706
218707
218708
218709
218710
218711
218713
218714
218731
218732
218871
218872
218888
218889
218890
218891
218892
218893
218894
218895
218896
218898
218899
218916
218917
219056
219057
219073
219074
219075
219076
219077
219078
219079
219080
219081
219083
219084
219101
219102
219241
219242
219258
219259
219260
219261
219262
219263
219264
219265
219266
219268
219269
219286
219287
219426
219427
219443
219444
219445
219446
219447
219448
219449
219450
219451
219453
219454
219471
219472
219611
219612
219628
219629
219630
219631
219632
219633
219634
219635
219636
219638
219639
219656
219657
219796
219797
219813
219814
219815
219816
219817
219818
219819
219820
219821
219823
219824
219841
219842
219981
219982
219998
219999
220000
220001
220002
220003
220004
220005
220006
220008
220009
220026
220027
220166
220167
220183
220184
220185
220186
220187
220188
220189
220190
220191
220193
220194
220211
220212
220351
220352
220368
220370
220371
220373
220374
220376
220379
220396
220397
220536
220537
220581
220582
220721
220722
220766
220767
220906
220907
220923
220924
220925
220926
220927
220928
220929
220930
220931
220933
220934
220951
220952
221091
221092
221108
221109
221110
221111
221112
221113
221114
221115
221116
221118
221119
221136
221137
221276
221277
221293
221294
221295
221296
221297
221298
221299
221300
221301
221303
221304
221321
221322
221461
221462
221478
221479
221480
221481
221482
221483
221484
221485
221486
221488
221489
221506
221507
221646
221647
221663
221664
221665
221666
221667
221668
221669
221670
221671
221673
221674
221691
221692
221831
221832
221848
221850
221851
221853
221854
221856
221859
221876
221877
222016
222017
222061
222062
222201
222202
222246
222247
222386
222387
222431
222432
222570
222572
222575
222612
222614
222617
229168
229169
229170
229171
229173
229176
229207
229209
229210
229212
229214
229215
229354
229355
229399
229400
229539
229540
229584
229585
229724
229725
229769
229770
229909
229910
229954
229955
230094
230095
230139
230140
230279
230280
230324
230325
230464
230465
230509
230510
230649
230650
230694
230695
230834
230835
230851
230852
230853
230854
230855
230856
230857
230858
230859
230861
230862
230879
230880
231019
231020
231036
231037
231038
231039
231040
231041
231042
231043
231044
231046
231047
231064
231065
231204
231205
231221
231222
231223
231224
231225
231226
231227
231228
231229
231231
231232
231249
231250
231389
231390
231406
231407
231408
231409
231410
231411
231412
231413
231414
231416
231417
231434
231435
231574
231575
231591
231592
231593
231594
231595
231596
231597
231598
231599
231601
231602
231619
231620
231759
231760
231776
231777
231778
231779
231780
231781
231782
231783
231784
231786
231787
231804
231805
231944
231945
231961
231962
231963
231964
231965
231966
231967
231968
231969
231971
231972
231989
231990
232129
232130
232146
232147
232148
232149
232150
232151
232152
232153
232154
232156
232157
232174
232175
232314
232315
232331
232332
232333
232334
232335
232336
232337
232338
232339
232341
232342
232359
232360
232499
232500
232516
232517
232518
232519
232520
232521
232522
232523
232524
232526
232527
232544
232545
232684
232685
232701
232702
232703
232704
232705
232706
232707
232708
232709
232711
232712
232729
232730
232869
232870
232886
232887
232888
232889
232890
232891
232892
232893
232894
232896
232897
232914
232915
233054
233055
233071
233072
233073
233074
233075
233076
233077
233078
233079
233081
233082
233099
233100
233239
233240
233256
233257
233258
233259
233260
233261
233262
233263
233264
233266
233267
233284
233285
233424
233425
233441
233442
233443
233444
233445
233446
233447
233448
233449
233451
233452
233469
233470
233609
233610
233626
233627
233628
233629
233630
233631
233632
233633
233634
233636
233637
233654
233655
233794
233795
233811
233813
233814
233816
233817
233819
233822
233839
233840
233979
233980
234024
234025
234164
234165
234209
234210
234349
234350
234366
234367
234368
234369
234370
234371
234372
234373
234374
234376
234377
234394
234395
234534
234535
234551
234552
234553
234554
234555
234556
234557
234558
234559
234561
234562
234579
234580
234719
234720
234736
234737
234738
234739
234740
234741
234742
234743
234744
234746
234747
234764
234765
234904
234905
234921
234922
234923
234924
234925
234926
234927
234928
234929
234931
234932
234949
234950
235089
235090
235106
235107
235108
235109
235110
235111
235112
235113
235114
235116
235117
235134
235135
235274
235275
235291
235293
235294
235296
235297
235299
235302
235319
235320
235459
235460
235504
235505
235644
235645
235689
235690
235829
235830
235874
235875
236013
236015
236018
236055
236057
236060
242611
242612
242613
242614
242616
242619
242650
242652
242653
242655
242657
242658
242797
242798
242842
242843
242982
242983
243027
243028
243167
243168
243212
243213
243352
243353
243397
243398
243537
243538
243582
243583
243722
243723
243767
243768
243907
243908
243952
243953
244092
244093
244137
244138
244277
244278
244294
244295
244296
244297
244298
244299
244300
244301
244302
244304
244305
244322
244323
244462
244463
244479
244480
244481
244482
244483
244484
244485
244486
244487
244489
244490
244507
244508
244647
244648
244664
244665
244666
244667
244668
244669
244670
244671
244672
244674
244675
244692
244693
244832
244833
244849
244850
244851
244852
244853
244854
244855
244856
244857
244859
244860
244877
244878
245017
245018
245034
245035
245036
245037
245038
245039
245040
245041
245042
245044
245045
245062
245063
245202
245203
245219
245220
245221
245222
245223
245224
245225
245226
245227
245229
245230
245247
245248
245387
245388
245404
245405
245406
245407
245408
245409
245410
245411
245412
245414
245415
245432
245433
245572
245573
245589
245590
245591
245592
245593
245594
245595
245596
245597
245599
245600
245617
245618
245757
245758
245774
245775
245776
245777
245778
245779
245780
245781
245782
245784
245785
245802
245803
245942
245943
245959
245960
245961
245962
245963
245964
245965
245966
245967
245969
245970
245987
245988
246127
246128
246144
246145
246146
246147
246148
246149
246150
246151
246152
246154
246155
246172
246173
246312
246313
246329
246330
246331
246332
246333
246334
246335
246336
246337
246339
246340
246357
246358
246497
246498
246514
246515
246516
246517
246518
246519
246520
246521
246522
246524
246525
246542
246543
246682
246683
246699
246700
246701
246702
246703
246704
246705
246706
246707
246709
246710
246727
246728
246867
246868
246884
246885
246886
246887
246888
246889
246890
246891
246892
246894
246895
246912
246913
247052
247053
247069
247070
247071
247072
247073
247074
247075
247076
247077
247079
247080
247097
247098
247237
247238
247254
247256
247257
247259
247260
247262
247265
247282
247283
247422
247423
247467
247468
247607
247608
247652
247653
247792
247793
247809
247810
247811
247812
247813
247814
247815
247816
247817
247819
247820
247837
247838
247977
247978
247994
247995
247996
247997
247998
247999
248000
248001
248002
248004
248005
248022
248023
248162
248163
248179
248180
248181
248182
248183
248184
248185
248186
248187
248189
248190
248207
248208
248347
248348
248364
248365
248366
248367
248368
248369
248370
248371
248372
248374
248375
248392
248393
248532
248533
248549
248550
248551
248552
248553
248554
248555
248556
248557
248559
248560
248577
248578
248717
248718
248734
248736
248737
248739
248740
248742
248745
248762
248763
248902
248903
248947
248948
249087
249088
249132
249133
249272
249273
249317
249318
249456
249458
249461
249498
249500
249503
256054
256055
256056
256057
256059
256062
256093
256095
256096
256098
256100
256101
256240
256241
256285
256286
256425
256426
256470
256471
256610
256611
256655
256656
256795
256796
256840
256841
256980
256981
257025
257026
257165
257166
257210
257211
257350
257351
257395
257396
257535
257536
257580
257581
257720
257721
257737
257738
257739
257740
257741
257742
257743
257744
257745
257747
257748
257765
257766
257905
257906
257922
257923
257924
257925
257926
257927
257928
257929
257930
257932
257933
257950
257951
258090
258091
258107
258108
258109
258110
258111
258112
258113
258114
258115
258117
258118
258135
258136
258275
258276
258292
258293
258294
258295
258296
258297
258298
258299
258300
258302
258303
258320
258321
258460
258461
258477
258478
258479
258480
258481
258482
258483
258484
258485
258487
258488
258505
258506
258645
258646
258662
258663
258664
258665
258666
258667
258668
258669
258670
258672
258673
258690
258691
258830
258831
258847
258848
258849
258850
258851
258852
258853
258854
258855
258857
258858
258875
258876
259015
259016
259032
259033
259034
259035
259036
259037
259038
259039
259040
259042
259043
259060
259061
259200
259201
259217
259218
259219
259220
259221
259222
259223
259224
259225
259227
259228
259245
259246
259385
259386
259402
259403
259404
259405
259406
259407
259408
259409
259410
259412
259413
259430
259431
259570
259571
259587
259588
259589
259590
259591
259592
259593
259594
259595
259597
259598
259615
259616
259755
259756
259772
259773
259774
259775
259776
259777
259778
259779
259780
259782
259783
259800
259801
259940
259941
259957
259958
259959
259960
259961
259962
259963
259964
259965
259967
259968
259985
259986
260125
260126
260142
260143
260144
260145
260146
260147
260148
260149
260150
260152
260153
260170
260171
260310
260311
260327
260328
260329
260330
260331
260332
260333
260334
260335
260337
260338
260355
260356
260495
260496
260512
260513
260514
260515
260516
260517
260518
260519
260520
260522
260523
260540
260541
260680
260681
260697
260699
260700
260702
260703
260705
260708
260725
260726
260865
260866
260910
260911
261050
261051
261095
261096
261235
261236
261252
261253
261254
261255
261256
261257
261258
261259
261260
261262
261263
261280
261281
261420
261421
261437
261438
261439
261440
261441
261442
261443
261444
261445
261447
261448
261465
261466
261605
261606
261622
261623
261624
261625
261626
261627
261628
261629
261630
261632
261633
261650
261651
261790
261791
261807
261808
261809
261810
261811
261812
261813
261814
261815
261817
261818
261835
261836
261975
261976
261992
261993
261994
261995
261996
261997
261998
261999
262000
262002
262003
262020
262021
262160
262161
262177
262179
262180
262182
262183
262185
262188
262205
262206
262345
262346
262390
262391
262530
262531
262575
262576
262715
262716
262760
262761
262899
262901
262904
262941
262943
262946
269497
269498
269499
269500
269502
269505
269536
269538
269539
269541
269543
269544
269683
269684
269728
269729
269868
269869
269913
269914
270053
270054
270098
270099
270238
270239
270283
270284
270423
270424
270468
270469
270608
270609
270653
270654
270793
270794
270838
270839
270978
270979
271023
271024
271163
271164
271180
271181
271182
271183
271184
271185
271186
271187
271188
271190
271191
271208
271209
271348
271349
271365
271366
271367
271368
271369
271370
271371
271372
271373
271375
271376
271393
271394
271533
271534
271550
271551
271552
271553
271554
271555
271556
271557
271558
271560
271561
271578
271579
271718
271719
271735
271736
271737
271738
271739
271740
271741
271742
271743
271745
271746
271763
271764
271903
271904
271920
271921
271922
271923
271924
271925
271926
271927
271928
271930
271931
271948
271949
272088
272089
272105
272106
272107
272108
272109
272110
272111
272112
272113
272115
272116
272133
272134
272273
272274
272290
272291
272292
272293
272294
272295
272296
272297
272298
272300
272301
272318
272319
272458
272459
272475
272476
272477
272478
272479
272480
272481
272482
272483
272485
272486
272503
272504
272643
272644
272660
272661
272662
272663
272664
272665
272666
272667
272668
272670
272671
272688
272689
272828
272829
272845
272846
272847
272848
272849
272850
272851
272852
272853
272855
272856
272873
272874
273013
273014
273030
273031
273032
273033
273034
273035
273036
273037
273038
273040
273041
273058
273059
273198
273199
273215
273216
273217
273218
273219
273220
273221
273222
273223
273225
273226
273243
273244
273383
273384
273400
273401
273402
273403
273404
273405
273406
273407
273408
273410
273411
273428
273429
273568
273569
273585
273586
273587
273588
273589
273590
273591
273592
273593
273595
273596
273613
273614
273753
273754
273770
273771
273772
273773
273774
273775
273776
273777
273778
273780
273781
273798
273799
273938
273939
273955
273956
273957
273958
273959
273960
273961
273962
273963
273965
273966
273983
273984
274123
274124
274140
274142
274143
274145
274146
274148
274151
274168
274169
274308
274309
274353
274354
274493
274494
274538
274539
274678
274679
274695
274696
274697
274698
274699
274700
274701
274702
274703
274705
274706
274723
274724
274863
274864
274880
274881
274882
274883
274884
274885
274886
274887
274888
274890
274891
274908
274909
275048
275049
275065
275066
275067
275068
275069
275070
275071
275072
275073
275075
275076
275093
275094
275233
275234
275250
275251
275252
275253
275254
275255
275256
275257
275258
275260
275261
275278
275279
275418
275419
275435
275436
275437
275438
275439
275440
275441
275442
275443
275445
275446
275463
275464
275603
275604
275620
275622
275623
275625
275626
275628
275631
275648
275649
275788
275789
275833
275834
275973
275974
276018
276019
276158
276159
276203
276204
276342
276344
276347
276384
276386
276389
282940
282941
282942
282943
282945
282948
282979
282981
282982
282984
282986
282987
283126
283127
283171
283172
283311
283312
283356
283357
283496
283497
283541
283542
283681
283682
283726
283727
283866
283867
283911
283912
284051
284052
284096
284097
284236
284237
284281
284282
284421
284422
284466
284467
284606
284607
284623
284624
284625
284626
284627
284628
284629
284630
284631
284633
284634
284651
284652
284791
284792
284808
284809
284810
284811
284812
284813
284814
284815
284816
284818
284819
284836
284837
284976
284977
284993
284994
284995
284996
284997
284998
284999
285000
285001
285003
285004
285021
285022
285161
285162
285178
285179
285180
285181
285182
285183
285184
285185
285186
285188
285189
285206
285207
285346
285347
285363
285364
285365
285366
285367
285368
285369
285370
285371
285373
285374
285391
285392
285531
285532
285548
285549
285550
285551
285552
285553
285554
285555
285556
285558
285559
285576
285577
285716
285717
285733
285734
285735
285736
285737
285738
285739
285740
285741
285743
285744
285761
285762
285901
285902
285918
285919
285920
285921
285922
285923
285924
285925
285926
285928
285929
285946
285947
286086
286087
286103
286104
286105
286106
286107
286108
286109
286110
286111
286113
286114
286131
286132
286271
286272
286288
286289
286290
286291
286292
286293
286294
286295
286296
286298
286299
286316
286317
286456
286457
286473
286474
286475
286476
286477
286478
286479
286480
286481
286483
286484
286501
286502
286641
286642
286658
286659
286660
286661
286662
286663
286664
286665
286666
286668
286669
286686
286687
286826
286827
286843
286844
286845
286846
286847
286848
286849
286850
286851
286853
286854
286871
286872
287011
287012
287028
287029
287030
287031
287032
287033
287034
287035
287036
287038
287039
287056
287057
287196
287197
287213
287214
287215
287216
287217
287218
287219
287220
287221
287223
287224
287241
287242
287381
287382
287398
287399
287400
287401
287402
287403
287404
287405
287406
287408
287409
287426
287427
287566
287567
287583
287585
287586
287588
287589
287591
287594
287611
287612
287751
287752
287796
287797
287936
287937
287981
287982
288121
288122
288138
288139
288140
288141
288142
288143
288144
288145
288146
288148
288149
288166
288167
288306
288307
288323
288324
288325
288326
288327
288328
288329
288330
288331
288333
288334
288351
288352
288491
288492
288508
288509
288510
288511
288512
288513
288514
288515
288516
288518
288519
288536
288537
288676
288677
288693
288694
288695
288696
288697
288698
288699
288700
288701
288703
288704
288721
288722
288861
288862
288878
288879
288880
288881
288882
288883
288884
288885
288886
288888
288889
288906
288907
289046
289047
289063
289065
289066
289068
289069
289071
289074
289091
289092
289231
289232
289276
289277
289416
289417
289461
289462
289601
289602
289646
289647
289785
289787
289790
289827
289829
289832
296383
296384
296385
296386
296388
296391
296422
296424
296425
296427
296429
296430
296569
296570
296614
296615
296754
296755
296799
296800
296939
296940
296984
296985
297124
297125
297169
297170
297309
297310
297354
297355
297494
297495
297539
297540
297679
297680
297724
297725
297864
297865
297909
297910
298049
298050
298066
298067
298068
298069
298070
298071
298072
298073
298074
298076
298077
298094
298095
298234
298235
298251
298252
298253
298254
298255
298256
298257
298258
298259
298261
298262
298279
298280
298419
298420
298436
298437
298438
298439
298440
298441
298442
298443
298444
298446
298447
298464
298465
298604
298605
298621
298622
298623
298624
298625
298626
298627
298628
298629
298631
298632
298649
298650
298789
298790
298806
298807
298808
298809
298810
298811
298812
298813
298814
298816
298817
298834
298835
298974
298975
298991
298992
298993
298994
298995
298996
298997
298998
298999
299001
299002
299019
299020
299159
299160
299176
299177
299178
299179
299180
299181
299182
299183
299184
299186
299187
299204
299205
299344
299345
299361
299362
299363
299364
299365
299366
299367
299368
299369
299371
299372
299389
299390
299529
299530
299546
299547
299548
299549
299550
299551
299552
299553
299554
299556
299557
299574
299575
299714
299715
299731
299732
299733
299734
299735
299736
299737
299738
299739
299741
299742
299759
299760
299899
299900
299916
299917
299918
299919
299920
299921
299922
299923
299924
299926
299927
299944
299945
300084
300085
300101
300102
300103
300104
300105
300106
300107
300108
300109
300111
300112
300129
300130
300269
300270
300286
300287
300288
300289
300290
300291
300292
300293
300294
300296
300297
300314
300315
300454
300455
300471
300472
300473
300474
300475
300476
300477
300478
300479
300481
300482
300499
300500
300639
300640
300656
300657
300658
300659
300660
300661
300662
300663
300664
300666
300667
300684
300685
300824
300825
300841
300842
300843
300844
300845
300846
300847
300848
300849
300851
300852
300869
300870
301009
301010
301026
301028
301029
301031
301032
301034
301037
301054
301055
301194
301195
301239
301240
301379
301380
301424
301425
301564
301565
301581
301582
301583
301584
301585
301586
301587
301588
301589
301591
301592
301609
301610
301749
301750
301766
301767
301768
301769
301770
301771
301772
301773
301774
301776
301777
301794
301795
301934
301935
301951
301952
301953
301954
301955
301956
301957
301958
301959
301961
301962
301979
301980
302119
302120
302136
302137
302138
302139
302140
302141
302142
302143
302144
302146
302147
302164
302165
302304
302305
302321
302322
302323
302324
302325
302326
302327
302328
302329
302331
302332
302349
302350
302489
302490
302506
302508
302509
302511
302512
302514
302517
302534
302535
302674
302675
302719
302720
302859
302860
302904
302905
303044
303045
303089
303090
303228
303230
303233
303270
303272
303275
309826
309827
309828
309829
309831
309834
309865
309867
309868
309870
309872
309873
310012
310013
310057
310058
310197
310198
310242
310243
310382
310383
310427
310428
310567
310568
310612
310613
310752
310753
310797
310798
310937
310938
310982
310983
311122
311123
311167
311168
311307
311308
311352
311353
311492
311493
311509
311510
311511
311512
311513
311514
311515
311516
311517
311519
311520
311537
311538
311677
311678
311694
311695
311696
311697
311698
311699
311700
311701
311702
311704
311705
311722
311723
311862
311863
311879
311880
311881
311882
311883
311884
311885
311886
311887
311889
311890
311907
311908
312047
312048
312064
312065
312066
312067
312068
312069
312070
312071
312072
312074
312075
312092
312093
312232
312233
312249
312250
312251
312252
312253
312254
312255
312256
312257
312259
312260
312277
312278
312417
312418
312434
312435
312436
312437
312438
312439
312440
312441
312442
312444
312445
312462
312463
312602
312603
312619
312620
312621
312622
312623
312624
312625
312626
312627
312629
312630
312647
312648
312787
312788
312804
312805
312806
312807
312808
312809
312810
312811
312812
312814
312815
312832
312833
312972
312973
312989
312990
312991
312992
312993
312994
312995
312996
312997
312999
313000
313017
313018
313157
313158
313174
313175
313176
313177
313178
313179
313180
313181
313182
313184
313185
313202
313203
313342
313343
313359
313360
313361
313362
313363
313364
313365
313366
313367
313369
313370
313387
313388
313527
313528
313544
313545
313546
313547
313548
313549
313550
313551
313552
313554
313555
313572
313573
313712
313713
313729
313730
313731
313732
313733
313734
313735
313736
313737
313739
313740
313757
313758
313897
313898
313914
313915
313916
313917
313918
313919
313920
313921
313922
313924
313925
313942
313943
314082
314083
314099
314100
314101
314102
314103
314104
314105
314106
314107
314109
314110
314127
314128
314267
314268
314284
314285
314286
314287
314288
314289
314290
314291
314292
314294
314295
314312
314313
314452
314453
314469
314471
314472
314474
314475
314477
314480
314497
314498
314637
314638
314682
314683
314822
314823
314867
314868
315007
315008
315024
315025
315026
315027
315028
315029
315030
315031
315032
315034
315035
315052
315053
315192
315193
315209
315210
315211
315212
315213
315214
315215
315216
315217
315219
315220
315237
315238
315377
315378
315394
315395
315396
315397
315398
315399
315400
315401
315402
315404
315405
315422
315423
315562
315563
315579
315580
315581
315582
315583
315584
315585
315586
315587
315589
315590
315607
315608
315747
315748
315764
315765
315766
315767
315768
315769
315770
315771
315772
315774
315775
315792
315793
315932
315933
315949
315951
315952
315954
315955
315957
315960
315977
315978
316117
316118
316162
316163
316302
316303
316347
316348
316487
316488
316532
316533
316671
316673
316676
316713
316715
316718
323269
323270
323271
323272
323274
323277
323308
323310
323311
323313
323315
323316
323455
323456
323500
323501
323640
323641
323685
323686
323825
323826
323870
323871
324010
324011
324055
324056
324195
324196
324240
324241
324380
324381
324425
324426
324565
324566
324610
324611
324750
324751
324795
324796
324935
324936
324952
324953
324954
324955
324956
324957
324958
324959
324960
324962
324963
324980
324981
325120
325121
325137
325138
325139
325140
325141
325142
325143
325144
325145
325147
325148
325165
325166
325305
325306
325322
325323
325324
325325
325326
325327
325328
325329
325330
325332
325333
325350
325351
325490
325491
325507
325508
325509
325510
325511
325512
325513
325514
325515
325517
325518
325535
325536
325675
325676
325692
325693
325694
325695
325696
325697
325698
325699
325700
325702
325703
325720
325721
325860
325861
325877
325878
325879
325880
325881
325882
325883
325884
325885
325887
325888
325905
325906
326045
326046
326062
326063
326064
326065
326066
326067
326068
326069
326070
326072
326073
326090
326091
326230
326231
326247
326248
326249
326250
326251
326252
326253
326254
326255
326257
326258
326275
326276
326415
326416
326432
326433
326434
326435
326436
326437
326438
326439
326440
326442
326443
326460
326461
326600
326601
326617
326618
326619
326620
326621
326622
326623
326624
326625
326627
326628
326645
326646
326785
326786
326802
326803
326804
326805
326806
326807
326808
326809
326810
326812
326813
326830
326831
326970
326971
326987
326988
326989
326990
326991
326992
326993
326994
326995
326997
326998
327015
327016
327155
327156
327172
327173
327174
327175
327176
327177
327178
327179
327180
327182
327183
327200
327201
327340
327341
327357
327358
327359
327360
327361
327362
327363
327364
327365
327367
327368
327385
327386
327525
327526
327542
327543
327544
327545
327546
327547
327548
327549
327550
327552
327553
327570
327571
327710
327711
327727
327728
327729
327730
327731
327732
327733
327734
327735
327737
327738
327755
327756
327895
327896
327912
327914
327915
327917
327918
327920
327923
327940
327941
328080
328081
328125
328126
328265
328266
328310
328311
328450
328451
328467
328468
328470
328471
328473
328474
328477
328495
328496
328635
328636
328652
328653
328655
328656
328658
328659
328662
328680
328681
328820
328821
328837
328838
328840
328841
328843
328844
328847
328865
328866
329005
329006
329022
329023
329025
329026
329028
329029
329032
329050
329051
329190
329191
329207
329208
329210
329211
329213
329214
329217
329235
329236
329375
329376
329392
329395
329398
329420
329421
329560
329561
329605
329606
329745
329746
329790
329791
329930
329931
329975
329976
330114
330116
330119
330156
330158
330161
336712
336713
336714
336715
336717
336720
336751
336753
336754
336756
336758
336759
336898
336899
336943
336944
337083
337084
337128
337129
337268
337269
337313
337314
337453
337454
337498
337499
337638
337639
337683
337684
337823
337824
337868
337869
338008
338009
338053
338054
338193
338194
338238
338239
338378
338379
338395
338396
338397
338398
338399
338400
338401
338402
338403
338405
338406
338423
338424
338563
338564
338580
338581
338582
338583
338584
338585
338586
338587
338588
338590
338591
338608
338609
338748
338749
338765
338766
338767
338768
338769
338770
338771
338772
338773
338775
338776
338793
338794
338933
338934
338950
338951
338952
338953
338954
338955
338956
338957
338958
338960
338961
338978
338979
339118
339119
339135
339136
339137
339138
339139
339140
339141
339142
339143
339145
339146
339163
339164
339303
339304
339320
339321
339322
339323
339324
339325
339326
339327
339328
339330
339331
339348
339349
339488
339489
339505
339506
339507
339508
339509
339510
339511
339512
339513
339515
339516
339533
339534
339673
339674
339690
339691
339692
339693
339694
339695
339696
339697
339698
339700
339701
339718
339719
339858
339859
339875
339876
339877
339878
339879
339880
339881
339882
339883
339885
339886
339903
339904
340043
340044
340060
340061
340062
340063
340064
340065
340066
340067
340068
340070
340071
340088
340089
340228
340229
340245
340246
340247
340248
340249
340250
340251
340252
340253
340255
340256
340273
340274
340413
340414
340430
340431
340432
340433
340434
340435
340436
340437
340438
340440
340441
340458
340459
340598
340599
340615
340616
340617
340618
340619
340620
340621
340622
340623
340625
340626
340643
340644
340783
340784
340800
340801
340802
340803
340804
340805
340806
340807
340808
340810
340811
340828
340829
340968
340969
340985
340986
340987
340988
340989
340990
340991
340992
340993
340995
340996
341013
341014
341153
341154
341170
341171
341172
341173
341174
341175
341176
341177
341178
341180
341181
341198
341199
341338
341339
341355
341357
341358
341360
341361
341363
341366
341383
341384
341523
341524
341568
341569
341708
341709
341753
341754
341893
341894
341938
341939
342078
342079
342123
342124
342263
342264
342308
342309
342448
342449
342493
342494
342633
342634
342678
342679
342818
342819
342863
342864
343003
343004
343048
343049
343188
343189
343233
343234
343373
343374
343418
343419
343557
343559
343562
343599
343601
343604
350155
350156
350157
350158
350160
350163
350194
350196
350197
350199
350201
350202
350341
350342
350386
350387
350526
350527
350571
350572
350711
350712
350756
350757
350896
350897
350941
350942
351081
351082
351126
351127
351266
351267
351311
351312
351451
351452
351496
351497
351636
351637
351681
351682
351821
351822
351838
351839
351840
351841
351842
351843
351844
351845
351846
351848
351849
351866
351867
352006
352007
352023
352024
352025
352026
352027
352028
352029
352030
352031
352033
352034
352051
352052
352191
352192
352208
352209
352210
352211
352212
352213
352214
352215
352216
352218
352219
352236
352237
352376
352377
352393
352394
352395
352396
352397
352398
352399
352400
352401
352403
352404
352421
352422
352561
352562
352578
352579
352580
352581
352582
352583
352584
352585
352586
352588
352589
352606
352607
352746
352747
352763
352764
352765
352766
352767
352768
352769
352770
352771
352773
352774
352791
352792
352931
352932
352948
352949
352950
352951
352952
352953
352954
352955
352956
352958
352959
352976
352977
353116
353117
353133
353134
353135
353136
353137
353138
353139
353140
353141
353143
353144
353161
353162
353301
353302
353318
353319
353320
353321
353322
353323
353324
353325
353326
353328
353329
353346
353347
353486
353487
353503
353504
353505
353506
353507
353508
353509
353510
353511
353513
353514
353531
353532
353671
353672
353688
353689
353690
353691
353692
353693
353694
353695
353696
353698
353699
353716
353717
353856
353857
353873
353874
353875
353876
353877
353878
353879
353880
353881
353883
353884
353901
353902
354041
354042
354058
354059
354060
354061
354062
354063
354064
354065
354066
354068
354069
354086
354087
354226
354227
354243
354244
354245
354246
354247
354248
354249
354250
354251
354253
354254
354271
354272
354411
354412
354428
354429
354430
354431
354432
354433
354434
354435
354436
354438
354439
354456
354457
354596
354597
354613
354614
354615
354616
354617
354618
354619
354620
354621
354623
354624
354641
354642
354781
354782
354798
354800
354801
354803
354804
354806
354809
354826
354827
354966
354967
355011
355012
355151
355152
355196
355197
355336
355337
355350
355351
355352
355353
355354
355355
355356
355357
355358
355359
355360
355361
355362
355363
355364
355366
355367
355381
355382
355521
355522
355535
355536
355537
355538
355539
355540
355541
355542
355543
355544
355545
355546
355547
355548
355549
355551
355552
355566
355567
355706
355707
355720
355721
355722
355723
355724
355725
355726
355727
355728
355729
355730
355731
355732
355733
355734
355736
355737
355751
355752
355891
355892
355905
355906
355907
355908
355909
355910
355911
355912
355913
355914
355915
355916
355917
355918
355919
355921
355922
355936
355937
356076
356077
356090
356091
356092
356093
356094
356095
356096
356097
356098
356099
356100
356101
356102
356103
356104
356106
356107
356121
356122
356261
356262
356275
356276
356277
356278
356279
356280
356281
356282
356283
356284
356285
356286
356287
356288
356289
356291
356292
356306
356307
356446
356447
356460
356462
356463
356465
356466
356468
356469
356471
356472
356474
356477
356491
356492
356631
356632
356676
356677
356816
356817
356861
356862
357000
357002
357005
357042
357044
357047
363598
363599
363600
363601
363603
363606
363637
363639
363640
363642
363644
363645
363784
363785
363829
363830
363969
363970
364014
364015
364154
364155
364199
364200
364339
364340
364384
364385
364524
364525
364569
364570
364709
364710
364754
364755
364894
364895
364939
364940
365079
365080
365124
365125
365264
365265
365281
365282
365283
365284
365285
365286
365287
365288
365289
365291
365292
365309
365310
365449
365450
365466
365467
365468
365469
365470
365471
365472
365473
365474
365476
365477
365494
365495
365634
365635
365651
365652
365653
365654
365655
365656
365657
365658
365659
365661
365662
365679
365680
365819
365820
365836
365837
365838
365839
365840
365841
365842
365843
365844
365846
365847
365864
365865
366004
366005
366021
366022
366023
366024
366025
366026
366027
366028
366029
366031
366032
366049
366050
366189
366190
366206
366207
366208
366209
366210
366211
366212
366213
366214
366216
366217
366234
366235
366374
366375
366391
366392
366393
366394
366395
366396
366397
366398
366399
366401
366402
366419
366420
366559
366560
366576
366577
366578
366579
366580
366581
366582
366583
366584
366586
366587
366604
366605
366744
366745
366761
366762
366763
366764
366765
366766
366767
366768
366769
366771
366772
366789
366790
366929
366930
366946
366947
366948
366949
366950
366951
366952
366953
366954
366956
366957
366974
366975
367114
367115
367131
367132
367133
367134
367135
367136
367137
367138
367139
367141
367142
367159
367160
367299
367300
367316
367317
367318
367319
367320
367321
367322
367323
367324
367326
367327
367344
367345
367484
367485
367501
367502
367503
367504
367505
367506
367507
367508
367509
367511
367512
367529
367530
367669
367670
367686
367687
367688
367689
367690
367691
367692
367693
367694
367696
367697
367714
367715
367854
367855
367871
367872
367873
367874
367875
367876
367877
367878
367879
367881
367882
367899
367900
368039
368040
368056
368057
368058
368059
368060
368061
368062
368063
368064
368066
368067
368084
368085
368224
368225
368241
368243
368244
368246
368247
368249
368252
368269
368270
368409
368410
368454
368455
368594
368595
368639
368640
368779
368780
368793
368794
368795
368796
368797
368798
368799
368800
368801
368802
368803
368804
368805
368806
368807
368809
368810
368824
368825
368964
368965
368978
368979
368980
368981
368982
368983
368984
368985
368986
368987
368988
368989
368990
368991
368992
368994
368995
369009
369010
369149
369150
369163
369164
369165
369166
369167
369168
369169
369170
369171
369172
369173
369174
369175
369176
369177
369179
369180
369194
369195
369334
369335
369348
369349
369350
369351
369352
369353
369354
369355
369356
369357
369358
369359
369360
369361
369362
369364
369365
369379
369380
369519
369520
369533
369534
369535
369536
369537
369538
369539
369540
369541
369542
369543
369544
369545
369546
369547
369549
369550
369564
369565
369704
369705
369718
369719
369720
369721
369722
369723
369724
369725
369726
369727
369728
369729
369730
369731
369732
369734
369735
369749
369750
369889
369890
369903
369905
369906
369908
369909
369911
369912
369914
369915
369917
369920
369934
369935
370074
370075
370119
370120
370259
370260
370304
370305
370443
370445
370448
370485
370487
370490
377041
377042
377043
377044
377046
377049
377080
377082
377083
377085
377087
377088
377227
377228
377272
377273
377412
377413
377457
377458
377597
377598
377642
377643
377782
377783
377827
377828
377967
377968
378012
378013
378152
378153
378197
378198
378337
378338
378382
378383
378522
378523
378567
378568
378707
378708
378724
378725
378726
378727
378728
378729
378730
378731
378732
378734
378735
378752
378753
378892
378893
378909
378910
378911
378912
378913
378914
378915
378916
378917
378919
378920
378937
378938
379077
379078
379094
379095
379096
379097
379098
379099
379100
379101
379102
379104
379105
379122
379123
379262
379263
379279
379280
379281
379282
379283
379284
379285
379286
379287
379289
379290
379307
379308
379447
379448
379464
379465
379466
379467
379468
379469
379470
379471
379472
379474
379475
379492
379493
379632
379633
379649
379650
379651
379652
379653
379654
379655
379656
379657
379659
379660
379677
379678
379817
379818
379834
379835
379836
379837
379838
379839
379840
379841
379842
379844
379845
379862
379863
380002
380003
380019
380020
380021
380022
380023
380024
380025
380026
380027
380029
380030
380047
380048
380187
380188
380204
380205
380206
380207
380208
380209
380210
380211
380212
380214
380215
380232
380233
380372
380373
380389
380390
380391
380392
380393
380394
380395
380396
380397
380399
380400
380417
380418
380557
380558
380574
380575
380576
380577
380578
380579
380580
380581
380582
380584
380585
380602
380603
380742
380743
380759
380760
380761
380762
380763
380764
380765
380766
380767
380769
380770
380787
380788
380927
380928
380944
380945
380946
380947
380948
380949
380950
380951
380952
380954
380955
380972
380973
381112
381113
381129
381130
381131
381132
381133
381134
381135
381136
381137
381139
381140
381157
381158
381297
381298
381314
381315
381316
381317
381318
381319
381320
381321
381322
381324
381325
381342
381343
381482
381483
381499
381500
381501
381502
381503
381504
381505
381506
381507
381509
381510
381527
381528
381667
381668
381684
381686
381687
381689
381690
381692
381695
381712
381713
381852
381853
381897
381898
382037
382038
382082
382083
382222
382223
382236
382237
382238
382239
382240
382241
382242
382243
382244
382245
382246
382247
382248
382249
382250
382252
382253
382267
382268
382407
382408
382421
382422
382423
382424
382425
382426
382427
382428
382429
382430
382431
382432
382433
382434
382435
382437
382438
382452
382453
382592
382593
382606
382607
382608
382609
382610
382611
382612
382613
382614
382615
382616
382617
382618
382619
382620
382622
382623
382637
382638
382777
382778
382791
382792
382793
382794
382795
382796
382797
382798
382799
382800
382801
382802
382803
382804
382805
382807
382808
382822
382823
382962
382963
382976
382977
382978
382979
382980
382981
382982
382983
382984
382985
382986
382987
382988
382989
382990
382992
382993
383007
383008
383147
383148
383161
383162
383163
383164
383165
383166
383167
383168
383169
383170
383171
383172
383173
383174
383175
383177
383178
383192
383193
383332
383333
383346
383348
383349
383351
383352
383354
383355
383357
383358
383360
383363
383377
383378
383517
383518
383562
383563
383702
383703
383747
383748
383886
383888
383891
383928
383930
383933
390484
390485
390486
390487
390489
390492
390523
390525
390526
390528
390530
390531
390670
390671
390715
390716
390855
390856
390900
390901
391040
391041
391085
391086
391225
391226
391270
391271
391410
391411
391455
391456
391595
391596
391640
391641
391780
391781
391825
391826
391965
391966
392010
392011
392150
392151
392167
392168
392169
392170
392171
392172
392173
392174
392175
392177
392178
392195
392196
392335
392336
392352
392353
392354
392355
392356
392357
392358
392359
392360
392362
392363
392380
392381
392520
392521
392537
392538
392539
392540
392541
392542
392543
392544
392545
392547
392548
392565
392566
392705
392706
392722
392723
392724
392725
392726
392727
392728
392729
392730
392732
392733
392750
392751
392890
392891
392907
392908
392909
392910
392911
392912
392913
392914
392915
392917
392918
392935
392936
393075
393076
393092
393093
393094
393095
393096
393097
393098
393099
393100
393102
393103
393120
393121
393260
393261
393277
393278
393279
393280
393281
393282
393283
393284
393285
393287
393288
393305
393306
393445
393446
393462
393463
393464
393465
393466
393467
393468
393469
393470
393472
393473
393490
393491
393630
393631
393647
393648
393649
393650
393651
393652
393653
393654
393655
393657
393658
393675
393676
393815
393816
393832
393833
393834
393835
393836
393837
393838
393839
393840
393842
393843
393860
393861
394000
394001
394017
394018
394019
394020
394021
394022
394023
394024
394025
394027
394028
394045
394046
394185
394186
394202
394203
394204
394205
394206
394207
394208
394209
394210
394212
394213
394230
394231
394370
394371
394387
394388
394389
394390
394391
394392
394393
394394
394395
394397
394398
394415
394416
394555
394556
394572
394573
394574
394575
394576
394577
394578
394579
394580
394582
394583
394600
394601
394740
394741
394757
394758
394759
394760
394761
394762
394763
394764
394765
394767
394768
394785
394786
394925
394926
394942
394943
394944
394945
394946
394947
394948
394949
394950
394952
394953
394970
394971
395110
395111
395127
395129
395130
395132
395133
395135
395138
395155
395156
395295
395296
395340
395341
395480
395481
395525
395526
395665
395666
395679
395680
395681
395682
395683
395684
395685
395686
395687
395688
395689
395690
395691
395692
395693
395695
395696
395710
395711
395850
395851
395864
395865
395866
395867
395868
395869
395870
395871
395872
395873
395874
395875
395876
395877
395878
395880
395881
395895
395896
396035
396036
396049
396050
396051
396052
396053
396054
396055
396056
396057
396058
396059
396060
396061
396062
396063
396065
396066
396080
396081
396220
396221
396234
396235
396236
396237
396238
396239
396240
396241
396242
396243
396244
396245
396246
396247
396248
396250
396251
396265
396266
396405
396406
396419
396420
396421
396422
396423
396424
396425
396426
396427
396428
396429
396430
396431
396432
396433
396435
396436
396450
396451
396590
396591
396604
396605
396606
396607
396608
396609
396610
396611
396612
396613
396614
396615
396616
396617
396618
396620
396621
396635
396636
396775
396776
396789
396791
396792
396794
396795
396797
396798
396800
396801
396803
396806
396820
396821
396960
396961
397005
397006
397145
397146
397190
397191
397329
397331
397334
397371
397373
397376
403927
403928
403929
403930
403932
403935
403966
403968
403969
403971
403973
403974
404113
404114
404158
404159
404298
404299
404343
404344
404483
404484
404528
404529
404668
404669
404713
404714
404853
404854
404898
404899
405038
405039
405083
405084
405223
405224
405268
405269
405408
405409
405453
405454
405593
405594
405610
405611
405612
405613
405614
405615
405616
405617
405618
405620
405621
405638
405639
405778
405779
405795
405796
405797
405798
405799
405800
405801
405802
405803
405805
405806
405823
405824
405963
405964
405980
405981
405982
405983
405984
405985
405986
405987
405988
405990
405991
406008
406009
406148
406149
406165
406166
406167
406168
406169
406170
406171
406172
406173
406175
406176
406193
406194
406333
406334
406350
406351
406352
406353
406354
406355
406356
406357
406358
406360
406361
406378
406379
406518
406519
406535
406536
406537
406538
406539
406540
406541
406542
406543
406545
406546
406563
406564
406703
406704
406720
406721
406722
406723
406724
406725
406726
406727
406728
406730
406731
406748
406749
406888
406889
406905
406906
406907
406908
406909
406910
406911
406912
406913
406915
406916
406933
406934
407073
407074
407090
407091
407092
407093
407094
407095
407096
407097
407098
407100
407101
407118
407119
407258
407259
407275
407276
407277
407278
407279
407280
407281
407282
407283
407285
407286
407303
407304
407443
407444
407460
407461
407462
407463
407464
407465
407466
407467
407468
407470
407471
407488
407489
407628
407629
407645
407646
407647
407648
407649
407650
407651
407652
407653
407655
407656
407673
407674
407813
407814
407830
407831
407832
407833
407834
407835
407836
407837
407838
407840
407841
407858
407859
407998
407999
408015
408016
408017
408018
408019
408020
408021
408022
408023
408025
408026
408043
408044
408183
408184
408200
408201
408202
408203
408204
408205
408206
408207
408208
408210
408211
408228
408229
408368
408369
408385
408386
408387
408388
408389
408390
408391
408392
408393
408395
408396
408413
408414
408553
408554
408570
408572
408573
408575
408576
408578
408581
408598
408599
408738
408739
408783
408784
408923
408924
408968
408969
409108
409109
409122
409123
409124
409125
409126
409127
409128
409129
409130
409131
409132
409133
409134
409135
409136
409138
409139
409153
409154
409293
409294
409307
409308
409309
409310
409311
409312
409313
409314
409315
409316
409317
409318
409319
409320
409321
409323
409324
409338
409339
409478
409479
409492
409493
409494
409495
409496
409497
409498
409499
409500
409501
409502
409503
409504
409505
409506
409508
409509
409523
409524
409663
409664
409677
409678
409679
409680
409681
409682
409683
409684
409685
409686
409687
409688
409689
409690
409691
409693
409694
409708
409709
409848
409849
409862
409863
409864
409865
409866
409867
409868
409869
409870
409871
409872
409873
409874
409875
409876
409878
409879
409893
409894
410033
410034
410047
410048
410049
410050
410051
410052
410053
410054
410055
410056
410057
410058
410059
410060
410061
410063
410064
410078
410079
410218
410219
410232
410234
410235
410237
410238
410240
410241
410243
410244
410246
410249
410263
410264
410403
410404
410448
410449
410588
410589
410633
410634
410772
410774
410777
410814
410816
410819
417370
417371
417372
417373
417375
417378
417409
417411
417412
417414
417416
417417
417556
417557
417601
417602
417741
417742
417786
417787
417926
417927
417971
417972
418111
418112
418156
418157
418296
418297
418341
418342
418481
418482
418526
418527
418666
418667
418711
418712
418851
418852
418896
418897
419036
419037
419053
419054
419055
419056
419057
419058
419059
419060
419061
419063
419064
419081
419082
419221
419222
419238
419239
419240
419241
419242
419243
419244
419245
419246
419248
419249
419266
419267
419406
419407
419423
419424
419425
419426
419427
419428
419429
419430
419431
419433
419434
419451
419452
419591
419592
419608
419609
419610
419611
419612
419613
419614
419615
419616
419618
419619
419636
419637
419776
419777
419793
419794
419795
419796
419797
419798
419799
419800
419801
419803
419804
419821
419822
419961
419962
419978
419979
419980
419981
419982
419983
419984
419985
419986
419988
419989
420006
420007
420146
420147
420163
420164
420165
420166
420167
420168
420169
420170
420171
420173
420174
420191
420192
420331
420332
420348
420349
420350
420351
420352
420353
420354
420355
420356
420358
420359
420376
420377
420516
420517
420533
420534
420535
420536
420537
420538
420539
420540
420541
420543
420544
420561
420562
420701
420702
420718
420719
420720
420721
420722
420723
420724
420725
420726
420728
420729
420746
420747
420886
420887
420903
420904
420905
420906
420907
420908
420909
420910
420911
420913
420914
420931
420932
421071
421072
421088
421089
421090
421091
421092
421093
421094
421095
421096
421098
421099
421116
421117
421256
421257
421273
421274
421275
421276
421277
421278
421279
421280
421281
421283
421284
421301
421302
421441
421442
421458
421459
421460
421461
421462
421463
421464
421465
421466
421468
421469
421486
421487
421626
421627
421643
421644
421645
421646
421647
421648
421649
421650
421651
421653
421654
421671
421672
421811
421812
421828
421829
421830
421831
421832
421833
421834
421835
421836
421838
421839
421856
421857
421996
421997
422013
422015
422016
422018
422019
422021
422024
422041
422042
422181
422182
422226
422227
422366
422367
422411
422412
422551
422552
422565
422566
422567
422568
422569
422570
422571
422572
422573
422574
422575
422576
422577
422578
422579
422581
422582
422596
422597
422736
422737
422750
422751
422752
422753
422754
422755
422756
422757
422758
422759
422760
422761
422762
422763
422764
422766
422767
422781
422782
422921
422922
422935
422936
422937
422938
422939
422940
422941
422942
422943
422944
422945
422946
422947
422948
422949
422951
422952
422966
422967
423106
423107
423120
423121
423122
423123
423124
423125
423126
423127
423128
423129
423130
423131
423132
423133
423134
423136
423137
423151
423152
423291
423292
423305
423306
423307
423308
423309
423310
423311
423312
423313
423314
423315
423316
423317
423318
423319
423321
423322
423336
423337
423476
423477
423490
423491
423492
423493
423494
423495
423496
423497
423498
423499
423500
423501
423502
423503
423504
423506
423507
423521
423522
423661
423662
423675
423677
423678
423680
423681
423683
423684
423686
423687
423689
423692
423706
423707
423846
423847
423891
423892
424031
424032
424076
424077
424215
424217
424220
424257
424259
424262
430813
430814
430815
430816
430818
430821
430852
430854
430855
430857
430859
430860
430999
431000
431044
431045
431184
431185
431229
431230
431369
431370
431414
431415
431554
431555
431599
431600
431739
431740
431784
431785
431924
431925
431969
431970
432109
432110
432154
432155
432294
432295
432305
432306
432307
432308
432309
432310
432311
432312
432313
432314
432315
432316
432317
432318
432319
432320
432321
432322
432323
432324
432325
432327
432328
432339
432340
432479
432480
432490
432491
432492
432493
432494
432495
432496
432497
432498
432499
432500
432501
432502
432503
432504
432505
432506
432507
432508
432509
432510
432512
432513
432524
432525
432664
432665
432675
432676
432677
432678
432679
432680
432681
432682
432683
432684
432685
432686
432687
432688
432689
432690
432691
432692
432693
432694
432695
432697
432698
432709
432710
432849
432850
432860
432861
432862
432863
432864
432865
432866
432867
432868
432869
432870
432871
432872
432873
432874
432875
432876
432877
432878
432879
432880
432882
432883
432894
432895
433034
433035
433045
433046
433047
433048
433049
433050
433051
433052
433053
433054
433055
433056
433057
433058
433059
433060
433061
433062
433063
433064
433065
433067
433068
433079
433080
433219
433220
433230
433231
433232
433233
433234
433235
433236
433237
433238
433239
433240
433241
433242
433243
433244
433245
433246
433247
433248
433249
433250
433252
433253
433264
433265
433404
433405
433415
433416
433417
433418
433419
433420
433421
433422
433423
433424
433425
433426
433427
433428
433429
433430
433431
433432
433433
433434
433435
433437
433438
433449
433450
433589
433590
433600
433601
433602
433603
433604
433605
433606
433607
433608
433609
433610
433611
433612
433613
433614
433615
433616
433617
433618
433619
433620
433622
433623
433634
433635
433774
433775
433785
433786
433787
433788
433789
433790
433791
433792
433793
433794
433795
433796
433797
433798
433799
433800
433801
433802
433803
433804
433805
433807
433808
433819
433820
433959
433960
433970
433971
433972
433973
433974
433975
433976
433977
433978
433979
433980
433981
433982
433983
433984
433985
433986
433987
433988
433989
433990
433992
433993
434004
434005
434144
434145
434155
434156
434157
434158
434159
434160
434161
434162
434163
434164
434165
434166
434167
434168
434169
434170
434171
434172
434173
434174
434175
434177
434178
434189
434190
434329
434330
434340
434341
434342
434343
434344
434345
434346
434347
434348
434349
434350
434351
434352
434353
434354
434355
434356
434357
434358
434359
434360
434362
434363
434374
434375
434514
434515
434525
434526
434527
434528
434529
434530
434531
434532
434533
434534
434535
434536
434537
434538
434539
434540
434541
434542
434543
434544
434545
434547
434548
434559
434560
434699
434700
434710
434711
434712
434713
434714
434715
434716
434717
434718
434719
434720
434721
434722
434723
434724
434725
434726
434727
434728
434729
434730
434732
434733
434744
434745
434884
434885
434895
434896
434897
434898
434899
434900
434901
434902
434903
434904
434905
434906
434907
434908
434909
434910
434911
434912
434913
434914
434915
434917
434918
434929
434930
435069
435070
435080
435081
435082
435083
435084
435085
435086
435087
435088
435089
435090
435091
435092
435093
435094
435095
435096
435097
435098
435099
435100
435102
435103
435114
435115
435254
435255
435265
435266
435267
435268
435269
435270
435271
435272
435273
435274
435275
435276
435277
435278
435279
435280
435281
435282
435283
435284
435285
435287
435288
435299
435300
435439
435440
435450
435451
435452
435453
435454
435455
435456
435457
435458
435459
435460
435461
435462
435463
435464
435465
435466
435467
435468
435469
435470
435472
435473
435484
435485
435624
435625
435635
435637
435638
435640
435641
435643
435644
435646
435647
435649
435650
435652
435653
435655
435658
435669
435670
435809
435810
435854
435855
435994
435995
436008
436009
436010
436011
436012
436013
436014
436015
436016
436017
436018
436019
436020
436021
436022
436024
436025
436039
436040
436179
436180
436193
436194
436195
436196
436197
436198
436199
436200
436201
436202
436203
436204
436205
436206
436207
436209
436210
436224
436225
436364
436365
436378
436379
436380
436381
436382
436383
436384
436385
436386
436387
436388
436389
436390
436391
436392
436394
436395
436409
436410
436549
436550
436563
436564
436565
436566
436567
436568
436569
436570
436571
436572
436573
436574
436575
436576
436577
436579
436580
436594
436595
436734
436735
436748
436749
436750
436751
436752
436753
436754
436755
436756
436757
436758
436759
436760
436761
436762
436764
436765
436779
436780
436919
436920
436933
436934
436935
436936
436937
436938
436939
436940
436941
436942
436943
436944
436945
436946
436947
436949
436950
436964
436965
437104
437105
437118
437120
437121
437123
437124
437126
437127
437129
437130
437132
437135
437149
437150
437289
437290
437334
437335
437474
437475
437519
437520
437658
437660
437663
437700
437702
437705
444256
444257
444258
444259
444261
444264
444295
444297
444298
444300
444302
444303
444442
444443
444487
444488
444627
444628
444672
444673
444812
444813
444857
444858
444997
444998
445042
445043
445182
445183
445227
445228
445367
445368
445412
445413
445552
445553
445597
445598
445737
445738
445748
445749
445750
445751
445752
445753
445754
445755
445756
445757
445758
445759
445760
445761
445762
445763
445764
445765
445766
445767
445768
445770
445771
445782
445783
445922
445923
445933
445934
445935
445936
445937
445938
445939
445940
445941
445942
445943
445944
445945
445946
445947
445948
445949
445950
445951
445952
445953
445955
445956
445967
445968
446107
446108
446118
446119
446120
446121
446122
446123
446124
446125
446126
446127
446128
446129
446130
446131
446132
446133
446134
446135
446136
446137
446138
446140
446141
446152
446153
446292
446293
446303
446304
446305
446306
446307
446308
446309
446310
446311
446312
446313
446314
446315
446316
446317
446318
446319
446320
446321
446322
446323
446325
446326
446337
446338
446477
446478
446488
446489
446490
446491
446492
446493
446494
446495
446496
446497
446498
446499
446500
446501
446502
446503
446504
446505
446506
446507
446508
446510
446511
446522
446523
446662
446663
446673
446674
446675
446676
446677
446678
446679
446680
446681
446682
446683
446684
446685
446686
446687
446688
446689
446690
446691
446692
446693
446695
446696
446707
446708
446847
446848
446858
446859
446860
446861
446862
446863
446864
446865
446866
446867
446868
446869
446870
446871
446872
446873
446874
446875
446876
446877
446878
446880
446881
446892
446893
447032
447033
447043
447044
447045
447046
447047
447048
447049
447050
447051
447052
447053
447054
447055
447056
447057
447058
447059
447060
447061
447062
447063
447065
447066
447077
447078
447217
447218
447228
447229
447230
447231
447232
447233
447234
447235
447236
447237
447238
447239
447240
447241
447242
447243
447244
447245
447246
447247
447248
447250
447251
447262
447263
447402
447403
447413
447414
447415
447416
447417
447418
447419
447420
447421
447422
447423
447424
447425
447426
447427
447428
447429
447430
447431
447432
447433
447435
447436
447447
447448
447587
447588
447598
447599
447600
447601
447602
447603
447604
447605
447606
447607
447608
447609
447610
447611
447612
447613
447614
447615
447616
447617
447618
447620
447621
447632
447633
447772
447773
447783
447784
447785
447786
447787
447788
447789
447790
447791
447792
447793
447794
447795
447796
447797
447798
447799
447800
447801
447802
447803
447805
447806
447817
447818
447957
447958
447968
447969
447970
447971
447972
447973
447974
447975
447976
447977
447978
447979
447980
447981
447982
447983
447984
447985
447986
447987
447988
447990
447991
448002
448003
448142
448143
448153
448154
448155
448156
448157
448158
448159
448160
448161
448162
448163
448164
448165
448166
448167
448168
448169
448170
448171
448172
448173
448175
448176
448187
448188
448327
448328
448338
448339
448340
448341
448342
448343
448344
448345
448346
448347
448348
448349
448350
448351
448352
448353
448354
448355
448356
448357
448358
448360
448361
448372
448373
448512
448513
448523
448524
448525
448526
448527
448528
448529
448530
448531
448532
448533
448534
448535
448536
448537
448538
448539
448540
448541
448542
448543
448545
448546
448557
448558
448697
448698
448708
448709
448710
448711
448712
448713
448714
448715
448716
448717
448718
448719
448720
448721
448722
448723
448724
448725
448726
448727
448728
448730
448731
448742
448743
448882
448883
448893
448894
448895
448896
448897
448898
448899
448900
448901
448902
448903
448904
448905
448906
448907
448908
448909
448910
448911
448912
448913
448915
448916
448927
448928
449067
449068
449078
449080
449081
449083
449084
449086
449087
449089
449090
449092
449093
449095
449096
449098
449101
449112
449113
449252
449253
449297
449298
449437
449438
449451
449452
449453
449454
449455
449456
449457
449458
449459
449460
449461
449462
449463
449464
449465
449467
449468
449482
449483
449622
449623
449636
449637
449638
449639
449640
449641
449642
449643
449644
449645
449646
449647
449648
449649
449650
449652
449653
449667
449668
449807
449808
449821
449822
449823
449824
449825
449826
449827
449828
449829
449830
449831
449832
449833
449834
449835
449837
449838
449852
449853
449992
449993
450006
450007
450008
450009
450010
450011
450012
450013
450014
450015
450016
450017
450018
450019
450020
450022
450023
450037
450038
450177
450178
450191
450192
450193
450194
450195
450196
450197
450198
450199
450200
450201
450202
450203
450204
450205
450207
450208
450222
450223
450362
450363
450376
450377
450378
450379
450380
450381
450382
450383
450384
450385
450386
450387
450388
450389
450390
450392
450393
450407
450408
450547
450548
450561
450563
450564
450566
450567
450569
450570
450572
450573
450575
450578
450592
450593
450732
450733
450777
450778
450917
450918
450962
450963
451101
451103
451106
451143
451145
451148
457699
457700
457701
457702
457704
457707
457738
457740
457741
457743
457745
457746
457885
457886
457930
457931
458070
458071
458115
458116
458255
458256
458300
458301
458440
458441
458485
458486
458625
458626
458670
458671
458810
458811
458855
458856
458995
458996
459040
459041
459180
459181
459191
459192
459193
459194
459195
459196
459197
459198
459199
459200
459201
459202
459203
459204
459205
459206
459207
459208
459209
459210
459211
459213
459214
459225
459226
459365
459366
459376
459377
459378
459379
459380
459381
459382
459383
459384
459385
459386
459387
459388
459389
459390
459391
459392
459393
459394
459395
459396
459398
459399
459410
459411
459550
459551
459561
459562
459563
459564
459565
459566
459567
459568
459569
459570
459571
459572
459573
459574
459575
459576
459577
459578
459579
459580
459581
459583
459584
459595
459596
459735
459736
459746
459747
459748
459749
459750
459751
459752
459753
459754
459755
459756
459757
459758
459759
459760
459761
459762
459763
459764
459765
459766
459768
459769
459780
459781
459920
459921
459931
459932
459933
459934
459935
459936
459937
459938
459939
459940
459941
459942
459943
459944
459945
459946
459947
459948
459949
459950
459951
459953
459954
459965
459966
460105
460106
460116
460117
460118
460119
460120
460121
460122
460123
460124
460125
460126
460127
460128
460129
460130
460131
460132
460133
460134
460135
460136
460138
460139
460150
460151
460290
460291
460301
460302
460303
460304
460305
460306
460307
460308
460309
460310
460311
460312
460313
460314
460315
460316
460317
460318
460319
460320
460321
460323
460324
460335
460336
460475
460476
460486
460487
460488
460489
460490
460491
460492
460493
460494
460495
460496
460497
460498
460499
460500
460501
460502
460503
460504
460505
460506
460508
460509
460520
460521
460660
460661
460671
460672
460673
460674
460675
460676
460677
460678
460679
460680
460681
460682
460683
460684
460685
460686
460687
460688
460689
460690
460691
460693
460694
460705
460706
460845
460846
460856
460857
460858
460859
460860
460861
460862
460863
460864
460865
460866
460867
460868
460869
460870
460871
460872
460873
460874
460875
460876
460878
460879
460890
460891
461030
461031
461041
461042
461043
461044
461045
461046
461047
461048
461049
461050
461051
461052
461053
461054
461055
461056
461057
461058
461059
461060
461061
461063
461064
461075
461076
461215
461216
461226
461227
461228
461229
461230
461231
461232
461233
461234
461235
461236
461237
461238
461239
461240
461241
461242
461243
461244
461245
461246
461248
461249
461260
461261
461400
461401
461411
461412
461413
461414
461415
461416
461417
461418
461419
461420
461421
461422
461423
461424
461425
461426
461427
461428
461429
461430
461431
461433
461434
461445
461446
461585
461586
461596
461597
461598
461599
461600
461601
461602
461603
461604
461605
461606
461607
461608
461609
461610
461611
461612
461613
461614
461615
461616
461618
461619
461630
461631
461770
461771
461781
461782
461783
461784
461785
461786
461787
461788
461789
461790
461791
461792
461793
461794
461795
461796
461797
461798
461799
461800
461801
461803
461804
461815
461816
461955
461956
461966
461967
461968
461969
461970
461971
461972
461973
461974
461975
461976
461977
461978
461979
461980
461981
461982
461983
461984
461985
461986
461988
461989
462000
462001
462140
462141
462151
462152
462153
462154
462155
462156
462157
462158
462159
462160
462161
462162
462163
462164
462165
462166
462167
462168
462169
462170
462171
462173
462174
462185
462186
462325
462326
462336
462337
462338
462339
462340
462341
462342
462343
462344
462345
462346
462347
462348
462349
462350
462351
462352
462353
462354
462355
462356
462358
462359
462370
462371
462510
462511
462521
462523
462524
462526
462527
462529
462530
462532
462533
462535
462536
462538
462539
462541
462544
462555
462556
462695
462696
462740
462741
462880
462881
462894
462895
462896
462897
462898
462899
462900
462901
462902
462903
462904
462905
462906
462907
462908
462910
462911
462925
462926
463065
463066
463079
463080
463081
463082
463083
463084
463085
463086
463087
463088
463089
463090
463091
463092
463093
463095
463096
463110
463111
463250
463251
463264
463265
463266
463267
463268
463269
463270
463271
463272
463273
463274
463275
463276
463277
463278
463280
463281
463295
463296
463435
463436
463449
463450
463451
463452
463453
463454
463455
463456
463457
463458
463459
463460
463461
463462
463463
463465
463466
463480
463481
463620
463621
463634
463635
463636
463637
463638
463639
463640
463641
463642
463643
463644
463645
463646
463647
463648
463650
463651
463665
463666
463805
463806
463819
463820
463821
463822
463823
463824
463825
463826
463827
463828
463829
463830
463831
463832
463833
463835
463836
463850
463851
463990
463991
464004
464006
464007
464009
464010
464012
464013
464015
464016
464018
464021
464035
464036
464175
464176
464220
464221
464360
464361
464405
464406
464544
464546
464549
464586
464588
464591
471142
471143
471144
471145
471147
471150
471181
471183
471184
471186
471188
471189
471328
471329
471373
471374
471513
471514
471558
471559
471698
471699
471743
471744
471883
471884
471928
471929
472068
472069
472113
472114
472253
472254
472298
472299
472438
472439
472483
472484
472623
472624
472634
472635
472636
472637
472638
472639
472640
472641
472642
472643
472644
472645
472646
472647
472648
472649
472650
472651
472652
472653
472654
472656
472657
472668
472669
472808
472809
472819
472820
472821
472822
472823
472824
472825
472826
472827
472828
472829
472830
472831
472832
472833
472834
472835
472836
472837
472838
472839
472841
472842
472853
472854
472993
472994
473004
473005
473006
473007
473008
473009
473010
473011
473012
473013
473014
473015
473016
473017
473018
473019
473020
473021
473022
473023
473024
473026
473027
473038
473039
473178
473179
473189
473190
473191
473192
473193
473194
473195
473196
473197
473198
473199
473200
473201
473202
473203
473204
473205
473206
473207
473208
473209
473211
473212
473223
473224
473363
473364
473374
473375
473376
473377
473378
473379
473380
473381
473382
473383
473384
473385
473386
473387
473388
473389
473390
473391
473392
473393
473394
473396
473397
473408
473409
473548
473549
473559
473560
473561
473562
473563
473564
473565
473566
473567
473568
473569
473570
473571
473572
473573
473574
473575
473576
473577
473578
473579
473581
473582
473593
473594
473733
473734
473744
473745
473746
473747
473748
473749
473750
473751
473752
473753
473754
473755
473756
473757
473758
473759
473760
473761
473762
473763
473764
473766
473767
473778
473779
473918
473919
473929
473930
473931
473932
473933
473934
473935
473936
473937
473938
473939
473940
473941
473942
473943
473944
473945
473946
473947
473948
473949
473951
473952
473963
473964
474103
474104
474114
474115
474116
474117
474118
474119
474120
474121
474122
474123
474124
474125
474126
474127
474128
474129
474130
474131
474132
474133
474134
474136
474137
474148
474149
474288
474289
474299
474300
474301
474302
474303
474304
474305
474306
474307
474308
474309
474310
474311
474312
474313
474314
474315
474316
474317
474318
474319
474321
474322
474333
474334
474473
474474
474484
474485
474486
474487
474488
474489
474490
474491
474492
474493
474494
474495
474496
474497
474498
474499
474500
474501
474502
474503
474504
474506
474507
474518
474519
474658
474659
474669
474670
474671
474672
474673
474674
474675
474676
474677
474678
474679
474680
474681
474682
474683
474684
474685
474686
474687
474688
474689
474691
474692
474703
474704
474843
474844
474854
474855
474856
474857
474858
474859
474860
474861
474862
474863
474864
474865
474866
474867
474868
474869
474870
474871
474872
474873
474874
474876
474877
474888
474889
475028
475029
475039
475040
475041
475042
475043
475044
475045
475046
475047
475048
475049
475050
475051
475052
475053
475054
475055
475056
475057
475058
475059
475061
475062
475073
475074
475213
475214
475224
475225
475226
475227
475228
475229
475230
475231
475232
475233
475234
475235
475236
475237
475238
475239
475240
475241
475242
475243
475244
475246
475247
475258
475259
475398
475399
475409
475410
475411
475412
475413
475414
475415
475416
475417
475418
475419
475420
475421
475422
475423
475424
475425
475426
475427
475428
475429
475431
475432
475443
475444
475583
475584
475594
475595
475596
475597
475598
475599
475600
475601
475602
475603
475604
475605
475606
475607
475608
475609
475610
475611
475612
475613
475614
475616
475617
475628
475629
475768
475769
475779
475780
475781
475782
475783
475784
475785
475786
475787
475788
475789
475790
475791
475792
475793
475794
475795
475796
475797
475798
475799
475801
475802
475813
475814
475953
475954
475964
475966
475967
475969
475970
475972
475973
475975
475976
475978
475979
475981
475982
475984
475987
475998
475999
476138
476139
476183
476184
476323
476324
476337
476338
476339
476340
476341
476342
476343
476344
476345
476346
476347
476348
476349
476350
476351
476353
476354
476368
476369
476508
476509
476522
476523
476524
476525
476526
476527
476528
476529
476530
476531
476532
476533
476534
476535
476536
476538
476539
476553
476554
476693
476694
476707
476708
476709
476710
476711
476712
476713
476714
476715
476716
476717
476718
476719
476720
476721
476723
476724
476738
476739
476878
476879
476892
476893
476894
476895
476896
476897
476898
476899
476900
476901
476902
476903
476904
476905
476906
476908
476909
476923
476924
477063
477064
477077
477078
477079
477080
477081
477082
477083
477084
477085
477086
477087
477088
477089
477090
477091
477093
477094
477108
477109
477248
477249
477262
477263
477264
477265
477266
477267
477268
477269
477270
477271
477272
477273
477274
477275
477276
477278
477279
477293
477294
477433
477434
477447
477449
477450
477452
477453
477455
477456
477458
477459
477461
477464
477478
477479
477618
477619
477663
477664
477803
477804
477848
477849
477987
477989
477992
478029
478031
478034
484585
484586
484587
484588
484590
484593
484624
484626
484627
484629
484631
484632
484771
484772
484816
484817
484956
484957
485001
485002
485141
485142
485186
485187
485326
485327
485371
485372
485511
485512
485556
485557
485696
485697
485741
485742
485881
485882
485926
485927
486066
486067
486077
486078
486079
486080
486081
486082
486083
486084
486085
486086
486087
486088
486089
486090
486091
486092
486093
486094
486095
486096
486097
486099
486100
486111
486112
486251
486252
486262
486263
486264
486265
486266
486267
486268
486269
486270
486271
486272
486273
486274
486275
486276
486277
486278
486279
486280
486281
486282
486284
486285
486296
486297
486436
486437
486447
486448
486449
486450
486451
486452
486453
486454
486455
486456
486457
486458
486459
486460
486461
486462
486463
486464
486465
486466
486467
486469
486470
486481
486482
486621
486622
486632
486633
486634
486635
486636
486637
486638
486639
486640
486641
486642
486643
486644
486645
486646
486647
486648
486649
486650
486651
486652
486654
486655
486666
486667
486806
486807
486817
486818
486819
486820
486821
486822
486823
486824
486825
486826
486827
486828
486829
486830
486831
486832
486833
486834
486835
486836
486837
486839
486840
486851
486852
486991
486992
487002
487003
487004
487005
487006
487007
487008
487009
487010
487011
487012
487013
487014
487015
487016
487017
487018
487019
487020
487021
487022
487024
487025
487036
487037
487176
487177
487187
487188
487189
487190
487191
487192
487193
487194
487195
487196
487197
487198
487199
487200
487201
487202
487203
487204
487205
487206
487207
487209
487210
487221
487222
487361
487362
487372
487373
487374
487375
487376
487377
487378
487379
487380
487381
487382
487383
487384
487385
487386
487387
487388
487389
487390
487391
487392
487394
487395
487406
487407
487546
487547
487557
487558
487559
487560
487561
487562
487563
487564
487565
487566
487567
487568
487569
487570
487571
487572
487573
487574
487575
487576
487577
487579
487580
487591
487592
487731
487732
487742
487743
487744
487745
487746
487747
487748
487749
487750
487751
487752
487753
487754
487755
487756
487757
487758
487759
487760
487761
487762
487764
487765
487776
487777
487916
487917
487927
487928
487929
487930
487931
487932
487933
487934
487935
487936
487937
487938
487939
487940
487941
487942
487943
487944
487945
487946
487947
487949
487950
487961
487962
488101
488102
488112
488113
488114
488115
488116
488117
488118
488119
488120
488121
488122
488123
488124
488125
488126
488127
488128
488129
488130
488131
488132
488134
488135
488146
488147
488286
488287
488297
488298
488299
488300
488301
488302
488303
488304
488305
488306
488307
488308
488309
488310
488311
488312
488313
488314
488315
488316
488317
488319
488320
488331
488332
488471
488472
488482
488483
488484
488485
488486
488487
488488
488489
488490
488491
488492
488493
488494
488495
488496
488497
488498
488499
488500
488501
488502
488504
488505
488516
488517
488656
488657
488667
488668
488669
488670
488671
488672
488673
488674
488675
488676
488677
488678
488679
488680
488681
488682
488683
488684
488685
488686
488687
488689
488690
488701
488702
488841
488842
488852
488853
488854
488855
488856
488857
488858
488859
488860
488861
488862
488863
488864
488865
488866
488867
488868
488869
488870
488871
488872
488874
488875
488886
488887
489026
489027
489037
489038
489039
489040
489041
489042
489043
489044
489045
489046
489047
489048
489049
489050
489051
489052
489053
489054
489055
489056
489057
489059
489060
489071
489072
489211
489212
489222
489223
489224
489225
489226
489227
489228
489229
489230
489231
489232
489233
489234
489235
489236
489237
489238
489239
489240
489241
489242
489244
489245
489256
489257
489396
489397
489407
489409
489410
489412
489413
489415
489416
489418
489419
489421
489422
489424
489425
489427
489430
489441
489442
489581
489582
489626
489627
489766
489767
489780
489781
489782
489783
489784
489785
489786
489787
489788
489789
489790
489791
489792
489793
489794
489796
489797
489811
489812
489951
489952
489965
489966
489967
489968
489969
489970
489971
489972
489973
489974
489975
489976
489977
489978
489979
489981
489982
489996
489997
490136
490137
490150
490151
490152
490153
490154
490155
490156
490157
490158
490159
490160
490161
490162
490163
490164
490166
490167
490181
490182
490321
490322
490335
490336
490337
490338
490339
490340
490341
490342
490343
490344
490345
490346
490347
490348
490349
490351
490352
490366
490367
490506
490507
490520
490521
490522
490523
490524
490525
490526
490527
490528
490529
490530
490531
490532
490533
490534
490536
490537
490551
490552
490691
490692
490705
490706
490707
490708
490709
490710
490711
490712
490713
490714
490715
490716
490717
490718
490719
490721
490722
490736
490737
490876
490877
490890
490892
490893
490895
490896
490898
490899
490901
490902
490904
490907
490921
490922
491061
491062
491106
491107
491246
491247
491291
491292
491430
491432
491435
491472
491474
491477
498028
498029
498030
498031
498033
498036
498067
498069
498070
498072
498074
498075
498214
498215
498259
498260
498399
498400
498444
498445
498584
498585
498629
498630
498769
498770
498814
498815
498954
498955
498999
499000
499139
499140
499184
499185
499324
499325
499369
499370
499509
499510
499520
499521
499522
499523
499524
499525
499526
499527
499528
499529
499530
499531
499532
499533
499534
499535
499536
499537
499538
499539
499540
499542
499543
499554
499555
499694
499695
499705
499706
499707
499708
499709
499710
499711
499712
499713
499714
499715
499716
499717
499718
499719
499720
499721
499722
499723
499724
499725
499727
499728
499739
499740
499879
499880
499890
499891
499892
499893
499894
499895
499896
499897
499898
499899
499900
499901
499902
499903
499904
499905
499906
499907
499908
499909
499910
499912
499913
499924
499925
500064
500065
500075
500076
500077
500078
500079
500080
500081
500082
500083
500084
500085
500086
500087
500088
500089
500090
500091
500092
500093
500094
500095
500097
500098
500109
500110
500249
500250
500260
500261
500262
500263
500264
500265
500266
500267
500268
500269
500270
500271
500272
500273
500274
500275
500276
500277
500278
500279
500280
500282
500283
500294
500295
500434
500435
500445
500446
500447
500448
500449
500450
500451
500452
500453
500454
500455
500456
500457
500458
500459
500460
500461
500462
500463
500464
500465
500467
500468
500479
500480
500619
500620
500630
500631
500632
500633
500634
500635
500636
500637
500638
500639
500640
500641
500642
500643
500644
500645
500646
500647
500648
500649
500650
500652
500653
500664
500665
500804
500805
500815
500816
500817
500818
500819
500820
500821
500822
500823
500824
500825
500826
500827
500828
500829
500830
500831
500832
500833
500834
500835
500837
500838
500849
500850
500989
500990
501000
501001
501002
501003
501004
501005
501006
501007
501008
501009
501010
501011
501012
501013
501014
501015
501016
501017
501018
501019
501020
501022
501023
501034
501035
501174
501175
501185
501186
501187
501188
501189
501190
501191
501192
501193
501194
501195
501196
501197
501198
501199
501200
501201
501202
501203
501204
501205
501207
501208
501219
501220
501359
501360
501370
501371
501372
501373
501374
501375
501376
501377
501378
501379
501380
501381
501382
501383
501384
501385
501386
501387
501388
501389
501390
501392
501393
501404
501405
501544
501545
501555
501556
501557
501558
501559
501560
501561
501562
501563
501564
501565
501566
501567
501568
501569
501570
501571
501572
501573
501574
501575
501577
501578
501589
501590
501729
501730
501740
501741
501742
501743
501744
501745
501746
501747
501748
501749
501750
501751
501752
501753
501754
501755
501756
501757
501758
501759
501760
501762
501763
501774
501775
501914
501915
501925
501926
501927
501928
501929
501930
501931
501932
501933
501934
501935
501936
501937
501938
501939
501940
501941
501942
501943
501944
501945
501947
501948
501959
501960
502099
502100
502110
502111
502112
502113
502114
502115
502116
502117
502118
502119
502120
502121
502122
502123
502124
502125
502126
502127
502128
502129
502130
502132
502133
502144
502145
502284
502285
502295
502296
502297
502298
502299
502300
502301
502302
502303
502304
502305
502306
502307
502308
502309
502310
502311
502312
502313
502314
502315
502317
502318
502329
502330
502469
502470
502480
502481
502482
502483
502484
502485
502486
502487
502488
502489
502490
502491
502492
502493
502494
502495
502496
502497
502498
502499
502500
502502
502503
502514
502515
502654
502655
502665
502666
502667
502668
502669
502670
502671
502672
502673
502674
502675
502676
502677
502678
502679
502680
502681
502682
502683
502684
502685
502687
502688
502699
502700
502839
502840
502850
502852
502853
502855
502856
502858
502859
502861
502862
502864
502865
502867
502868
502870
502873
502884
502885
503024
503025
503069
503070
503209
503210
503223
503224
503225
503226
503227
503228
503229
503230
503231
503232
503233
503234
503235
503236
503237
503239
503240
503254
503255
503394
503395
503408
503409
503410
503411
503412
503413
503414
503415
503416
503417
503418
503419
503420
503421
503422
503424
503425
503439
503440
503579
503580
503593
503594
503595
503596
503597
503598
503599
503600
503601
503602
503603
503604
503605
503606
503607
503609
503610
503624
503625
503764
503765
503778
503779
503780
503781
503782
503783
503784
503785
503786
503787
503788
503789
503790
503791
503792
503794
503795
503809
503810
503949
503950
503963
503964
503965
503966
503967
503968
503969
503970
503971
503972
503973
503974
503975
503976
503977
503979
503980
503994
503995
504134
504135
504148
504149
504150
504151
504152
504153
504154
504155
504156
504157
504158
504159
504160
504161
504162
504164
504165
504179
504180
504319
504320
504333
504335
504336
504338
504339
504341
504342
504344
504345
504347
504350
504364
504365
504504
504505
504549
504550
504689
504690
504734
504735
504873
504875
504878
504915
504917
504920
511471
511472
511473
511474
511476
511479
511510
511512
511513
511515
511517
511518
511657
511658
511702
511703
511842
511843
511887
511888
512027
512028
512072
512073
512212
512213
512257
512258
512397
512398
512442
512443
512582
512583
512627
512628
512767
512768
512812
512813
512952
512953
512963
512964
512965
512966
512967
512968
512969
512970
512971
512972
512973
512974
512975
512976
512977
512978
512979
512980
512981
512982
512983
512985
512986
512997
512998
513137
513138
513148
513149
513150
513151
513152
513153
513154
513155
513156
513157
513158
513159
513160
513161
513162
513163
513164
513165
513166
513167
513168
513170
513171
513182
513183
513322
513323
513333
513334
513335
513336
513337
513338
513339
513340
513341
513342
513343
513344
513345
513346
513347
513348
513349
513350
513351
513352
513353
513355
513356
513367
513368
513507
513508
513518
513519
513520
513521
513522
513523
513524
513525
513526
513527
513528
513529
513530
513531
513532
513533
513534
513535
513536
513537
513538
513540
513541
513552
513553
513692
513693
513703
513704
513705
513706
513707
513708
513709
513710
513711
513712
513713
513714
513715
513716
513717
513718
513719
513720
513721
513722
513723
513725
513726
513737
513738
513877
513878
513888
513889
513890
513891
513892
513893
513894
513895
513896
513897
513898
513899
513900
513901
513902
513903
513904
513905
513906
513907
513908
513910
513911
513922
513923
514062
514063
514073
514074
514075
514076
514077
514078
514079
514080
514081
514082
514083
514084
514085
514086
514087
514088
514089
514090
514091
514092
514093
514095
514096
514107
514108
514247
514248
514258
514259
514260
514261
514262
514263
514264
514265
514266
514267
514268
514269
514270
514271
514272
514273
514274
514275
514276
514277
514278
514280
514281
514292
514293
514432
514433
514443
514444
514445
514446
514447
514448
514449
514450
514451
514452
514453
514454
514455
514456
514457
514458
514459
514460
514461
514462
514463
514465
514466
514477
514478
514617
514618
514628
514629
514630
514631
514632
514633
514634
514635
514636
514637
514638
514639
514640
514641
514642
514643
514644
514645
514646
514647
514648
514650
514651
514662
514663
514802
514803
514813
514814
514815
514816
514817
514818
514819
514820
514821
514822
514823
514824
514825
514826
514827
514828
514829
514830
514831
514832
514833
514835
514836
514847
514848
514987
514988
514998
514999
515000
515001
515002
515003
515004
515005
515006
515007
515008
515009
515010
515011
515012
515013
515014
515015
515016
515017
515018
515020
515021
515032
515033
515172
515173
515183
515184
515185
515186
515187
515188
515189
515190
515191
515192
515193
515194
515195
515196
515197
515198
515199
515200
515201
515202
515203
515205
515206
515217
515218
515357
515358
515368
515369
515370
515371
515372
515373
515374
515375
515376
515377
515378
515379
515380
515381
515382
515383
515384
515385
515386
515387
515388
515390
515391
515402
515403
515542
515543
515553
515554
515555
515556
515557
515558
515559
515560
515561
515562
515563
515564
515565
515566
515567
515568
515569
515570
515571
515572
515573
515575
515576
515587
515588
515727
515728
515738
515739
515740
515741
515742
515743
515744
515745
515746
515747
515748
515749
515750
515751
515752
515753
515754
515755
515756
515757
515758
515760
515761
515772
515773
515912
515913
515923
515924
515925
515926
515927
515928
515929
515930
515931
515932
515933
515934
515935
515936
515937
515938
515939
515940
515941
515942
515943
515945
515946
515957
515958
516097
516098
516108
516109
516110
516111
516112
516113
516114
516115
516116
516117
516118
516119
516120
516121
516122
516123
516124
516125
516126
516127
516128
516130
516131
516142
516143
516282
516283
516293
516295
516296
516298
516299
516301
516302
516304
516305
516307
516308
516310
516311
516313
516316
516327
516328
516467
516468
516512
516513
516652
516653
516666
516667
516668
516669
516670
516671
516672
516673
516674
516675
516676
516677
516678
516679
516680
516682
516683
516697
516698
516837
516838
516851
516852
516853
516854
516855
516856
516857
516858
516859
516860
516861
516862
516863
516864
516865
516867
516868
516882
516883
517022
517023
517036
517037
517038
517039
517040
517041
517042
517043
517044
517045
517046
517047
517048
517049
517050
517052
517053
517067
517068
517207
517208
517221
517222
517223
517224
517225
517226
517227
517228
517229
517230
517231
517232
517233
517234
517235
517237
517238
517252
517253
517392
517393
517406
517407
517408
517409
517410
517411
517412
517413
517414
517415
517416
517417
517418
517419
517420
517422
517423
517437
517438
517577
517578
517591
517592
517593
517594
517595
517596
517597
517598
517599
517600
517601
517602
517603
517604
517605
517607
517608
517622
517623
517762
517763
517776
517778
517779
517781
517782
517784
517785
517787
517788
517790
517793
517807
517808
517947
517948
517992
517993
518132
518133
518177
518178
518316
518318
518321
518358
518360
518363
524914
524915
524916
524917
524919
524922
524953
524955
524956
524958
524960
524961
525100
525101
525145
525146
525285
525286
525330
525331
525470
525471
525515
525516
525655
525656
525700
525701
525840
525841
525885
525886
526025
526026
526070
526071
526210
526211
526255
526256
526395
526396
526406
526407
526408
526409
526410
526411
526412
526413
526414
526415
526416
526417
526418
526419
526420
526421
526422
526423
526424
526425
526426
526428
526429
526440
526441
526580
526581
526591
526592
526593
526594
526595
526596
526597
526598
526599
526600
526601
526602
526603
526604
526605
526606
526607
526608
526609
526610
526611
526613
526614
526625
526626
526765
526766
526776
526777
526778
526779
526780
526781
526782
526783
526784
526785
526786
526787
526788
526789
526790
526791
526792
526793
526794
526795
526796
526798
526799
526810
526811
526950
526951
526961
526962
526963
526964
526965
526966
526967
526968
526969
526970
526971
526972
526973
526974
526975
526976
526977
526978
526979
526980
526981
526983
526984
526995
526996
527135
527136
527146
527147
527148
527149
527150
527151
527152
527153
527154
527155
527156
527157
527158
527159
527160
527161
527162
527163
527164
527165
527166
527168
527169
527180
527181
527320
527321
527331
527332
527333
527334
527335
527336
527337
527338
527339
527340
527341
527342
527343
527344
527345
527346
527347
527348
527349
527350
527351
527353
527354
527365
527366
527505
527506
527516
527517
527518
527519
527520
527521
527522
527523
527524
527525
527526
527527
527528
527529
527530
527531
527532
527533
527534
527535
527536
527538
527539
527550
527551
527690
527691
527701
527702
527703
527704
527705
527706
527707
527708
527709
527710
527711
527712
527713
527714
527715
527716
527717
527718
527719
527720
527721
527723
527724
527735
527736
527875
527876
527886
527887
527888
527889
527890
527891
527892
527893
527894
527895
527896
527897
527898
527899
527900
527901
527902
527903
527904
527905
527906
527908
527909
527920
527921
528060
528061
528071
528072
528073
528074
528075
528076
528077
528078
528079
528080
528081
528082
528083
528084
528085
528086
528087
528088
528089
528090
528091
528093
528094
528105
528106
528245
528246
528256
528257
528258
528259
528260
528261
528262
528263
528264
528265
528266
528267
528268
528269
528270
528271
528272
528273
528274
528275
528276
528278
528279
528290
528291
528430
528431
528441
528442
528443
528444
528445
528446
528447
528448
528449
528450
528451
528452
528453
528454
528455
528456
528457
528458
528459
528460
528461
528463
528464
528475
528476
528615
528616
528626
528627
528628
528629
528630
528631
528632
528633
528634
528635
528636
528637
528638
528639
528640
528641
528642
528643
528644
528645
528646
528648
528649
528660
528661
528800
528801
528811
528812
528813
528814
528815
528816
528817
528818
528819
528820
528821
528822
528823
528824
528825
528826
528827
528828
528829
528830
528831
528833
528834
528845
528846
528985
528986
528996
528997
528998
528999
529000
529001
529002
529003
529004
529005
529006
529007
529008
529009
529010
529011
529012
529013
529014
529015
529016
529018
529019
529030
529031
529170
529171
529181
529182
529183
529184
529185
529186
529187
529188
529189
529190
529191
529192
529193
529194
529195
529196
529197
529198
529199
529200
529201
529203
529204
529215
529216
529355
529356
529366
529367
529368
529369
529370
529371
529372
529373
529374
529375
529376
529377
529378
529379
529380
529381
529382
529383
529384
529385
529386
529388
529389
529400
529401
529540
529541
529551
529552
529553
529554
529555
529556
529557
529558
529559
529560
529561
529562
529563
529564
529565
529566
529567
529568
529569
529570
529571
529573
529574
529585
529586
529725
529726
529736
529738
529739
529741
529742
529744
529745
529747
529748
529750
529751
529753
529754
529756
529759
529770
529771
529910
529911
529955
529956
530095
530096
530109
530110
530111
530112
530113
530114
530115
530116
530117
530118
530119
530120
530121
530122
530123
530125
530126
530140
530141
530280
530281
530294
530295
530296
530297
530298
530299
530300
530301
530302
530303
530304
530305
530306
530307
530308
530310
530311
530325
530326
530465
530466
530479
530480
530481
530482
530483
530484
530485
530486
530487
530488
530489
530490
530491
530492
530493
530495
530496
530510
530511
530650
530651
530664
530665
530666
530667
530668
530669
530670
530671
530672
530673
530674
530675
530676
530677
530678
530680
530681
530695
530696
530835
530836
530849
530850
530851
530852
530853
530854
530855
530856
530857
530858
530859
530860
530861
530862
530863
530865
530866
530880
530881
531020
531021
531034
531035
531036
531037
531038
531039
531040
531041
531042
531043
531044
531045
531046
531047
531048
531050
531051
531065
531066
531205
531206
531219
531221
531222
531224
531225
531227
531228
531230
531231
531233
531236
531250
531251
531390
531391
531435
531436
531575
531576
531620
531621
531759
531761
531764
531801
531803
531806
538357
538358
538359
538360
538362
538365
538396
538398
538399
538401
538403
538404
538543
538544
538588
538589
538728
538729
538773
538774
538913
538914
538958
538959
539098
539099
539143
539144
539283
539284
539328
539329
539468
539469
539513
539514
539653
539654
539698
539699
539838
539839
539849
539850
539851
539852
539853
539854
539855
539856
539857
539858
539859
539860
539861
539862
539863
539864
539865
539866
539867
539868
539869
539871
539872
539883
539884
540023
540024
540034
540035
540036
540037
540038
540039
540040
540041
540042
540043
540044
540045
540046
540047
540048
540049
540050
540051
540052
540053
540054
540056
540057
540068
540069
540208
540209
540219
540220
540221
540222
540223
540224
540225
540226
540227
540228
540229
540230
540231
540232
540233
540234
540235
540236
540237
540238
540239
540241
540242
540253
540254
540393
540394
540404
540405
540406
540407
540408
540409
540410
540411
540412
540413
540414
540415
540416
540417
540418
540419
540420
540421
540422
540423
540424
540426
540427
540438
540439
540578
540579
540589
540590
540591
540592
540593
540594
540595
540596
540597
540598
540599
540600
540601
540602
540603
540604
540605
540606
540607
540608
540609
540611
540612
540623
540624
540763
540764
540774
540775
540776
540777
540778
540779
540780
540781
540782
540783
540784
540785
540786
540787
540788
540789
540790
540791
540792
540793
540794
540796
540797
540808
540809
540948
540949
540959
540960
540961
540962
540963
540964
540965
540966
540967
540968
540969
540970
540971
540972
540973
540974
540975
540976
540977
540978
540979
540981
540982
540993
540994
541133
541134
541144
541145
541146
541147
541148
541149
541150
541151
541152
541153
541154
541155
541156
541157
541158
541159
541160
541161
541162
541163
541164
541166
541167
541178
541179
541318
541319
541329
541330
541331
541332
541333
541334
541335
541336
541337
541338
541339
541340
541341
541342
541343
541344
541345
541346
541347
541348
541349
541351
541352
541363
541364
541503
541504
541514
541515
541516
541517
541518
541519
541520
541521
541522
541523
541524
541525
541526
541527
541528
541529
541530
541531
541532
541533
541534
541536
541537
541548
541549
541688
541689
541699
541700
541701
541702
541703
541704
541705
541706
541707
541708
541709
541710
541711
541712
541713
541714
541715
541716
541717
541718
541719
541721
541722
541733
541734
541873
541874
541884
541885
541886
541887
541888
541889
541890
541891
541892
541893
541894
541895
541896
541897
541898
541899
541900
541901
541902
541903
541904
541906
541907
541918
541919
542058
542059
542069
542070
542071
542072
542073
542074
542075
542076
542077
542078
542079
542080
542081
542082
542083
542084
542085
542086
542087
542088
542089
542091
542092
542103
542104
542243
542244
542254
542255
542256
542257
542258
542259
542260
542261
542262
542263
542264
542265
542266
542267
542268
542269
542270
542271
542272
542273
542274
542276
542277
542288
542289
542428
542429
542439
542440
542441
542442
542443
542444
542445
542446
542447
542448
542449
542450
542451
542452
542453
542454
542455
542456
542457
542458
542459
542461
542462
542473
542474
542613
542614
542624
542625
542626
542627
542628
542629
542630
542631
542632
542633
542634
542635
542636
542637
542638
542639
542640
542641
542642
542643
542644
542646
542647
542658
542659
542798
542799
542809
542810
542811
542812
542813
542814
542815
542816
542817
542818
542819
542820
542821
542822
542823
542824
542825
542826
542827
542828
542829
542831
542832
542843
542844
542983
542984
542994
542995
542996
542997
542998
542999
543000
543001
543002
543003
543004
543005
543006
543007
543008
543009
543010
543011
543012
543013
543014
543016
543017
543028
543029
543168
543169
543179
543181
543182
543184
543185
543187
543188
543190
543191
543193
543194
543196
543197
543199
543202
543213
543214
543353
543354
543398
543399
543538
543539
543552
543553
543554
543555
543556
543557
543558
543559
543560
543561
543562
543563
543564
543565
543566
543568
543569
543583
543584
543723
543724
543737
543738
543739
543740
543741
543742
543743
543744
543745
543746
543747
543748
543749
543750
543751
543753
543754
543768
543769
543908
543909
543922
543923
543924
543925
543926
543927
543928
543929
543930
543931
543932
543933
543934
543935
543936
543938
543939
543953
543954
544093
544094
544107
544108
544109
544110
544111
544112
544113
544114
544115
544116
544117
544118
544119
544120
544121
544123
544124
544138
544139
544278
544279
544292
544293
544294
544295
544296
544297
544298
544299
544300
544301
544302
544303
544304
544305
544306
544308
544309
544323
544324
544463
544464
544477
544478
544479
544480
544481
544482
544483
544484
544485
544486
544487
544488
544489
544490
544491
544493
544494
544508
544509
544648
544649
544662
544664
544665
544667
544668
544670
544671
544673
544674
544676
544679
544693
544694
544833
544834
544878
544879
545018
545019
545063
545064
545202
545204
545207
545244
545246
545249
551800
551801
551802
551803
551805
551808
551839
551841
551842
551844
551846
551847
551986
551987
552031
552032
552171
552172
552216
552217
552356
552357
552401
552402
552541
552542
552586
552587
552726
552727
552771
552772
552911
552912
552956
552957
553096
553097
553141
553142
553281
553282
553292
553293
553294
553295
553296
553297
553298
553299
553300
553301
553302
553303
553304
553305
553306
553307
553308
553309
553310
553311
553312
553314
553315
553326
553327
553466
553467
553477
553478
553479
553480
553481
553482
553483
553484
553485
553486
553487
553488
553489
553490
553491
553492
553493
553494
553495
553496
553497
553499
553500
553511
553512
553651
553652
553662
553663
553664
553665
553666
553667
553668
553669
553670
553671
553672
553673
553674
553675
553676
553677
553678
553679
553680
553681
553682
553684
553685
553696
553697
553836
553837
553847
553848
553849
553850
553851
553852
553853
553854
553855
553856
553857
553858
553859
553860
553861
553862
553863
553864
553865
553866
553867
553869
553870
553881
553882
554021
554022
554032
554033
554034
554035
554036
554037
554038
554039
554040
554041
554042
554043
554044
554045
554046
554047
554048
554049
554050
554051
554052
554054
554055
554066
554067
554206
554207
554217
554218
554219
554220
554221
554222
554223
554224
554225
554226
554227
554228
554229
554230
554231
554232
554233
554234
554235
554236
554237
554239
554240
554251
554252
554391
554392
554402
554403
554404
554405
554406
554407
554408
554409
554410
554411
554412
554413
554414
554415
554416
554417
554418
554419
554420
554421
554422
554424
554425
554436
554437
554576
554577
554587
554588
554589
554590
554591
554592
554593
554594
554595
554596
554597
554598
554599
554600
554601
554602
554603
554604
554605
554606
554607
554609
554610
554621
554622
554761
554762
554772
554773
554774
554775
554776
554777
554778
554779
554780
554781
554782
554783
554784
554785
554786
554787
554788
554789
554790
554791
554792
554794
554795
554806
554807
554946
554947
554957
554958
554959
554960
554961
554962
554963
554964
554965
554966
554967
554968
554969
554970
554971
554972
554973
554974
554975
554976
554977
554979
554980
554991
554992
555131
555132
555142
555143
555144
555145
555146
555147
555148
555149
555150
555151
555152
555153
555154
555155
555156
555157
555158
555159
555160
555161
555162
555164
555165
555176
555177
555316
555317
555327
555328
555329
555330
555331
555332
555333
555334
555335
555336
555337
555338
555339
555340
555341
555342
555343
555344
555345
555346
555347
555349
555350
555361
555362
555501
555502
555512
555513
555514
555515
555516
555517
555518
555519
555520
555521
555522
555523
555524
555525
555526
555527
555528
555529
555530
555531
555532
555534
555535
555546
555547
555686
555687
555697
555698
555699
555700
555701
555702
555703
555704
555705
555706
555707
555708
555709
555710
555711
555712
555713
555714
555715
555716
555717
555719
555720
555731
555732
555871
555872
555882
555883
555884
555885
555886
555887
555888
555889
555890
555891
555892
555893
555894
555895
555896
555897
555898
555899
555900
555901
555902
555904
555905
555916
555917
556056
556057
556067
556068
556069
556070
556071
556072
556073
556074
556075
556076
556077
556078
556079
556080
556081
556082
556083
556084
556085
556086
556087
556089
556090
556101
556102
556241
556242
556252
556253
556254
556255
556256
556257
556258
556259
556260
556261
556262
556263
556264
556265
556266
556267
556268
556269
556270
556271
556272
556274
556275
556286
556287
556426
556427
556437
556438
556439
556440
556441
556442
556443
556444
556445
556446
556447
556448
556449
556450
556451
556452
556453
556454
556455
556456
556457
556459
556460
556471
556472
556611
556612
556622
556624
556625
556627
556628
556630
556631
556633
556634
556636
556637
556639
556640
556642
556645
556656
556657
556796
556797
556841
556842
556981
556982
556995
556996
556997
556998
556999
557000
557001
557002
557003
557004
557005
557006
557007
557008
557009
557011
557012
557026
557027
557166
557167
557180
557181
557182
557183
557184
557185
557186
557187
557188
557189
557190
557191
557192
557193
557194
557196
557197
557211
557212
557351
557352
557365
557366
557367
557368
557369
557370
557371
557372
557373
557374
557375
557376
557377
557378
557379
557381
557382
557396
557397
557536
557537
557550
557551
557552
557553
557554
557555
557556
557557
557558
557559
557560
557561
557562
557563
557564
557566
557567
557581
557582
557721
557722
557735
557736
557737
557738
557739
557740
557741
557742
557743
557744
557745
557746
557747
557748
557749
557751
557752
557766
557767
557906
557907
557920
557921
557922
557923
557924
557925
557926
557927
557928
557929
557930
557931
557932
557933
557934
557936
557937
557951
557952
558091
558092
558105
558107
558108
558110
558111
558113
558114
558116
558117
558119
558122
558136
558137
558276
558277
558321
558322
558461
558462
558506
558507
558645
558647
558650
558687
558689
558692
565243
565244
565245
565246
565248
565251
565282
565284
565285
565287
565289
565290
565429
565430
565474
565475
565614
565615
565659
565660
565799
565800
565844
565845
565984
565985
566029
566030
566169
566170
566214
566215
566354
566355
566399
566400
566539
566540
566584
566585
566724
566725
566735
566736
566737
566738
566739
566740
566741
566742
566743
566744
566745
566746
566747
566748
566749
566750
566751
566752
566753
566754
566755
566757
566758
566769
566770
566909
566910
566920
566921
566922
566923
566924
566925
566926
566927
566928
566929
566930
566931
566932
566933
566934
566935
566936
566937
566938
566939
566940
566942
566943
566954
566955
567094
567095
567105
567106
567107
567108
567109
567110
567111
567112
567113
567114
567115
567116
567117
567118
567119
567120
567121
567122
567123
567124
567125
567127
567128
567139
567140
567279
567280
567290
567291
567292
567293
567294
567295
567296
567297
567298
567299
567300
567301
567302
567303
567304
567305
567306
567307
567308
567309
567310
567312
567313
567324
567325
567464
567465
567475
567476
567477
567478
567479
567480
567481
567482
567483
567484
567485
567486
567487
567488
567489
567490
567491
567492
567493
567494
567495
567497
567498
567509
567510
567649
567650
567660
567661
567662
567663
567664
567665
567666
567667
567668
567669
567670
567671
567672
567673
567674
567675
567676
567677
567678
567679
567680
567682
567683
567694
567695
567834
567835
567845
567846
567847
567848
567849
567850
567851
567852
567853
567854
567855
567856
567857
567858
567859
567860
567861
567862
567863
567864
567865
567867
567868
567879
567880
568019
568020
568030
568031
568032
568033
568034
568035
568036
568037
568038
568039
568040
568041
568042
568043
568044
568045
568046
568047
568048
568049
568050
568052
568053
568064
568065
568204
568205
568215
568216
568217
568218
568219
568220
568221
568222
568223
568224
568225
568226
568227
568228
568229
568230
568231
568232
568233
568234
568235
568237
568238
568249
568250
568389
568390
568400
568401
568402
568403
568404
568405
568406
568407
568408
568409
568410
568411
568412
568413
568414
568415
568416
568417
568418
568419
568420
568422
568423
568434
568435
568574
568575
568585
568586
568587
568588
568589
568590
568591
568592
568593
568594
568595
568596
568597
568598
568599
568600
568601
568602
568603
568604
568605
568607
568608
568619
568620
568759
568760
568770
568771
568772
568773
568774
568775
568776
568777
568778
568779
568780
568781
568782
568783
568784
568785
568786
568787
568788
568789
568790
568792
568793
568804
568805
568944
568945
568955
568956
568957
568958
568959
568960
568961
568962
568963
568964
568965
568966
568967
568968
568969
568970
568971
568972
568973
568974
568975
568977
568978
568989
568990
569129
569130
569140
569141
569142
569143
569144
569145
569146
569147
569148
569149
569150
569151
569152
569153
569154
569155
569156
569157
569158
569159
569160
569162
569163
569174
569175
569314
569315
569325
569326
569327
569328
569329
569330
569331
569332
569333
569334
569335
569336
569337
569338
569339
569340
569341
569342
569343
569344
569345
569347
569348
569359
569360
569499
569500
569510
569511
569512
569513
569514
569515
569516
569517
569518
569519
569520
569521
569522
569523
569524
569525
569526
569527
569528
569529
569530
569532
569533
569544
569545
569684
569685
569695
569696
569697
569698
569699
569700
569701
569702
569703
569704
569705
569706
569707
569708
569709
569710
569711
569712
569713
569714
569715
569717
569718
569729
569730
569869
569870
569880
569881
569882
569883
569884
569885
569886
569887
569888
569889
569890
569891
569892
569893
569894
569895
569896
569897
569898
569899
569900
569902
569903
569914
569915
570054
570055
570065
570067
570068
570070
570071
570073
570074
570076
570077
570079
570080
570082
570083
570085
570088
570099
570100
570239
570240
570284
570285
570424
570425
570438
570439
570440
570441
570442
570443
570444
570445
570446
570447
570448
570449
570450
570451
570452
570454
570455
570469
570470
570609
570610
570623
570624
570625
570626
570627
570628
570629
570630
570631
570632
570633
570634
570635
570636
570637
570639
570640
570654
570655
570794
570795
570808
570809
570810
570811
570812
570813
570814
570815
570816
570817
570818
570819
570820
570821
570822
570824
570825
570839
570840
570979
570980
570993
570994
570995
570996
570997
570998
570999
571000
571001
571002
571003
571004
571005
571006
571007
571009
571010
571024
571025
571164
571165
571178
571179
571180
571181
571182
571183
571184
571185
571186
571187
571188
571189
571190
571191
571192
571194
571195
571209
571210
571349
571350
571363
571364
571365
571366
571367
571368
571369
571370
571371
571372
571373
571374
571375
571376
571377
571379
571380
571394
571395
571534
571535
571548
571550
571551
571553
571554
571556
571557
571559
571560
571562
571565
571579
571580
571719
571720
571764
571765
571904
571905
571949
571950
572088
572090
572093
572130
572132
572135
578686
578687
578688
578689
578691
578694
578725
578727
578728
578730
578732
578733
578872
578873
578917
578918
579057
579058
579102
579103
579242
579243
579287
579288
579427
579428
579472
579473
579612
579613
579657
579658
579797
579798
579842
579843
579982
579983
580027
580028
580167
580168
580178
580179
580180
580181
580182
580183
580184
580185
580186
580187
580188
580189
580190
580191
580192
580193
580194
580195
580196
580197
580198
580200
580201
580212
580213
580352
580353
580363
580364
580365
580366
580367
580368
580369
580370
580371
580372
580373
580374
580375
580376
580377
580378
580379
580380
580381
580382
580383
580385
580386
580397
580398
580537
580538
580548
580549
580550
580551
580552
580553
580554
580555
580556
580557
580558
580559
580560
580561
580562
580563
580564
580565
580566
580567
580568
580570
580571
580582
580583
580722
580723
580733
580734
580735
580736
580737
580738
580739
580740
580741
580742
580743
580744
580745
580746
580747
580748
580749
580750
580751
580752
580753
580755
580756
580767
580768
580907
580908
580918
580919
580920
580921
580922
580923
580924
580925
580926
580927
580928
580929
580930
580931
580932
580933
580934
580935
580936
580937
580938
580940
580941
580952
580953
581092
581093
581103
581104
581105
581106
581107
581108
581109
581110
581111
581112
581113
581114
581115
581116
581117
581118
581119
581120
581121
581122
581123
581125
581126
581137
581138
581277
581278
581288
581289
581290
581291
581292
581293
581294
581295
581296
581297
581298
581299
581300
581301
581302
581303
581304
581305
581306
581307
581308
581310
581311
581322
581323
581462
581463
581473
581474
581475
581476
581477
581478
581479
581480
581481
581482
581483
581484
581485
581486
581487
581488
581489
581490
581491
581492
581493
581495
581496
581507
581508
581647
581648
581658
581659
581660
581661
581662
581663
581664
581665
581666
581667
581668
581669
581670
581671
581672
581673
581674
581675
581676
581677
581678
581680
581681
581692
581693
581832
581833
581843
581844
581845
581846
581847
581848
581849
581850
581851
581852
581853
581854
581855
581856
581857
581858
581859
581860
581861
581862
581863
581865
581866
581877
581878
582017
582018
582028
582029
582030
582031
582032
582033
582034
582035
582036
582037
582038
582039
582040
582041
582042
582043
582044
582045
582046
582047
582048
582050
582051
582062
582063
582202
582203
582213
582214
582215
582216
582217
582218
582219
582220
582221
582222
582223
582224
582225
582226
582227
582228
582229
582230
582231
582232
582233
582235
582236
582247
582248
582387
582388
582398
582399
582400
582401
582402
582403
582404
582405
582406
582407
582408
582409
582410
582411
582412
582413
582414
582415
582416
582417
582418
582420
582421
582432
582433
582572
582573
582583
582584
582585
582586
582587
582588
582589
582590
582591
582592
582593
582594
582595
582596
582597
582598
582599
582600
582601
582602
582603
582605
582606
582617
582618
582757
582758
582768
582769
582770
582771
582772
582773
582774
582775
582776
582777
582778
582779
582780
582781
582782
582783
582784
582785
582786
582787
582788
582790
582791
582802
582803
582942
582943
582953
582954
582955
582956
582957
582958
582959
582960
582961
582962
582963
582964
582965
582966
582967
582968
582969
582970
582971
582972
582973
582975
582976
582987
582988
583127
583128
583138
583139
583140
583141
583142
583143
583144
583145
583146
583147
583148
583149
583150
583151
583152
583153
583154
583155
583156
583157
583158
583160
583161
583172
583173
583312
583313
583323
583324
583325
583326
583327
583328
583329
583330
583331
583332
583333
583334
583335
583336
583337
583338
583339
583340
583341
583342
583343
583345
583346
583357
583358
583497
583498
583508
583510
583511
583513
583514
583516
583517
583519
583520
583522
583523
583525
583526
583528
583531
583542
583543
583682
583683
583727
583728
583867
583868
583881
583882
583883
583884
583885
583886
583887
583888
583889
583890
583891
583892
583893
583894
583895
583897
583898
583912
583913
584052
584053
584066
584067
584068
584069
584070
584071
584072
584073
584074
584075
584076
584077
584078
584079
584080
584082
584083
584097
584098
584237
584238
584251
584252
584253
584254
584255
584256
584257
584258
584259
584260
584261
584262
584263
584264
584265
584267
584268
584282
584283
584422
584423
584436
584437
584438
584439
584440
584441
584442
584443
584444
584445
584446
584447
584448
584449
584450
584452
584453
584467
584468
584607
584608
584621
584622
584623
584624
584625
584626
584627
584628
584629
584630
584631
584632
584633
584634
584635
584637
584638
584652
584653
584792
584793
584806
584807
584808
584809
584810
584811
584812
584813
584814
584815
584816
584817
584818
584819
584820
584822
584823
584837
584838
584977
584978
584991
584993
584994
584996
584997
584999
585000
585002
585003
585005
585008
585022
585023
585162
585163
585207
585208
585347
585348
585392
585393
585531
585533
585536
585573
585575
585578
592129
592130
592131
592132
592134
592137
592168
592170
592171
592173
592175
592176
592315
592316
592360
592361
592500
592501
592545
592546
592685
592686
592730
592731
592870
592871
592915
592916
593055
593056
593100
593101
593240
593241
593285
593286
593425
593426
593470
593471
593610
593611
593621
593622
593623
593624
593625
593626
593627
593628
593629
593630
593631
593632
593633
593634
593635
593636
593637
593638
593639
593640
593641
593643
593644
593655
593656
593795
593796
593806
593807
593808
593809
593810
593811
593812
593813
593814
593815
593816
593817
593818
593819
593820
593821
593822
593823
593824
593825
593826
593828
593829
593840
593841
593980
593981
593991
593992
593993
593994
593995
593996
593997
593998
593999
594000
594001
594002
594003
594004
594005
594006
594007
594008
594009
594010
594011
594013
594014
594025
594026
594165
594166
594176
594177
594178
594179
594180
594181
594182
594183
594184
594185
594186
594187
594188
594189
594190
594191
594192
594193
594194
594195
594196
594198
594199
594210
594211
594350
594351
594361
594362
594363
594364
594365
594366
594367
594368
594369
594370
594371
594372
594373
594374
594375
594376
594377
594378
594379
594380
594381
594383
594384
594395
594396
594535
594536
594546
594547
594548
594549
594550
594551
594552
594553
594554
594555
594556
594557
594558
594559
594560
594561
594562
594563
594564
594565
594566
594568
594569
594580
594581
594720
594721
594731
594732
594733
594734
594735
594736
594737
594738
594739
594740
594741
594742
594743
594744
594745
594746
594747
594748
594749
594750
594751
594753
594754
594765
594766
594905
594906
594916
594917
594918
594919
594920
594921
594922
594923
594924
594925
594926
594927
594928
594929
594930
594931
594932
594933
594934
594935
594936
594938
594939
594950
594951
595090
595091
595101
595102
595103
595104
595105
595106
595107
595108
595109
595110
595111
595112
595113
595114
595115
595116
595117
595118
595119
595120
595121
595123
595124
595135
595136
595275
595276
595286
595287
595288
595289
595290
595291
595292
595293
595294
595295
595296
595297
595298
595299
595300
595301
595302
595303
595304
595305
595306
595308
595309
595320
595321
595460
595461
595471
595472
595473
595474
595475
595476
595477
595478
595479
595480
595481
595482
595483
595484
595485
595486
595487
595488
595489
595490
595491
595493
595494
595505
595506
595645
595646
595656
595657
595658
595659
595660
595661
595662
595663
595664
595665
595666
595667
595668
595669
595670
595671
595672
595673
595674
595675
595676
595678
595679
595690
595691
595830
595831
595841
595842
595843
595844
595845
595846
595847
595848
595849
595850
595851
595852
595853
595854
595855
595856
595857
595858
595859
595860
595861
595863
595864
595875
595876
596015
596016
596026
596027
596028
596029
596030
596031
596032
596033
596034
596035
596036
596037
596038
596039
596040
596041
596042
596043
596044
596045
596046
596048
596049
596060
596061
596200
596201
596211
596212
596213
596214
596215
596216
596217
596218
596219
596220
596221
596222
596223
596224
596225
596226
596227
596228
596229
596230
596231
596233
596234
596245
596246
596385
596386
596396
596397
596398
596399
596400
596401
596402
596403
596404
596405
596406
596407
596408
596409
596410
596411
596412
596413
596414
596415
596416
596418
596419
596430
596431
596570
596571
596581
596582
596583
596584
596585
596586
596587
596588
596589
596590
596591
596592
596593
596594
596595
596596
596597
596598
596599
596600
596601
596603
596604
596615
596616
596755
596756
596766
596767
596768
596769
596770
596771
596772
596773
596774
596775
596776
596777
596778
596779
596780
596781
596782
596783
596784
596785
596786
596788
596789
596800
596801
596940
596941
596951
596953
596954
596956
596957
596959
596960
596962
596963
596965
596966
596968
596969
596971
596974
596985
596986
597125
597126
597170
597171
597310
597311
597324
597325
597326
597327
597328
597329
597330
597331
597332
597333
597334
597335
597336
597337
597338
597340
597341
597355
597356
597495
597496
597509
597510
597511
597512
597513
597514
597515
597516
597517
597518
597519
597520
597521
597522
597523
597525
597526
597540
597541
597680
597681
597694
597695
597696
597697
597698
597699
597700
597701
597702
597703
597704
597705
597706
597707
597708
597710
597711
597725
597726
597865
597866
597879
597880
597881
597882
597883
597884
597885
597886
597887
597888
597889
597890
597891
597892
597893
597895
597896
597910
597911
598050
598051
598064
598065
598066
598067
598068
598069
598070
598071
598072
598073
598074
598075
598076
598077
598078
598080
598081
598095
598096
598235
598236
598249
598250
598251
598252
598253
598254
598255
598256
598257
598258
598259
598260
598261
598262
598263
598265
598266
598280
598281
598420
598421
598434
598436
598437
598439
598440
598442
598443
598445
598446
598448
598451
598465
598466
598605
598606
598650
598651
598790
598791
598835
598836
598974
598976
598979
599016
599018
599021
605572
605573
605574
605575
605577
605580
605611
605613
605614
605616
605618
605619
605758
605759
605803
605804
605943
605944
605988
605989
606128
606129
606173
606174
606313
606314
606358
606359
606498
606499
606543
606544
606683
606684
606728
606729
606868
606869
606913
606914
607053
607054
607064
607065
607066
607067
607068
607069
607070
607071
607072
607073
607074
607075
607076
607077
607078
607079
607080
607081
607082
607083
607084
607086
607087
607098
607099
607238
607239
607249
607250
607251
607252
607253
607254
607255
607256
607257
607258
607259
607260
607261
607262
607263
607264
607265
607266
607267
607268
607269
607271
607272
607283
607284
607423
607424
607434
607435
607436
607437
607438
607439
607440
607441
607442
607443
607444
607445
607446
607447
607448
607449
607450
607451
607452
607453
607454
607456
607457
607468
607469
607608
607609
607619
607620
607621
607622
607623
607624
607625
607626
607627
607628
607629
607630
607631
607632
607633
607634
607635
607636
607637
607638
607639
607641
607642
607653
607654
607793
607794
607804
607805
607806
607807
607808
607809
607810
607811
607812
607813
607814
607815
607816
607817
607818
607819
607820
607821
607822
607823
607824
607826
607827
607838
607839
607978
607979
607989
607990
607991
607992
607993
607994
607995
607996
607997
607998
607999
608000
608001
608002
608003
608004
608005
608006
608007
608008
608009
608011
608012
608023
608024
608163
608164
608174
608175
608176
608177
608178
608179
608180
608181
608182
608183
608184
608185
608186
608187
608188
608189
608190
608191
608192
608193
608194
608196
608197
608208
608209
608348
608349
608359
608360
608361
608362
608363
608364
608365
608366
608367
608368
608369
608370
608371
608372
608373
608374
608375
608376
608377
608378
608379
608381
608382
608393
608394
608533
608534
608544
608545
608546
608547
608548
608549
608550
608551
608552
608553
608554
608555
608556
608557
608558
608559
608560
608561
608562
608563
608564
608566
608567
608578
608579
608718
608719
608729
608730
608731
608732
608733
608734
608735
608736
608737
608738
608739
608740
608741
608742
608743
608744
608745
608746
608747
608748
608749
608751
608752
608763
608764
608903
608904
608914
608915
608916
608917
608918
608919
608920
608921
608922
608923
608924
608925
608926
608927
608928
608929
608930
608931
608932
608933
608934
608936
608937
608948
608949
609088
609089
609099
609100
609101
609102
609103
609104
609105
609106
609107
609108
609109
609110
609111
609112
609113
609114
609115
609116
609117
609118
609119
609121
609122
609133
609134
609273
609274
609284
609285
609286
609287
609288
609289
609290
609291
609292
609293
609294
609295
609296
609297
609298
609299
609300
609301
609302
609303
609304
609306
609307
609318
609319
609458
609459
609469
609470
609471
609472
609473
609474
609475
609476
609477
609478
609479
609480
609481
609482
609483
609484
609485
609486
609487
609488
609489
609491
609492
609503
609504
609643
609644
609654
609655
609656
609657
609658
609659
609660
609661
609662
609663
609664
609665
609666
609667
609668
609669
609670
609671
609672
609673
609674
609676
609677
609688
609689
609828
609829
609839
609840
609841
609842
609843
609844
609845
609846
609847
609848
609849
609850
609851
609852
609853
609854
609855
609856
609857
609858
609859
609861
609862
609873
609874
610013
610014
610024
610025
610026
610027
610028
610029
610030
610031
610032
610033
610034
610035
610036
610037
610038
610039
610040
610041
610042
610043
610044
610046
610047
610058
610059
610198
610199
610209
610210
610211
610212
610213
610214
610215
610216
610217
610218
610219
610220
610221
610222
610223
610224
610225
610226
610227
610228
610229
610231
610232
610243
610244
610383
610384
610394
610396
610397
610399
610400
610402
610403
610405
610406
610408
610409
610411
610412
610414
610417
610428
610429
610568
610569
610613
610614
610753
610754
610767
610768
610769
610770
610771
610772
610773
610774
610775
610776
610777
610778
610779
610780
610781
610783
610784
610798
610799
610938
610939
610952
610953
610954
610955
610956
610957
610958
610959
610960
610961
610962
610963
610964
610965
610966
610968
610969
610983
610984
611123
611124
611137
611138
611139
611140
611141
611142
611143
611144
611145
611146
611147
611148
611149
611150
611151
611153
611154
611168
611169
611308
611309
611322
611323
611324
611325
611326
611327
611328
611329
611330
611331
611332
611333
611334
611335
611336
611338
611339
611353
611354
611493
611494
611507
611508
611509
611510
611511
611512
611513
611514
611515
611516
611517
611518
611519
611520
611521
611523
611524
611538
611539
611678
611679
611692
611693
611694
611695
611696
611697
611698
611699
611700
611701
611702
611703
611704
611705
611706
611708
611709
611723
611724
611863
611864
611877
611879
611880
611882
611883
611885
611886
611888
611889
611891
611894
611908
611909
612048
612049
612093
612094
612233
612234
612278
612279
612417
612419
612422
612459
612461
612464
619015
619016
619017
619018
619020
619023
619054
619056
619057
619059
619061
619062
619201
619202
619246
619247
619386
619387
619431
619432
619571
619572
619616
619617
619756
619757
619801
619802
619941
619942
619986
619987
620126
620127
620171
620172
620311
620312
620356
620357
620496
620497
620507
620508
620510
620511
620513
620514
620516
620517
620519
620520
620522
620523
620525
620526
620529
620541
620542
620681
620682
620692
620693
620695
620696
620698
620699
620701
620702
620704
620705
620707
620708
620710
620711
620714
620726
620727
620866
620867
620877
620878
620880
620881
620883
620884
620886
620887
620889
620890
620892
620893
620895
620896
620899
620911
620912
621051
621052
621062
621063
621065
621066
621068
621069
621071
621072
621074
621075
621077
621078
621080
621081
621084
621096
621097
621236
621237
621247
621248
621250
621251
621253
621254
621256
621257
621259
621260
621262
621263
621265
621266
621269
621281
621282
621421
621422
621432
621433
621435
621436
621438
621439
621441
621442
621444
621445
621447
621448
621450
621451
621454
621466
621467
621606
621607
621617
621618
621620
621621
621623
621624
621626
621627
621629
621630
621632
621633
621635
621636
621639
621651
621652
621791
621792
621802
621803
621805
621806
621808
621809
621811
621812
621814
621815
621817
621818
621820
621821
621824
621836
621837
621976
621977
621987
621988
621990
621991
621993
621994
621996
621997
621999
622000
622002
622003
622005
622006
622009
622021
622022
622161
622162
622172
622173
622175
622176
622178
622179
622181
622182
622184
622185
622187
622188
622190
622191
622194
622206
622207
622346
622347
622357
622358
622360
622361
622363
622364
622366
622367
622369
622370
622372
622373
622375
622376
622379
622391
622392
622531
622532
622542
622543
622545
622546
622548
622549
622551
622552
622554
622555
622557
622558
622560
622561
622564
622576
622577
622716
622717
622727
622728
622730
622731
622733
622734
622736
622737
622739
622740
622742
622743
622745
622746
622749
622761
622762
622901
622902
622912
622913
622915
622916
622918
622919
622921
622922
622924
622925
622927
622928
622930
622931
622934
622946
622947
623086
623087
623097
623098
623100
623101
623103
623104
623106
623107
623109
623110
623112
623113
623115
623116
623119
623131
623132
623271
623272
623282
623283
623285
623286
623288
623289
623291
623292
623294
623295
623297
623298
623300
623301
623304
623316
623317
623456
623457
623467
623468
623470
623471
623473
623474
623476
623477
623479
623480
623482
623483
623485
623486
623489
623501
623502
623641
623642
623652
623653
623655
623656
623658
623659
623661
623662
623664
623665
623667
623668
623670
623671
623674
623686
623687
623826
623827
623837
623840
623843
623846
623849
623852
623855
623871
623872
624011
624012
624056
624057
624196
624197
624210
624211
624213
624214
624216
624217
624219
624220
624222
624223
624226
624241
624242
624381
624382
624395
624396
624398
624399
624401
624402
624404
624405
624407
624408
624411
624426
624427
624566
624567
624580
624581
624583
624584
624586
624587
624589
624590
624592
624593
624596
624611
624612
624751
624752
624765
624766
624768
624769
624771
624772
624774
624775
624777
624778
624781
624796
624797
624936
624937
624950
624951
624953
624954
624956
624957
624959
624960
624962
624963
624966
624981
624982
625121
625122
625135
625136
625138
625139
625141
625142
625144
625145
625147
625148
625151
625166
625167
625306
625307
625320
625323
625326
625329
625332
625351
625352
625491
625492
625536
625537
625676
625677
625721
625722
625860
625862
625865
625902
625904
625907
632458
632459
632460
632461
632463
632466
632497
632499
632500
632502
632504
632505
632644
632645
632689
632690
632829
632830
632874
632875
633014
633015
633059
633060
633199
633200
633244
633245
633384
633385
633429
633430
633569
633570
633614
633615
633754
633755
633799
633800
633939
633940
633984
633985
634124
634125
634169
634170
634309
634310
634354
634355
634494
634495
634539
634540
634679
634680
634724
634725
634864
634865
634909
634910
635049
635050
635094
635095
635234
635235
635279
635280
635419
635420
635464
635465
635604
635605
635649
635650
635789
635790
635834
635835
635974
635975
636019
636020
636159
636160
636204
636205
636344
636345
636389
636390
636529
636530
636574
636575
636714
636715
636759
636760
636899
636900
636944
636945
637084
637085
637129
637130
637269
637270
637314
637315
637454
637455
637499
637500
637639
637640
637684
637685
637824
637825
637869
637870
638009
638010
638054
638055
638194
638195
638239
638240
638379
638380
638424
638425
638564
638565
638609
638610
638749
638750
638794
638795
638934
638935
638979
638980
639119
639120
639164
639165
639303
639305
639308
639345
639347
639350
645901
645902
645903
645904
645906
645909
645940
645942
645943
645945
645947
645948
646087
646088
646132
646133
646272
646273
646317
646318
646457
646458
646502
646503
646642
646643
646687
646688
646827
646828
646872
646873
647012
647013
647057
647058
647197
647198
647242
647243
647382
647383
647427
647428
647567
647568
647612
647613
647752
647753
647797
647798
647937
647938
647982
647983
648122
648123
648167
648168
648307
648308
648352
648353
648492
648493
648537
648538
648677
648678
648722
648723
648862
648863
648907
648908
649047
649048
649092
649093
649232
649233
649277
649278
649417
649418
649462
649463
649602
649603
649647
649648
649787
649788
649832
649833
649972
649973
650017
650018
650157
650158
650202
650203
650342
650343
650387
650388
650527
650528
650572
650573
650712
650713
650757
650758
650897
650898
650942
650943
651082
651083
651127
651128
651267
651268
651312
651313
651452
651453
651497
651498
651637
651638
651682
651683
651822
651823
651867
651868
652007
652008
652052
652053
652192
652193
652237
652238
652377
652378
652422
652423
652562
652563
652607
652608
652746
652748
652751
652788
652790
652793
659344
659345
659346
659347
659349
659350
659352
659353
659355
659356
659358
659359
659361
659362
659364
659365
659367
659368
659370
659371
659373
659374
659376
659377
659379
659380
659382
659383
659385
659386
659388
659390
659391
659530
659531
659575
659576
659715
659716
659760
659761
659900
659901
659945
659946
660085
660086
660130
660131
660270
660271
660315
660316
660455
660456
660500
660501
660640
660641
660685
660686
660825
660826
660870
660871
661010
661011
661055
661056
661195
661196
661240
661241
661380
661381
661425
661426
661565
661566
661610
661611
661750
661751
661795
661796
661935
661936
661980
661981
662120
662121
662165
662166
662305
662306
662350
662351
662490
662491
662535
662536
662675
662676
662720
662721
662860
662861
662905
662906
663045
663046
663090
663091
663230
663231
663275
663276
663415
663416
663460
663461
663600
663601
663645
663646
663785
663786
663830
663831
663970
663971
664015
664016
664155
664156
664200
664201
664340
664341
664385
664386
664525
664526
664570
664571
664710
664711
664755
664756
664895
664896
664940
664941
665080
665081
665125
665126
665265
665266
665310
665311
665450
665451
665495
665496
665635
665636
665680
665681
665820
665821
665865
665866
666005
666006
666050
666051
666189
666191
666192
666194
666195
666197
666198
666200
666201
666203
666204
666206
666207
666209
666210
666212
666213
666215
666216
666218
666219
666221
666222
666224
666225
666227
666228
666230
666231
666233
666236
672787
672788
672789
672790
672792
672793
672795
672796
672798
672799
672801
672802
672804
672805
672807
672808
672810
672811
672813
672814
672816
672817
672819
672820
672822
672823
672825
672826
672828
672829
672831
672833
672834
672973
672974
673018
673019
673158
673159
673203
673204
673343
673344
673388
673389
673528
673529
673573
673574
673713
673714
673758
673759
673898
673899
673943
673944
674083
674084
674128
674129
674268
674269
674313
674314
674453
674454
674498
674499
674638
674639
674683
674684
674823
674824
674868
674869
675008
675009
675053
675054
675193
675194
675238
675239
675378
675379
675423
675424
675563
675564
675608
675609
675748
675749
675793
675794
675933
675934
675978
675979
676118
676119
676163
676164
676303
676304
676348
676349
676488
676489
676533
676534
676673
676674
676718
676719
676858
676859
676903
676904
677043
677044
677088
677089
677228
677229
677273
677274
677413
677414
677458
677459
677598
677599
677643
677644
677783
677784
677828
677829
677968
677969
678013
678014
678153
678154
678198
678199
678338
678339
678383
678384
678523
678524
678568
678569
678708
678709
678753
678754
678893
678894
678938
678939
679078
679079
679123
679124
679263
679264
679308
679309
679448
679449
679493
679494
679632
679634
679635
679637
679638
679640
679641
679643
679644
679646
679647
679649
679650
679652
679653
679655
679656
679658
679659
679661
679662
679664
679665
679667
679668
679670
679671
679673
679674
679676
679679
686230
686231
686232
686233
686235
686236
686238
686239
686241
686242
686244
686245
686247
686248
686250
686251
686253
686254
686256
686257
686259
686260
686262
686263
686265
686266
686268
686269
686271
686272
686274
686276
686277
686416
686417
686461
686462
686601
686602
686646
686647
686786
686787
686831
686832
686971
686972
687016
687017
687156
687157
687201
687202
687341
687342
687386
687387
687526
687527
687571
687572
687711
687712
687756
687757
687896
687897
687941
687942
688081
688082
688126
688127
688266
688267
688311
688312
688451
688452
688496
688497
688636
688637
688681
688682
688821
688822
688866
688867
689006
689007
689051
689052
689191
689192
689236
689237
689376
689377
689421
689422
689561
689562
689606
689607
689746
689747
689791
689792
689931
689932
689976
689977
690116
690117
690161
690162
690301
690302
690346
690347
690486
690487
690531
690532
690671
690672
690716
690717
690856
690857
690901
690902
691041
691042
691086
691087
691226
691227
691271
691272
691411
691412
691456
691457
691596
691597
691641
691642
691781
691782
691826
691827
691966
691967
692011
692012
692151
692152
692196
692197
692336
692337
692381
692382
692521
692522
692566
692567
692706
692707
692751
692752
692891
692892
692936
692937
693075
693077
693078
693080
693081
693083
693084
693086
693087
693089
693090
693092
693093
693095
693096
693098
693099
693101
693102
693104
693105
693107
693108
693110
693111
693113
693114
693116
693117
693119
693122
699673
699674
699675
699676
699678
699679
699681
699682
699684
699685
699687
699688
699690
699691
699693
699694
699696
699697
699699
699700
699702
699703
699705
699706
699708
699709
699711
699712
699714
699715
699717
699719
699720
699859
699860
699904
699905
700044
700045
700089
700090
700229
700230
700274
700275
700414
700415
700459
700460
700599
700600
700644
700645
700784
700785
700829
700830
700969
700970
701014
701015
701154
701155
701199
701200
701339
701340
701384
701385
701524
701525
701569
701570
701709
701710
701754
701755
701894
701895
701939
701940
702079
702080
702124
702125
702264
702265
702309
702310
702449
702450
702494
702495
702634
702635
702679
702680
702819
702820
702864
702865
703004
703005
703049
703050
703189
703190
703234
703235
703374
703375
703419
703420
703559
703560
703604
703605
703744
703745
703789
703790
703929
703930
703974
703975
704114
704115
704159
704160
704299
704300
704344
704345
704484
704485
704529
704530
704669
704670
704714
704715
704854
704855
704899
704900
705039
705040
705084
705085
705224
705225
705269
705270
705409
705410
705454
705455
705594
705595
705639
705640
705779
705780
705824
705825
705964
705965
706009
706010
706149
706150
706194
706195
706334
706335
706379
706380
706518
706520
706521
706523
706524
706526
706527
706529
706530
706532
706533
706535
706536
706538
706539
706541
706542
706544
706545
706547
706548
706550
706551
706553
706554
706556
706557
706559
706560
706562
706565
713116
713117
713119
713120
713122
713123
713125
713126
713128
713129
713131
713132
713134
713135
713137
713138
713140
713141
713143
713144
713146
713147
713149
713150
713152
713153
713155
713156
713158
713159
713162
713301
713302
713304
713305
713307
713308
713310
713311
713313
713314
713316
713317
713319
713320
713322
713323
713325
713326
713328
713329
713331
713332
713334
713335
713337
713338
713340
713341
713343
713344
713347
713486
713487
713489
713490
713492
713493
713495
713496
713498
713499
713501
713502
713504
713505
713507
713508
713510
713511
713513
713514
713516
713517
713519
713520
713522
713523
713525
713526
713528
713529
713532
713671
713672
713674
713675
713677
713678
713680
713681
713683
713684
713686
713687
713689
713690
713692
713693
713695
713696
713698
713699
713701
713702
713704
713705
713707
713708
713710
713711
713713
713714
713717
713856
713857
713859
713860
713862
713863
713865
713866
713868
713869
713871
713872
713874
713875
713877
713878
713880
713881
713883
713884
713886
713887
713889
713890
713892
713893
713895
713896
713898
713899
713902
714041
714042
714044
714045
714047
714048
714050
714051
714053
714054
714056
714057
714059
714060
714062
714063
714065
714066
714068
714069
714071
714072
714074
714075
714077
714078
714080
714081
714083
714084
714087
714226
714227
714229
714230
714232
714233
714235
714236
714238
714239
714241
714242
714244
714245
714247
714248
714250
714251
714253
714254
714256
714257
714259
714260
714262
714263
714265
714266
714268
714269
714272
714411
714412
714414
714415
714417
714418
714420
714421
714423
714424
714426
714427
714429
714430
714432
714433
714435
714436
714438
714439
714441
714442
714444
714445
714447
714448
714450
714451
714453
714454
714457
714596
714597
714599
714600
714602
714603
714605
714606
714608
714609
714611
714612
714614
714615
714617
714618
714620
714621
714623
714624
714626
714627
714629
714630
714632
714633
714635
714636
714638
714639
714642
714781
714782
714784
714785
714787
714788
714790
714791
714793
714794
714796
714797
714799
714800
714802
714803
714805
714806
714808
714809
714811
714812
714814
714815
714817
714818
714820
714821
714823
714824
714827
714966
714967
714969
714970
714972
714973
714975
714976
714978
714979
714981
714982
714984
714985
714987
714988
714990
714991
714993
714994
714996
714997
714999
715000
715002
715003
715005
715006
715008
715009
715012
715151
715152
715154
715155
715157
715158
715160
715161
715163
715164
715166
715167
715169
715170
715172
715173
715175
715176
715178
715179
715181
715182
715184
715185
715187
715188
715190
715191
715193
715194
715197
715336
715337
715339
715340
715342
715343
715345
715346
715348
715349
715351
715352
715354
715355
715357
715358
715360
715361
715363
715364
715366
715367
715369
715370
715372
715373
715375
715376
715378
715379
715382
715521
715522
715524
715525
715527
715528
715530
715531
715533
715534
715536
715537
715539
715540
715542
715543
715545
715546
715548
715549
715551
715552
715554
715555
715557
715558
715560
715561
715563
715564
715567
715706
715707
715709
715710
715712
715713
715715
715716
715718
715719
715721
715722
715724
715725
715727
715728
715730
715731
715733
715734
715736
715737
715739
715740
715742
715743
715745
715746
715748
715749
715752
715891
715892
715894
715895
715897
715898
715900
715901
715903
715904
715906
715907
715909
715910
715912
715913
715915
715916
715918
715919
715921
715922
715924
715925
715927
715928
715930
715931
715933
715934
715937
716076
716077
716079
716080
716082
716083
716085
716086
716088
716089
716091
716092
716094
716095
716097
716098
716100
716101
716103
716104
716106
716107
716109
716110
716112
716113
716115
716116
716118
716119
716122
716261
716262
716264
716265
716267
716268
716270
716271
716273
716274
716276
716277
716279
716280
716282
716283
716285
716286
716288
716289
716291
716292
716294
716295
716297
716298
716300
716301
716303
716304
716307
716446
716447
716449
716450
716452
716453
716455
716456
716458
716459
716461
716462
716464
716465
716467
716468
716470
716471
716473
716474
716476
716477
716479
716480
716482
716483
716485
716486
716488
716489
716492
716631
716632
716634
716635
716637
716638
716640
716641
716643
716644
716646
716647
716649
716650
716652
716653
716655
716656
716658
716659
716661
716662
716664
716665
716667
716668
716670
716671
716673
716674
716677
716816
716817
716819
716820
716822
716823
716825
716826
716828
716829
716831
716832
716834
716835
716837
716838
716840
716841
716843
716844
716846
716847
716849
716850
716852
716853
716855
716856
716858
716859
716862
717001
717002
717004
717005
717007
717008
717010
717011
717013
717014
717016
717017
717019
717020
717022
717023
717025
717026
717028
717029
717031
717032
717034
717035
717037
717038
717040
717041
717043
717044
717047
717186
717187
717189
717190
717192
717193
717195
717196
717198
717199
717201
717202
717204
717205
717207
717208
717210
717211
717213
717214
717216
717217
717219
717220
717222
717223
717225
717226
717228
717229
717232
717371
717372
717374
717375
717377
717378
717380
717381
717383
717384
717386
717387
717389
717390
717392
717393
717395
717396
717398
717399
717401
717402
717404
717405
717407
717408
717410
717411
717413
717414
717417
717556
717557
717559
717560
717562
717563
717565
717566
717568
717569
717571
717572
717574
717575
717577
717578
717580
717581
717583
717584
717586
717587
717589
717590
717592
717593
717595
717596
717598
717599
717602
717741
717742
717744
717745
717747
717748
717750
717751
717753
717754
717756
717757
717759
717760
717762
717763
717765
717766
717768
717769
717771
717772
717774
717775
717777
717778
717780
717781
717783
717784
717787
717926
717927
717929
717930
717932
717933
717935
717936
717938
717939
717941
717942
717944
717945
717947
717948
717950
717951
717953
717954
717956
717957
717959
717960
717962
717963
717965
717966
717968
717969
717972
718111
718112
718114
718115
718117
718118
718120
718121
718123
718124
718126
718127
718129
718130
718132
718133
718135
718136
718138
718139
718141
718142
718144
718145
718147
718148
718150
718151
718153
718154
718157
718296
718297
718299
718300
718302
718303
718305
718306
718308
718309
718311
718312
718314
718315
718317
718318
718320
718321
718323
718324
718326
718327
718329
718330
718332
718333
718335
718336
718338
718339
718342
718481
718482
718484
718485
718487
718488
718490
718491
718493
718494
718496
718497
718499
718500
718502
718503
718505
718506
718508
718509
718511
718512
718514
718515
718517
718518
718520
718521
718523
718524
718527
718666
718667
718669
718670
718672
718673
718675
718676
718678
718679
718681
718682
718684
718685
718687
718688
718690
718691
718693
718694
718696
718697
718699
718700
718702
718703
718705
718706
718708
718709
718712
718851
718852
718854
718855
718857
718858
718860
718861
718863
718864
718866
718867
718869
718870
718872
718873
718875
718876
718878
718879
718881
718882
718884
718885
718887
718888
718890
718891
718893
718894
718897
719036
719037
719039
719040
719042
719043
719045
719046
719048
719049
719051
719052
719054
719055
719057
719058
719060
719061
719063
719064
719066
719067
719069
719070
719072
719073
719075
719076
719078
719079
719082
719221
719222
719224
719225
719227
719228
719230
719231
719233
719234
719236
719237
719239
719240
719242
719243
719245
719246
719248
719249
719251
719252
719254
719255
719257
719258
719260
719261
719263
719264
719267
719406
719407
719409
719410
719412
719413
719415
719416
719418
719419
719421
719422
719424
719425
719427
719428
719430
719431
719433
719434
719436
719437
719439
719440
719442
719443
719445
719446
719448
719449
719452
719591
719592
719594
719595
719597
719598
719600
719601
719603
719604
719606
719607
719609
719610
719612
719613
719615
719616
719618
719619
719621
719622
719624
719625
719627
719628
719630
719631
719633
719634
719637
719776
719777
719779
719780
719782
719783
719785
719786
719788
719789
719791
719792
719794
719795
719797
719798
719800
719801
719803
719804
719806
719807
719809
719810
719812
719813
719815
719816
719818
719819
719822
719961
719964
719967
719970
719973
719976
719979
719982
719985
719988
719991
719994
719997
720000
720003
815780
815781
815782
815783
815784
815785
815786
815787
815788
815789
815790
815791
815792
815793
815794
815795
815844
815845
815846
815847
815848
815849
815850
815851
815852
815853
815854
815855
815856
815857
815858
815859
815908
815909
815910
815911
815912
815913
815914
815915
815916
815917
815918
815919
815920
815921
815922
815923
815972
815973
815974
815975
815976
815977
815978
815979
815980
815981
815982
815983
815984
815985
815986
815987
816036
816037
816038
816039
816040
816041
816042
816043
816044
816045
816046
816047
816048
816049
816050
816051
816100
816101
816102
816103
816104
816105
816106
816107
816108
816109
816110
816111
816112
816113
816114
816115
816164
816165
816166
816167
816168
816169
816170
816171
816172
816173
816174
816175
816176
816177
816178
816179
816228
816229
816230
816231
816232
816233
816234
816235
816236
816237
816238
816239
816240
816241
816242
816243
816292
816293
816294
816295
816296
816297
816298
816299
816300
816301
816302
816303
816304
816305
816306
816307
816356
816357
816358
816359
816360
816361
816362
816363
816364
816365
816366
816367
816368
816369
816370
816371
816420
816421
816422
816423
816424
816425
816426
816427
816428
816429
816430
816431
816432
816433
816434
816435
816484
816485
816486
816487
816488
816489
816490
816491
816492
816493
816494
816495
816496
816497
816498
816499
816548
816549
816550
816551
816552
816553
816554
816555
816556
816557
816558
816559
816560
816561
816562
816563
816612
816613
816614
816615
816616
816617
816618
816619
816620
816621
816622
816623
816624
816625
816626
816627
816676
816677
816678
816679
816680
816681
816682
816683
816684
816685
816686
816687
816688
816689
816690
816691
816740
816741
816742
816743
816744
816745
816746
816747
816748
816749
816750
816751
816752
816753
816754
816755
816804
816805
816806
816807
816808
816809
816810
816811
816812
816813
816814
816815
816816
816817
816818
816819
816868
816869
816870
816871
816872
816873
816874
816875
816876
816877
816878
816879
816880
816881
816882
816883
816932
816933
816934
816935
816936
816937
816938
816939
816940
816941
816942
816943
816944
816945
816946
816947
816996
816997
816998
816999
817000
817001
817002
817003
817004
817005
817006
817007
817008
817009
817010
817011
817060
817061
817062
817063
817064
817065
817066
817067
817068
817069
817070
817071
817072
817073
817074
817075
817124
817125
817126
817127
817128
817129
817130
817131
817132
817133
817134
817135
817136
817137
817138
817139
817188
817189
817190
817191
817192
817193
817194
817195
817196
817197
817198
817199
817200
817201
817202
817203
817252
817253
817254
817255
817256
817257
817258
817259
817260
817261
817262
817263
817264
817265
817266
817267
817316
817317
817318
817319
817320
817321
817322
817323
817324
817325
817326
817327
817328
817329
817330
817331
817380
817381
817382
817383
817384
817385
817386
817387
817388
817389
817390
817391
817392
817393
817394
817395
817444
817445
817446
817447
817448
817449
817450
817451
817452
817453
817454
817455
817456
817457
817458
817459
817508
817509
817510
817511
817512
817513
817514
817515
817516
817517
817518
817519
817520
817521
817522
817523
817572
817573
817574
817575
817576
817577
817578
817579
817580
817581
817582
817583
817584
817585
817586
817587
817636
817637
817638
817639
817640
817641
817642
817643
817644
817645
817646
817647
817648
817649
817650
817651
817700
817701
817702
817703
817704
817705
817706
817707
817708
817709
817710
817711
817712
817713
817714
817715
817764
817765
817766
817767
817768
817769
817770
817771
817772
817773
817774
817775
817776
817777
817778
817779
817828
817829
817830
817831
817832
817833
817834
817835
817836
817837
817838
817839
817840
817841
817842
817843
817892
817893
817894
817895
817896
817897
817898
817899
817900
817901
817902
817903
817904
817905
817906
817907
817956
817957
817958
817959
817960
817961
817962
817963
817964
817965
817966
817967
817968
817969
817970
817971
818020
818021
818022
818023
818024
818025
818026
818027
818028
818029
818030
818031
818032
818033
818034
818035
818084
818085
818086
818087
818088
818089
818090
818091
818092
818093
818094
818095
818096
818097
818098
818099
818148
818149
818150
818151
818152
818153
818154
818155
818156
818157
818158
818159
818160
818161
818162
818163
-453
-456
-459
-462
-465
-468
-471
-474
-477
-480
-483
-486
-489
-492
-495
-498
-634
682
-819
827
830
833
836
839
842
845
848
851
854
857
860
863
866
867
-1004
1012
1015
1018
1021
1024
1027
1030
1033
1036
1039
1042
1045
1048
1051
1052
-1189
1197
1200
1203
1206
1209
1212
1215
1218
1221
1224
1227
1230
1233
1236
1237
-1374
1382
1385
1388
1391
1394
1397
1400
1403
1406
1409
1412
1415
1418
1421
1422
-1559
1567
1570
1573
1576
1579
1582
1585
1588
1591
1594
1597
1600
1603
1606
1607
-1744
1752
1755
1758
1761
1764
1767
1770
1773
1776
1779
1782
1785
1788
1791
1792
-1929
1937
1940
1943
1946
1949
1952
1955
1958
1961
1964
1967
1970
1973
1976
1977
-2114
2122
2125
2128
2131
2134
2137
2140
2143
2146
2149
2152
2155
2158
2161
2162
-2299
2307
2310
2313
2316
2319
2322
2325
2328
2331
2334
2337
2340
2343
2346
2347
-2484
2492
2495
2498
2501
2504
2507
2510
2513
2516
2519
2522
2525
2528
2531
2532
-2669
2677
2680
2683
2686
2689
2692
2695
2698
2701
2704
2707
2710
2713
2716
2717
-2854
2862
2865
2868
2871
2874
2877
2880
2883
2886
2889
2892
2895
2898
2901
2902
-3039
3047
3050
3053
3056
3059
3062
3065
3068
3071
3074
3077
3080
3083
3086
3087
-3224
3232
3235
3238
3241
3244
3247
3250
3253
3256
3259
3262
3265
3268
3271
3272
-3409
3417
3420
3423
3426
3429
3432
3435
3438
3441
3444
3447
3450
3453
3456
3457
-3594
3602
3605
3608
3611
3614
3617
3620
3623
3626
3629
3632
3635
3638
3641
3642
-3779
3787
3790
3793
3796
3799
3802
3805
3808
3811
3814
3817
3820
3823
3826
3827
-3964
3972
3975
3978
3981
3984
3987
3990
3993
3996
3999
4002
4005
4008
4011
4012
-4149
4157
4160
4163
4166
4169
4172
4175
4178
4181
4184
4187
4190
4193
4196
4197
-4334
4342
4345
4348
4351
4354
4357
4360
4363
4366
4369
4372
4375
4378
4381
4382
-4519
4527
4530
4533
4536
4539
4542
4545
4548
4551
4554
4557
4560
4563
4566
4567
-4704
4712
4715
4718
4721
4724
4727
4730
4733
4736
4739
4742
4745
4748
4751
4752
-4889
4897
4900
4903
4906
4909
4912
4915
4918
4921
4924
4927
4930
4933
4936
4937
-5074
5082
5085
5088
5091
5094
5097
5100
5103
5106
5109
5112
5115
5118
5121
5122
-5259
5267
5270
5273
5276
5279
5282
5285
5288
5291
5294
5297
5300
5303
5306
5307
-5444
5452
5455
5458
5461
5464
5467
5470
5473
5476
5479
5482
5485
5488
5491
5492
-5629
5637
5640
5643
5646
5649
5652
5655
5658
5661
5664
5667
5670
5673
5676
5677
-5814
5822
5825
5828
5831
5834
5837
5840
5843
5846
5849
5852
5855
5858
5861
5862
-5999
6007
6010
6013
6016
6019
6022
6025
6028
6031
6034
6037
6040
6043
6046
6047
-6184
6192
6195
6198
6201
6204
6207
6210
6213
6216
6219
6222
6225
6228
6231
6232
-6369
6377
6380
6383
6386
6389
6392
6395
6398
6401
6404
6407
6410
6413
6416
6417
-6554
6562
6565
6568
6571
6574
6577
6580
6583
6586
6589
6592
6595
6598
6601
6602
-6739
6747
6750
6753
6756
6759
6762
6765
6768
6771
6774
6777
6780
6783
6786
6787
-6924
6932
6935
6938
6941
6944
6947
6950
6953
6956
6959
6962
6965
6968
6971
6972
-7109
7117
7120
7123
7126
7129
7132
7135
7138
7141
7144
7147
7150
7153
7156
7157
-7294
7302
7305
7308
7311
7314
7317
7320
7323
7326
7329
7332
7335
7338
7341
7342
-7479
7483
7486
7489
7492
7495
7498
7501
7504
7507
7510
7513
7516
7519
7522
7525
7527
7528
-13896
-13899
-13902
-13905
-13908
-13911
-13914
-13917
-13920
-13923
-13926
-13929
-13932
-13935
-13938
-13941
-14077
14084
14087
14090
14091
14093
14094
14096
14097
14099
14100
14102
14103
14105
14106
14108
14109
14111
14112
14114
14115
14117
14118
14120
14123
14125
-14262
14265
-14307
14310
-14447
14450
-14492
14495
-14632
14635
-14677
14680
-14817
14820
-14862
14865
-15002
15005
-15047
15050
-15187
15190
-15232
15235
-15372
15375
-15417
15420
-15557
15560
-15602
15605
-15742
15745
-15787
15790
-15927
15930
-15972
15975
-16112
16115
-16157
16160
-16297
16300
-16342
16345
-16482
16485
-16527
16530
-16667
16670
-16712
16715
-16852
16855
-16897
16900
-17037
17040
-17082
17085
-17222
17225
-17267
17270
-17407
17410
-17452
17455
-17592
17595
-17637
17640
-17777
17780
-17822
17825
-17962
17965
-18007
18010
-18147
18150
-18192
18195
-18332
18335
-18377
18380
-18517
18520
-18562
18565
-18702
18705
-18747
18750
-18887
18890
-18932
18935
-19072
19075
-19117
19120
-19257
19260
-19302
19305
-19442
19445
-19487
19490
-19627
19630
-19672
19675
-19812
19815
-19857
19860
-19997
20000
-20042
20045
-20182
20185
-20227
20230
-20367
20370
-20412
20415
-20552
20555
-20597
20600
-20737
20740
-20744
-20747
-20750
-20753
-20756
-20759
-20762
-20765
-20768
-20771
-20774
-20777
-20780
-20782
-20783
20785
-20922
20926
20929
20932
20933
20935
20936
20938
20939
20941
20942
20944
20945
20947
20948
20950
20951
20953
20954
20956
20957
20959
20960
20962
20963
20965
20966
20968
20970
20971
-27339
-27342
-27345
-27378
-27381
-27384
-27520
27527
27529
27530
-27559
27563
27566
27568
-27705
27708
-27750
27753
-27890
27893
-27935
27938
-28075
28078
-28120
28123
-28260
28263
-28305
28308
-28445
28448
-28490
28493
-28630
28633
-28675
28678
-28815
28818
-28860
28863
-29000
29003
-29045
29048
-29185
29188
-29230
29233
-29370
29373
-29415
29418
-29555
29558
-29600
29603
-29740
29743
-29785
29788
-29925
29928
-29970
29973
-30110
30113
-30155
30158
-30295
30298
-30340
30343
-30480
30483
-30525
30528
-30665
30668
-30710
30713
-30850
30853
-30895
30898
-31035
31038
-31080
31083
-31220
31223
-31265
31268
-31405
31408
-31450
31453
-31590
31593
-31635
31638
-31775
31778
-31820
31823
-31960
31963
-32005
32008
-32145
32148
-32190
32193
-32330
32333
-32375
32378
-32515
32518
-32560
32563
-32700
32703
-32745
32748
-32885
32888
-32930
32933
-33070
33073
-33115
33118
-33255
33258
-33300
33303
-33440
33443
-33485
33488
-33625
33628
-33670
33673
-33810
33813
-33855
33858
-33995
33998
-34040
34043
-34180
34183
-34187
-34225
-34226
34228
-34365
34369
34371
34372
-34407
34411
34413
34414
-40782
-40785
-40788
-40821
-40824
-40827
-40963
40970
40972
40973
-41002
41006
41009
41011
-41148
41151
-41193
41196
-41333
41336
-41378
41381
-41518
41521
-41563
41566
-41703
41706
-41748
41751
-41888
41891
-41933
41936
-42073
42076
-42118
42121
-42258
42261
-42303
42306
-42443
42446
-42488
42491
-42628
42631
-42673
42676
-42813
42816
-42858
42861
-42998
43001
-43043
43046
-43183
43186
-43228
43231
-43368
43371
-43413
43416
-43553
43556
-43598
43601
-43738
43741
-43783
43786
-43923
43926
-43968
43971
-44108
44111
-44153
44156
-44293
44296
-44338
44341
-44478
44481
-44523
44526
-44663
44666
-44708
44711
-44848
44851
-44893
44896
-45033
45036
-45078
45081
-45218
45221
-45263
45266
-45403
45406
-45448
45451
-45588
45591
-45633
45636
-45773
45776
-45818
45821
-45958
45961
-46003
46006
-46143
46146
-46188
46191
-46328
46331
-46373
46376
-46513
46516
-46558
46561
-46698
46701
-46743
46746
-46883
46886
-46928
46931
-47068
47071
-47113
47116
-47253
47256
-47298
47301
-47438
47441
-47483
47486
-47623
47626
-47630
-47668
-47669
47671
-47808
47812
47814
47815
-47850
47854
47856
47857
-54225
-54228
-54231
-54264
-54267
-54270
-54406
54413
54415
54416
-54445
54449
54452
54454
-54591
54594
-54636
54639
-54776
54779
-54821
54824
-54961
54964
-55006
55009
-55146
55149
-55191
55194
-55331
55334
-55376
55379
-55516
55519
-55561
55564
-55701
55704
-55746
55749
-55886
55889
-55931
55934
-56071
56074
-56116
56119
-56256
56259
-56301
56304
-56441
56444
-56486
56489
-56626
56629
-56671
56674
-56811
56814
-56856
56859
-56996
56999
-57041
57044
-57181
57184
-57226
57229
-57366
57369
-57411
57414
-57551
57554
-57596
57599
-57736
57739
-57781
57784
-57921
57924
-57966
57969
-58106
58109
-58151
58154
-58291
58294
-58336
58339
-58476
58479
-58521
58524
-58661
58664
-58706
58709
-58846
58849
-58891
58894
-59031
59034
-59076
59079
-59216
59219
-59261
59264
-59401
59404
-59446
59449
-59586
59589
-59609
-59612
-59615
-59618
-59631
59634
-59771
59774
-59794
-59797
-59800
-59803
-59816
59819
-59956
59959
-59979
-59982
-59985
-59988
-60001
60004
-60141
60144
-60164
-60167
-60170
-60173
-60186
60189
-60326
60329
-60349
-60352
-60355
-60358
-60371
60374
-60511
60514
-60534
-60537
-60540
-60543
-60556
60559
-60696
60699
-60741
60744
-60881
60884
-60926
60929
-61066
61069
-61073
-61111
-61112
61114
-61251
61255
61257
61258
-61293
61297
61299
61300
-67668
-67671
-67674
-67707
-67710
-67713
-67849
67856
67858
67859
-67888
67892
67895
67897
-68034
68037
-68079
68082
-68219
68222
-68264
68267
-68404
68407
-68449
68452
-68589
68592
-68634
68637
-68774
68777
-68819
68822
-68959
68962
-69004
69007
-69144
69147
-69189
69192
-69329
69332
-69374
69377
-69514
69517
-69559
69562
-69699
69702
-69744
69747
-69884
69887
-69929
69932
-70069
70072
-70114
70117
-70254
70257
-70299
70302
-70439
70442
-70484
70487
-70624
70627
-70669
70672
-70809
70812
-70854
70857
-70994
70997
-71039
71042
-71179
71182
-71224
71227
-71364
71367
-71409
71412
-71549
71552
-71594
71597
-71734
71737
-71779
71782
-71919
71922
-71964
71967
-72104
72107
-72149
72152
-72289
72292
-72334
72337
-72474
72477
-72519
72522
-72659
72662
-72704
72707
-72844
72847
-72866
-72869
-72872
-72875
-72889
72892
-73029
73032
-73047
73059
-73074
73077
-73214
73217
-73232
73244
-73259
73262
-73399
73402
-73417
73429
-73444
73447
-73584
73587
-73602
73614
-73629
73632
-73769
73772
-73787
73799
-73814
73817
-73954
73957
-73972
73976
73979
73982
73984
73985
-73999
74002
-74139
74142
-74184
74187
-74324
74327
-74369
74372
-74509
74512
-74516
-74554
-74555
74557
-74694
74698
74700
74701
-74736
74740
74742
74743
-81111
-81114
-81117
-81150
-81153
-81156
-81292
81299
81301
81302
-81331
81335
81338
81340
-81477
81480
-81522
81525
-81662
81665
-81707
81710
-81847
81850
-81892
81895
-82032
82035
-82077
82080
-82217
82220
-82262
82265
-82402
82405
-82447
82450
-82587
82590
-82632
82635
-82772
82775
-82817
82820
-82957
82960
-83002
83005
-83142
83145
-83187
83190
-83327
83330
-83372
83375
-83512
83515
-83557
83560
-83697
83700
-83742
83745
-83882
83885
-83927
83930
-84067
84070
-84112
84115
-84252
84255
-84297
84300
-84437
84440
-84482
84485
-84622
84625
-84667
84670
-84807
84810
-84852
84855
-84992
84995
-85037
85040
-85177
85180
-85222
85225
-85362
85365
-85407
85410
-85547
85550
-85592
85595
-85732
85735
-85777
85780
-85917
85920
-85962
85965
-86102
86105
-86147
86150
-86287
86290
-86309
-86312
-86315
-86318
-86332
86335
-86472
86475
-86490
86502
-86517
86520
-86657
86660
-86675
86687
-86702
86705
-86842
86845
-86860
86872
-86887
86890
-87027
87030
-87045
87057
-87072
87075
-87212
87215
-87230
87242
-87257
87260
-87397
87400
-87415
87419
87422
87425
87427
87428
-87442
87445
-87582
87585
-87627
87630
-87767
87770
-87812
87815
-87952
87955
-87959
-87997
-87998
88000
-88137
88141
88143
88144
-88179
88183
88185
88186
-94554
-94557
-94560
-94593
-94596
-94599
-94735
94742
94744
94745
-94774
94778
94781
94783
-94920
94923
-94965
94968
-95105
95108
-95150
95153
-95290
95293
-95335
95338
-95475
95478
-95520
95523
-95660
95663
-95705
95708
-95845
95848
-95890
95893
-96030
96033
-96075
96078
-96215
96218
-96260
96263
-96400
96403
-96423
-96426
-96429
-96432
-96445
96448
-96585
96588
-96608
-96611
-96614
-96617
-96630
96633
-96770
96773
-96793
-96796
-96799
-96802
-96815
96818
-96955
96958
-96978
-96981
-96984
-96987
-97000
97003
-97140
97143
-97163
-97166
-97169
-97172
-97185
97188
-97325
97328
-97348
-97351
-97354
-97357
-97370
97373
-97510
97513
-97533
-97536
-97539
-97542
-97555
97558
-97695
97698
-97718
-97721
-97724
-97727
-97740
97743
-97880
97883
-97903
-97906
-97909
-97912
-97925
97928
-98065
98068
-98088
-98091
-98094
-98097
-98110
98113
-98250
98253
-98273
-98276
-98279
-98282
-98295
98298
-98435
98438
-98458
-98461
-98464
-98467
-98480
98483
-98620
98623
-98643
-98646
-98649
-98652
-98665
98668
-98805
98808
-98828
-98831
-98834
-98837
-98850
98853
-98990
98993
-99013
-99016
-99019
-99022
-99035
99038
-99175
99178
-99198
-99201
-99204
-99207
-99220
99223
-99360
99363
-99383
-99386
-99389
-99392
-99405
99408
-99545
99548
-99590
99593
-99730
99733
-99752
-99755
-99758
-99761
-99775
99778
-99915
99918
-99933
99945
-99960
99963
-100100
100103
-100118
100130
-100145
100148
-100285
100288
-100303
100315
-100330
100333
-100470
100473
-100488
100500
-100515
100518
-100655
100658
-100673
100685
-100700
100703
-100840
100843
-100858
100862
100865
100868
100870
100871
-100885
100888
-101025
101028
-101070
101073
-101210
101213
-101255
101258
-101395
101398
-101402
-101440
-101441
101443
-101580
101584
101586
101587
-101622
101626
101628
101629
-107997
-108000
-108003
-108036
-108039
-108042
-108178
108185
108187
108188
-108217
108221
108224
108226
-108363
108366
-108408
108411
-108548
108551
-108593
108596
-108733
108736
-108778
108781
-108918
108921
-108963
108966
-109103
109106
-109148
109151
-109288
109291
-109333
109336
-109473
109476
-109518
109521
-109658
109661
-109680
-109683
-109686
-109689
-109703
109706
-109843
109846
-109861
109873
-109888
109891
-110028
110031
-110046
110058
-110073
110076
-110213
110216
-110231
110243
-110258
110261
-110398
110401
-110416
110428
-110443
110446
-110583
110586
-110601
110613
-110628
110631
-110768
110771
-110786
110798
-110813
110816
-110953
110956
-110971
110983
-110998
111001
-111138
111141
-111156
111168
-111183
111186
-111323
111326
-111341
111353
-111368
111371
-111508
111511
-111526
111538
-111553
111556
-111693
111696
-111711
111723
-111738
111741
-111878
111881
-111896
111908
-111923
111926
-112063
112066
-112081
112093
-112108
112111
-112248
112251
-112266
112278
-112293
112296
-112433
112436
-112451
112463
-112478
112481
-112618
112621
-112636
112648
-112663
112666
-112803
112806
-112821
112825
112828
112831
112833
112834
-112848
112851
-112988
112991
-113033
113036
-113173
113176
-113195
-113198
-113201
-113204
-113218
113221
-113358
113361
-113376
113388
-113403
113406
-113543
113546
-113561
113573
-113588
113591
-113728
113731
-113746
113758
-113773
113776
-113913
113916
-113931
113943
-113958
113961
-114098
114101
-114116
114128
-114143
114146
-114283
114286
-114301
114305
114308
114311
114313
114314
-114328
114331
-114468
114471
-114513
114516
-114653
114656
-114698
114701
-114838
114841
-114845
-114883
-114884
114886
-115023
115027
115029
115030
-115065
115069
115071
115072
-121440
-121443
-121446
-121479
-121482
-121485
-121621
121628
121630
121631
-121660
121664
121667
121669
-121806
121809
-121851
121854
-121991
121994
-122036
122039
-122176
122179
-122221
122224
-122361
122364
-122406
122409
-122546
122549
-122591
122594
-122731
122734
-122776
122779
-122916
122919
-122961
122964
-123101
123104
-123123
-123126
-123129
-123132
-123146
123149
-123286
123289
-123304
123316
-123331
123334
-123471
123474
-123489
123501
-123516
123519
-123656
123659
-123674
123686
-123701
123704
-123841
123844
-123859
123871
-123886
123889
-124026
124029
-124044
124056
-124071
124074
-124211
124214
-124229
124241
-124256
124259
-124396
124399
-124414
124426
-124441
124444
-124581
124584
-124599
124611
-124626
124629
-124766
124769
-124784
124796
-124811
124814
-124951
124954
-124969
124981
-124996
124999
-125136
125139
-125154
125166
-125181
125184
-125321
125324
-125339
125351
-125366
125369
-125506
125509
-125524
125536
-125551
125554
-125691
125694
-125709
125721
-125736
125739
-125876
125879
-125894
125906
-125921
125924
-126061
126064
-126079
126091
-126106
126109
-126246
126249
-126264
126268
126271
126274
126276
126277
-126291
126294
-126431
126434
-126476
126479
-126616
126619
-126638
-126641
-126644
-126647
-126661
126664
-126801
126804
-126819
126831
-126846
126849
-126986
126989
-127004
127016
-127031
127034
-127171
127174
-127189
127201
-127216
127219
-127356
127359
-127374
127386
-127401
127404
-127541
127544
-127559
127571
-127586
127589
-127726
127729
-127744
127748
127751
127754
127756
127757
-127771
127774
-127911
127914
-127956
127959
-128096
128099
-128141
128144
-128281
128284
-128288
-128326
-128327
128329
-128466
128470
128472
128473
-128508
128512
128514
128515
-134883
-134886
-134889
-134922
-134925
-134928
-135064
135071
135073
135074
-135103
135107
135110
135112
-135249
135252
-135294
135297
-135434
135437
-135479
135482
-135619
135622
-135664
135667
-135804
135807
-135849
135852
-135989
135992
-136034
136037
-136174
136177
-136219
136222
-136359
136362
-136404
136407
-136544
136547
-136566
-136569
-136572
-136575
-136589
136592
-136729
136732
-136747
136759
-136774
136777
-136914
136917
-136932
136944
-136959
136962
-137099
137102
-137117
137129
-137144
137147
-137284
137287
-137302
137314
-137329
137332
-137469
137472
-137487
137499
-137514
137517
-137654
137657
-137672
137684
-137699
137702
-137839
137842
-137857
137869
-137884
137887
-138024
138027
-138042
138054
-138069
138072
-138209
138212
-138227
138239
-138254
138257
-138394
138397
-138412
138424
-138439
138442
-138579
138582
-138597
138609
-138624
138627
-138764
138767
-138782
138794
-138809
138812
-138949
138952
-138967
138979
-138994
138997
-139134
139137
-139152
139164
-139179
139182
-139319
139322
-139337
139349
-139364
139367
-139504
139507
-139522
139534
-139549
139552
-139689
139692
-139707
139711
139714
139717
139719
139720
-139734
139737
-139874
139877
-139919
139922
-140059
140062
-140081
-140084
-140087
-140090
-140104
140107
-140244
140247
-140262
140274
-140289
140292
-140429
140432
-140447
140459
-140474
140477
-140614
140617
-140632
140644
-140659
140662
-140799
140802
-140817
140829
-140844
140847
-140984
140987
-141002
141014
-141029
141032
-141169
141172
-141187
141191
141194
141197
141199
141200
-141214
141217
-141354
141357
-141399
141402
-141539
141542
-141584
141587
-141724
141727
-141731
-141769
-141770
141772
-141909
141913
141915
141916
-141951
141955
141957
141958
-148326
-148329
-148332
-148365
-148368
-148371
-148507
148514
148516
148517
-148546
148550
148553
148555
-148692
148695
-148737
148740
-148877
148880
-148922
148925
-149062
149065
-149107
149110
-149247
149250
-149292
149295
-149432
149435
-149477
149480
-149617
149620
-149662
149665
-149802
149805
-149847
149850
-149987
149990
-150009
-150012
-150015
-150018
-150032
150035
-150172
150175
-150190
150202
-150217
150220
-150357
150360
-150375
150387
-150402
150405
-150542
150545
-150560
150572
-150587
150590
-150727
150730
-150745
150757
-150772
150775
-150912
150915
-150930
150942
-150957
150960
-151097
151100
-151115
151127
-151142
151145
-151282
151285
-151300
151312
-151327
151330
-151467
151470
-151485
151497
-151512
151515
-151652
151655
-151670
151682
-151697
151700
-151837
151840
-151855
151867
-151882
151885
-152022
152025
-152040
152052
-152067
152070
-152207
152210
-152225
152237
-152252
152255
-152392
152395
-152410
152422
-152437
152440
-152577
152580
-152595
152607
-152622
152625
-152762
152765
-152780
152792
-152807
152810
-152947
152950
-152965
152977
-152992
152995
-153132
153135
-153150
153154
153157
153160
153162
153163
-153177
153180
-153317
153320
-153362
153365
-153502
153505
-153524
-153527
-153530
-153533
-153547
153550
-153687
153690
-153705
153717
-153732
153735
-153872
153875
-153890
153902
-153917
153920
-154057
154060
-154075
154087
-154102
154105
-154242
154245
-154260
154272
-154287
154290
-154427
154430
-154445
154457
-154472
154475
-154612
154615
-154630
154634
154637
154640
154642
154643
-154657
154660
-154797
154800
-154842
154845
-154982
154985
-155027
155030
-155167
155170
-155174
-155212
-155213
155215
-155352
155356
155358
155359
-155394
155398
155400
155401
-161769
-161772
-161775
-161808
-161811
-161814
-161950
161957
161959
161960
-161989
161993
161996
161998
-162135
162138
-162180
162183
-162320
162323
-162365
162368
-162505
162508
-162550
162553
-162690
162693
-162735
162738
-162875
162878
-162920
162923
-163060
163063
-163105
163108
-163245
163248
-163290
163293
-163430
163433
-163452
-163455
-163458
-163461
-163475
163478
-163615
163618
-163633
163645
-163660
163663
-163800
163803
-163818
163830
-163845
163848
-163985
163988
-164003
164015
-164030
164033
-164170
164173
-164188
164200
-164215
164218
-164355
164358
-164373
164385
-164400
164403
-164540
164543
-164558
164570
-164585
164588
-164725
164728
-164743
164755
-164770
164773
-164910
164913
-164928
164940
-164955
164958
-165095
165098
-165113
165125
-165140
165143
-165280
165283
-165298
165310
-165325
165328
-165465
165468
-165483
165495
-165510
165513
-165650
165653
-165668
165680
-165695
165698
-165835
165838
-165853
165865
-165880
165883
-166020
166023
-166038
166050
-166065
166068
-166205
166208
-166223
166235
-166250
166253
-166390
166393
-166408
166420
-166435
166438
-166575
166578
-166593
166597
166600
166603
166605
166606
-166620
166623
-166760
166763
-166805
166808
-166945
166948
-166967
-166970
-166973
-166976
-166990
166993
-167130
167133
-167148
167160
-167175
167178
-167315
167318
-167333
167345
-167360
167363
-167500
167503
-167518
167530
-167545
167548
-167685
167688
-167703
167715
-167730
167733
-167870
167873
-167888
167900
-167915
167918
-168055
168058
-168073
168077
168080
168083
168085
168086
-168100
168103
-168240
168243
-168285
168288
-168425
168428
-168470
168473
-168610
168613
-168617
-168655
-168656
168658
-168795
168799
168801
168802
-168837
168841
168843
168844
-175212
-175215
-175218
-175251
-175254
-175257
-175393
175400
175402
175403
-175432
175436
175439
175441
-175578
175581
-175623
175626
-175763
175766
-175808
175811
-175948
175951
-175993
175996
-176133
176136
-176178
176181
-176318
176321
-176363
176366
-176503
176506
-176548
176551
-176688
176691
-176733
176736
-176873
176876
-176895
-176898
-176901
-176904
-176918
176921
-177058
177061
-177076
177088
-177103
177106
-177243
177246
-177261
177273
-177288
177291
-177428
177431
-177446
177458
-177473
177476
-177613
177616
-177631
177643
-177658
177661
-177798
177801
-177816
177828
-177843
177846
-177983
177986
-178001
178013
-178028
178031
-178168
178171
-178186
178198
-178213
178216
-178353
178356
-178371
178383
-178398
178401
-178538
178541
-178556
178568
-178583
178586
-178723
178726
-178741
178753
-178768
178771
-178908
178911
-178926
178938
-178953
178956
-179093
179096
-179111
179123
-179138
179141
-179278
179281
-179296
179308
-179323
179326
-179463
179466
-179481
179493
-179508
179511
-179648
179651
-179666
179678
-179693
179696
-179833
179836
-179851
179863
-179878
179881
-180018
180021
-180036
180040
180043
180046
180048
180049
-180063
180066
-180203
180206
-180248
180251
-180388
180391
-180410
-180413
-180416
-180419
-180433
180436
-180573
180576
-180591
180603
-180618
180621
-180758
180761
-180776
180788
-180803
180806
-180943
180946
-180961
180973
-180988
180991
-181128
181131
-181146
181158
-181173
181176
-181313
181316
-181331
181343
-181358
181361
-181498
181501
-181516
181520
181523
181526
181528
181529
-181543
181546
-181683
181686
-181728
181731
-181868
181871
-181913
181916
-182053
182056
-182060
-182098
-182099
182101
-182238
182242
182244
182245
-182280
182284
182286
182287
-188655
-188658
-188661
-188694
-188697
-188700
-188836
188843
188845
188846
-188875
188879
188882
188884
-189021
189024
-189066
189069
-189206
189209
-189251
189254
-189391
189394
-189436
189439
-189576
189579
-189621
189624
-189761
189764
-189806
189809
-189946
189949
-189991
189994
-190131
190134
-190176
190179
-190316
190319
-190338
-190341
-190344
-190347
-190361
190364
-190501
190504
-190519
190531
-190546
190549
-190686
190689
-190704
190716
-190731
190734
-190871
190874
-190889
190901
-190916
190919
-191056
191059
-191074
191086
-191101
191104
-191241
191244
-191259
191271
-191286
191289
-191426
191429
-191444
191456
-191471
191474
-191611
191614
-191629
191641
-191656
191659
-191796
191799
-191814
191826
-191841
191844
-191981
191984
-191999
192011
-192026
192029
-192166
192169
-192184
192196
-192211
192214
-192351
192354
-192369
192381
-192396
192399
-192536
192539
-192554
192566
-192581
192584
-192721
192724
-192739
192751
-192766
192769
-192906
192909
-192924
192936
-192951
192954
-193091
193094
-193109
193121
-193136
193139
-193276
193279
-193294
193306
-193321
193324
-193461
193464
-193479
193483
193486
193489
193491
193492
-193506
193509
-193646
193649
-193691
193694
-193831
193834
-193853
-193856
-193859
-193862
-193876
193879
-194016
194019
-194034
194046
-194061
194064
-194201
194204
-194219
194231
-194246
194249
-194386
194389
-194404
194416
-194431
194434
-194571
194574
-194589
194601
-194616
194619
-194756
194759
-194774
194786
-194801
194804
-194941
194944
-194959
194963
194966
194969
194971
194972
-194986
194989
-195126
195129
-195171
195174
-195311
195314
-195356
195359
-195496
195499
-195503
-195541
-195542
195544
-195681
195685
195687
195688
-195723
195727
195729
195730
-202098
-202101
-202104
-202137
-202140
-202143
-202279
202286
202288
202289
-202318
202322
202325
202327
-202464
202467
-202509
202512
-202649
202652
-202694
202697
-202834
202837
-202879
202882
-203019
203022
-203064
203067
-203204
203207
-203249
203252
-203389
203392
-203434
203437
-203574
203577
-203619
203622
-203759
203762
-203781
-203784
-203787
-203790
-203804
203807
-203944
203947
-203962
203974
-203989
203992
-204129
204132
-204147
204159
-204174
204177
-204314
204317
-204332
204344
-204359
204362
-204499
204502
-204517
204529
-204544
204547
-204684
204687
-204702
204714
-204729
204732
-204869
204872
-204887
204899
-204914
204917
-205054
205057
-205072
205084
-205099
205102
-205239
205242
-205257
205269
-205284
205287
-205424
205427
-205442
205454
-205469
205472
-205609
205612
-205627
205639
-205654
205657
-205794
205797
-205812
205824
-205839
205842
-205979
205982
-205997
206009
-206024
206027
-206164
206167
-206182
206194
-206209
206212
-206349
206352
-206367
206379
-206394
206397
-206534
206537
-206552
206564
-206579
206582
-206719
206722
-206737
206749
-206764
206767
-206904
206907
-206922
206926
206929
206932
206934
206935
-206949
206952
-207089
207092
-207134
207137
-207274
207277
-207296
-207299
-207302
-207305
-207319
207322
-207459
207462
-207477
207489
-207504
207507
-207644
207647
-207662
207674
-207689
207692
-207829
207832
-207847
207859
-207874
207877
-208014
208017
-208032
208044
-208059
208062
-208199
208202
-208217
208229
-208244
208247
-208384
208387
-208402
208406
208409
208412
208414
208415
-208429
208432
-208569
208572
-208614
208617
-208754
208757
-208799
208802
-208939
208942
-208946
-208984
-208985
208987
-209124
209128
209130
209131
-209166
209170
209172
209173
-215541
-215544
-215547
-215580
-215583
-215586
-215722
215729
215731
215732
-215761
215765
215768
215770
-215907
215910
-215952
215955
-216092
216095
-216137
216140
-216277
216280
-216322
216325
-216462
216465
-216507
216510
-216647
216650
-216692
216695
-216832
216835
-216877
216880
-217017
217020
-217062
217065
-217202
217205
-217224
-217227
-217230
-217233
-217247
217250
-217387
217390
-217405
217417
-217432
217435
-217572
217575
-217590
217602
-217617
217620
-217757
217760
-217775
217787
-217802
217805
-217942
217945
-217960
217972
-217987
217990
-218127
218130
-218145
218157
-218172
218175
-218312
218315
-218330
218342
-218357
218360
-218497
218500
-218515
218527
-218542
218545
-218682
218685
-218700
218712
-218727
218730
-218867
218870
-218885
218897
-218912
218915
-219052
219055
-219070
219082
-219097
219100
-219237
219240
-219255
219267
-219282
219285
-219422
219425
-219440
219452
-219467
219470
-219607
219610
-219625
219637
-219652
219655
-219792
219795
-219810
219822
-219837
219840
-219977
219980
-219995
220007
-220022
220025
-220162
220165
-220180
220192
-220207
220210
-220347
220350
-220365
220369
220372
220375
220377
220378
-220392
220395
-220532
220535
-220577
220580
-220717
220720
-220739
-220742
-220745
-220748
-220762
220765
-220902
220905
-220920
220932
-220947
220950
-221087
221090
-221105
221117
-221132
221135
-221272
221275
-221290
221302
-221317
221320
-221457
221460
-221475
221487
-221502
221505
-221642
221645
-221660
221672
-221687
221690
-221827
221830
-221845
221849
221852
221855
221857
221858
-221872
221875
-222012
222015
-222057
222060
-222197
222200
-222242
222245
-222382
222385
-222389
-222427
-222428
222430
-222567
222571
222573
222574
-222609
222613
222615
222616
-228984
-228987
-228990
-229023
-229026
-229029
-229165
229172
229174
229175
-229204
229208
229211
229213
-229350
229353
-229395
229398
-229535
229538
-229580
229583
-229720
229723
-229765
229768
-229905
229908
-229950
229953
-230090
230093
-230135
230138
-230275
230278
-230320
230323
-230460
230463
-230505
230508
-230645
230648
-230667
-230670
-230673
-230676
-230690
230693
-230830
230833
-230848
230860
-230875
230878
-231015
231018
-231033
231045
-231060
231063
-231200
231203
-231218
231230
-231245
231248
-231385
231388
-231403
231415
-231430
231433
-231570
231573
-231588
231600
-231615
231618
-231755
231758
-231773
231785
-231800
231803
-231940
231943
-231958
231970
-231985
231988
-232125
232128
-232143
232155
-232170
232173
-232310
232313
-232328
232340
-232355
232358
-232495
232498
-232513
232525
-232540
232543
-232680
232683
-232698
232710
-232725
232728
-232865
232868
-232883
232895
-232910
232913
-233050
233053
-233068
233080
-233095
233098
-233235
233238
-233253
233265
-233280
233283
-233420
233423
-233438
233450
-233465
233468
-233605
233608
-233623
233635
-233650
233653
-233790
233793
-233808
233812
233815
233818
233820
233821
-233835
233838
-233975
233978
-234020
234023
-234160
234163
-234182
-234185
-234188
-234191
-234205
234208
-234345
234348
-234363
234375
-234390
234393
-234530
234533
-234548
234560
-234575
234578
-234715
234718
-234733
234745
-234760
234763
-234900
234903
-234918
234930
-234945
234948
-235085
235088
-235103
235115
-235130
235133
-235270
235273
-235288
235292
235295
235298
235300
235301
-235315
235318
-235455
235458
-235500
235503
-235640
235643
-235685
235688
-235825
235828
-235832
-235870
-235871
235873
-236010
236014
236016
236017
-236052
236056
236058
236059
-242427
-242430
-242433
-242466
-242469
-242472
-242608
242615
242617
242618
-242647
242651
242654
242656
-242793
242796
-242838
242841
-242978
242981
-243023
243026
-243163
243166
-243208
243211
-243348
243351
-243393
243396
-243533
243536
-243578
243581
-243718
243721
-243763
243766
-243903
243906
-243948
243951
-244088
244091
-244110
-244113
-244116
-244119
-244133
244136
-244273
244276
-244291
244303
-244318
244321
-244458
244461
-244476
244488
-244503
244506
-244643
244646
-244661
244673
-244688
244691
-244828
244831
-244846
244858
-244873
244876
-245013
245016
-245031
245043
-245058
245061
-245198
245201
-245216
245228
-245243
245246
-245383
245386
-245401
245413
-245428
245431
-245568
245571
-245586
245598
-245613
245616
-245753
245756
-245771
245783
-245798
245801
-245938
245941
-245956
245968
-245983
245986
-246123
246126
-246141
246153
-246168
246171
-246308
246311
-246326
246338
-246353
246356
-246493
246496
-246511
246523
-246538
246541
-246678
246681
-246696
246708
-246723
246726
-246863
246866
-246881
246893
-246908
246911
-247048
247051
-247066
247078
-247093
247096
-247233
247236
-247251
247255
247258
247261
247263
247264
-247278
247281
-247418
247421
-247463
247466
-247603
247606
-247625
-247628
-247631
-247634
-247648
247651
-247788
247791
-247806
247818
-247833
247836
-247973
247976
-247991
248003
-248018
248021
-248158
248161
-248176
248188
-248203
248206
-248343
248346
-248361
248373
-248388
248391
-248528
248531
-248546
248558
-248573
248576
-248713
248716
-248731
248735
248738
248741
248743
248744
-248758
248761
-248898
248901
-248943
248946
-249083
249086
-249128
249131
-249268
249271
-249275
-249313
-249314
249316
-249453
249457
249459
249460
-249495
249499
249501
249502
-255870
-255873
-255876
-255909
-255912
-255915
-256051
256058
256060
256061
-256090
256094
256097
256099
-256236
256239
-256281
256284
-256421
256424
-256466
256469
-256606
256609
-256651
256654
-256791
256794
-256836
256839
-256976
256979
-257021
257024
-257161
257164
-257206
257209
-257346
257349
-257391
257394
-257531
257534
-257553
-257556
-257559
-257562
-257576
257579
-257716
257719
-257734
257746
-257761
257764
-257901
257904
-257919
257931
-257946
257949
-258086
258089
-258104
258116
-258131
258134
-258271
258274
-258289
258301
-258316
258319
-258456
258459
-258474
258486
-258501
258504
-258641
258644
-258659
258671
-258686
258689
-258826
258829
-258844
258856
-258871
258874
-259011
259014
-259029
259041
-259056
259059
-259196
259199
-259214
259226
-259241
259244
-259381
259384
-259399
259411
-259426
259429
-259566
259569
-259584
259596
-259611
259614
-259751
259754
-259769
259781
-259796
259799
-259936
259939
-259954
259966
-259981
259984
-260121
260124
-260139
260151
-260166
260169
-260306
260309
-260324
260336
-260351
260354
-260491
260494
-260509
260521
-260536
260539
-260676
260679
-260694
260698
260701
260704
260706
260707
-260721
260724
-260861
260864
-260906
260909
-261046
261049
-261068
-261071
-261074
-261077
-261091
261094
-261231
261234
-261249
261261
-261276
261279
-261416
261419
-261434
261446
-261461
261464
-261601
261604
-261619
261631
-261646
261649
-261786
261789
-261804
261816
-261831
261834
-261971
261974
-261989
262001
-262016
262019
-262156
262159
-262174
262178
262181
262184
262186
262187
-262201
262204
-262341
262344
-262386
262389
-262526
262529
-262571
262574
-262711
262714
-262718
-262756
-262757
262759
-262896
262900
262902
262903
-262938
262942
262944
262945
-269313
-269316
-269319
-269352
-269355
-269358
-269494
269501
269503
269504
-269533
269537
269540
269542
-269679
269682
-269724
269727
-269864
269867
-269909
269912
-270049
270052
-270094
270097
-270234
270237
-270279
270282
-270419
270422
-270464
270467
-270604
270607
-270649
270652
-270789
270792
-270834
270837
-270974
270977
-270996
-270999
-271002
-271005
-271019
271022
-271159
271162
-271177
271189
-271204
271207
-271344
271347
-271362
271374
-271389
271392
-271529
271532
-271547
271559
-271574
271577
-271714
271717
-271732
271744
-271759
271762
-271899
271902
-271917
271929
-271944
271947
-272084
272087
-272102
272114
-272129
272132
-272269
272272
-272287
272299
-272314
272317
-272454
272457
-272472
272484
-272499
272502
-272639
272642
-272657
272669
-272684
272687
-272824
272827
-272842
272854
-272869
272872
-273009
273012
-273027
273039
-273054
273057
-273194
273197
-273212
273224
-273239
273242
-273379
273382
-273397
273409
-273424
273427
-273564
273567
-273582
273594
-273609
273612
-273749
273752
-273767
273779
-273794
273797
-273934
273937
-273952
273964
-273979
273982
-274119
274122
-274137
274141
274144
274147
274149
274150
-274164
274167
-274304
274307
-274349
274352
-274489
274492
-274511
-274514
-274517
-274520
-274534
274537
-274674
274677
-274692
274704
-274719
274722
-274859
274862
-274877
274889
-274904
274907
-275044
275047
-275062
275074
-275089
275092
-275229
275232
-275247
275259
-275274
275277
-275414
275417
-275432
275444
-275459
275462
-275599
275602
-275617
275621
275624
275627
275629
275630
-275644
275647
-275784
275787
-275829
275832
-275969
275972
-276014
276017
-276154
276157
-276161
-276199
-276200
276202
-276339
276343
276345
276346
-276381
276385
276387
276388
-282756
-282759
-282762
-282795
-282798
-282801
-282937
282944
282946
282947
-282976
282980
282983
282985
-283122
283125
-283167
283170
-283307
283310
-283352
283355
-283492
283495
-283537
283540
-283677
283680
-283722
283725
-283862
283865
-283907
283910
-284047
284050
-284092
284095
-284232
284235
-284277
284280
-284417
284420
-284439
-284442
-284445
-284448
-284462
284465
-284602
284605
-284620
284632
-284647
284650
-284787
284790
-284805
284817
-284832
284835
-284972
284975
-284990
285002
-285017
285020
-285157
285160
-285175
285187
-285202
285205
-285342
285345
-285360
285372
-285387
285390
-285527
285530
-285545
285557
-285572
285575
-285712
285715
-285730
285742
-285757
285760
-285897
285900
-285915
285927
-285942
285945
-286082
286085
-286100
286112
-286127
286130
-286267
286270
-286285
286297
-286312
286315
-286452
286455
-286470
286482
-286497
286500
-286637
286640
-286655
286667
-286682
286685
-286822
286825
-286840
286852
-286867
286870
-287007
287010
-287025
287037
-287052
287055
-287192
287195
-287210
287222
-287237
287240
-287377
287380
-287395
287407
-287422
287425
-287562
287565
-287580
287584
287587
287590
287592
287593
-287607
287610
-287747
287750
-287792
287795
-287932
287935
-287954
-287957
-287960
-287963
-287977
287980
-288117
288120
-288135
288147
-288162
288165
-288302
288305
-288320
288332
-288347
288350
-288487
288490
-288505
288517
-288532
288535
-288672
288675
-288690
288702
-288717
288720
-288857
288860
-288875
288887
-288902
288905
-289042
289045
-289060
289064
289067
289070
289072
289073
-289087
289090
-289227
289230
-289272
289275
-289412
289415
-289457
289460
-289597
289600
-289604
-289642
-289643
289645
-289782
289786
289788
289789
-289824
289828
289830
289831
-296199
-296202
-296205
-296238
-296241
-296244
-296380
296387
296389
296390
-296419
296423
296426
296428
-296565
296568
-296610
296613
-296750
296753
-296795
296798
-296935
296938
-296980
296983
-297120
297123
-297165
297168
-297305
297308
-297350
297353
-297490
297493
-297535
297538
-297675
297678
-297720
297723
-297860
297863
-297882
-297885
-297888
-297891
-297905
297908
-298045
298048
-298063
298075
-298090
298093
-298230
298233
-298248
298260
-298275
298278
-298415
298418
-298433
298445
-298460
298463
-298600
298603
-298618
298630
-298645
298648
-298785
298788
-298803
298815
-298830
298833
-298970
298973
-298988
299000
-299015
299018
-299155
299158
-299173
299185
-299200
299203
-299340
299343
-299358
299370
-299385
299388
-299525
299528
-299543
299555
-299570
299573
-299710
299713
-299728
299740
-299755
299758
-299895
299898
-299913
299925
-299940
299943
-300080
300083
-300098
300110
-300125
300128
-300265
300268
-300283
300295
-300310
300313
-300450
300453
-300468
300480
-300495
300498
-300635
300638
-300653
300665
-300680
300683
-300820
300823
-300838
300850
-300865
300868
-301005
301008
-301023
301027
301030
301033
301035
301036
-301050
301053
-301190
301193
-301235
301238
-301375
301378
-301397
-301400
-301403
-301406
-301420
301423
-301560
301563
-301578
301590
-301605
301608
-301745
301748
-301763
301775
-301790
301793
-301930
301933
-301948
301960
-301975
301978
-302115
302118
-302133
302145
-302160
302163
-302300
302303
-302318
302330
-302345
302348
-302485
302488
-302503
302507
302510
302513
302515
302516
-302530
302533
-302670
302673
-302715
302718
-302855
302858
-302900
302903
-303040
303043
-303047
-303085
-303086
303088
-303225
303229
303231
303232
-303267
303271
303273
303274
-309642
-309645
-309648
-309681
-309684
-309687
-309823
309830
309832
309833
-309862
309866
309869
309871
-310008
310011
-310053
310056
-310193
310196
-310238
310241
-310378
310381
-310423
310426
-310563
310566
-310608
310611
-310748
310751
-310793
310796
-310933
310936
-310978
310981
-311118
311121
-311163
311166
-311303
311306
-311325
-311328
-311331
-311334
-311348
311351
-311488
311491
-311506
311518
-311533
311536
-311673
311676
-311691
311703
-311718
311721
-311858
311861
-311876
311888
-311903
311906
-312043
312046
-312061
312073
-312088
312091
-312228
312231
-312246
312258
-312273
312276
-312413
312416
-312431
312443
-312458
312461
-312598
312601
-312616
312628
-312643
312646
-312783
312786
-312801
312813
-312828
312831
-312968
312971
-312986
312998
-313013
313016
-313153
313156
-313171
313183
-313198
313201
-313338
313341
-313356
313368
-313383
313386
-313523
313526
-313541
313553
-313568
313571
-313708
313711
-313726
313738
-313753
313756
-313893
313896
-313911
313923
-313938
313941
-314078
314081
-314096
314108
-314123
314126
-314263
314266
-314281
314293
-314308
314311
-314448
314451
-314466
314470
314473
314476
314478
314479
-314493
314496
-314633
314636
-314678
314681
-314818
314821
-314840
-314843
-314846
-314849
-314863
314866
-315003
315006
-315021
315033
-315048
315051
-315188
315191
-315206
315218
-315233
315236
-315373
315376
-315391
315403
-315418
315421
-315558
315561
-315576
315588
-315603
315606
-315743
315746
-315761
315773
-315788
315791
-315928
315931
-315946
315950
315953
315956
315958
315959
-315973
315976
-316113
316116
-316158
316161
-316298
316301
-316343
316346
-316483
316486
-316490
-316528
-316529
316531
-316668
316672
316674
316675
-316710
316714
316716
316717
-323085
-323088
-323091
-323124
-323127
-323130
-323266
323273
323275
323276
-323305
323309
323312
323314
-323451
323454
-323496
323499
-323636
323639
-323681
323684
-323821
323824
-323866
323869
-324006
324009
-324051
324054
-324191
324194
-324236
324239
-324376
324379
-324421
324424
-324561
324564
-324606
324609
-324746
324749
-324768
-324771
-324774
-324777
-324791
324794
-324931
324934
-324949
324961
-324976
324979
-325116
325119
-325134
325146
-325161
325164
-325301
325304
-325319
325331
-325346
325349
-325486
325489
-325504
325516
-325531
325534
-325671
325674
-325689
325701
-325716
325719
-325856
325859
-325874
325886
-325901
325904
-326041
326044
-326059
326071
-326086
326089
-326226
326229
-326244
326256
-326271
326274
-326411
326414
-326429
326441
-326456
326459
-326596
326599
-326614
326626
-326641
326644
-326781
326784
-326799
326811
-326826
326829
-326966
326969
-326984
326996
-327011
327014
-327151
327154
-327169
327181
-327196
327199
-327336
327339
-327354
327366
-327381
327384
-327521
327524
-327539
327551
-327566
327569
-327706
327709
-327724
327736
-327751
327754
-327891
327894
-327909
327913
327916
327919
327921
327922
-327936
327939
-328076
328079
-328121
328124
-328261
328264
-328283
-328286
-328289
-328292
-328306
328309
-328446
328449
-328464
328469
328472
328475
328476
328478
-328491
328494
-328631
328634
-328649
328654
328657
328660
328661
328663
-328676
328679
-328816
328819
-328834
328839
328842
328845
328846
328848
-328861
328864
-329001
329004
-329019
329024
329027
329030
329031
329033
-329046
329049
-329186
329189
-329204
329209
329212
329215
329216
329218
-329231
329234
-329371
329374
-329389
329393
329394
329396
329397
329399
329400
329401
329402
329403
-329416
329419
-329556
329559
-329601
329604
-329741
329744
-329786
329789
-329926
329929
-329933
-329971
-329972
329974
-330111
330115
330117
330118
-330153
330157
330159
330160
-336528
-336531
-336534
-336567
-336570
-336573
-336709
336716
336718
336719
-336748
336752
336755
336757
-336894
336897
-336939
336942
-337079
337082
-337124
337127
-337264
337267
-337309
337312
-337449
337452
-337494
337497
-337634
337637
-337679
337682
-337819
337822
-337864
337867
-338004
338007
-338049
338052
-338189
338192
-338211
-338214
-338217
-338220
-338234
338237
-338374
338377
-338392
338404
-338419
338422
-338559
338562
-338577
338589
-338604
338607
-338744
338747
-338762
338774
-338789
338792
-338929
338932
-338947
338959
-338974
338977
-339114
339117
-339132
339144
-339159
339162
-339299
339302
-339317
339329
-339344
339347
-339484
339487
-339502
339514
-339529
339532
-339669
339672
-339687
339699
-339714
339717
-339854
339857
-339872
339884
-339899
339902
-340039
340042
-340057
340069
-340084
340087
-340224
340227
-340242
340254
-340269
340272
-340409
340412
-340427
340439
-340454
340457
-340594
340597
-340612
340624
-340639
340642
-340779
340782
-340797
340809
-340824
340827
-340964
340967
-340982
340994
-341009
341012
-341149
341152
-341167
341179
-341194
341197
-341334
341337
-341352
341356
341359
341362
341364
341365
-341379
341382
-341519
341522
-341564
341567
-341704
341707
-341749
341752
-341889
341892
-341909
-341912
-341915
-341918
-341921
-341924
-341934
341937
-342074
342077
-342094
-342097
-342100
-342103
-342106
-342109
-342119
342122
-342259
342262
-342279
-342282
-342285
-342288
-342291
-342294
-342304
342307
-342444
342447
-342464
-342467
-342470
-342473
-342476
-342479
-342489
342492
-342629
342632
-342649
-342652
-342655
-342658
-342661
-342664
-342674
342677
-342814
342817
-342834
-342837
-342840
-342843
-342846
-342849
-342859
342862
-342999
343002
-343019
-343022
-343025
-343028
-343031
-343034
-343044
343047
-343184
343187
-343229
343232
-343369
343372
-343376
-343414
-343415
343417
-343554
343558
343560
343561
-343596
343600
343602
343603
-349971
-349974
-349977
-350010
-350013
-350016
-350152
350159
350161
350162
-350191
350195
350198
350200
-350337
350340
-350382
350385
-350522
350525
-350567
350570
-350707
350710
-350752
350755
-350892
350895
-350937
350940
-351077
351080
-351122
351125
-351262
351265
-351307
351310
-351447
351450
-351492
351495
-351632
351635
-351654
-351657
-351660
-351663
-351677
351680
-351817
351820
-351835
351847
-351862
351865
-352002
352005
-352020
352032
-352047
352050
-352187
352190
-352205
352217
-352232
352235
-352372
352375
-352390
352402
-352417
352420
-352557
352560
-352575
352587
-352602
352605
-352742
352745
-352760
352772
-352787
352790
-352927
352930
-352945
352957
-352972
352975
-353112
353115
-353130
353142
-353157
353160
-353297
353300
-353315
353327
-353342
353345
-353482
353485
-353500
353512
-353527
353530
-353667
353670
-353685
353697
-353712
353715
-353852
353855
-353870
353882
-353897
353900
-354037
354040
-354055
354067
-354082
354085
-354222
354225
-354240
354252
-354267
354270
-354407
354410
-354425
354437
-354452
354455
-354592
354595
-354610
354622
-354637
354640
-354777
354780
-354795
354799
354802
354805
354807
354808
-354822
354825
-354962
354965
-355007
355010
-355147
355150
-355166
-355169
-355172
-355175
-355178
-355181
-355192
355195
-355332
355335
-355347
355365
-355377
355380
-355517
355520
-355532
355550
-355562
355565
-355702
355705
-355717
355735
-355747
355750
-355887
355890
-355902
355920
-355932
355935
-356072
356075
-356087
356105
-356117
356120
-356257
356260
-356272
356290
-356302
356305
-356442
356445
-356457
356461
356464
356467
356470
356473
356475
356476
-356487
356490
-356627
356630
-356672
356675
-356812
356815
-356819
-356857
-356858
356860
-356997
357001
357003
357004
-357039
357043
357045
357046
-363414
-363417
-363420
-363453
-363456
-363459
-363595
363602
363604
363605
-363634
363638
363641
363643
-363780
363783
-363825
363828
-363965
363968
-364010
364013
-364150
364153
-364195
364198
-364335
364338
-364380
364383
-364520
364523
-364565
364568
-364705
364708
-364750
364753
-364890
364893
-364935
364938
-365075
365078
-365097
-365100
-365103
-365106
-365120
365123
-365260
365263
-365278
365290
-365305
365308
-365445
365448
-365463
365475
-365490
365493
-365630
365633
-365648
365660
-365675
365678
-365815
365818
-365833
365845
-365860
365863
-366000
366003
-366018
366030
-366045
366048
-366185
366188
-366203
366215
-366230
366233
-366370
366373
-366388
366400
-366415
366418
-366555
366558
-366573
366585
-366600
366603
-366740
366743
-366758
366770
-366785
366788
-366925
366928
-366943
366955
-366970
366973
-367110
367113
-367128
367140
-367155
367158
-367295
367298
-367313
367325
-367340
367343
-367480
367483
-367498
367510
-367525
367528
-367665
367668
-367683
367695
-367710
367713
-367850
367853
-367868
367880
-367895
367898
-368035
368038
-368053
368065
-368080
368083
-368220
368223
-368238
368242
368245
368248
368250
368251
-368265
368268
-368405
368408
-368450
368453
-368590
368593
-368609
-368612
-368615
-368618
-368621
-368624
-368635
368638
-368775
368778
-368790
368808
-368820
368823
-368960
368963
-368975
368993
-369005
369008
-369145
369148
-369160
369178
-369190
369193
-369330
369333
-369345
369363
-369375
369378
-369515
369518
-369530
369548
-369560
369563
-369700
369703
-369715
369733
-369745
369748
-369885
369888
-369900
369904
369907
369910
369913
369916
369918
369919
-369930
369933
-370070
370073
-370115
370118
-370255
370258
-370262
-370300
-370301
370303
-370440
370444
370446
370447
-370482
370486
370488
370489
-376857
-376860
-376863
-376896
-376899
-376902
-377038
377045
377047
377048
-377077
377081
377084
377086
-377223
377226
-377268
377271
-377408
377411
-377453
377456
-377593
377596
-377638
377641
-377778
377781
-377823
377826
-377963
377966
-378008
378011
-378148
378151
-378193
378196
-378333
378336
-378378
378381
-378518
378521
-378540
-378543
-378546
-378549
-378563
378566
-378703
378706
-378721
378733
-378748
378751
-378888
378891
-378906
378918
-378933
378936
-379073
379076
-379091
379103
-379118
379121
-379258
379261
-379276
379288
-379303
379306
-379443
379446
-379461
379473
-379488
379491
-379628
379631
-379646
379658
-379673
379676
-379813
379816
-379831
379843
-379858
379861
-379998
380001
-380016
380028
-380043
380046
-380183
380186
-380201
380213
-380228
380231
-380368
380371
-380386
380398
-380413
380416
-380553
380556
-380571
380583
-380598
380601
-380738
380741
-380756
380768
-380783
380786
-380923
380926
-380941
380953
-380968
380971
-381108
381111
-381126
381138
-381153
381156
-381293
381296
-381311
381323
-381338
381341
-381478
381481
-381496
381508
-381523
381526
-381663
381666
-381681
381685
381688
381691
381693
381694
-381708
381711
-381848
381851
-381893
381896
-382033
382036
-382052
-382055
-382058
-382061
-382064
-382067
-382078
382081
-382218
382221
-382233
382251
-382263
382266
-382403
382406
-382418
382436
-382448
382451
-382588
382591
-382603
382621
-382633
382636
-382773
382776
-382788
382806
-382818
382821
-382958
382961
-382973
382991
-383003
383006
-383143
383146
-383158
383176
-383188
383191
-383328
383331
-383343
383347
383350
383353
383356
383359
383361
383362
-383373
383376
-383513
383516
-383558
383561
-383698
383701
-383705
-383743
-383744
383746
-383883
383887
383889
383890
-383925
383929
383931
383932
-390300
-390303
-390306
-390339
-390342
-390345
-390481
390488
390490
390491
-390520
390524
390527
390529
-390666
390669
-390711
390714
-390851
390854
-390896
390899
-391036
391039
-391081
391084
-391221
391224
-391266
391269
-391406
391409
-391451
391454
-391591
391594
-391636
391639
-391776
391779
-391821
391824
-391961
391964
-391983
-391986
-391989
-391992
-392006
392009
-392146
392149
-392164
392176
-392191
392194
-392331
392334
-392349
392361
-392376
392379
-392516
392519
-392534
392546
-392561
392564
-392701
392704
-392719
392731
-392746
392749
-392886
392889
-392904
392916
-392931
392934
-393071
393074
-393089
393101
-393116
393119
-393256
393259
-393274
393286
-393301
393304
-393441
393444
-393459
393471
-393486
393489
-393626
393629
-393644
393656
-393671
393674
-393811
393814
-393829
393841
-393856
393859
-393996
393999
-394014
394026
-394041
394044
-394181
394184
-394199
394211
-394226
394229
-394366
394369
-394384
394396
-394411
394414
-394551
394554
-394569
394581
-394596
394599
-394736
394739
-394754
394766
-394781
394784
-394921
394924
-394939
394951
-394966
394969
-395106
395109
-395124
395128
395131
395134
395136
395137
-395151
395154
-395291
395294
-395336
395339
-395476
395479
-395495
-395498
-395501
-395504
-395507
-395510
-395521
395524
-395661
395664
-395676
395694
-395706
395709
-395846
395849
-395861
395879
-395891
395894
-396031
396034
-396046
396064
-396076
396079
-396216
396219
-396231
396249
-396261
396264
-396401
396404
-396416
396434
-396446
396449
-396586
396589
-396601
396619
-396631
396634
-396771
396774
-396786
396790
396793
396796
396799
396802
396804
396805
-396816
396819
-396956
396959
-397001
397004
-397141
397144
-397148
-397186
-397187
397189
-397326
397330
397332
397333
-397368
397372
397374
397375
-403743
-403746
-403749
-403782
-403785
-403788
-403924
403931
403933
403934
-403963
403967
403970
403972
-404109
404112
-404154
404157
-404294
404297
-404339
404342
-404479
404482
-404524
404527
-404664
404667
-404709
404712
-404849
404852
-404894
404897
-405034
405037
-405079
405082
-405219
405222
-405264
405267
-405404
405407
-405426
-405429
-405432
-405435
-405449
405452
-405589
405592
-405607
405619
-405634
405637
-405774
405777
-405792
405804
-405819
405822
-405959
405962
-405977
405989
-406004
406007
-406144
406147
-406162
406174
-406189
406192
-406329
406332
-406347
406359
-406374
406377
-406514
406517
-406532
406544
-406559
406562
-406699
406702
-406717
406729
-406744
406747
-406884
406887
-406902
406914
-406929
406932
-407069
407072
-407087
407099
-407114
407117
-407254
407257
-407272
407284
-407299
407302
-407439
407442
-407457
407469
-407484
407487
-407624
407627
-407642
407654
-407669
407672
-407809
407812
-407827
407839
-407854
407857
-407994
407997
-408012
408024
-408039
408042
-408179
408182
-408197
408209
-408224
408227
-408364
408367
-408382
408394
-408409
408412
-408549
408552
-408567
408571
408574
408577
408579
408580
-408594
408597
-408734
408737
-408779
408782
-408919
408922
-408938
-408941
-408944
-408947
-408950
-408953
-408964
408967
-409104
409107
-409119
409137
-409149
409152
-409289
409292
-409304
409322
-409334
409337
-409474
409477
-409489
409507
-409519
409522
-409659
409662
-409674
409692
-409704
409707
-409844
409847
-409859
409877
-409889
409892
-410029
410032
-410044
410062
-410074
410077
-410214
410217
-410229
410233
410236
410239
410242
410245
410247
410248
-410259
410262
-410399
410402
-410444
410447
-410584
410587
-410591
-410629
-410630
410632
-410769
410773
410775
410776
-410811
410815
410817
410818
-417186
-417189
-417192
-417225
-417228
-417231
-417367
417374
417376
417377
-417406
417410
417413
417415
-417552
417555
-417597
417600
-417737
417740
-417782
417785
-417922
417925
-417967
417970
-418107
418110
-418152
418155
-418292
418295
-418337
418340
-418477
418480
-418522
418525
-418662
418665
-418707
418710
-418847
418850
-418864
-418867
-418869
-418870
-418872
-418873
-418875
-418876
-418878
-418879
-418882
-418885
-418892
418895
-419032
419035
-419049
-419050
-419052
419062
-419067
-419070
-419077
419080
-419217
419220
-419234
-419235
-419237
419247
-419252
-419255
-419262
419265
-419402
419405
-419419
-419420
-419422
419432
-419437
-419440
-419447
419450
-419587
419590
-419604
-419605
-419607
419617
-419622
-419625
-419632
419635
-419772
419775
-419789
-419790
-419792
419802
-419807
-419810
-419817
419820
-419957
419960
-419974
-419975
-419977
419987
-419992
-419995
-420002
420005
-420142
420145
-420159
-420160
-420162
420172
-420177
-420180
-420187
420190
-420327
420330
-420344
-420345
-420347
420357
-420362
-420365
-420372
420375
-420512
420515
-420529
-420530
-420532
420542
-420547
-420550
-420557
420560
-420697
420700
-420714
-420715
-420717
420727
-420732
-420735
-420742
420745
-420882
420885
-420899
-420900
-420902
420912
-420917
-420920
-420927
420930
-421067
421070
-421084
-421085
-421087
421097
-421102
-421105
-421112
421115
-421252
421255
-421269
-421270
-421272
421282
-421287
-421290
-421297
421300
-421437
421440
-421454
-421455
-421457
421467
-421472
-421475
-421482
421485
-421622
421625
-421639
-421640
-421642
421652
-421657
-421660
-421667
421670
-421807
421810
-421824
-421825
-421827
421837
-421842
-421845
-421852
421855
-421992
421995
-422009
-422010
-422012
422014
422017
422020
422022
422023
-422027
-422030
-422037
422040
-422177
422180
-422194
-422197
-422200
-422203
-422206
-422209
-422212
-422215
-422222
422225
-422362
422365
-422381
-422384
-422387
-422390
-422393
-422396
-422407
422410
-422547
422550
-422562
422580
-422592
422595
-422732
422735
-422747
422765
-422777
422780
-422917
422920
-422932
422950
-422962
422965
-423102
423105
-423117
423135
-423147
423150
-423287
423290
-423302
423320
-423332
423335
-423472
423475
-423487
423505
-423517
423520
-423657
423660
-423672
423676
423679
423682
423685
423688
423690
423691
-423702
423705
-423842
423845
-423887
423890
-424027
424030
-424034
-424072
-424073
424075
-424212
424216
424218
424219
-424254
424258
424260
424261
-430629
-430632
-430635
-430668
-430671
-430674
-430810
430817
430819
430820
-430849
430853
430856
430858
-430995
430998
-431040
431043
-431180
431183
-431225
431228
-431365
431368
-431410
431413
-431550
431553
-431595
431598
-431735
431738
-431780
431783
-431920
431923
-431965
431968
-432105
432108
-432121
-432124
-432127
-432130
-432133
-432136
-432139
-432142
-432150
432153
-432290
432293
-432302
432326
-432335
432338
-432475
432478
-432487
432511
-432520
432523
-432660
432663
-432672
432696
-432705
432708
-432845
432848
-432857
432881
-432890
432893
-433030
433033
-433042
433066
-433075
433078
-433215
433218
-433227
433251
-433260
433263
-433400
433403
-433412
433436
-433445
433448
-433585
433588
-433597
433621
-433630
433633
-433770
433773
-433782
433806
-433815
433818
-433955
433958
-433967
433991
-434000
434003
-434140
434143
-434152
434176
-434185
434188
-434325
434328
-434337
434361
-434370
434373
-434510
434513
-434522
434546
-434555
434558
-434695
434698
-434707
434731
-434740
434743
-434880
434883
-434892
434916
-434925
434928
-435065
435068
-435077
435101
-435110
435113
-435250
435253
-435262
435286
-435295
435298
-435435
435438
-435447
435471
-435480
435483
-435620
435623
-435632
435636
435639
435642
435645
435648
435651
435654
435656
435657
-435665
435668
-435805
435808
-435824
-435827
-435830
-435833
-435836
-435839
-435850
435853
-435990
435993
-436005
436023
-436035
436038
-436175
436178
-436190
436208
-436220
436223
-436360
436363
-436375
436393
-436405
436408
-436545
436548
-436560
436578
-436590
436593
-436730
436733
-436745
436763
-436775
436778
-436915
436918
-436930
436948
-436960
436963
-437100
437103
-437115
437119
437122
437125
437128
437131
437133
437134
-437145
437148
-437285
437288
-437330
437333
-437470
437473
-437477
-437515
-437516
437518
-437655
437659
437661
437662
-437697
437701
437703
437704
-444072
-444075
-444078
-444111
-444114
-444117
-444253
444260
444262
444263
-444292
444296
444299
444301
-444438
444441
-444483
444486
-444623
444626
-444668
444671
-444808
444811
-444853
444856
-444993
444996
-445038
445041
-445178
445181
-445223
445226
-445363
445366
-445408
445411
-445548
445551
-445564
-445567
-445570
-445573
-445576
-445579
-445582
-445585
-445593
445596
-445733
445736
-445745
445769
-445778
445781
-445918
445921
-445930
445954
-445963
445966
-446103
446106
-446115
446139
-446148
446151
-446288
446291
-446300
446324
-446333
446336
-446473
446476
-446485
446509
-446518
446521
-446658
446661
-446670
446694
-446703
446706
-446843
446846
-446855
446879
-446888
446891
-447028
447031
-447040
447064
-447073
447076
-447213
447216
-447225
447249
-447258
447261
-447398
447401
-447410
447434
-447443
447446
-447583
447586
-447595
447619
-447628
447631
-447768
447771
-447780
447804
-447813
447816
-447953
447956
-447965
447989
-447998
448001
-448138
448141
-448150
448174
-448183
448186
-448323
448326
-448335
448359
-448368
448371
-448508
448511
-448520
448544
-448553
448556
-448693
448696
-448705
448729
-448738
448741
-448878
448881
-448890
448914
-448923
448926
-449063
449066
-449075
449079
449082
449085
449088
449091
449094
449097
449099
449100
-449108
449111
-449248
449251
-449267
-449270
-449273
-449276
-449279
-449282
-449293
449296
-449433
449436
-449448
449466
-449478
449481
-449618
449621
-449633
449651
-449663
449666
-449803
449806
-449818
449836
-449848
449851
-449988
449991
-450003
450021
-450033
450036
-450173
450176
-450188
450206
-450218
450221
-450358
450361
-450373
450391
-450403
450406
-450543
450546
-450558
450562
450565
450568
450571
450574
450576
450577
-450588
450591
-450728
450731
-450773
450776
-450913
450916
-450920
-450958
-450959
450961
-451098
451102
451104
451105
-451140
451144
451146
451147
-457515
-457518
-457521
-457554
-457557
-457560
-457696
457703
457705
457706
-457735
457739
457742
457744
-457881
457884
-457926
457929
-458066
458069
-458111
458114
-458251
458254
-458296
458299
-458436
458439
-458481
458484
-458621
458624
-458666
458669
-458806
458809
-458851
458854
-458991
458994
-459007
-459010
-459013
-459016
-459019
-459022
-459025
-459028
-459036
459039
-459176
459179
-459188
459212
-459221
459224
-459361
459364
-459373
459397
-459406
459409
-459546
459549
-459558
459582
-459591
459594
-459731
459734
-459743
459767
-459776
459779
-459916
459919
-459928
459952
-459961
459964
-460101
460104
-460113
460137
-460146
460149
-460286
460289
-460298
460322
-460331
460334
-460471
460474
-460483
460507
-460516
460519
-460656
460659
-460668
460692
-460701
460704
-460841
460844
-460853
460877
-460886
460889
-461026
461029
-461038
461062
-461071
461074
-461211
461214
-461223
461247
-461256
461259
-461396
461399
-461408
461432
-461441
461444
-461581
461584
-461593
461617
-461626
461629
-461766
461769
-461778
461802
-461811
461814
-461951
461954
-461963
461987
-461996
461999
-462136
462139
-462148
462172
-462181
462184
-462321
462324
-462333
462357
-462366
462369
-462506
462509
-462518
462522
462525
462528
462531
462534
462537
462540
462542
462543
-462551
462554
-462691
462694
-462710
-462713
-462716
-462719
-462722
-462725
-462736
462739
-462876
462879
-462891
462909
-462921
462924
-463061
463064
-463076
463094
-463106
463109
-463246
463249
-463261
463279
-463291
463294
-463431
463434
-463446
463464
-463476
463479
-463616
463619
-463631
463649
-463661
463664
-463801
463804
-463816
463834
-463846
463849
-463986
463989
-464001
464005
464008
464011
464014
464017
464019
464020
-464031
464034
-464171
464174
-464216
464219
-464356
464359
-464363
-464401
-464402
464404
-464541
464545
464547
464548
-464583
464587
464589
464590
-470958
-470961
-470964
-470997
-471000
-471003
-471139
471146
471148
471149
-471178
471182
471185
471187
-471324
471327
-471369
471372
-471509
471512
-471554
471557
-471694
471697
-471739
471742
-471879
471882
-471924
471927
-472064
472067
-472109
472112
-472249
472252
-472294
472297
-472434
472437
-472450
-472453
-472456
-472459
-472462
-472465
-472468
-472471
-472479
472482
-472619
472622
-472631
472655
-472664
472667
-472804
472807
-472816
472840
-472849
472852
-472989
472992
-473001
473025
-473034
473037
-473174
473177
-473186
473210
-473219
473222
-473359
473362
-473371
473395
-473404
473407
-473544
473547
-473556
473580
-473589
473592
-473729
473732
-473741
473765
-473774
473777
-473914
473917
-473926
473950
-473959
473962
-474099
474102
-474111
474135
-474144
474147
-474284
474287
-474296
474320
-474329
474332
-474469
474472
-474481
474505
-474514
474517
-474654
474657
-474666
474690
-474699
474702
-474839
474842
-474851
474875
-474884
474887
-475024
475027
-475036
475060
-475069
475072
-475209
475212
-475221
475245
-475254
475257
-475394
475397
-475406
475430
-475439
475442
-475579
475582
-475591
475615
-475624
475627
-475764
475767
-475776
475800
-475809
475812
-475949
475952
-475961
475965
475968
475971
475974
475977
475980
475983
475985
475986
-475994
475997
-476134
476137
-476153
-476156
-476159
-476162
-476165
-476168
-476179
476182
-476319
476322
-476334
476352
-476364
476367
-476504
476507
-476519
476537
-476549
476552
-476689
476692
-476704
476722
-476734
476737
-476874
476877
-476889
476907
-476919
476922
-477059
477062
-477074
477092
-477104
477107
-477244
477247
-477259
477277
-477289
477292
-477429
477432
-477444
477448
477451
477454
477457
477460
477462
477463
-477474
477477
-477614
477617
-477659
477662
-477799
477802
-477806
-477844
-477845
477847
-477984
477988
477990
477991
-478026
478030
478032
478033
-484401
-484404
-484407
-484440
-484443
-484446
-484582
484589
484591
484592
-484621
484625
484628
484630
-484767
484770
-484812
484815
-484952
484955
-484997
485000
-485137
485140
-485182
485185
-485322
485325
-485367
485370
-485507
485510
-485552
485555
-485692
485695
-485737
485740
-485877
485880
-485893
-485896
-485899
-485902
-485905
-485908
-485911
-485914
-485922
485925
-486062
486065
-486074
486098
-486107
486110
-486247
486250
-486259
486283
-486292
486295
-486432
486435
-486444
486468
-486477
486480
-486617
486620
-486629
486653
-486662
486665
-486802
486805
-486814
486838
-486847
486850
-486987
486990
-486999
487023
-487032
487035
-487172
487175
-487184
487208
-487217
487220
-487357
487360
-487369
487393
-487402
487405
-487542
487545
-487554
487578
-487587
487590
-487727
487730
-487739
487763
-487772
487775
-487912
487915
-487924
487948
-487957
487960
-488097
488100
-488109
488133
-488142
488145
-488282
488285
-488294
488318
-488327
488330
-488467
488470
-488479
488503
-488512
488515
-488652
488655
-488664
488688
-488697
488700
-488837
488840
-488849
488873
-488882
488885
-489022
489025
-489034
489058
-489067
489070
-489207
489210
-489219
489243
-489252
489255
-489392
489395
-489404
489408
489411
489414
489417
489420
489423
489426
489428
489429
-489437
489440
-489577
489580
-489596
-489599
-489602
-489605
-489608
-489611
-489622
489625
-489762
489765
-489777
489795
-489807
489810
-489947
489950
-489962
489980
-489992
489995
-490132
490135
-490147
490165
-490177
490180
-490317
490320
-490332
490350
-490362
490365
-490502
490505
-490517
490535
-490547
490550
-490687
490690
-490702
490720
-490732
490735
-490872
490875
-490887
490891
490894
490897
490900
490903
490905
490906
-490917
490920
-491057
491060
-491102
491105
-491242
491245
-491249
-491287
-491288
491290
-491427
491431
491433
491434
-491469
491473
491475
491476
-497844
-497847
-497850
-497883
-497886
-497889
-498025
498032
498034
498035
-498064
498068
498071
498073
-498210
498213
-498255
498258
-498395
498398
-498440
498443
-498580
498583
-498625
498628
-498765
498768
-498810
498813
-498950
498953
-498995
498998
-499135
499138
-499180
499183
-499320
499323
-499336
-499339
-499342
-499345
-499348
-499351
-499354
-499357
-499365
499368
-499505
499508
-499517
499541
-499550
499553
-499690
499693
-499702
499726
-499735
499738
-499875
499878
-499887
499911
-499920
499923
-500060
500063
-500072
500096
-500105
500108
-500245
500248
-500257
500281
-500290
500293
-500430
500433
-500442
500466
-500475
500478
-500615
500618
-500627
500651
-500660
500663
-500800
500803
-500812
500836
-500845
500848
-500985
500988
-500997
501021
-501030
501033
-501170
501173
-501182
501206
-501215
501218
-501355
501358
-501367
501391
-501400
501403
-501540
501543
-501552
501576
-501585
501588
-501725
501728
-501737
501761
-501770
501773
-501910
501913
-501922
501946
-501955
501958
-502095
502098
-502107
502131
-502140
502143
-502280
502283
-502292
502316
-502325
502328
-502465
502468
-502477
502501
-502510
502513
-502650
502653
-502662
502686
-502695
502698
-502835
502838
-502847
502851
502854
502857
502860
502863
502866
502869
502871
502872
-502880
502883
-503020
503023
-503039
-503042
-503045
-503048
-503051
-503054
-503065
503068
-503205
503208
-503220
503238
-503250
503253
-503390
503393
-503405
503423
-503435
503438
-503575
503578
-503590
503608
-503620
503623
-503760
503763
-503775
503793
-503805
503808
-503945
503948
-503960
503978
-503990
503993
-504130
504133
-504145
504163
-504175
504178
-504315
504318
-504330
504334
504337
504340
504343
504346
504348
504349
-504360
504363
-504500
504503
-504545
504548
-504685
504688
-504692
-504730
-504731
504733
-504870
504874
504876
504877
-504912
504916
504918
504919
-511287
-511290
-511293
-511326
-511329
-511332
-511468
511475
511477
511478
-511507
511511
511514
511516
-511653
511656
-511698
511701
-511838
511841
-511883
511886
-512023
512026
-512068
512071
-512208
512211
-512253
512256
-512393
512396
-512438
512441
-512578
512581
-512623
512626
-512763
512766
-512779
-512782
-512785
-512788
-512791
-512794
-512797
-512800
-512808
512811
-512948
512951
-512960
512984
-512993
512996
-513133
513136
-513145
513169
-513178
513181
-513318
513321
-513330
513354
-513363
513366
-513503
513506
-513515
513539
-513548
513551
-513688
513691
-513700
513724
-513733
513736
-513873
513876
-513885
513909
-513918
513921
-514058
514061
-514070
514094
-514103
514106
-514243
514246
-514255
514279
-514288
514291
-514428
514431
-514440
514464
-514473
514476
-514613
514616
-514625
514649
-514658
514661
-514798
514801
-514810
514834
-514843
514846
-514983
514986
-514995
515019
-515028
515031
-515168
515171
-515180
515204
-515213
515216
-515353
515356
-515365
515389
-515398
515401
-515538
515541
-515550
515574
-515583
515586
-515723
515726
-515735
515759
-515768
515771
-515908
515911
-515920
515944
-515953
515956
-516093
516096
-516105
516129
-516138
516141
-516278
516281
-516290
516294
516297
516300
516303
516306
516309
516312
516314
516315
-516323
516326
-516463
516466
-516482
-516485
-516488
-516491
-516494
-516497
-516508
516511
-516648
516651
-516663
516681
-516693
516696
-516833
516836
-516848
516866
-516878
516881
-517018
517021
-517033
517051
-517063
517066
-517203
517206
-517218
517236
-517248
517251
-517388
517391
-517403
517421
-517433
517436
-517573
517576
-517588
517606
-517618
517621
-517758
517761
-517773
517777
517780
517783
517786
517789
517791
517792
-517803
517806
-517943
517946
-517988
517991
-518128
518131
-518135
-518173
-518174
518176
-518313
518317
518319
518320
-518355
518359
518361
518362
-524730
-524733
-524736
-524769
-524772
-524775
-524911
524918
524920
524921
-524950
524954
524957
524959
-525096
525099
-525141
525144
-525281
525284
-525326
525329
-525466
525469
-525511
525514
-525651
525654
-525696
525699
-525836
525839
-525881
525884
-526021
526024
-526066
526069
-526206
526209
-526222
-526225
-526228
-526231
-526234
-526237
-526240
-526243
-526251
526254
-526391
526394
-526403
526427
-526436
526439
-526576
526579
-526588
526612
-526621
526624
-526761
526764
-526773
526797
-526806
526809
-526946
526949
-526958
526982
-526991
526994
-527131
527134
-527143
527167
-527176
527179
-527316
527319
-527328
527352
-527361
527364
-527501
527504
-527513
527537
-527546
527549
-527686
527689
-527698
527722
-527731
527734
-527871
527874
-527883
527907
-527916
527919
-528056
528059
-528068
528092
-528101
528104
-528241
528244
-528253
528277
-528286
528289
-528426
528429
-528438
528462
-528471
528474
-528611
528614
-528623
528647
-528656
528659
-528796
528799
-528808
528832
-528841
528844
-528981
528984
-528993
529017
-529026
529029
-529166
529169
-529178
529202
-529211
529214
-529351
529354
-529363
529387
-529396
529399
-529536
529539
-529548
529572
-529581
529584
-529721
529724
-529733
529737
529740
529743
529746
529749
529752
529755
529757
529758
-529766
529769
-529906
529909
-529925
-529928
-529931
-529934
-529937
-529940
-529951
529954
-530091
530094
-530106
530124
-530136
530139
-530276
530279
-530291
530309
-530321
530324
-530461
530464
-530476
530494
-530506
530509
-530646
530649
-530661
530679
-530691
530694
-530831
530834
-530846
530864
-530876
530879
-531016
531019
-531031
531049
-531061
531064
-531201
531204
-531216
531220
531223
531226
531229
531232
531234
531235
-531246
531249
-531386
531389
-531431
531434
-531571
531574
-531578
-531616
-531617
531619
-531756
531760
531762
531763
-531798
531802
531804
531805
-538173
-538176
-538179
-538212
-538215
-538218
-538354
538361
538363
538364
-538393
538397
538400
538402
-538539
538542
-538584
538587
-538724
538727
-538769
538772
-538909
538912
-538954
538957
-539094
539097
-539139
539142
-539279
539282
-539324
539327
-539464
539467
-539509
539512
-539649
539652
-539665
-539668
-539671
-539674
-539677
-539680
-539683
-539686
-539694
539697
-539834
539837
-539846
539870
-539879
539882
-540019
540022
-540031
540055
-540064
540067
-540204
540207
-540216
540240
-540249
540252
-540389
540392
-540401
540425
-540434
540437
-540574
540577
-540586
540610
-540619
540622
-540759
540762
-540771
540795
-540804
540807
-540944
540947
-540956
540980
-540989
540992
-541129
541132
-541141
541165
-541174
541177
-541314
541317
-541326
541350
-541359
541362
-541499
541502
-541511
541535
-541544
541547
-541684
541687
-541696
541720
-541729
541732
-541869
541872
-541881
541905
-541914
541917
-542054
542057
-542066
542090
-542099
542102
-542239
542242
-542251
542275
-542284
542287
-542424
542427
-542436
542460
-542469
542472
-542609
542612
-542621
542645
-542654
542657
-542794
542797
-542806
542830
-542839
542842
-542979
542982
-542991
543015
-543024
543027
-543164
543167
-543176
543180
543183
543186
543189
543192
543195
543198
543200
543201
-543209
543212
-543349
543352
-543368
-543371
-543374
-543377
-543380
-543383
-543394
543397
-543534
543537
-543549
543567
-543579
543582
-543719
543722
-543734
543752
-543764
543767
-543904
543907
-543919
543937
-543949
543952
-544089
544092
-544104
544122
-544134
544137
-544274
544277
-544289
544307
-544319
544322
-544459
544462
-544474
544492
-544504
544507
-544644
544647
-544659
544663
544666
544669
544672
544675
544677
544678
-544689
544692
-544829
544832
-544874
544877
-545014
545017
-545021
-545059
-545060
545062
-545199
545203
545205
545206
-545241
545245
545247
545248
-551616
-551619
-551622
-551655
-551658
-551661
-551797
551804
551806
551807
-551836
551840
551843
551845
-551982
551985
-552027
552030
-552167
552170
-552212
552215
-552352
552355
-552397
552400
-552537
552540
-552582
552585
-552722
552725
-552767
552770
-552907
552910
-552952
552955
-553092
553095
-553108
-553111
-553114
-553117
-553120
-553123
-553126
-553129
-553137
553140
-553277
553280
-553289
553313
-553322
553325
-553462
553465
-553474
553498
-553507
553510
-553647
553650
-553659
553683
-553692
553695
-553832
553835
-553844
553868
-553877
553880
-554017
554020
-554029
554053
-554062
554065
-554202
554205
-554214
554238
-554247
554250
-554387
554390
-554399
554423
-554432
554435
-554572
554575
-554584
554608
-554617
554620
-554757
554760
-554769
554793
-554802
554805
-554942
554945
-554954
554978
-554987
554990
-555127
555130
-555139
555163
-555172
555175
-555312
555315
-555324
555348
-555357
555360
-555497
555500
-555509
555533
-555542
555545
-555682
555685
-555694
555718
-555727
555730
-555867
555870
-555879
555903
-555912
555915
-556052
556055
-556064
556088
-556097
556100
-556237
556240
-556249
556273
-556282
556285
-556422
556425
-556434
556458
-556467
556470
-556607
556610
-556619
556623
556626
556629
556632
556635
556638
556641
556643
556644
-556652
556655
-556792
556795
-556811
-556814
-556817
-556820
-556823
-556826
-556837
556840
-556977
556980
-556992
557010
-557022
557025
-557162
557165
-557177
557195
-557207
557210
-557347
557350
-557362
557380
-557392
557395
-557532
557535
-557547
557565
-557577
557580
-557717
557720
-557732
557750
-557762
557765
-557902
557905
-557917
557935
-557947
557950
-558087
558090
-558102
558106
558109
558112
558115
558118
558120
558121
-558132
558135
-558272
558275
-558317
558320
-558457
558460
-558464
-558502
-558503
558505
-558642
558646
558648
558649
-558684
558688
558690
558691
-565059
-565062
-565065
-565098
-565101
-565104
-565240
565247
565249
565250
-565279
565283
565286
565288
-565425
565428
-565470
565473
-565610
565613
-565655
565658
-565795
565798
-565840
565843
-565980
565983
-566025
566028
-566165
566168
-566210
566213
-566350
566353
-566395
566398
-566535
566538
-566551
-566554
-566557
-566560
-566563
-566566
-566569
-566572
-566580
566583
-566720
566723
-566732
566756
-566765
566768
-566905
566908
-566917
566941
-566950
566953
-567090
567093
-567102
567126
-567135
567138
-567275
567278
-567287
567311
-567320
567323
-567460
567463
-567472
567496
-567505
567508
-567645
567648
-567657
567681
-567690
567693
-567830
567833
-567842
567866
-567875
567878
-568015
568018
-568027
568051
-568060
568063
-568200
568203
-568212
568236
-568245
568248
-568385
568388
-568397
568421
-568430
568433
-568570
568573
-568582
568606
-568615
568618
-568755
568758
-568767
568791
-568800
568803
-568940
568943
-568952
568976
-568985
568988
-569125
569128
-569137
569161
-569170
569173
-569310
569313
-569322
569346
-569355
569358
-569495
569498
-569507
569531
-569540
569543
-569680
569683
-569692
569716
-569725
569728
-569865
569868
-569877
569901
-569910
569913
-570050
570053
-570062
570066
570069
570072
570075
570078
570081
570084
570086
570087
-570095
570098
-570235
570238
-570254
-570257
-570260
-570263
-570266
-570269
-570280
570283
-570420
570423
-570435
570453
-570465
570468
-570605
570608
-570620
570638
-570650
570653
-570790
570793
-570805
570823
-570835
570838
-570975
570978
-570990
571008
-571020
571023
-571160
571163
-571175
571193
-571205
571208
-571345
571348
-571360
571378
-571390
571393
-571530
571533
-571545
571549
571552
571555
571558
571561
571563
571564
-571575
571578
-571715
571718
-571760
571763
-571900
571903
-571907
-571945
-571946
571948
-572085
572089
572091
572092
-572127
572131
572133
572134
-578502
-578505
-578508
-578541
-578544
-578547
-578683
578690
578692
578693
-578722
578726
578729
578731
-578868
578871
-578913
578916
-579053
579056
-579098
579101
-579238
579241
-579283
579286
-579423
579426
-579468
579471
-579608
579611
-579653
579656
-579793
579796
-579838
579841
-579978
579981
-579994
-579997
-580000
-580003
-580006
-580009
-580012
-580015
-580023
580026
-580163
580166
-580175
580199
-580208
580211
-580348
580351
-580360
580384
-580393
580396
-580533
580536
-580545
580569
-580578
580581
-580718
580721
-580730
580754
-580763
580766
-580903
580906
-580915
580939
-580948
580951
-581088
581091
-581100
581124
-581133
581136
-581273
581276
-581285
581309
-581318
581321
-581458
581461
-581470
581494
-581503
581506
-581643
581646
-581655
581679
-581688
581691
-581828
581831
-581840
581864
-581873
581876
-582013
582016
-582025
582049
-582058
582061
-582198
582201
-582210
582234
-582243
582246
-582383
582386
-582395
582419
-582428
582431
-582568
582571
-582580
582604
-582613
582616
-582753
582756
-582765
582789
-582798
582801
-582938
582941
-582950
582974
-582983
582986
-583123
583126
-583135
583159
-583168
583171
-583308
583311
-583320
583344
-583353
583356
-583493
583496
-583505
583509
583512
583515
583518
583521
583524
583527
583529
583530
-583538
583541
-583678
583681
-583697
-583700
-583703
-583706
-583709
-583712
-583723
583726
-583863
583866
-583878
583896
-583908
583911
-584048
584051
-584063
584081
-584093
584096
-584233
584236
-584248
584266
-584278
584281
-584418
584421
-584433
584451
-584463
584466
-584603
584606
-584618
584636
-584648
584651
-584788
584791
-584803
584821
-584833
584836
-584973
584976
-584988
584992
584995
584998
585001
585004
585006
585007
-585018
585021
-585158
585161
-585203
585206
-585343
585346
-585350
-585388
-585389
585391
-585528
585532
585534
585535
-585570
585574
585576
585577
-591945
-591948
-591951
-591984
-591987
-591990
-592126
592133
592135
592136
-592165
592169
592172
592174
-592311
592314
-592356
592359
-592496
592499
-592541
592544
-592681
592684
-592726
592729
-592866
592869
-592911
592914
-593051
593054
-593096
593099
-593236
593239
-593281
593284
-593421
593424
-593437
-593440
-593443
-593446
-593449
-593452
-593455
-593458
-593466
593469
-593606
593609
-593618
593642
-593651
593654
-593791
593794
-593803
593827
-593836
593839
-593976
593979
-593988
594012
-594021
594024
-594161
594164
-594173
594197
-594206
594209
-594346
594349
-594358
594382
-594391
594394
-594531
594534
-594543
594567
-594576
594579
-594716
594719
-594728
594752
-594761
594764
-594901
594904
-594913
594937
-594946
594949
-595086
595089
-595098
595122
-595131
595134
-595271
595274
-595283
595307
-595316
595319
-595456
595459
-595468
595492
-595501
595504
-595641
595644
-595653
595677
-595686
595689
-595826
595829
-595838
595862
-595871
595874
-596011
596014
-596023
596047
-596056
596059
-596196
596199
-596208
596232
-596241
596244
-596381
596384
-596393
596417
-596426
596429
-596566
596569
-596578
596602
-596611
596614
-596751
596754
-596763
596787
-596796
596799
-596936
596939
-596948
596952
596955
596958
596961
596964
596967
596970
596972
596973
-596981
596984
-597121
597124
-597140
-597143
-597146
-597149
-597152
-597155
-597166
597169
-597306
597309
-597321
597339
-597351
597354
-597491
597494
-597506
597524
-597536
597539
-597676
597679
-597691
597709
-597721
597724
-597861
597864
-597876
597894
-597906
597909
-598046
598049
-598061
598079
-598091
598094
-598231
598234
-598246
598264
-598276
598279
-598416
598419
-598431
598435
598438
598441
598444
598447
598449
598450
-598461
598464
-598601
598604
-598646
598649
-598786
598789
-598793
-598831
-598832
598834
-598971
598975
598977
598978
-599013
599017
599019
599020
-605388
-605391
-605394
-605427
-605430
-605433
-605569
605576
605578
605579
-605608
605612
605615
605617
-605754
605757
-605799
605802
-605939
605942
-605984
605987
-606124
606127
-606169
606172
-606309
606312
-606354
606357
-606494
606497
-606539
606542
-606679
606682
-606724
606727
-606864
606867
-606880
-606883
-606886
-606889
-606892
-606895
-606898
-606901
-606909
606912
-607049
607052
-607061
607085
-607094
607097
-607234
607237
-607246
607270
-607279
607282
-607419
607422
-607431
607455
-607464
607467
-607604
607607
-607616
607640
-607649
607652
-607789
607792
-607801
607825
-607834
607837
-607974
607977
-607986
608010
-608019
608022
-608159
608162
-608171
608195
-608204
608207
-608344
608347
-608356
608380
-608389
608392
-608529
608532
-608541
608565
-608574
608577
-608714
608717
-608726
608750
-608759
608762
-608899
608902
-608911
608935
-608944
608947
-609084
609087
-609096
609120
-609129
609132
-609269
609272
-609281
609305
-609314
609317
-609454
609457
-609466
609490
-609499
609502
-609639
609642
-609651
609675
-609684
609687
-609824
609827
-609836
609860
-609869
609872
-610009
610012
-610021
610045
-610054
610057
-610194
610197
-610206
610230
-610239
610242
-610379
610382
-610391
610395
610398
610401
610404
610407
610410
610413
610415
610416
-610424
610427
-610564
610567
-610583
-610586
-610589
-610592
-610595
-610598
-610609
610612
-610749
610752
-610764
610782
-610794
610797
-610934
610937
-610949
610967
-610979
610982
-611119
611122
-611134
611152
-611164
611167
-611304
611307
-611319
611337
-611349
611352
-611489
611492
-611504
611522
-611534
611537
-611674
611677
-611689
611707
-611719
611722
-611859
611862
-611874
611878
611881
611884
611887
611890
611892
611893
-611904
611907
-612044
612047
-612089
612092
-612229
612232
-612236
-612274
-612275
612277
-612414
612418
612420
612421
-612456
612460
612462
612463
-618831
-618834
-618837
-618870
-618873
-618876
-619012
619019
619021
619022
-619051
619055
619058
619060
-619197
619200
-619242
619245
-619382
619385
-619427
619430
-619567
619570
-619612
619615
-619752
619755
-619797
619800
-619937
619940
-619982
619985
-620122
620125
-620167
620170
-620307
620310
-620323
-620326
-620329
-620332
-620335
-620338
-620341
-620344
-620352
620355
-620492
620495
-620504
620509
620512
620515
620518
620521
620524
620527
620528
620530
-620537
620540
-620677
620680
-620689
620694
620697
620700
620703
620706
620709
620712
620713
620715
-620722
620725
-620862
620865
-620874
620879
620882
620885
620888
620891
620894
620897
620898
620900
-620907
620910
-621047
621050
-621059
621064
621067
621070
621073
621076
621079
621082
621083
621085
-621092
621095
-621232
621235
-621244
621249
621252
621255
621258
621261
621264
621267
621268
621270
-621277
621280
-621417
621420
-621429
621434
621437
621440
621443
621446
621449
621452
621453
621455
-621462
621465
-621602
621605
-621614
621619
621622
621625
621628
621631
621634
621637
621638
621640
-621647
621650
-621787
621790
-621799
621804
621807
621810
621813
621816
621819
621822
621823
621825
-621832
621835
-621972
621975
-621984
621989
621992
621995
621998
622001
622004
622007
622008
622010
-622017
622020
-622157
622160
-622169
622174
622177
622180
622183
622186
622189
622192
622193
622195
-622202
622205
-622342
622345
-622354
622359
622362
622365
622368
622371
622374
622377
622378
622380
-622387
622390
-622527
622530
-622539
622544
622547
622550
622553
622556
622559
622562
622563
622565
-622572
622575
-622712
622715
-622724
622729
622732
622735
622738
622741
622744
622747
622748
622750
-622757
622760
-622897
622900
-622909
622914
622917
622920
622923
622926
622929
622932
622933
622935
-622942
622945
-623082
623085
-623094
623099
623102
623105
623108
623111
623114
623117
623118
623120
-623127
623130
-623267
623270
-623279
623284
623287
623290
623293
623296
623299
623302
623303
623305
-623312
623315
-623452
623455
-623464
623469
623472
623475
623478
623481
623484
623487
623488
623490
-623497
623500
-623637
623640
-623649
623654
623657
623660
623663
623666
623669
623672
623673
623675
-623682
623685
-623822
623825
-623834
623838
623839
623841
623842
623844
623845
623847
623848
623850
623851
623853
623854
623856
623857
623858
623859
623860
-623867
623870
-624007
624010
-624026
-624029
-624032
-624035
-624038
-624041
-624052
624055
-624192
624195
-624207
624212
624215
624218
624221
624224
624225
624227
-624237
624240
-624377
624380
-624392
624397
624400
624403
624406
624409
624410
624412
-624422
624425
-624562
624565
-624577
624582
624585
624588
624591
624594
624595
624597
-624607
624610
-624747
624750
-624762
624767
624770
624773
624776
624779
624780
624782
-624792
624795
-624932
624935
-624947
624952
624955
624958
624961
624964
624965
624967
-624977
624980
-625117
625120
-625132
625137
625140
625143
625146
625149
625150
625152
-625162
625165
-625302
625305
-625317
625321
625322
625324
625325
625327
625328
625330
625331
625333
625334
625335
625336
625337
-625347
625350
-625487
625490
-625532
625535
-625672
625675
-625679
-625717
-625718
625720
-625857
625861
625863
625864
-625899
625903
625905
625906
-632274
-632277
-632280
-632313
-632316
-632319
-632455
632462
632464
632465
-632494
632498
632501
632503
-632640
632643
-632685
632688
-632825
632828
-632870
632873
-633010
633013
-633055
633058
-633195
633198
-633240
633243
-633380
633383
-633425
633428
-633565
633568
-633610
633613
-633750
633753
-633795
633798
-633935
633938
-633980
633983
-634120
634123
-634165
634168
-634305
634308
-634350
634353
-634490
634493
-634535
634538
-634675
634678
-634720
634723
-634860
634863
-634905
634908
-635045
635048
-635090
635093
-635230
635233
-635275
635278
-635415
635418
-635460
635463
-635600
635603
-635645
635648
-635785
635788
-635830
635833
-635970
635973
-636015
636018
-636155
636158
-636200
636203
-636340
636343
-636385
636388
-636525
636528
-636570
636573
-636710
636713
-636755
636758
-636895
636898
-636940
636943
-637080
637083
-637125
637128
-637265
637268
-637310
637313
-637450
637453
-637495
637498
-637635
637638
-637680
637683
-637820
637823
-637865
637868
-638005
638008
-638050
638053
-638190
638193
-638235
638238
-638375
638378
-638420
638423
-638560
638563
-638605
638608
-638745
638748
-638790
638793
-638930
638933
-638975
638978
-639115
639118
-639122
-639160
-639161
639163
-639300
639304
639306
639307
-639342
639346
639348
639349
-645717
-645720
-645723
-645756
-645759
-645762
-645898
645905
645907
645908
-645912
-645915
-645918
-645921
-645924
-645927
-645930
-645933
-645936
-645937
-645939
645941
645944
645946
-646083
646086
-646128
646131
-646268
646271
-646313
646316
-646453
646456
-646498
646501
-646638
646641
-646683
646686
-646823
646826
-646868
646871
-647008
647011
-647053
647056
-647193
647196
-647238
647241
-647378
647381
-647423
647426
-647563
647566
-647608
647611
-647748
647751
-647793
647796
-647933
647936
-647978
647981
-648118
648121
-648163
648166
-648303
648306
-648348
648351
-648488
648491
-648533
648536
-648673
648676
-648718
648721
-648858
648861
-648903
648906
-649043
649046
-649088
649091
-649228
649231
-649273
649276
-649413
649416
-649458
649461
-649598
649601
-649643
649646
-649783
649786
-649828
649831
-649968
649971
-650013
650016
-650153
650156
-650198
650201
-650338
650341
-650383
650386
-650523
650526
-650568
650571
-650708
650711
-650753
650756
-650893
650896
-650938
650941
-651078
651081
-651123
651126
-651263
651266
-651308
651311
-651448
651451
-651493
651496
-651633
651636
-651678
651681
-651818
651821
-651863
651866
-652003
652006
-652048
652051
-652188
652191
-652233
652236
-652373
652376
-652418
652421
-652558
652561
-652565
-652603
-652604
652606
-652743
652747
652749
652750
-652754
-652757
-652760
-652763
-652766
-652769
-652772
-652775
-652778
-652781
-652784
-652785
-652787
652789
652791
652792
-659160
-659163
-659166
-659169
-659172
-659175
-659178
-659181
-659184
-659187
-659190
-659193
-659196
-659199
-659202
-659205
-659341
659348
659351
659354
659357
659360
659363
659366
659369
659372
659375
659378
659381
659384
659387
659389
-659526
659529
-659571
659574
-659711
659714
-659756
659759
-659896
659899
-659941
659944
-660081
660084
-660126
660129
-660266
660269
-660311
660314
-660451
660454
-660496
660499
-660636
660639
-660681
660684
-660821
660824
-660866
660869
-661006
661009
-661051
661054
-661191
661194
-661236
661239
-661376
661379
-661421
661424
-661561
661564
-661606
661609
-661746
661749
-661791
661794
-661931
661934
-661976
661979
-662116
662119
-662161
662164
-662301
662304
-662346
662349
-662486
662489
-662531
662534
-662671
662674
-662716
662719
-662856
662859
-662901
662904
-663041
663044
-663086
663089
-663226
663229
-663271
663274
-663411
663414
-663456
663459
-663596
663599
-663641
663644
-663781
663784
-663826
663829
-663966
663969
-664011
664014
-664151
664154
-664196
664199
-664336
664339
-664381
664384
-664521
664524
-664566
664569
-664706
664709
-664751
664754
-664891
664894
-664936
664939
-665076
665079
-665121
665124
-665261
665264
-665306
665309
-665446
665449
-665491
665494
-665631
665634
-665676
665679
-665816
665819
-665861
665864
-666001
666004
-666008
-666011
-666014
-666017
-666020
-666023
-666026
-666029
-666032
-666035
-666038
-666041
-666044
-666046
-666047
666049
-666186
666190
666193
666196
666199
666202
666205
666208
666211
666214
666217
666220
666223
666226
666229
666232
666234
666235
-672603
-672606
-672609
-672612
-672615
-672618
-672621
-672624
-672627
-672630
-672633
-672636
-672639
-672642
-672645
-672648
-672784
672791
672794
672797
672800
672803
672806
672809
672812
672815
672818
672821
672824
672827
672830
672832
-672969
672972
-673014
673017
-673154
673157
-673199
673202
-673339
673342
-673384
673387
-673524
673527
-673569
673572
-673709
673712
-673754
673757
-673894
673897
-673939
673942
-674079
674082
-674124
674127
-674264
674267
-674309
674312
-674449
674452
-674494
674497
-674634
674637
-674679
674682
-674819
674822
-674864
674867
-675004
675007
-675049
675052
-675189
675192
-675234
675237
-675374
675377
-675419
675422
-675559
675562
-675604
675607
-675744
675747
-675789
675792
-675929
675932
-675974
675977
-676114
676117
-676159
676162
-676299
676302
-676344
676347
-676484
676487
-676529
676532
-676669
676672
-676714
676717
-676854
676857
-676899
676902
-677039
677042
-677084
677087
-677224
677227
-677269
677272
-677409
677412
-677454
677457
-677594
677597
-677639
677642
-677779
677782
-677824
677827
-677964
677967
-678009
678012
-678149
678152
-678194
678197
-678334
678337
-678379
678382
-678519
678522
-678564
678567
-678704
678707
-678749
678752
-678889
678892
-678934
678937
-679074
679077
-679119
679122
-679259
679262
-679304
679307
-679444
679447
-679451
-679454
-679457
-679460
-679463
-679466
-679469
-679472
-679475
-679478
-679481
-679484
-679487
-679489
-679490
679492
-679629
679633
679636
679639
679642
679645
679648
679651
679654
679657
679660
679663
679666
679669
679672
679675
679677
679678
-686046
-686049
-686052
-686055
-686058
-686061
-686064
-686067
-686070
-686073
-686076
-686079
-686082
-686085
-686088
-686091
-686227
686234
686237
686240
686243
686246
686249
686252
686255
686258
686261
686264
686267
686270
686273
686275
-686412
686415
-686457
686460
-686597
686600
-686642
686645
-686782
686785
-686827
686830
-686967
686970
-687012
687015
-687152
687155
-687197
687200
-687337
687340
-687382
687385
-687522
687525
-687567
687570
-687707
687710
-687752
687755
-687892
687895
-687937
687940
-688077
688080
-688122
688125
-688262
688265
-688307
688310
-688447
688450
-688492
688495
-688632
688635
-688677
688680
-688817
688820
-688862
688865
-689002
689005
-689047
689050
-689187
689190
-689232
689235
-689372
689375
-689417
689420
-689557
689560
-689602
689605
-689742
689745
-689787
689790
-689927
689930
-689972
689975
-690112
690115
-690157
690160
-690297
690300
-690342
690345
-690482
690485
-690527
690530
-690667
690670
-690712
690715
-690852
690855
-690897
690900
-691037
691040
-691082
691085
-691222
691225
-691267
691270
-691407
691410
-691452
691455
-691592
691595
-691637
691640
-691777
691780
-691822
691825
-691962
691965
-692007
692010
-692147
692150
-692192
692195
-692332
692335
-692377
692380
-692517
692520
-692562
692565
-692702
692705
-692747
692750
-692887
692890
-692894
-692897
-692900
-692903
-692906
-692909
-692912
-692915
-692918
-692921
-692924
-692927
-692930
-692932
-692933
692935
-693072
693076
693079
693082
693085
693088
693091
693094
693097
693100
693103
693106
693109
693112
693115
693118
693120
693121
-699489
-699492
-699495
-699498
-699501
-699504
-699507
-699510
-699513
-699516
-699519
-699522
-699525
-699528
-699531
-699534
-699670
699677
699680
699683
699686
699689
699692
699695
699698
699701
699704
699707
699710
699713
699716
699718
-699855
699858
-699863
-699866
-699869
-699872
-699875
-699878
-699881
-699884
-699887
-699890
-699893
-699896
-699899
-699900
-699902
699903
-700040
700043
-700048
-700051
-700054
-700057
-700060
-700063
-700066
-700069
-700072
-700075
-700078
-700081
-700084
-700085
-700087
700088
-700225
700228
-700233
-700236
-700239
-700242
-700245
-700248
-700251
-700254
-700257
-700260
-700263
-700266
-700269
-700270
-700272
700273
-700410
700413
-700418
-700421
-700424
-700427
-700430
-700433
-700436
-700439
-700442
-700445
-700448
-700451
-700454
-700455
-700457
700458
-700595
700598
-700603
-700606
-700609
-700612
-700615
-700618
-700621
-700624
-700627
-700630
-700633
-700636
-700639
-700640
-700642
700643
-700780
700783
-700788
-700791
-700794
-700797
-700800
-700803
-700806
-700809
-700812
-700815
-700818
-700821
-700824
-700825
-700827
700828
-700965
700968
-700973
-700976
-700979
-700982
-700985
-700988
-700991
-700994
-700997
-701000
-701003
-701006
-701009
-701010
-701012
701013
-701150
701153
-701158
-701161
-701164
-701167
-701170
-701173
-701176
-701179
-701182
-701185
-701188
-701191
-701194
-701195
-701197
701198
-701335
701338
-701343
-701346
-701349
-701352
-701355
-701358
-701361
-701364
-701367
-701370
-701373
-701376
-701379
-701380
-701382
701383
-701520
701523
-701528
-701531
-701534
-701537
-701540
-701543
-701546
-701549
-701552
-701555
-701558
-701561
-701564
-701565
-701567
701568
-701705
701708
-701713
-701716
-701719
-701722
-701725
-701728
-701731
-701734
-701737
-701740
-701743
-701746
-701749
-701750
-701752
701753
-701890
701893
-701898
-701901
-701904
-701907
-701910
-701913
-701916
-701919
-701922
-701925
-701928
-701931
-701934
-701935
-701937
701938
-702075
702078
-702083
-702086
-702089
-702092
-702095
-702098
-702101
-702104
-702107
-702110
-702113
-702116
-702119
-702120
-702122
702123
-702260
702263
-702268
-702271
-702274
-702277
-702280
-702283
-702286
-702289
-702292
-702295
-702298
-702301
-702304
-702305
-702307
702308
-702445
702448
-702453
-702456
-702459
-702462
-702465
-702468
-702471
-702474
-702477
-702480
-702483
-702486
-702489
-702490
-702492
702493
-702630
702633
-702638
-702641
-702644
-702647
-702650
-702653
-702656
-702659
-702662
-702665
-702668
-702671
-702674
-702675
-702677
702678
-702815
702818
-702823
-702826
-702829
-702832
-702835
-702838
-702841
-702844
-702847
-702850
-702853
-702856
-702859
-702860
-702862
702863
-703000
703003
-703008
-703011
-703014
-703017
-703020
-703023
-703026
-703029
-703032
-703035
-703038
-703041
-703044
-703045
-703047
703048
-703185
703188
-703193
-703196
-703199
-703202
-703205
-703208
-703211
-703214
-703217
-703220
-703223
-703226
-703229
-703230
-703232
703233
-703370
703373
-703378
-703381
-703384
-703387
-703390
-703393
-703396
-703399
-703402
-703405
-703408
-703411
-703414
-703415
-703417
703418
-703555
703558
-703563
-703566
-703569
-703572
-703575
-703578
-703581
-703584
-703587
-703590
-703593
-703596
-703599
-703600
-703602
703603
-703740
703743
-703748
-703751
-703754
-703757
-703760
-703763
-703766
-703769
-703772
-703775
-703778
-703781
-703784
-703785
-703787
703788
-703925
703928
-703933
-703936
-703939
-703942
-703945
-703948
-703951
-703954
-703957
-703960
-703963
-703966
-703969
-703970
-703972
703973
-704110
704113
-704118
-704121
-704124
-704127
-704130
-704133
-704136
-704139
-704142
-704145
-704148
-704151
-704154
-704155
-704157
704158
-704295
704298
-704303
-704306
-704309
-704312
-704315
-704318
-704321
-704324
-704327
-704330
-704333
-704336
-704339
-704340
-704342
704343
-704480
704483
-704488
-704491
-704494
-704497
-704500
-704503
-704506
-704509
-704512
-704515
-704518
-704521
-704524
-704525
-704527
704528
-704665
704668
-704673
-704676
-704679
-704682
-704685
-704688
-704691
-704694
-704697
-704700
-704703
-704706
-704709
-704710
-704712
704713
-704850
704853
-704858
-704861
-704864
-704867
-704870
-704873
-704876
-704879
-704882
-704885
-704888
-704891
-704894
-704895
-704897
704898
-705035
705038
-705043
-705046
-705049
-705052
-705055
-705058
-705061
-705064
-705067
-705070
-705073
-705076
-705079
-705080
-705082
705083
-705220
705223
-705228
-705231
-705234
-705237
-705240
-705243
-705246
-705249
-705252
-705255
-705258
-705261
-705264
-705265
-705267
705268
-705405
705408
-705413
-705416
-705419
-705422
-705425
-705428
-705431
-705434
-705437
-705440
-705443
-705446
-705449
-705450
-705452
705453
-705590
705593
-705598
-705601
-705604
-705607
-705610
-705613
-705616
-705619
-705622
-705625
-705628
-705631
-705634
-705635
-705637
705638
-705775
705778
-705783
-705786
-705789
-705792
-705795
-705798
-705801
-705804
-705807
-705810
-705813
-705816
-705819
-705820
-705822
705823
-705960
705963
-705968
-705971
-705974
-705977
-705980
-705983
-705986
-705989
-705992
-705995
-705998
-706001
-706004
-706005
-706007
706008
-706145
706148
-706153
-706156
-706159
-706162
-706165
-706168
-706171
-706174
-706177
-706180
-706183
-706186
-706189
-706190
-706192
706193
-706330
706333
-706337
-706338
-706340
-706341
-706343
-706344
-706346
-706347
-706349
-706350
-706352
-706353
-706355
-706356
-706358
-706359
-706361
-706362
-706364
-706365
-706367
-706368
-706370
-706371
-706373
-706374
-706375
-706376
-706377
706378
-706515
706519
706522
706525
706528
706531
706534
706537
706540
706543
706546
706549
706552
706555
706558
706561
706563
706564
-712932
-712935
-712938
-712941
-712944
-712947
-712950
-712953
-712956
-712959
-712962
-712965
-712968
-712971
-712974
-712977
-713113
713118
713121
713124
713127
713130
713133
713136
713139
713142
713145
713148
713151
713154
713157
713160
713161
713163
-713298
713303
713306
713309
713312
713315
713318
713321
713324
713327
713330
713333
713336
713339
713342
713345
713346
713348
-713483
713488
713491
713494
713497
713500
713503
713506
713509
713512
713515
713518
713521
713524
713527
713530
713531
713533
-713668
713673
713676
713679
713682
713685
713688
713691
713694
713697
713700
713703
713706
713709
713712
713715
713716
713718
-713853
713858
713861
713864
713867
713870
713873
713876
713879
713882
713885
713888
713891
713894
713897
713900
713901
713903
-714038
714043
714046
714049
714052
714055
714058
714061
714064
714067
714070
714073
714076
714079
714082
714085
714086
714088
-714223
714228
714231
714234
714237
714240
714243
714246
714249
714252
714255
714258
714261
714264
714267
714270
714271
714273
-714408
714413
714416
714419
714422
714425
714428
714431
714434
714437
714440
714443
714446
714449
714452
714455
714456
714458
-714593
714598
714601
714604
714607
714610
714613
714616
714619
714622
714625
714628
714631
714634
714637
714640
714641
714643
-714778
714783
714786
714789
714792
714795
714798
714801
714804
714807
714810
714813
714816
714819
714822
714825
714826
714828
-714963
714968
714971
714974
714977
714980
714983
714986
714989
714992
714995
714998
715001
715004
715007
715010
715011
715013
-715148
715153
715156
715159
715162
715165
715168
715171
715174
715177
715180
715183
715186
715189
715192
715195
715196
715198
-715333
715338
715341
715344
715347
715350
715353
715356
715359
715362
715365
715368
715371
715374
715377
715380
715381
715383
-715518
715523
715526
715529
715532
715535
715538
715541
715544
715547
715550
715553
715556
715559
715562
715565
715566
715568
-715703
715708
715711
715714
715717
715720
715723
715726
715729
715732
715735
715738
715741
715744
715747
715750
715751
715753
-715888
715893
715896
715899
715902
715905
715908
715911
715914
715917
715920
715923
715926
715929
715932
715935
715936
715938
-716073
716078
716081
716084
716087
716090
716093
716096
716099
716102
716105
716108
716111
716114
716117
716120
716121
716123
-716258
716263
716266
716269
716272
716275
716278
716281
716284
716287
716290
716293
716296
716299
716302
716305
716306
716308
-716443
716448
716451
716454
716457
716460
716463
716466
716469
716472
716475
716478
716481
716484
716487
716490
716491
716493
-716628
716633
716636
716639
716642
716645
716648
716651
716654
716657
716660
716663
716666
716669
716672
716675
716676
716678
-716813
716818
716821
716824
716827
716830
716833
716836
716839
716842
716845
716848
716851
716854
716857
716860
716861
716863
-716998
717003
717006
717009
717012
717015
717018
717021
717024
717027
717030
717033
717036
717039
717042
717045
717046
717048
-717183
717188
717191
717194
717197
717200
717203
717206
717209
717212
717215
717218
717221
717224
717227
717230
717231
717233
-717368
717373
717376
717379
717382
717385
717388
717391
717394
717397
717400
717403
717406
717409
717412
717415
717416
717418
-717553
717558
717561
717564
717567
717570
717573
717576
717579
717582
717585
717588
717591
717594
717597
717600
717601
717603
-717738
717743
717746
717749
717752
717755
717758
717761
717764
717767
717770
717773
717776
717779
717782
717785
717786
717788
-717923
717928
717931
717934
717937
717940
717943
717946
717949
717952
717955
717958
717961
717964
717967
717970
717971
717973
-718108
718113
718116
718119
718122
718125
718128
718131
718134
718137
718140
718143
718146
718149
718152
718155
718156
718158
-718293
718298
718301
718304
718307
718310
718313
718316
718319
718322
718325
718328
718331
718334
718337
718340
718341
718343
-718478
718483
718486
718489
718492
718495
718498
718501
718504
718507
718510
718513
718516
718519
718522
718525
718526
718528
-718663
718668
718671
718674
718677
718680
718683
718686
718689
718692
718695
718698
718701
718704
718707
718710
718711
718713
-718848
718853
718856
718859
718862
718865
718868
718871
718874
718877
718880
718883
718886
718889
718892
718895
718896
718898
-719033
719038
719041
719044
719047
719050
719053
719056
719059
719062
719065
719068
719071
719074
719077
719080
719081
719083
-719218
719223
719226
719229
719232
719235
719238
719241
719244
719247
719250
719253
719256
719259
719262
719265
719266
719268
-719403
719408
719411
719414
719417
719420
719423
719426
719429
719432
719435
719438
719441
719444
719447
719450
719451
719453
-719588
719593
719596
719599
719602
719605
719608
719611
719614
719617
719620
719623
719626
719629
719632
719635
719636
719638
-719773
719778
719781
719784
719787
719790
719793
719796
719799
719802
719805
719808
719811
719814
719817
719820
719821
719823
-719958
719962
719963
719965
719966
719968
719969
719971
719972
719974
719975
719977
719978
719980
719981
719983
719984
719986
719987
719989
719990
719992
719993
719995
719996
719998
719999
720001
720002
720004
720005
720006
720007
720008
)


// ************************************************************************* //
