/*--------------------------------*- C++ -*----------------------------------*\
| =========                 |                                                 |
| \\      /  F ield         | OpenFOAM: The Open Source CFD Toolbox           |
|  \\    /   O peration     | Version:  2606                                  |
|   \\  /    A nd           | Website:  www.openfoam.com                      |
|    \\/     M anipulation  |                                                 |
\*---------------------------------------------------------------------------*/
FoamFile
{
    version     2.0;
    format      ascii;
    arch        "LSB;label=32;scalar=64";
    class       vectorField;
    location    "constant/Trenton_3U_BAM_2/polyMesh";
    object      points;
}
// * * * * * * * * * * * * * * * * * * * * * * * * * * * * * * * * * * * * * //


18427
(
(0 0.04445 0.2667)
(0 0.04445 0.2717)
(0 0.04445 0.2817)
(0 0.04445 0.2847)
(0 0.04445 0.2887)
(0 0.04445 0.2917)
(0 0.04445 0.2967)
(0 0.04445 0.3142)
(0 0.04445 0.3317)
(0 0.04445 0.3492)
(0 0.04445 0.3667)
(0 0.04445 0.3737)
(0 0.04445 0.3767)
(0 0.04445 0.38205)
(0 0.04445 0.38505)
(0 0.04445 0.39505)
(0 0.04445 0.40005)
(0 0.04945 0.2667)
(0 0.04945 0.2717)
(0 0.04945 0.2817)
(0 0.04945 0.2847)
(0 0.04945 0.2887)
(0 0.04945 0.2917)
(0 0.04945 0.2967)
(0 0.04945 0.3142)
(0 0.04945 0.3317)
(0 0.04945 0.3492)
(0 0.04945 0.3667)
(0 0.04945 0.3737)
(0 0.04945 0.3767)
(0 0.04945 0.38205)
(0 0.04945 0.38505)
(0 0.04945 0.39505)
(0 0.04945 0.40005)
(0 0.06445 0.2667)
(0 0.06445 0.2717)
(0 0.06445 0.2817)
(0 0.06445 0.2847)
(0 0.06445 0.2887)
(0 0.06445 0.2917)
(0 0.06445 0.2967)
(0 0.06445 0.3142)
(0 0.06445 0.3317)
(0 0.06445 0.3492)
(0 0.06445 0.3667)
(0 0.06445 0.3737)
(0 0.06445 0.3767)
(0 0.06445 0.38205)
(0 0.06445 0.38505)
(0 0.06445 0.39505)
(0 0.06445 0.40005)
(0 0.07945 0.2667)
(0 0.07945 0.2717)
(0 0.07945 0.2817)
(0 0.07945 0.2847)
(0 0.07945 0.2887)
(0 0.07945 0.2917)
(0 0.07945 0.2967)
(0 0.07945 0.3142)
(0 0.07945 0.3317)
(0 0.07945 0.3492)
(0 0.07945 0.3667)
(0 0.07945 0.3737)
(0 0.07945 0.3767)
(0 0.07945 0.38205)
(0 0.07945 0.38505)
(0 0.07945 0.39505)
(0 0.07945 0.40005)
(0 0.08945 0.2667)
(0 0.08945 0.2717)
(0 0.08945 0.2817)
(0 0.08945 0.2847)
(0 0.08945 0.2887)
(0 0.08945 0.2917)
(0 0.08945 0.2967)
(0 0.08945 0.3142)
(0 0.08945 0.3317)
(0 0.08945 0.3492)
(0 0.08945 0.3667)
(0 0.08945 0.3737)
(0 0.08945 0.3767)
(0 0.08945 0.38205)
(0 0.08945 0.38505)
(0 0.08945 0.39505)
(0 0.08945 0.40005)
(0 0.09945 0.2667)
(0 0.09945 0.2717)
(0 0.09945 0.2817)
(0 0.09945 0.2847)
(0 0.09945 0.2887)
(0 0.09945 0.2917)
(0 0.09945 0.2967)
(0 0.09945 0.3142)
(0 0.09945 0.3317)
(0 0.09945 0.3492)
(0 0.09945 0.3667)
(0 0.09945 0.3737)
(0 0.09945 0.3767)
(0 0.09945 0.38205)
(0 0.09945 0.38505)
(0 0.09945 0.39505)
(0 0.09945 0.40005)
(0 0.11445 0.2667)
(0 0.11445 0.2717)
(0 0.11445 0.2817)
(0 0.11445 0.2847)
(0 0.11445 0.2887)
(0 0.11445 0.2917)
(0 0.11445 0.2967)
(0 0.11445 0.3142)
(0 0.11445 0.3317)
(0 0.11445 0.3492)
(0 0.11445 0.3667)
(0 0.11445 0.3737)
(0 0.11445 0.3767)
(0 0.11445 0.38205)
(0 0.11445 0.38505)
(0 0.11445 0.39505)
(0 0.11445 0.40005)
(0 0.12945 0.2667)
(0 0.12945 0.2717)
(0 0.12945 0.2817)
(0 0.12945 0.2847)
(0 0.12945 0.2887)
(0 0.12945 0.2917)
(0 0.12945 0.2967)
(0 0.12945 0.3142)
(0 0.12945 0.3317)
(0 0.12945 0.3492)
(0 0.12945 0.3667)
(0 0.12945 0.3737)
(0 0.12945 0.3767)
(0 0.12945 0.38205)
(0 0.12945 0.38505)
(0 0.12945 0.39505)
(0 0.12945 0.40005)
(0 0.14445 0.2667)
(0 0.14445 0.2717)
(0 0.14445 0.2817)
(0 0.14445 0.2847)
(0 0.14445 0.2887)
(0 0.14445 0.2917)
(0 0.14445 0.2967)
(0 0.14445 0.3142)
(0 0.14445 0.3317)
(0 0.14445 0.3492)
(0 0.14445 0.3667)
(0 0.14445 0.3737)
(0 0.14445 0.3767)
(0 0.14445 0.38205)
(0 0.14445 0.38505)
(0 0.14445 0.39505)
(0 0.14445 0.40005)
(0 0.15945 0.2667)
(0 0.15945 0.2717)
(0 0.15945 0.2817)
(0 0.15945 0.2847)
(0 0.15945 0.2887)
(0 0.15945 0.2917)
(0 0.15945 0.2967)
(0 0.15945 0.3142)
(0 0.15945 0.3317)
(0 0.15945 0.3492)
(0 0.15945 0.3667)
(0 0.15945 0.3737)
(0 0.15945 0.3767)
(0 0.15945 0.38205)
(0 0.15945 0.38505)
(0 0.15945 0.39505)
(0 0.15945 0.40005)
(0 0.16445 0.2667)
(0 0.16445 0.2717)
(0 0.16445 0.2817)
(0 0.16445 0.2847)
(0 0.16445 0.2887)
(0 0.16445 0.2917)
(0 0.16445 0.2967)
(0 0.16445 0.3142)
(0 0.16445 0.3317)
(0 0.16445 0.3492)
(0 0.16445 0.3667)
(0 0.16445 0.3737)
(0 0.16445 0.3767)
(0 0.16445 0.38205)
(0 0.16445 0.38505)
(0 0.16445 0.39505)
(0 0.16445 0.40005)
(0 0.17445 0.2667)
(0 0.17445 0.2717)
(0 0.17445 0.2817)
(0 0.17445 0.2847)
(0 0.17445 0.2887)
(0 0.17445 0.2917)
(0 0.17445 0.2967)
(0 0.17445 0.3142)
(0 0.17445 0.3317)
(0 0.17445 0.3492)
(0 0.17445 0.3667)
(0 0.17445 0.3737)
(0 0.17445 0.3767)
(0 0.17445 0.38205)
(0 0.17445 0.38505)
(0 0.17445 0.39505)
(0 0.17445 0.40005)
(0 0.18445 0.2667)
(0 0.18445 0.2717)
(0 0.18445 0.2817)
(0 0.18445 0.2847)
(0 0.18445 0.2887)
(0 0.18445 0.2917)
(0 0.18445 0.2967)
(0 0.18445 0.3142)
(0 0.18445 0.3317)
(0 0.18445 0.3492)
(0 0.18445 0.3667)
(0 0.18445 0.3737)
(0 0.18445 0.3767)
(0 0.18445 0.38205)
(0 0.18445 0.38505)
(0 0.18445 0.39505)
(0 0.18445 0.40005)
(0 0.19695 0.2667)
(0 0.19695 0.2717)
(0 0.19695 0.2817)
(0 0.19695 0.2847)
(0 0.19695 0.2887)
(0 0.19695 0.2917)
(0 0.19695 0.2967)
(0 0.19695 0.3142)
(0 0.19695 0.3317)
(0 0.19695 0.3492)
(0 0.19695 0.3667)
(0 0.19695 0.3737)
(0 0.19695 0.3767)
(0 0.19695 0.38205)
(0 0.19695 0.38505)
(0 0.19695 0.39505)
(0 0.19695 0.40005)
(0 0.20945 0.2667)
(0 0.20945 0.2717)
(0 0.20945 0.2817)
(0 0.20945 0.2847)
(0 0.20945 0.2887)
(0 0.20945 0.2917)
(0 0.20945 0.2967)
(0 0.20945 0.3142)
(0 0.20945 0.3317)
(0 0.20945 0.3492)
(0 0.20945 0.3667)
(0 0.20945 0.3737)
(0 0.20945 0.3767)
(0 0.20945 0.38205)
(0 0.20945 0.38505)
(0 0.20945 0.39505)
(0 0.20945 0.40005)
(0 0.22645 0.2667)
(0 0.22645 0.2717)
(0 0.22645 0.2817)
(0 0.22645 0.2847)
(0 0.22645 0.2887)
(0 0.22645 0.2917)
(0 0.22645 0.2967)
(0 0.22645 0.3142)
(0 0.22645 0.3317)
(0 0.22645 0.3492)
(0 0.22645 0.3667)
(0 0.22645 0.3737)
(0 0.22645 0.3767)
(0 0.22645 0.38205)
(0 0.22645 0.38505)
(0 0.22645 0.39505)
(0 0.22645 0.40005)
(0 0.24345 0.2667)
(0 0.24345 0.2717)
(0 0.24345 0.2817)
(0 0.24345 0.2847)
(0 0.24345 0.2887)
(0 0.24345 0.2917)
(0 0.24345 0.2967)
(0 0.24345 0.3142)
(0 0.24345 0.3317)
(0 0.24345 0.3492)
(0 0.24345 0.3667)
(0 0.24345 0.3737)
(0 0.24345 0.3767)
(0 0.24345 0.38205)
(0 0.24345 0.38505)
(0 0.24345 0.39505)
(0 0.24345 0.40005)
(0 0.26045 0.2667)
(0 0.26045 0.2717)
(0 0.26045 0.2817)
(0 0.26045 0.2847)
(0 0.26045 0.2887)
(0 0.26045 0.2917)
(0 0.26045 0.2967)
(0 0.26045 0.3142)
(0 0.26045 0.3317)
(0 0.26045 0.3492)
(0 0.26045 0.3667)
(0 0.26045 0.3737)
(0 0.26045 0.3767)
(0 0.26045 0.38205)
(0 0.26045 0.38505)
(0 0.26045 0.39505)
(0 0.26045 0.40005)
(0 0.27745 0.2667)
(0 0.27745 0.2717)
(0 0.27745 0.2817)
(0 0.27745 0.2847)
(0 0.27745 0.2887)
(0 0.27745 0.2917)
(0 0.27745 0.2967)
(0 0.27745 0.3142)
(0 0.27745 0.3317)
(0 0.27745 0.3492)
(0 0.27745 0.3667)
(0 0.27745 0.3737)
(0 0.27745 0.3767)
(0 0.27745 0.38205)
(0 0.27745 0.38505)
(0 0.27745 0.39505)
(0 0.27745 0.40005)
(0 0.29445 0.2667)
(0 0.29445 0.2717)
(0 0.29445 0.2817)
(0 0.29445 0.2847)
(0 0.29445 0.2887)
(0 0.29445 0.2917)
(0 0.29445 0.2967)
(0 0.29445 0.3142)
(0 0.29445 0.3317)
(0 0.29445 0.3492)
(0 0.29445 0.3667)
(0 0.29445 0.3737)
(0 0.29445 0.3767)
(0 0.29445 0.38205)
(0 0.29445 0.38505)
(0 0.29445 0.39505)
(0 0.29445 0.40005)
(0 0.30945 0.2667)
(0 0.30945 0.2717)
(0 0.30945 0.2817)
(0 0.30945 0.2847)
(0 0.30945 0.2887)
(0 0.30945 0.2917)
(0 0.30945 0.2967)
(0 0.30945 0.3142)
(0 0.30945 0.3317)
(0 0.30945 0.3492)
(0 0.30945 0.3667)
(0 0.30945 0.3737)
(0 0.30945 0.3767)
(0 0.30945 0.38205)
(0 0.30945 0.38505)
(0 0.30945 0.39505)
(0 0.30945 0.40005)
(0 0.32445 0.2667)
(0 0.32445 0.2717)
(0 0.32445 0.2817)
(0 0.32445 0.2847)
(0 0.32445 0.2887)
(0 0.32445 0.2917)
(0 0.32445 0.2967)
(0 0.32445 0.3142)
(0 0.32445 0.3317)
(0 0.32445 0.3492)
(0 0.32445 0.3667)
(0 0.32445 0.3737)
(0 0.32445 0.3767)
(0 0.32445 0.38205)
(0 0.32445 0.38505)
(0 0.32445 0.39505)
(0 0.32445 0.40005)
(0 0.34195 0.2667)
(0 0.34195 0.2717)
(0 0.34195 0.2817)
(0 0.34195 0.2847)
(0 0.34195 0.2887)
(0 0.34195 0.2917)
(0 0.34195 0.2967)
(0 0.34195 0.3142)
(0 0.34195 0.3317)
(0 0.34195 0.3492)
(0 0.34195 0.3667)
(0 0.34195 0.3737)
(0 0.34195 0.3767)
(0 0.34195 0.38205)
(0 0.34195 0.38505)
(0 0.34195 0.39505)
(0 0.34195 0.40005)
(0 0.35945 0.2667)
(0 0.35945 0.2717)
(0 0.35945 0.2817)
(0 0.35945 0.2847)
(0 0.35945 0.2887)
(0 0.35945 0.2917)
(0 0.35945 0.2967)
(0 0.35945 0.3142)
(0 0.35945 0.3317)
(0 0.35945 0.3492)
(0 0.35945 0.3667)
(0 0.35945 0.3737)
(0 0.35945 0.3767)
(0 0.35945 0.38205)
(0 0.35945 0.38505)
(0 0.35945 0.39505)
(0 0.35945 0.40005)
(0 0.37695 0.2667)
(0 0.37695 0.2717)
(0 0.37695 0.2817)
(0 0.37695 0.2847)
(0 0.37695 0.2887)
(0 0.37695 0.2917)
(0 0.37695 0.2967)
(0 0.37695 0.3142)
(0 0.37695 0.3317)
(0 0.37695 0.3492)
(0 0.37695 0.3667)
(0 0.37695 0.3737)
(0 0.37695 0.3767)
(0 0.37695 0.38205)
(0 0.37695 0.38505)
(0 0.37695 0.39505)
(0 0.37695 0.40005)
(0 0.39445 0.2667)
(0 0.39445 0.2717)
(0 0.39445 0.2817)
(0 0.39445 0.2847)
(0 0.39445 0.2887)
(0 0.39445 0.2917)
(0 0.39445 0.2967)
(0 0.39445 0.3142)
(0 0.39445 0.3317)
(0 0.39445 0.3492)
(0 0.39445 0.3667)
(0 0.39445 0.3737)
(0 0.39445 0.3767)
(0 0.39445 0.38205)
(0 0.39445 0.38505)
(0 0.39445 0.39505)
(0 0.39445 0.40005)
(0 0.40445 0.2667)
(0 0.40445 0.2717)
(0 0.40445 0.2817)
(0 0.40445 0.2847)
(0 0.40445 0.2887)
(0 0.40445 0.2917)
(0 0.40445 0.2967)
(0 0.40445 0.3142)
(0 0.40445 0.3317)
(0 0.40445 0.3492)
(0 0.40445 0.3667)
(0 0.40445 0.3737)
(0 0.40445 0.3767)
(0 0.40445 0.38205)
(0 0.40445 0.38505)
(0 0.40445 0.39505)
(0 0.40445 0.40005)
(0 0.41945 0.2667)
(0 0.41945 0.2717)
(0 0.41945 0.2817)
(0 0.41945 0.2847)
(0 0.41945 0.2887)
(0 0.41945 0.2917)
(0 0.41945 0.2967)
(0 0.41945 0.3142)
(0 0.41945 0.3317)
(0 0.41945 0.3492)
(0 0.41945 0.3667)
(0 0.41945 0.3737)
(0 0.41945 0.3767)
(0 0.41945 0.38205)
(0 0.41945 0.38505)
(0 0.41945 0.39505)
(0 0.41945 0.40005)
(0 0.42945 0.2667)
(0 0.42945 0.2717)
(0 0.42945 0.2817)
(0 0.42945 0.2847)
(0 0.42945 0.2887)
(0 0.42945 0.2917)
(0 0.42945 0.2967)
(0 0.42945 0.3142)
(0 0.42945 0.3317)
(0 0.42945 0.3492)
(0 0.42945 0.3667)
(0 0.42945 0.3737)
(0 0.42945 0.3767)
(0 0.42945 0.38205)
(0 0.42945 0.38505)
(0 0.42945 0.39505)
(0 0.42945 0.40005)
(0 0.43445 0.2667)
(0 0.43445 0.2717)
(0 0.43445 0.2817)
(0 0.43445 0.2847)
(0 0.43445 0.2887)
(0 0.43445 0.2917)
(0 0.43445 0.2967)
(0 0.43445 0.3142)
(0 0.43445 0.3317)
(0 0.43445 0.3492)
(0 0.43445 0.3667)
(0 0.43445 0.3737)
(0 0.43445 0.3767)
(0 0.43445 0.38205)
(0 0.43445 0.38505)
(0 0.43445 0.39505)
(0 0.43445 0.40005)
(0 0.451117 0.2667)
(0 0.451117 0.2717)
(0 0.451117 0.2817)
(0 0.451117 0.2847)
(0 0.451117 0.2887)
(0 0.451117 0.2917)
(0 0.451117 0.2967)
(0 0.451117 0.3142)
(0 0.451117 0.3317)
(0 0.451117 0.3492)
(0 0.451117 0.3667)
(0 0.451117 0.3737)
(0 0.451117 0.3767)
(0 0.451117 0.38205)
(0 0.451117 0.38505)
(0 0.451117 0.39505)
(0 0.451117 0.40005)
(0 0.467783 0.2667)
(0 0.467783 0.2717)
(0 0.467783 0.2817)
(0 0.467783 0.2847)
(0 0.467783 0.2887)
(0 0.467783 0.2917)
(0 0.467783 0.2967)
(0 0.467783 0.3142)
(0 0.467783 0.3317)
(0 0.467783 0.3492)
(0 0.467783 0.3667)
(0 0.467783 0.3737)
(0 0.467783 0.3767)
(0 0.467783 0.38205)
(0 0.467783 0.38505)
(0 0.467783 0.39505)
(0 0.467783 0.40005)
(0 0.48445 0.2667)
(0 0.48445 0.2717)
(0 0.48445 0.2817)
(0 0.48445 0.2847)
(0 0.48445 0.2887)
(0 0.48445 0.2917)
(0 0.48445 0.2967)
(0 0.48445 0.3142)
(0 0.48445 0.3317)
(0 0.48445 0.3492)
(0 0.48445 0.3667)
(0 0.48445 0.3737)
(0 0.48445 0.3767)
(0 0.48445 0.38205)
(0 0.48445 0.38505)
(0 0.48445 0.39505)
(0 0.48445 0.40005)
(0 0.49445 0.2667)
(0 0.49445 0.2717)
(0 0.49445 0.2817)
(0 0.49445 0.2847)
(0 0.49445 0.2887)
(0 0.49445 0.2917)
(0 0.49445 0.2967)
(0 0.49445 0.3142)
(0 0.49445 0.3317)
(0 0.49445 0.3492)
(0 0.49445 0.3667)
(0 0.49445 0.3737)
(0 0.49445 0.3767)
(0 0.49445 0.38205)
(0 0.49445 0.38505)
(0 0.49445 0.39505)
(0 0.49445 0.40005)
(0 0.50445 0.2667)
(0 0.50445 0.2717)
(0 0.50445 0.2817)
(0 0.50445 0.2847)
(0 0.50445 0.2887)
(0 0.50445 0.2917)
(0 0.50445 0.2967)
(0 0.50445 0.3142)
(0 0.50445 0.3317)
(0 0.50445 0.3492)
(0 0.50445 0.3667)
(0 0.50445 0.3737)
(0 0.50445 0.3767)
(0 0.50445 0.38205)
(0 0.50445 0.38505)
(0 0.50445 0.39505)
(0 0.50445 0.40005)
(0 0.50945 0.2667)
(0 0.50945 0.2717)
(0 0.50945 0.2817)
(0 0.50945 0.2847)
(0 0.50945 0.2887)
(0 0.50945 0.2917)
(0 0.50945 0.2967)
(0 0.50945 0.3142)
(0 0.50945 0.3317)
(0 0.50945 0.3492)
(0 0.50945 0.3667)
(0 0.50945 0.3737)
(0 0.50945 0.3767)
(0 0.50945 0.38205)
(0 0.50945 0.38505)
(0 0.50945 0.39505)
(0 0.50945 0.40005)
(0 0.52445 0.2667)
(0 0.52445 0.2717)
(0 0.52445 0.2817)
(0 0.52445 0.2847)
(0 0.52445 0.2887)
(0 0.52445 0.2917)
(0 0.52445 0.2967)
(0 0.52445 0.3142)
(0 0.52445 0.3317)
(0 0.52445 0.3492)
(0 0.52445 0.3667)
(0 0.52445 0.3737)
(0 0.52445 0.3767)
(0 0.52445 0.38205)
(0 0.52445 0.38505)
(0 0.52445 0.39505)
(0 0.52445 0.40005)
(0 0.53945 0.2667)
(0 0.53945 0.2717)
(0 0.53945 0.2817)
(0 0.53945 0.2847)
(0 0.53945 0.2887)
(0 0.53945 0.2917)
(0 0.53945 0.2967)
(0 0.53945 0.3142)
(0 0.53945 0.3317)
(0 0.53945 0.3492)
(0 0.53945 0.3667)
(0 0.53945 0.3737)
(0 0.53945 0.3767)
(0 0.53945 0.38205)
(0 0.53945 0.38505)
(0 0.53945 0.39505)
(0 0.53945 0.40005)
(0 0.54445 0.2667)
(0 0.54445 0.2717)
(0 0.54445 0.2817)
(0 0.54445 0.2847)
(0 0.54445 0.2887)
(0 0.54445 0.2917)
(0 0.54445 0.2967)
(0 0.54445 0.3142)
(0 0.54445 0.3317)
(0 0.54445 0.3492)
(0 0.54445 0.3667)
(0 0.54445 0.3737)
(0 0.54445 0.3767)
(0 0.54445 0.38205)
(0 0.54445 0.38505)
(0 0.54445 0.39505)
(0 0.54445 0.40005)
(0.005 0.04445 0.2667)
(0.005 0.04445 0.2717)
(0.005 0.04445 0.2817)
(0.005 0.04445 0.2847)
(0.005 0.04445 0.2887)
(0.005 0.04445 0.2917)
(0.005 0.04445 0.2967)
(0.005 0.04445 0.3142)
(0.005 0.04445 0.3317)
(0.005 0.04445 0.3492)
(0.005 0.04445 0.3667)
(0.005 0.04445 0.3737)
(0.005 0.04445 0.3767)
(0.005 0.04445 0.38205)
(0.005 0.04445 0.38505)
(0.005 0.04445 0.39505)
(0.005 0.04445 0.40005)
(0.005 0.04945 0.2667)
(0.005 0.04945 0.2717)
(0.005 0.04945 0.2817)
(0.005 0.04945 0.2847)
(0.005 0.04945 0.2887)
(0.005 0.04945 0.2917)
(0.005 0.04945 0.2967)
(0.005 0.04945 0.3142)
(0.005 0.04945 0.3317)
(0.005 0.04945 0.3492)
(0.005 0.04945 0.3667)
(0.005 0.04945 0.3737)
(0.005 0.04945 0.3767)
(0.005 0.04945 0.38205)
(0.005 0.04945 0.38505)
(0.005 0.04945 0.39505)
(0.005 0.04945 0.40005)
(0.005 0.06445 0.2667)
(0.005 0.06445 0.2717)
(0.005 0.06445 0.2817)
(0.005 0.06445 0.2847)
(0.005 0.06445 0.2887)
(0.005 0.06445 0.2917)
(0.005 0.06445 0.2967)
(0.005 0.06445 0.3142)
(0.005 0.06445 0.3317)
(0.005 0.06445 0.3492)
(0.005 0.06445 0.3667)
(0.005 0.06445 0.3737)
(0.005 0.06445 0.3767)
(0.005 0.06445 0.38205)
(0.005 0.06445 0.38505)
(0.005 0.06445 0.39505)
(0.005 0.06445 0.40005)
(0.005 0.07945 0.2667)
(0.005 0.07945 0.2717)
(0.005 0.07945 0.2817)
(0.005 0.07945 0.2847)
(0.005 0.07945 0.2887)
(0.005 0.07945 0.2917)
(0.005 0.07945 0.2967)
(0.005 0.07945 0.3142)
(0.005 0.07945 0.3317)
(0.005 0.07945 0.3492)
(0.005 0.07945 0.3667)
(0.005 0.07945 0.3737)
(0.005 0.07945 0.3767)
(0.005 0.07945 0.38205)
(0.005 0.07945 0.38505)
(0.005 0.07945 0.39505)
(0.005 0.07945 0.40005)
(0.005 0.08945 0.2667)
(0.005 0.08945 0.2717)
(0.005 0.08945 0.2817)
(0.005 0.08945 0.2847)
(0.005 0.08945 0.2887)
(0.005 0.08945 0.2917)
(0.005 0.08945 0.2967)
(0.005 0.08945 0.3142)
(0.005 0.08945 0.3317)
(0.005 0.08945 0.3492)
(0.005 0.08945 0.3667)
(0.005 0.08945 0.3737)
(0.005 0.08945 0.3767)
(0.005 0.08945 0.38205)
(0.005 0.08945 0.38505)
(0.005 0.08945 0.39505)
(0.005 0.08945 0.40005)
(0.005 0.09945 0.2667)
(0.005 0.09945 0.2717)
(0.005 0.09945 0.2817)
(0.005 0.09945 0.2847)
(0.005 0.09945 0.2887)
(0.005 0.09945 0.2917)
(0.005 0.09945 0.2967)
(0.005 0.09945 0.3142)
(0.005 0.09945 0.3317)
(0.005 0.09945 0.3492)
(0.005 0.09945 0.3667)
(0.005 0.09945 0.3737)
(0.005 0.09945 0.3767)
(0.005 0.09945 0.38205)
(0.005 0.09945 0.38505)
(0.005 0.09945 0.39505)
(0.005 0.09945 0.40005)
(0.005 0.11445 0.2667)
(0.005 0.11445 0.2717)
(0.005 0.11445 0.2817)
(0.005 0.11445 0.2847)
(0.005 0.11445 0.2887)
(0.005 0.11445 0.2917)
(0.005 0.11445 0.2967)
(0.005 0.11445 0.3142)
(0.005 0.11445 0.3317)
(0.005 0.11445 0.3492)
(0.005 0.11445 0.3667)
(0.005 0.11445 0.3737)
(0.005 0.11445 0.3767)
(0.005 0.11445 0.38205)
(0.005 0.11445 0.38505)
(0.005 0.11445 0.39505)
(0.005 0.11445 0.40005)
(0.005 0.12945 0.2667)
(0.005 0.12945 0.2717)
(0.005 0.12945 0.2817)
(0.005 0.12945 0.2847)
(0.005 0.12945 0.2887)
(0.005 0.12945 0.2917)
(0.005 0.12945 0.2967)
(0.005 0.12945 0.3142)
(0.005 0.12945 0.3317)
(0.005 0.12945 0.3492)
(0.005 0.12945 0.3667)
(0.005 0.12945 0.3737)
(0.005 0.12945 0.3767)
(0.005 0.12945 0.38205)
(0.005 0.12945 0.38505)
(0.005 0.12945 0.39505)
(0.005 0.12945 0.40005)
(0.005 0.14445 0.2667)
(0.005 0.14445 0.2717)
(0.005 0.14445 0.2817)
(0.005 0.14445 0.2847)
(0.005 0.14445 0.2887)
(0.005 0.14445 0.2917)
(0.005 0.14445 0.2967)
(0.005 0.14445 0.3142)
(0.005 0.14445 0.3317)
(0.005 0.14445 0.3492)
(0.005 0.14445 0.3667)
(0.005 0.14445 0.3737)
(0.005 0.14445 0.3767)
(0.005 0.14445 0.38205)
(0.005 0.14445 0.38505)
(0.005 0.14445 0.39505)
(0.005 0.14445 0.40005)
(0.005 0.15945 0.2667)
(0.005 0.15945 0.2717)
(0.005 0.15945 0.2817)
(0.005 0.15945 0.2847)
(0.005 0.15945 0.2887)
(0.005 0.15945 0.2917)
(0.005 0.15945 0.2967)
(0.005 0.15945 0.3142)
(0.005 0.15945 0.3317)
(0.005 0.15945 0.3492)
(0.005 0.15945 0.3667)
(0.005 0.15945 0.3737)
(0.005 0.15945 0.3767)
(0.005 0.15945 0.38205)
(0.005 0.15945 0.38505)
(0.005 0.15945 0.39505)
(0.005 0.15945 0.40005)
(0.005 0.16445 0.2667)
(0.005 0.16445 0.2717)
(0.005 0.16445 0.2817)
(0.005 0.16445 0.2847)
(0.005 0.16445 0.2887)
(0.005 0.16445 0.2917)
(0.005 0.16445 0.2967)
(0.005 0.16445 0.3142)
(0.005 0.16445 0.3317)
(0.005 0.16445 0.3492)
(0.005 0.16445 0.3667)
(0.005 0.16445 0.3737)
(0.005 0.16445 0.3767)
(0.005 0.16445 0.38205)
(0.005 0.16445 0.38505)
(0.005 0.16445 0.39505)
(0.005 0.16445 0.40005)
(0.005 0.17445 0.2667)
(0.005 0.17445 0.2717)
(0.005 0.17445 0.2817)
(0.005 0.17445 0.2847)
(0.005 0.17445 0.2887)
(0.005 0.17445 0.2917)
(0.005 0.17445 0.2967)
(0.005 0.17445 0.3142)
(0.005 0.17445 0.3317)
(0.005 0.17445 0.3492)
(0.005 0.17445 0.3667)
(0.005 0.17445 0.3737)
(0.005 0.17445 0.3767)
(0.005 0.17445 0.38205)
(0.005 0.17445 0.38505)
(0.005 0.17445 0.39505)
(0.005 0.17445 0.40005)
(0.005 0.18445 0.2667)
(0.005 0.18445 0.2717)
(0.005 0.18445 0.2817)
(0.005 0.18445 0.2847)
(0.005 0.18445 0.2887)
(0.005 0.18445 0.2917)
(0.005 0.18445 0.2967)
(0.005 0.18445 0.3142)
(0.005 0.18445 0.3317)
(0.005 0.18445 0.3492)
(0.005 0.18445 0.3667)
(0.005 0.18445 0.3737)
(0.005 0.18445 0.3767)
(0.005 0.18445 0.38205)
(0.005 0.18445 0.38505)
(0.005 0.18445 0.39505)
(0.005 0.18445 0.40005)
(0.005 0.19695 0.2667)
(0.005 0.19695 0.2717)
(0.005 0.19695 0.2817)
(0.005 0.19695 0.2847)
(0.005 0.19695 0.2887)
(0.005 0.19695 0.2917)
(0.005 0.19695 0.2967)
(0.005 0.19695 0.3142)
(0.005 0.19695 0.3317)
(0.005 0.19695 0.3492)
(0.005 0.19695 0.3667)
(0.005 0.19695 0.3737)
(0.005 0.19695 0.3767)
(0.005 0.19695 0.38205)
(0.005 0.19695 0.38505)
(0.005 0.19695 0.39505)
(0.005 0.19695 0.40005)
(0.005 0.20945 0.2667)
(0.005 0.20945 0.2717)
(0.005 0.20945 0.2817)
(0.005 0.20945 0.2847)
(0.005 0.20945 0.2887)
(0.005 0.20945 0.2917)
(0.005 0.20945 0.2967)
(0.005 0.20945 0.3142)
(0.005 0.20945 0.3317)
(0.005 0.20945 0.3492)
(0.005 0.20945 0.3667)
(0.005 0.20945 0.3737)
(0.005 0.20945 0.3767)
(0.005 0.20945 0.38205)
(0.005 0.20945 0.38505)
(0.005 0.20945 0.39505)
(0.005 0.20945 0.40005)
(0.005 0.22645 0.2667)
(0.005 0.22645 0.2717)
(0.005 0.22645 0.2817)
(0.005 0.22645 0.2847)
(0.005 0.22645 0.2887)
(0.005 0.22645 0.2917)
(0.005 0.22645 0.2967)
(0.005 0.22645 0.3142)
(0.005 0.22645 0.3317)
(0.005 0.22645 0.3492)
(0.005 0.22645 0.3667)
(0.005 0.22645 0.3737)
(0.005 0.22645 0.3767)
(0.005 0.22645 0.38205)
(0.005 0.22645 0.38505)
(0.005 0.22645 0.39505)
(0.005 0.22645 0.40005)
(0.005 0.24345 0.2667)
(0.005 0.24345 0.2717)
(0.005 0.24345 0.2817)
(0.005 0.24345 0.2847)
(0.005 0.24345 0.2887)
(0.005 0.24345 0.2917)
(0.005 0.24345 0.2967)
(0.005 0.24345 0.3142)
(0.005 0.24345 0.3317)
(0.005 0.24345 0.3492)
(0.005 0.24345 0.3667)
(0.005 0.24345 0.3737)
(0.005 0.24345 0.3767)
(0.005 0.24345 0.38205)
(0.005 0.24345 0.38505)
(0.005 0.24345 0.39505)
(0.005 0.24345 0.40005)
(0.005 0.26045 0.2667)
(0.005 0.26045 0.2717)
(0.005 0.26045 0.2817)
(0.005 0.26045 0.2847)
(0.005 0.26045 0.2887)
(0.005 0.26045 0.2917)
(0.005 0.26045 0.2967)
(0.005 0.26045 0.3142)
(0.005 0.26045 0.3317)
(0.005 0.26045 0.3492)
(0.005 0.26045 0.3667)
(0.005 0.26045 0.3737)
(0.005 0.26045 0.3767)
(0.005 0.26045 0.38205)
(0.005 0.26045 0.38505)
(0.005 0.26045 0.39505)
(0.005 0.26045 0.40005)
(0.005 0.27745 0.2667)
(0.005 0.27745 0.2717)
(0.005 0.27745 0.2817)
(0.005 0.27745 0.2847)
(0.005 0.27745 0.2887)
(0.005 0.27745 0.2917)
(0.005 0.27745 0.2967)
(0.005 0.27745 0.3142)
(0.005 0.27745 0.3317)
(0.005 0.27745 0.3492)
(0.005 0.27745 0.3667)
(0.005 0.27745 0.3737)
(0.005 0.27745 0.3767)
(0.005 0.27745 0.38205)
(0.005 0.27745 0.38505)
(0.005 0.27745 0.39505)
(0.005 0.27745 0.40005)
(0.005 0.29445 0.2667)
(0.005 0.29445 0.2717)
(0.005 0.29445 0.2817)
(0.005 0.29445 0.2847)
(0.005 0.29445 0.2887)
(0.005 0.29445 0.2917)
(0.005 0.29445 0.2967)
(0.005 0.29445 0.3142)
(0.005 0.29445 0.3317)
(0.005 0.29445 0.3492)
(0.005 0.29445 0.3667)
(0.005 0.29445 0.3737)
(0.005 0.29445 0.3767)
(0.005 0.29445 0.38205)
(0.005 0.29445 0.38505)
(0.005 0.29445 0.39505)
(0.005 0.29445 0.40005)
(0.005 0.30945 0.2667)
(0.005 0.30945 0.2717)
(0.005 0.30945 0.2817)
(0.005 0.30945 0.2847)
(0.005 0.30945 0.2887)
(0.005 0.30945 0.2917)
(0.005 0.30945 0.2967)
(0.005 0.30945 0.3142)
(0.005 0.30945 0.3317)
(0.005 0.30945 0.3492)
(0.005 0.30945 0.3667)
(0.005 0.30945 0.3737)
(0.005 0.30945 0.3767)
(0.005 0.30945 0.38205)
(0.005 0.30945 0.38505)
(0.005 0.30945 0.39505)
(0.005 0.30945 0.40005)
(0.005 0.32445 0.2667)
(0.005 0.32445 0.2717)
(0.005 0.32445 0.2817)
(0.005 0.32445 0.2847)
(0.005 0.32445 0.2887)
(0.005 0.32445 0.2917)
(0.005 0.32445 0.2967)
(0.005 0.32445 0.3142)
(0.005 0.32445 0.3317)
(0.005 0.32445 0.3492)
(0.005 0.32445 0.3667)
(0.005 0.32445 0.3737)
(0.005 0.32445 0.3767)
(0.005 0.32445 0.38205)
(0.005 0.32445 0.38505)
(0.005 0.32445 0.39505)
(0.005 0.32445 0.40005)
(0.005 0.34195 0.2667)
(0.005 0.34195 0.2717)
(0.005 0.34195 0.2817)
(0.005 0.34195 0.2847)
(0.005 0.34195 0.2887)
(0.005 0.34195 0.2917)
(0.005 0.34195 0.2967)
(0.005 0.34195 0.3142)
(0.005 0.34195 0.3317)
(0.005 0.34195 0.3492)
(0.005 0.34195 0.3667)
(0.005 0.34195 0.3737)
(0.005 0.34195 0.3767)
(0.005 0.34195 0.38205)
(0.005 0.34195 0.38505)
(0.005 0.34195 0.39505)
(0.005 0.34195 0.40005)
(0.005 0.35945 0.2667)
(0.005 0.35945 0.2717)
(0.005 0.35945 0.2817)
(0.005 0.35945 0.2847)
(0.005 0.35945 0.2887)
(0.005 0.35945 0.2917)
(0.005 0.35945 0.2967)
(0.005 0.35945 0.3142)
(0.005 0.35945 0.3317)
(0.005 0.35945 0.3492)
(0.005 0.35945 0.3667)
(0.005 0.35945 0.3737)
(0.005 0.35945 0.3767)
(0.005 0.35945 0.38205)
(0.005 0.35945 0.38505)
(0.005 0.35945 0.39505)
(0.005 0.35945 0.40005)
(0.005 0.37695 0.2667)
(0.005 0.37695 0.2717)
(0.005 0.37695 0.2817)
(0.005 0.37695 0.2847)
(0.005 0.37695 0.2887)
(0.005 0.37695 0.2917)
(0.005 0.37695 0.2967)
(0.005 0.37695 0.3142)
(0.005 0.37695 0.3317)
(0.005 0.37695 0.3492)
(0.005 0.37695 0.3667)
(0.005 0.37695 0.3737)
(0.005 0.37695 0.3767)
(0.005 0.37695 0.38205)
(0.005 0.37695 0.38505)
(0.005 0.37695 0.39505)
(0.005 0.37695 0.40005)
(0.005 0.39445 0.2667)
(0.005 0.39445 0.2717)
(0.005 0.39445 0.2817)
(0.005 0.39445 0.2847)
(0.005 0.39445 0.2887)
(0.005 0.39445 0.2917)
(0.005 0.39445 0.2967)
(0.005 0.39445 0.3142)
(0.005 0.39445 0.3317)
(0.005 0.39445 0.3492)
(0.005 0.39445 0.3667)
(0.005 0.39445 0.3737)
(0.005 0.39445 0.3767)
(0.005 0.39445 0.38205)
(0.005 0.39445 0.38505)
(0.005 0.39445 0.39505)
(0.005 0.39445 0.40005)
(0.005 0.40445 0.2667)
(0.005 0.40445 0.2717)
(0.005 0.40445 0.2817)
(0.005 0.40445 0.2847)
(0.005 0.40445 0.2887)
(0.005 0.40445 0.2917)
(0.005 0.40445 0.2967)
(0.005 0.40445 0.3142)
(0.005 0.40445 0.3317)
(0.005 0.40445 0.3492)
(0.005 0.40445 0.3667)
(0.005 0.40445 0.3737)
(0.005 0.40445 0.3767)
(0.005 0.40445 0.38205)
(0.005 0.40445 0.38505)
(0.005 0.40445 0.39505)
(0.005 0.40445 0.40005)
(0.005 0.41945 0.2667)
(0.005 0.41945 0.2717)
(0.005 0.41945 0.2817)
(0.005 0.41945 0.2847)
(0.005 0.41945 0.2887)
(0.005 0.41945 0.2917)
(0.005 0.41945 0.2967)
(0.005 0.41945 0.3142)
(0.005 0.41945 0.3317)
(0.005 0.41945 0.3492)
(0.005 0.41945 0.3667)
(0.005 0.41945 0.3737)
(0.005 0.41945 0.3767)
(0.005 0.41945 0.38205)
(0.005 0.41945 0.38505)
(0.005 0.41945 0.39505)
(0.005 0.41945 0.40005)
(0.005 0.42945 0.2667)
(0.005 0.42945 0.2717)
(0.005 0.42945 0.2817)
(0.005 0.42945 0.2847)
(0.005 0.42945 0.2887)
(0.005 0.42945 0.2917)
(0.005 0.42945 0.2967)
(0.005 0.42945 0.3142)
(0.005 0.42945 0.3317)
(0.005 0.42945 0.3492)
(0.005 0.42945 0.3667)
(0.005 0.42945 0.3737)
(0.005 0.42945 0.3767)
(0.005 0.42945 0.38205)
(0.005 0.42945 0.38505)
(0.005 0.42945 0.39505)
(0.005 0.42945 0.40005)
(0.005 0.43445 0.2667)
(0.005 0.43445 0.2717)
(0.005 0.43445 0.2817)
(0.005 0.43445 0.2847)
(0.005 0.43445 0.2887)
(0.005 0.43445 0.2917)
(0.005 0.43445 0.2967)
(0.005 0.43445 0.3142)
(0.005 0.43445 0.3317)
(0.005 0.43445 0.3492)
(0.005 0.43445 0.3667)
(0.005 0.43445 0.3737)
(0.005 0.43445 0.3767)
(0.005 0.43445 0.38205)
(0.005 0.43445 0.38505)
(0.005 0.43445 0.39505)
(0.005 0.43445 0.40005)
(0.005 0.451117 0.2667)
(0.005 0.451117 0.2717)
(0.005 0.451117 0.2817)
(0.005 0.451117 0.2847)
(0.005 0.451117 0.2887)
(0.005 0.451117 0.2917)
(0.005 0.451117 0.2967)
(0.005 0.451117 0.3142)
(0.005 0.451117 0.3317)
(0.005 0.451117 0.3492)
(0.005 0.451117 0.3667)
(0.005 0.451117 0.3737)
(0.005 0.451117 0.3767)
(0.005 0.451117 0.38205)
(0.005 0.451117 0.38505)
(0.005 0.451117 0.39505)
(0.005 0.451117 0.40005)
(0.005 0.467783 0.2667)
(0.005 0.467783 0.2717)
(0.005 0.467783 0.2817)
(0.005 0.467783 0.2847)
(0.005 0.467783 0.2887)
(0.005 0.467783 0.2917)
(0.005 0.467783 0.2967)
(0.005 0.467783 0.3142)
(0.005 0.467783 0.3317)
(0.005 0.467783 0.3492)
(0.005 0.467783 0.3667)
(0.005 0.467783 0.3737)
(0.005 0.467783 0.3767)
(0.005 0.467783 0.38205)
(0.005 0.467783 0.38505)
(0.005 0.467783 0.39505)
(0.005 0.467783 0.40005)
(0.005 0.48445 0.2667)
(0.005 0.48445 0.2717)
(0.005 0.48445 0.2817)
(0.005 0.48445 0.2847)
(0.005 0.48445 0.2887)
(0.005 0.48445 0.2917)
(0.005 0.48445 0.2967)
(0.005 0.48445 0.3142)
(0.005 0.48445 0.3317)
(0.005 0.48445 0.3492)
(0.005 0.48445 0.3667)
(0.005 0.48445 0.3737)
(0.005 0.48445 0.3767)
(0.005 0.48445 0.38205)
(0.005 0.48445 0.38505)
(0.005 0.48445 0.39505)
(0.005 0.48445 0.40005)
(0.005 0.49445 0.2667)
(0.005 0.49445 0.2717)
(0.005 0.49445 0.2817)
(0.005 0.49445 0.2847)
(0.005 0.49445 0.2887)
(0.005 0.49445 0.2917)
(0.005 0.49445 0.2967)
(0.005 0.49445 0.3142)
(0.005 0.49445 0.3317)
(0.005 0.49445 0.3492)
(0.005 0.49445 0.3667)
(0.005 0.49445 0.3737)
(0.005 0.49445 0.3767)
(0.005 0.49445 0.38205)
(0.005 0.49445 0.38505)
(0.005 0.49445 0.39505)
(0.005 0.49445 0.40005)
(0.005 0.50445 0.2667)
(0.005 0.50445 0.2717)
(0.005 0.50445 0.2817)
(0.005 0.50445 0.2847)
(0.005 0.50445 0.2887)
(0.005 0.50445 0.2917)
(0.005 0.50445 0.2967)
(0.005 0.50445 0.3142)
(0.005 0.50445 0.3317)
(0.005 0.50445 0.3492)
(0.005 0.50445 0.3667)
(0.005 0.50445 0.3737)
(0.005 0.50445 0.3767)
(0.005 0.50445 0.38205)
(0.005 0.50445 0.38505)
(0.005 0.50445 0.39505)
(0.005 0.50445 0.40005)
(0.005 0.50945 0.2667)
(0.005 0.50945 0.2717)
(0.005 0.50945 0.2817)
(0.005 0.50945 0.2847)
(0.005 0.50945 0.2887)
(0.005 0.50945 0.2917)
(0.005 0.50945 0.2967)
(0.005 0.50945 0.3142)
(0.005 0.50945 0.3317)
(0.005 0.50945 0.3492)
(0.005 0.50945 0.3667)
(0.005 0.50945 0.3737)
(0.005 0.50945 0.3767)
(0.005 0.50945 0.38205)
(0.005 0.50945 0.38505)
(0.005 0.50945 0.39505)
(0.005 0.50945 0.40005)
(0.005 0.52445 0.2667)
(0.005 0.52445 0.2717)
(0.005 0.52445 0.2817)
(0.005 0.52445 0.2847)
(0.005 0.52445 0.2887)
(0.005 0.52445 0.2917)
(0.005 0.52445 0.2967)
(0.005 0.52445 0.3142)
(0.005 0.52445 0.3317)
(0.005 0.52445 0.3492)
(0.005 0.52445 0.3667)
(0.005 0.52445 0.3737)
(0.005 0.52445 0.3767)
(0.005 0.52445 0.38205)
(0.005 0.52445 0.38505)
(0.005 0.52445 0.39505)
(0.005 0.52445 0.40005)
(0.005 0.53945 0.2667)
(0.005 0.53945 0.2717)
(0.005 0.53945 0.2817)
(0.005 0.53945 0.2847)
(0.005 0.53945 0.2887)
(0.005 0.53945 0.2917)
(0.005 0.53945 0.2967)
(0.005 0.53945 0.3142)
(0.005 0.53945 0.3317)
(0.005 0.53945 0.3492)
(0.005 0.53945 0.3667)
(0.005 0.53945 0.3737)
(0.005 0.53945 0.3767)
(0.005 0.53945 0.38205)
(0.005 0.53945 0.38505)
(0.005 0.53945 0.39505)
(0.005 0.53945 0.40005)
(0.005 0.54445 0.2667)
(0.005 0.54445 0.2717)
(0.005 0.54445 0.2817)
(0.005 0.54445 0.2847)
(0.005 0.54445 0.2887)
(0.005 0.54445 0.2917)
(0.005 0.54445 0.2967)
(0.005 0.54445 0.3142)
(0.005 0.54445 0.3317)
(0.005 0.54445 0.3492)
(0.005 0.54445 0.3667)
(0.005 0.54445 0.3737)
(0.005 0.54445 0.3767)
(0.005 0.54445 0.38205)
(0.005 0.54445 0.38505)
(0.005 0.54445 0.39505)
(0.005 0.54445 0.40005)
(0.025 0.04445 0.2667)
(0.025 0.04445 0.2717)
(0.025 0.04445 0.2817)
(0.025 0.04445 0.2847)
(0.025 0.04445 0.2887)
(0.025 0.04445 0.2917)
(0.025 0.04445 0.2967)
(0.025 0.04445 0.3142)
(0.025 0.04445 0.3317)
(0.025 0.04445 0.3492)
(0.025 0.04445 0.3667)
(0.025 0.04445 0.3737)
(0.025 0.04445 0.3767)
(0.025 0.04445 0.38205)
(0.025 0.04445 0.38505)
(0.025 0.04445 0.39505)
(0.025 0.04445 0.40005)
(0.025 0.04945 0.2667)
(0.025 0.04945 0.2717)
(0.025 0.04945 0.2817)
(0.025 0.04945 0.2847)
(0.025 0.04945 0.2887)
(0.025 0.04945 0.2917)
(0.025 0.04945 0.2967)
(0.025 0.04945 0.3142)
(0.025 0.04945 0.3317)
(0.025 0.04945 0.3492)
(0.025 0.04945 0.3667)
(0.025 0.04945 0.3737)
(0.025 0.04945 0.3767)
(0.025 0.04945 0.38205)
(0.025 0.04945 0.38505)
(0.025 0.04945 0.39505)
(0.025 0.04945 0.40005)
(0.025 0.06445 0.2667)
(0.025 0.06445 0.2717)
(0.025 0.06445 0.39505)
(0.025 0.06445 0.40005)
(0.025 0.07945 0.2667)
(0.025 0.07945 0.2717)
(0.025 0.07945 0.39505)
(0.025 0.07945 0.40005)
(0.025 0.08945 0.2667)
(0.025 0.08945 0.2717)
(0.025 0.08945 0.39505)
(0.025 0.08945 0.40005)
(0.025 0.09945 0.2667)
(0.025 0.09945 0.2717)
(0.025 0.09945 0.39505)
(0.025 0.09945 0.40005)
(0.025 0.11445 0.2667)
(0.025 0.11445 0.2717)
(0.025 0.11445 0.39505)
(0.025 0.11445 0.40005)
(0.025 0.12945 0.2667)
(0.025 0.12945 0.2717)
(0.025 0.12945 0.39505)
(0.025 0.12945 0.40005)
(0.025 0.14445 0.2667)
(0.025 0.14445 0.2717)
(0.025 0.14445 0.39505)
(0.025 0.14445 0.40005)
(0.025 0.15945 0.2667)
(0.025 0.15945 0.2717)
(0.025 0.15945 0.39505)
(0.025 0.15945 0.40005)
(0.025 0.16445 0.2667)
(0.025 0.16445 0.2717)
(0.025 0.16445 0.39505)
(0.025 0.16445 0.40005)
(0.025 0.17445 0.2667)
(0.025 0.17445 0.2717)
(0.025 0.17445 0.39505)
(0.025 0.17445 0.40005)
(0.025 0.18445 0.2667)
(0.025 0.18445 0.2717)
(0.025 0.18445 0.39505)
(0.025 0.18445 0.40005)
(0.025 0.19695 0.2667)
(0.025 0.19695 0.2717)
(0.025 0.19695 0.39505)
(0.025 0.19695 0.40005)
(0.025 0.20945 0.2667)
(0.025 0.20945 0.2717)
(0.025 0.20945 0.39505)
(0.025 0.20945 0.40005)
(0.025 0.22645 0.2667)
(0.025 0.22645 0.2717)
(0.025 0.22645 0.39505)
(0.025 0.22645 0.40005)
(0.025 0.24345 0.2667)
(0.025 0.24345 0.2717)
(0.025 0.24345 0.39505)
(0.025 0.24345 0.40005)
(0.025 0.26045 0.2667)
(0.025 0.26045 0.2717)
(0.025 0.26045 0.39505)
(0.025 0.26045 0.40005)
(0.025 0.27745 0.2667)
(0.025 0.27745 0.2717)
(0.025 0.27745 0.39505)
(0.025 0.27745 0.40005)
(0.025 0.29445 0.2667)
(0.025 0.29445 0.2717)
(0.025 0.29445 0.39505)
(0.025 0.29445 0.40005)
(0.025 0.30945 0.2667)
(0.025 0.30945 0.2717)
(0.025 0.30945 0.39505)
(0.025 0.30945 0.40005)
(0.025 0.32445 0.2667)
(0.025 0.32445 0.2717)
(0.025 0.32445 0.39505)
(0.025 0.32445 0.40005)
(0.025 0.34195 0.2667)
(0.025 0.34195 0.2717)
(0.025 0.34195 0.39505)
(0.025 0.34195 0.40005)
(0.025 0.35945 0.2667)
(0.025 0.35945 0.2717)
(0.025 0.35945 0.39505)
(0.025 0.35945 0.40005)
(0.025 0.37695 0.2667)
(0.025 0.37695 0.2717)
(0.025 0.37695 0.39505)
(0.025 0.37695 0.40005)
(0.025 0.39445 0.2667)
(0.025 0.39445 0.2717)
(0.025 0.39445 0.39505)
(0.025 0.39445 0.40005)
(0.025 0.40445 0.2667)
(0.025 0.40445 0.2717)
(0.025 0.40445 0.39505)
(0.025 0.40445 0.40005)
(0.025 0.41945 0.2667)
(0.025 0.41945 0.2717)
(0.025 0.41945 0.39505)
(0.025 0.41945 0.40005)
(0.025 0.42945 0.2667)
(0.025 0.42945 0.2717)
(0.025 0.42945 0.39505)
(0.025 0.42945 0.40005)
(0.025 0.43445 0.2667)
(0.025 0.43445 0.2717)
(0.025 0.43445 0.39505)
(0.025 0.43445 0.40005)
(0.025 0.451117 0.2667)
(0.025 0.451117 0.2717)
(0.025 0.451117 0.39505)
(0.025 0.451117 0.40005)
(0.025 0.467783 0.2667)
(0.025 0.467783 0.2717)
(0.025 0.467783 0.39505)
(0.025 0.467783 0.40005)
(0.025 0.48445 0.2667)
(0.025 0.48445 0.2717)
(0.025 0.48445 0.39505)
(0.025 0.48445 0.40005)
(0.025 0.49445 0.2667)
(0.025 0.49445 0.2717)
(0.025 0.49445 0.39505)
(0.025 0.49445 0.40005)
(0.025 0.50445 0.2667)
(0.025 0.50445 0.2717)
(0.025 0.50445 0.39505)
(0.025 0.50445 0.40005)
(0.025 0.50945 0.2667)
(0.025 0.50945 0.2717)
(0.025 0.50945 0.39505)
(0.025 0.50945 0.40005)
(0.025 0.52445 0.2667)
(0.025 0.52445 0.2717)
(0.025 0.52445 0.39505)
(0.025 0.52445 0.40005)
(0.025 0.53945 0.2667)
(0.025 0.53945 0.2717)
(0.025 0.53945 0.2817)
(0.025 0.53945 0.2847)
(0.025 0.53945 0.2887)
(0.025 0.53945 0.2917)
(0.025 0.53945 0.2967)
(0.025 0.53945 0.3142)
(0.025 0.53945 0.3317)
(0.025 0.53945 0.3492)
(0.025 0.53945 0.3667)
(0.025 0.53945 0.3737)
(0.025 0.53945 0.3767)
(0.025 0.53945 0.38205)
(0.025 0.53945 0.38505)
(0.025 0.53945 0.39505)
(0.025 0.53945 0.40005)
(0.025 0.54445 0.2667)
(0.025 0.54445 0.2717)
(0.025 0.54445 0.2817)
(0.025 0.54445 0.2847)
(0.025 0.54445 0.2887)
(0.025 0.54445 0.2917)
(0.025 0.54445 0.2967)
(0.025 0.54445 0.3142)
(0.025 0.54445 0.3317)
(0.025 0.54445 0.3492)
(0.025 0.54445 0.3667)
(0.025 0.54445 0.3737)
(0.025 0.54445 0.3767)
(0.025 0.54445 0.38205)
(0.025 0.54445 0.38505)
(0.025 0.54445 0.39505)
(0.025 0.54445 0.40005)
(0.0277812 0.04445 0.2667)
(0.0277812 0.04445 0.2717)
(0.0277812 0.04445 0.2817)
(0.0277812 0.04445 0.2847)
(0.0277812 0.04445 0.38205)
(0.0277812 0.04445 0.38505)
(0.0277812 0.04445 0.39505)
(0.0277812 0.04445 0.40005)
(0.0277812 0.04945 0.2667)
(0.0277812 0.04945 0.2717)
(0.0277812 0.04945 0.2817)
(0.0277812 0.04945 0.2847)
(0.0277812 0.04945 0.38205)
(0.0277812 0.04945 0.38505)
(0.0277812 0.04945 0.39505)
(0.0277812 0.04945 0.40005)
(0.0277812 0.06445 0.2667)
(0.0277812 0.06445 0.2717)
(0.0277812 0.06445 0.39505)
(0.0277812 0.06445 0.40005)
(0.0277812 0.07945 0.2667)
(0.0277812 0.07945 0.2717)
(0.0277812 0.07945 0.39505)
(0.0277812 0.07945 0.40005)
(0.0277812 0.08945 0.2667)
(0.0277812 0.08945 0.2717)
(0.0277812 0.08945 0.39505)
(0.0277812 0.08945 0.40005)
(0.0277812 0.09945 0.2667)
(0.0277812 0.09945 0.2717)
(0.0277812 0.09945 0.39505)
(0.0277812 0.09945 0.40005)
(0.0277812 0.11445 0.2667)
(0.0277812 0.11445 0.2717)
(0.0277812 0.11445 0.39505)
(0.0277812 0.11445 0.40005)
(0.0277812 0.12945 0.2667)
(0.0277812 0.12945 0.2717)
(0.0277812 0.12945 0.39505)
(0.0277812 0.12945 0.40005)
(0.0277812 0.14445 0.2667)
(0.0277812 0.14445 0.2717)
(0.0277812 0.14445 0.39505)
(0.0277812 0.14445 0.40005)
(0.0277812 0.15945 0.2667)
(0.0277812 0.15945 0.2717)
(0.0277812 0.15945 0.39505)
(0.0277812 0.15945 0.40005)
(0.0277812 0.16445 0.2667)
(0.0277812 0.16445 0.2717)
(0.0277812 0.16445 0.39505)
(0.0277812 0.16445 0.40005)
(0.0277812 0.17445 0.2667)
(0.0277812 0.17445 0.2717)
(0.0277812 0.17445 0.39505)
(0.0277812 0.17445 0.40005)
(0.0277812 0.18445 0.2667)
(0.0277812 0.18445 0.2717)
(0.0277812 0.18445 0.39505)
(0.0277812 0.18445 0.40005)
(0.0277812 0.19695 0.2667)
(0.0277812 0.19695 0.2717)
(0.0277812 0.19695 0.39505)
(0.0277812 0.19695 0.40005)
(0.0277812 0.20945 0.2667)
(0.0277812 0.20945 0.2717)
(0.0277812 0.20945 0.39505)
(0.0277812 0.20945 0.40005)
(0.0277812 0.22645 0.2667)
(0.0277812 0.22645 0.2717)
(0.0277812 0.22645 0.39505)
(0.0277812 0.22645 0.40005)
(0.0277812 0.24345 0.2667)
(0.0277812 0.24345 0.2717)
(0.0277812 0.24345 0.39505)
(0.0277812 0.24345 0.40005)
(0.0277812 0.26045 0.2667)
(0.0277812 0.26045 0.2717)
(0.0277812 0.26045 0.39505)
(0.0277812 0.26045 0.40005)
(0.0277812 0.27745 0.2667)
(0.0277812 0.27745 0.2717)
(0.0277812 0.27745 0.39505)
(0.0277812 0.27745 0.40005)
(0.0277812 0.29445 0.2667)
(0.0277812 0.29445 0.2717)
(0.0277812 0.29445 0.39505)
(0.0277812 0.29445 0.40005)
(0.0277812 0.30945 0.2667)
(0.0277812 0.30945 0.2717)
(0.0277812 0.30945 0.39505)
(0.0277812 0.30945 0.40005)
(0.0277812 0.32445 0.2667)
(0.0277812 0.32445 0.2717)
(0.0277812 0.32445 0.39505)
(0.0277812 0.32445 0.40005)
(0.0277812 0.34195 0.2667)
(0.0277812 0.34195 0.2717)
(0.0277812 0.34195 0.39505)
(0.0277812 0.34195 0.40005)
(0.0277812 0.35945 0.2667)
(0.0277812 0.35945 0.2717)
(0.0277812 0.35945 0.39505)
(0.0277812 0.35945 0.40005)
(0.0277812 0.37695 0.2667)
(0.0277812 0.37695 0.2717)
(0.0277812 0.37695 0.39505)
(0.0277812 0.37695 0.40005)
(0.0277812 0.39445 0.2667)
(0.0277812 0.39445 0.2717)
(0.0277812 0.39445 0.39505)
(0.0277812 0.39445 0.40005)
(0.0277812 0.40445 0.2667)
(0.0277812 0.40445 0.2717)
(0.0277812 0.40445 0.39505)
(0.0277812 0.40445 0.40005)
(0.0277812 0.41945 0.2667)
(0.0277812 0.41945 0.2717)
(0.0277812 0.41945 0.39505)
(0.0277812 0.41945 0.40005)
(0.0277812 0.42945 0.2667)
(0.0277812 0.42945 0.2717)
(0.0277812 0.42945 0.39505)
(0.0277812 0.42945 0.40005)
(0.0277812 0.43445 0.2667)
(0.0277812 0.43445 0.2717)
(0.0277812 0.43445 0.39505)
(0.0277812 0.43445 0.40005)
(0.0277812 0.451117 0.2667)
(0.0277812 0.451117 0.2717)
(0.0277812 0.451117 0.39505)
(0.0277812 0.451117 0.40005)
(0.0277812 0.467783 0.2667)
(0.0277812 0.467783 0.2717)
(0.0277812 0.467783 0.39505)
(0.0277812 0.467783 0.40005)
(0.0277812 0.48445 0.2667)
(0.0277812 0.48445 0.2717)
(0.0277812 0.48445 0.39505)
(0.0277812 0.48445 0.40005)
(0.0277812 0.49445 0.2667)
(0.0277812 0.49445 0.2717)
(0.0277812 0.49445 0.39505)
(0.0277812 0.49445 0.40005)
(0.0277812 0.50445 0.2667)
(0.0277812 0.50445 0.2717)
(0.0277812 0.50445 0.39505)
(0.0277812 0.50445 0.40005)
(0.0277812 0.50945 0.2667)
(0.0277812 0.50945 0.2717)
(0.0277812 0.50945 0.39505)
(0.0277812 0.50945 0.40005)
(0.0277812 0.52445 0.2667)
(0.0277812 0.52445 0.2717)
(0.0277812 0.52445 0.39505)
(0.0277812 0.52445 0.40005)
(0.0277812 0.53945 0.2667)
(0.0277812 0.53945 0.2717)
(0.0277812 0.53945 0.2817)
(0.0277812 0.53945 0.38505)
(0.0277812 0.53945 0.39505)
(0.0277812 0.53945 0.40005)
(0.0277812 0.54445 0.2667)
(0.0277812 0.54445 0.2717)
(0.0277812 0.54445 0.2817)
(0.0277812 0.54445 0.38505)
(0.0277812 0.54445 0.39505)
(0.0277812 0.54445 0.40005)
(0.0329146 0.04445 0.2667)
(0.0329146 0.04445 0.2717)
(0.0329146 0.04445 0.2817)
(0.0329146 0.04445 0.2847)
(0.0329146 0.04445 0.38205)
(0.0329146 0.04445 0.38505)
(0.0329146 0.04445 0.39505)
(0.0329146 0.04445 0.40005)
(0.0329146 0.04945 0.2667)
(0.0329146 0.04945 0.2717)
(0.0329146 0.04945 0.2817)
(0.0329146 0.04945 0.2847)
(0.0329146 0.04945 0.38205)
(0.0329146 0.04945 0.38505)
(0.0329146 0.04945 0.39505)
(0.0329146 0.04945 0.40005)
(0.0329146 0.06445 0.2667)
(0.0329146 0.06445 0.2717)
(0.0329146 0.06445 0.39505)
(0.0329146 0.06445 0.40005)
(0.0329146 0.07945 0.2667)
(0.0329146 0.07945 0.2717)
(0.0329146 0.07945 0.39505)
(0.0329146 0.07945 0.40005)
(0.0329146 0.08945 0.2667)
(0.0329146 0.08945 0.2717)
(0.0329146 0.08945 0.39505)
(0.0329146 0.08945 0.40005)
(0.0329146 0.09945 0.2667)
(0.0329146 0.09945 0.2717)
(0.0329146 0.09945 0.39505)
(0.0329146 0.09945 0.40005)
(0.0329146 0.11445 0.2667)
(0.0329146 0.11445 0.2717)
(0.0329146 0.11445 0.39505)
(0.0329146 0.11445 0.40005)
(0.0329146 0.12945 0.2667)
(0.0329146 0.12945 0.2717)
(0.0329146 0.12945 0.39505)
(0.0329146 0.12945 0.40005)
(0.0329146 0.14445 0.2667)
(0.0329146 0.14445 0.2717)
(0.0329146 0.14445 0.39505)
(0.0329146 0.14445 0.40005)
(0.0329146 0.15945 0.2667)
(0.0329146 0.15945 0.2717)
(0.0329146 0.15945 0.39505)
(0.0329146 0.15945 0.40005)
(0.0329146 0.16445 0.2667)
(0.0329146 0.16445 0.2717)
(0.0329146 0.16445 0.39505)
(0.0329146 0.16445 0.40005)
(0.0329146 0.17445 0.2667)
(0.0329146 0.17445 0.2717)
(0.0329146 0.17445 0.39505)
(0.0329146 0.17445 0.40005)
(0.0329146 0.18445 0.2667)
(0.0329146 0.18445 0.2717)
(0.0329146 0.18445 0.39505)
(0.0329146 0.18445 0.40005)
(0.0329146 0.19695 0.2667)
(0.0329146 0.19695 0.2717)
(0.0329146 0.19695 0.39505)
(0.0329146 0.19695 0.40005)
(0.0329146 0.20945 0.2667)
(0.0329146 0.20945 0.2717)
(0.0329146 0.20945 0.39505)
(0.0329146 0.20945 0.40005)
(0.0329146 0.22645 0.2667)
(0.0329146 0.22645 0.2717)
(0.0329146 0.22645 0.39505)
(0.0329146 0.22645 0.40005)
(0.0329146 0.24345 0.2667)
(0.0329146 0.24345 0.2717)
(0.0329146 0.24345 0.39505)
(0.0329146 0.24345 0.40005)
(0.0329146 0.26045 0.2667)
(0.0329146 0.26045 0.2717)
(0.0329146 0.26045 0.39505)
(0.0329146 0.26045 0.40005)
(0.0329146 0.27745 0.2667)
(0.0329146 0.27745 0.2717)
(0.0329146 0.27745 0.39505)
(0.0329146 0.27745 0.40005)
(0.0329146 0.29445 0.2667)
(0.0329146 0.29445 0.2717)
(0.0329146 0.29445 0.39505)
(0.0329146 0.29445 0.40005)
(0.0329146 0.30945 0.2667)
(0.0329146 0.30945 0.2717)
(0.0329146 0.30945 0.39505)
(0.0329146 0.30945 0.40005)
(0.0329146 0.32445 0.2667)
(0.0329146 0.32445 0.2717)
(0.0329146 0.32445 0.39505)
(0.0329146 0.32445 0.40005)
(0.0329146 0.34195 0.2667)
(0.0329146 0.34195 0.2717)
(0.0329146 0.34195 0.39505)
(0.0329146 0.34195 0.40005)
(0.0329146 0.35945 0.2667)
(0.0329146 0.35945 0.2717)
(0.0329146 0.35945 0.39505)
(0.0329146 0.35945 0.40005)
(0.0329146 0.37695 0.2667)
(0.0329146 0.37695 0.2717)
(0.0329146 0.37695 0.39505)
(0.0329146 0.37695 0.40005)
(0.0329146 0.39445 0.2667)
(0.0329146 0.39445 0.2717)
(0.0329146 0.39445 0.39505)
(0.0329146 0.39445 0.40005)
(0.0329146 0.40445 0.2667)
(0.0329146 0.40445 0.2717)
(0.0329146 0.40445 0.39505)
(0.0329146 0.40445 0.40005)
(0.0329146 0.41945 0.2667)
(0.0329146 0.41945 0.2717)
(0.0329146 0.41945 0.39505)
(0.0329146 0.41945 0.40005)
(0.0329146 0.42945 0.2667)
(0.0329146 0.42945 0.2717)
(0.0329146 0.42945 0.39505)
(0.0329146 0.42945 0.40005)
(0.0329146 0.43445 0.2667)
(0.0329146 0.43445 0.2717)
(0.0329146 0.43445 0.39505)
(0.0329146 0.43445 0.40005)
(0.0329146 0.451117 0.2667)
(0.0329146 0.451117 0.2717)
(0.0329146 0.451117 0.39505)
(0.0329146 0.451117 0.40005)
(0.0329146 0.467783 0.2667)
(0.0329146 0.467783 0.2717)
(0.0329146 0.467783 0.39505)
(0.0329146 0.467783 0.40005)
(0.0329146 0.48445 0.2667)
(0.0329146 0.48445 0.2717)
(0.0329146 0.48445 0.39505)
(0.0329146 0.48445 0.40005)
(0.0329146 0.49445 0.2667)
(0.0329146 0.49445 0.2717)
(0.0329146 0.49445 0.39505)
(0.0329146 0.49445 0.40005)
(0.0329146 0.50445 0.2667)
(0.0329146 0.50445 0.2717)
(0.0329146 0.50445 0.39505)
(0.0329146 0.50445 0.40005)
(0.0329146 0.50945 0.2667)
(0.0329146 0.50945 0.2717)
(0.0329146 0.50945 0.39505)
(0.0329146 0.50945 0.40005)
(0.0329146 0.52445 0.2667)
(0.0329146 0.52445 0.2717)
(0.0329146 0.52445 0.39505)
(0.0329146 0.52445 0.40005)
(0.0329146 0.53945 0.2667)
(0.0329146 0.53945 0.2717)
(0.0329146 0.53945 0.2817)
(0.0329146 0.53945 0.38505)
(0.0329146 0.53945 0.39505)
(0.0329146 0.53945 0.40005)
(0.0329146 0.54445 0.2667)
(0.0329146 0.54445 0.2717)
(0.0329146 0.54445 0.2817)
(0.0329146 0.54445 0.38505)
(0.0329146 0.54445 0.39505)
(0.0329146 0.54445 0.40005)
(0.045 0.04445 0.2667)
(0.045 0.04445 0.2717)
(0.045 0.04445 0.2817)
(0.045 0.04445 0.2847)
(0.045 0.04445 0.38205)
(0.045 0.04445 0.38505)
(0.045 0.04445 0.39505)
(0.045 0.04445 0.40005)
(0.045 0.04945 0.2667)
(0.045 0.04945 0.2717)
(0.045 0.04945 0.2817)
(0.045 0.04945 0.2847)
(0.045 0.04945 0.38205)
(0.045 0.04945 0.38505)
(0.045 0.04945 0.39505)
(0.045 0.04945 0.40005)
(0.045 0.06445 0.2667)
(0.045 0.06445 0.2717)
(0.045 0.06445 0.39505)
(0.045 0.06445 0.40005)
(0.045 0.07945 0.2667)
(0.045 0.07945 0.2717)
(0.045 0.07945 0.39505)
(0.045 0.07945 0.40005)
(0.045 0.08945 0.2667)
(0.045 0.08945 0.2717)
(0.045 0.08945 0.39505)
(0.045 0.08945 0.40005)
(0.045 0.09945 0.2667)
(0.045 0.09945 0.2717)
(0.045 0.09945 0.39505)
(0.045 0.09945 0.40005)
(0.045 0.11445 0.2667)
(0.045 0.11445 0.2717)
(0.045 0.11445 0.39505)
(0.045 0.11445 0.40005)
(0.045 0.12945 0.2667)
(0.045 0.12945 0.2717)
(0.045 0.12945 0.39505)
(0.045 0.12945 0.40005)
(0.045 0.14445 0.2667)
(0.045 0.14445 0.2717)
(0.045 0.14445 0.39505)
(0.045 0.14445 0.40005)
(0.045 0.15945 0.2667)
(0.045 0.15945 0.2717)
(0.045 0.15945 0.39505)
(0.045 0.15945 0.40005)
(0.045 0.16445 0.2667)
(0.045 0.16445 0.2717)
(0.045 0.16445 0.39505)
(0.045 0.16445 0.40005)
(0.045 0.17445 0.2667)
(0.045 0.17445 0.2717)
(0.045 0.17445 0.39505)
(0.045 0.17445 0.40005)
(0.045 0.18445 0.2667)
(0.045 0.18445 0.2717)
(0.045 0.18445 0.39505)
(0.045 0.18445 0.40005)
(0.045 0.19695 0.2667)
(0.045 0.19695 0.2717)
(0.045 0.19695 0.39505)
(0.045 0.19695 0.40005)
(0.045 0.20945 0.2667)
(0.045 0.20945 0.2717)
(0.045 0.20945 0.39505)
(0.045 0.20945 0.40005)
(0.045 0.22645 0.2667)
(0.045 0.22645 0.2717)
(0.045 0.22645 0.39505)
(0.045 0.22645 0.40005)
(0.045 0.24345 0.2667)
(0.045 0.24345 0.2717)
(0.045 0.24345 0.39505)
(0.045 0.24345 0.40005)
(0.045 0.26045 0.2667)
(0.045 0.26045 0.2717)
(0.045 0.26045 0.39505)
(0.045 0.26045 0.40005)
(0.045 0.27745 0.2667)
(0.045 0.27745 0.2717)
(0.045 0.27745 0.39505)
(0.045 0.27745 0.40005)
(0.045 0.29445 0.2667)
(0.045 0.29445 0.2717)
(0.045 0.29445 0.39505)
(0.045 0.29445 0.40005)
(0.045 0.30945 0.2667)
(0.045 0.30945 0.2717)
(0.045 0.30945 0.39505)
(0.045 0.30945 0.40005)
(0.045 0.32445 0.2667)
(0.045 0.32445 0.2717)
(0.045 0.32445 0.39505)
(0.045 0.32445 0.40005)
(0.045 0.34195 0.2667)
(0.045 0.34195 0.2717)
(0.045 0.34195 0.39505)
(0.045 0.34195 0.40005)
(0.045 0.35945 0.2667)
(0.045 0.35945 0.2717)
(0.045 0.35945 0.39505)
(0.045 0.35945 0.40005)
(0.045 0.37695 0.2667)
(0.045 0.37695 0.2717)
(0.045 0.37695 0.39505)
(0.045 0.37695 0.40005)
(0.045 0.39445 0.2667)
(0.045 0.39445 0.2717)
(0.045 0.39445 0.39505)
(0.045 0.39445 0.40005)
(0.045 0.40445 0.2667)
(0.045 0.40445 0.2717)
(0.045 0.40445 0.39505)
(0.045 0.40445 0.40005)
(0.045 0.41945 0.2667)
(0.045 0.41945 0.2717)
(0.045 0.41945 0.39505)
(0.045 0.41945 0.40005)
(0.045 0.42945 0.2667)
(0.045 0.42945 0.2717)
(0.045 0.42945 0.2967)
(0.045 0.42945 0.3142)
(0.045 0.42945 0.3317)
(0.045 0.42945 0.3492)
(0.045 0.42945 0.3667)
(0.045 0.42945 0.39505)
(0.045 0.42945 0.40005)
(0.045 0.43445 0.2667)
(0.045 0.43445 0.2717)
(0.045 0.43445 0.2967)
(0.045 0.43445 0.3142)
(0.045 0.43445 0.3317)
(0.045 0.43445 0.3492)
(0.045 0.43445 0.3667)
(0.045 0.43445 0.39505)
(0.045 0.43445 0.40005)
(0.045 0.451117 0.2667)
(0.045 0.451117 0.2717)
(0.045 0.451117 0.2967)
(0.045 0.451117 0.3142)
(0.045 0.451117 0.3317)
(0.045 0.451117 0.3492)
(0.045 0.451117 0.3667)
(0.045 0.451117 0.39505)
(0.045 0.451117 0.40005)
(0.045 0.467783 0.2667)
(0.045 0.467783 0.2717)
(0.045 0.467783 0.2967)
(0.045 0.467783 0.3142)
(0.045 0.467783 0.3317)
(0.045 0.467783 0.3492)
(0.045 0.467783 0.3667)
(0.045 0.467783 0.39505)
(0.045 0.467783 0.40005)
(0.045 0.48445 0.2667)
(0.045 0.48445 0.2717)
(0.045 0.48445 0.2967)
(0.045 0.48445 0.3142)
(0.045 0.48445 0.3317)
(0.045 0.48445 0.3492)
(0.045 0.48445 0.3667)
(0.045 0.48445 0.39505)
(0.045 0.48445 0.40005)
(0.045 0.49445 0.2667)
(0.045 0.49445 0.2717)
(0.045 0.49445 0.2967)
(0.045 0.49445 0.3142)
(0.045 0.49445 0.3317)
(0.045 0.49445 0.3492)
(0.045 0.49445 0.3667)
(0.045 0.49445 0.39505)
(0.045 0.49445 0.40005)
(0.045 0.50445 0.2667)
(0.045 0.50445 0.2717)
(0.045 0.50445 0.2967)
(0.045 0.50445 0.3142)
(0.045 0.50445 0.3317)
(0.045 0.50445 0.3492)
(0.045 0.50445 0.3667)
(0.045 0.50445 0.39505)
(0.045 0.50445 0.40005)
(0.045 0.50945 0.2667)
(0.045 0.50945 0.2717)
(0.045 0.50945 0.39505)
(0.045 0.50945 0.40005)
(0.045 0.52445 0.2667)
(0.045 0.52445 0.2717)
(0.045 0.52445 0.39505)
(0.045 0.52445 0.40005)
(0.045 0.53945 0.2667)
(0.045 0.53945 0.2717)
(0.045 0.53945 0.2817)
(0.045 0.53945 0.38505)
(0.045 0.53945 0.39505)
(0.045 0.53945 0.40005)
(0.045 0.54445 0.2667)
(0.045 0.54445 0.2717)
(0.045 0.54445 0.2817)
(0.045 0.54445 0.38505)
(0.045 0.54445 0.39505)
(0.045 0.54445 0.40005)
(0.0479146 0.04445 0.2667)
(0.0479146 0.04445 0.2717)
(0.0479146 0.04445 0.2817)
(0.0479146 0.04445 0.2847)
(0.0479146 0.04445 0.38205)
(0.0479146 0.04445 0.38505)
(0.0479146 0.04445 0.39505)
(0.0479146 0.04445 0.40005)
(0.0479146 0.04945 0.2667)
(0.0479146 0.04945 0.2717)
(0.0479146 0.04945 0.2817)
(0.0479146 0.04945 0.2847)
(0.0479146 0.04945 0.38205)
(0.0479146 0.04945 0.38505)
(0.0479146 0.04945 0.39505)
(0.0479146 0.04945 0.40005)
(0.0479146 0.06445 0.2667)
(0.0479146 0.06445 0.2717)
(0.0479146 0.06445 0.39505)
(0.0479146 0.06445 0.40005)
(0.0479146 0.07945 0.2667)
(0.0479146 0.07945 0.2717)
(0.0479146 0.07945 0.39505)
(0.0479146 0.07945 0.40005)
(0.0479146 0.08945 0.2667)
(0.0479146 0.08945 0.2717)
(0.0479146 0.08945 0.39505)
(0.0479146 0.08945 0.40005)
(0.0479146 0.09945 0.2667)
(0.0479146 0.09945 0.2717)
(0.0479146 0.09945 0.39505)
(0.0479146 0.09945 0.40005)
(0.0479146 0.11445 0.2667)
(0.0479146 0.11445 0.2717)
(0.0479146 0.11445 0.39505)
(0.0479146 0.11445 0.40005)
(0.0479146 0.12945 0.2667)
(0.0479146 0.12945 0.2717)
(0.0479146 0.12945 0.39505)
(0.0479146 0.12945 0.40005)
(0.0479146 0.14445 0.2667)
(0.0479146 0.14445 0.2717)
(0.0479146 0.14445 0.39505)
(0.0479146 0.14445 0.40005)
(0.0479146 0.15945 0.2667)
(0.0479146 0.15945 0.2717)
(0.0479146 0.15945 0.39505)
(0.0479146 0.15945 0.40005)
(0.0479146 0.16445 0.2667)
(0.0479146 0.16445 0.2717)
(0.0479146 0.16445 0.39505)
(0.0479146 0.16445 0.40005)
(0.0479146 0.17445 0.2667)
(0.0479146 0.17445 0.2717)
(0.0479146 0.17445 0.39505)
(0.0479146 0.17445 0.40005)
(0.0479146 0.18445 0.2667)
(0.0479146 0.18445 0.2717)
(0.0479146 0.18445 0.39505)
(0.0479146 0.18445 0.40005)
(0.0479146 0.19695 0.2667)
(0.0479146 0.19695 0.2717)
(0.0479146 0.19695 0.39505)
(0.0479146 0.19695 0.40005)
(0.0479146 0.20945 0.2667)
(0.0479146 0.20945 0.2717)
(0.0479146 0.20945 0.39505)
(0.0479146 0.20945 0.40005)
(0.0479146 0.22645 0.2667)
(0.0479146 0.22645 0.2717)
(0.0479146 0.22645 0.39505)
(0.0479146 0.22645 0.40005)
(0.0479146 0.24345 0.2667)
(0.0479146 0.24345 0.2717)
(0.0479146 0.24345 0.39505)
(0.0479146 0.24345 0.40005)
(0.0479146 0.26045 0.2667)
(0.0479146 0.26045 0.2717)
(0.0479146 0.26045 0.39505)
(0.0479146 0.26045 0.40005)
(0.0479146 0.27745 0.2667)
(0.0479146 0.27745 0.2717)
(0.0479146 0.27745 0.39505)
(0.0479146 0.27745 0.40005)
(0.0479146 0.29445 0.2667)
(0.0479146 0.29445 0.2717)
(0.0479146 0.29445 0.39505)
(0.0479146 0.29445 0.40005)
(0.0479146 0.30945 0.2667)
(0.0479146 0.30945 0.2717)
(0.0479146 0.30945 0.39505)
(0.0479146 0.30945 0.40005)
(0.0479146 0.32445 0.2667)
(0.0479146 0.32445 0.2717)
(0.0479146 0.32445 0.39505)
(0.0479146 0.32445 0.40005)
(0.0479146 0.34195 0.2667)
(0.0479146 0.34195 0.2717)
(0.0479146 0.34195 0.39505)
(0.0479146 0.34195 0.40005)
(0.0479146 0.35945 0.2667)
(0.0479146 0.35945 0.2717)
(0.0479146 0.35945 0.39505)
(0.0479146 0.35945 0.40005)
(0.0479146 0.37695 0.2667)
(0.0479146 0.37695 0.2717)
(0.0479146 0.37695 0.39505)
(0.0479146 0.37695 0.40005)
(0.0479146 0.39445 0.2667)
(0.0479146 0.39445 0.2717)
(0.0479146 0.39445 0.39505)
(0.0479146 0.39445 0.40005)
(0.0479146 0.40445 0.2667)
(0.0479146 0.40445 0.2717)
(0.0479146 0.40445 0.39505)
(0.0479146 0.40445 0.40005)
(0.0479146 0.41945 0.2667)
(0.0479146 0.41945 0.2717)
(0.0479146 0.41945 0.39505)
(0.0479146 0.41945 0.40005)
(0.0479146 0.42945 0.2667)
(0.0479146 0.42945 0.2717)
(0.0479146 0.42945 0.2967)
(0.0479146 0.42945 0.3142)
(0.0479146 0.42945 0.3317)
(0.0479146 0.42945 0.3492)
(0.0479146 0.42945 0.3667)
(0.0479146 0.42945 0.39505)
(0.0479146 0.42945 0.40005)
(0.0479146 0.43445 0.2667)
(0.0479146 0.43445 0.2717)
(0.0479146 0.43445 0.2967)
(0.0479146 0.43445 0.3142)
(0.0479146 0.43445 0.3317)
(0.0479146 0.43445 0.3492)
(0.0479146 0.43445 0.3667)
(0.0479146 0.43445 0.39505)
(0.0479146 0.43445 0.40005)
(0.0479146 0.451117 0.2667)
(0.0479146 0.451117 0.2717)
(0.0479146 0.451117 0.2967)
(0.0479146 0.451117 0.3142)
(0.0479146 0.451117 0.3317)
(0.0479146 0.451117 0.3492)
(0.0479146 0.451117 0.3667)
(0.0479146 0.451117 0.39505)
(0.0479146 0.451117 0.40005)
(0.0479146 0.467783 0.2667)
(0.0479146 0.467783 0.2717)
(0.0479146 0.467783 0.2967)
(0.0479146 0.467783 0.3142)
(0.0479146 0.467783 0.3317)
(0.0479146 0.467783 0.3492)
(0.0479146 0.467783 0.3667)
(0.0479146 0.467783 0.39505)
(0.0479146 0.467783 0.40005)
(0.0479146 0.48445 0.2667)
(0.0479146 0.48445 0.2717)
(0.0479146 0.48445 0.2967)
(0.0479146 0.48445 0.3142)
(0.0479146 0.48445 0.3317)
(0.0479146 0.48445 0.3492)
(0.0479146 0.48445 0.3667)
(0.0479146 0.48445 0.39505)
(0.0479146 0.48445 0.40005)
(0.0479146 0.49445 0.2667)
(0.0479146 0.49445 0.2717)
(0.0479146 0.49445 0.2967)
(0.0479146 0.49445 0.3142)
(0.0479146 0.49445 0.3317)
(0.0479146 0.49445 0.3492)
(0.0479146 0.49445 0.3667)
(0.0479146 0.49445 0.39505)
(0.0479146 0.49445 0.40005)
(0.0479146 0.50445 0.2667)
(0.0479146 0.50445 0.2717)
(0.0479146 0.50445 0.2967)
(0.0479146 0.50445 0.3142)
(0.0479146 0.50445 0.3317)
(0.0479146 0.50445 0.3492)
(0.0479146 0.50445 0.3667)
(0.0479146 0.50445 0.39505)
(0.0479146 0.50445 0.40005)
(0.0479146 0.50945 0.2667)
(0.0479146 0.50945 0.2717)
(0.0479146 0.50945 0.39505)
(0.0479146 0.50945 0.40005)
(0.0479146 0.52445 0.2667)
(0.0479146 0.52445 0.2717)
(0.0479146 0.52445 0.39505)
(0.0479146 0.52445 0.40005)
(0.0479146 0.53945 0.2667)
(0.0479146 0.53945 0.2717)
(0.0479146 0.53945 0.2817)
(0.0479146 0.53945 0.38505)
(0.0479146 0.53945 0.39505)
(0.0479146 0.53945 0.40005)
(0.0479146 0.54445 0.2667)
(0.0479146 0.54445 0.2717)
(0.0479146 0.54445 0.2817)
(0.0479146 0.54445 0.38505)
(0.0479146 0.54445 0.39505)
(0.0479146 0.54445 0.40005)
(0.053895 0.04445 0.2667)
(0.053895 0.04445 0.2717)
(0.053895 0.04445 0.2817)
(0.053895 0.04445 0.2847)
(0.053895 0.04445 0.38205)
(0.053895 0.04445 0.38505)
(0.053895 0.04445 0.39505)
(0.053895 0.04445 0.40005)
(0.053895 0.04945 0.2667)
(0.053895 0.04945 0.2717)
(0.053895 0.04945 0.2817)
(0.053895 0.04945 0.2847)
(0.053895 0.04945 0.38205)
(0.053895 0.04945 0.38505)
(0.053895 0.04945 0.39505)
(0.053895 0.04945 0.40005)
(0.053895 0.06445 0.2667)
(0.053895 0.06445 0.2717)
(0.053895 0.06445 0.39505)
(0.053895 0.06445 0.40005)
(0.053895 0.07945 0.2667)
(0.053895 0.07945 0.2717)
(0.053895 0.07945 0.39505)
(0.053895 0.07945 0.40005)
(0.053895 0.08945 0.2667)
(0.053895 0.08945 0.2717)
(0.053895 0.08945 0.39505)
(0.053895 0.08945 0.40005)
(0.053895 0.09945 0.2667)
(0.053895 0.09945 0.2717)
(0.053895 0.09945 0.39505)
(0.053895 0.09945 0.40005)
(0.053895 0.11445 0.2667)
(0.053895 0.11445 0.2717)
(0.053895 0.11445 0.39505)
(0.053895 0.11445 0.40005)
(0.053895 0.12945 0.2667)
(0.053895 0.12945 0.2717)
(0.053895 0.12945 0.39505)
(0.053895 0.12945 0.40005)
(0.053895 0.14445 0.2667)
(0.053895 0.14445 0.2717)
(0.053895 0.14445 0.39505)
(0.053895 0.14445 0.40005)
(0.053895 0.15945 0.2667)
(0.053895 0.15945 0.2717)
(0.053895 0.15945 0.39505)
(0.053895 0.15945 0.40005)
(0.053895 0.16445 0.2667)
(0.053895 0.16445 0.2717)
(0.053895 0.16445 0.39505)
(0.053895 0.16445 0.40005)
(0.053895 0.17445 0.2667)
(0.053895 0.17445 0.2717)
(0.053895 0.17445 0.39505)
(0.053895 0.17445 0.40005)
(0.053895 0.18445 0.2667)
(0.053895 0.18445 0.2717)
(0.053895 0.18445 0.39505)
(0.053895 0.18445 0.40005)
(0.053895 0.19695 0.2667)
(0.053895 0.19695 0.2717)
(0.053895 0.19695 0.39505)
(0.053895 0.19695 0.40005)
(0.053895 0.20945 0.2667)
(0.053895 0.20945 0.2717)
(0.053895 0.20945 0.39505)
(0.053895 0.20945 0.40005)
(0.053895 0.22645 0.2667)
(0.053895 0.22645 0.2717)
(0.053895 0.22645 0.39505)
(0.053895 0.22645 0.40005)
(0.053895 0.24345 0.2667)
(0.053895 0.24345 0.2717)
(0.053895 0.24345 0.39505)
(0.053895 0.24345 0.40005)
(0.053895 0.26045 0.2667)
(0.053895 0.26045 0.2717)
(0.053895 0.26045 0.39505)
(0.053895 0.26045 0.40005)
(0.053895 0.27745 0.2667)
(0.053895 0.27745 0.2717)
(0.053895 0.27745 0.39505)
(0.053895 0.27745 0.40005)
(0.053895 0.29445 0.2667)
(0.053895 0.29445 0.2717)
(0.053895 0.29445 0.39505)
(0.053895 0.29445 0.40005)
(0.053895 0.30945 0.2667)
(0.053895 0.30945 0.2717)
(0.053895 0.30945 0.39505)
(0.053895 0.30945 0.40005)
(0.053895 0.32445 0.2667)
(0.053895 0.32445 0.2717)
(0.053895 0.32445 0.39505)
(0.053895 0.32445 0.40005)
(0.053895 0.34195 0.2667)
(0.053895 0.34195 0.2717)
(0.053895 0.34195 0.39505)
(0.053895 0.34195 0.40005)
(0.053895 0.35945 0.2667)
(0.053895 0.35945 0.2717)
(0.053895 0.35945 0.39505)
(0.053895 0.35945 0.40005)
(0.053895 0.37695 0.2667)
(0.053895 0.37695 0.2717)
(0.053895 0.37695 0.39505)
(0.053895 0.37695 0.40005)
(0.053895 0.39445 0.2667)
(0.053895 0.39445 0.2717)
(0.053895 0.39445 0.39505)
(0.053895 0.39445 0.40005)
(0.053895 0.40445 0.2667)
(0.053895 0.40445 0.2717)
(0.053895 0.40445 0.39505)
(0.053895 0.40445 0.40005)
(0.053895 0.41945 0.2667)
(0.053895 0.41945 0.2717)
(0.053895 0.41945 0.39505)
(0.053895 0.41945 0.40005)
(0.053895 0.42945 0.2667)
(0.053895 0.42945 0.2717)
(0.053895 0.42945 0.2967)
(0.053895 0.42945 0.3142)
(0.053895 0.42945 0.3317)
(0.053895 0.42945 0.3492)
(0.053895 0.42945 0.3667)
(0.053895 0.42945 0.39505)
(0.053895 0.42945 0.40005)
(0.053895 0.43445 0.2667)
(0.053895 0.43445 0.2717)
(0.053895 0.43445 0.2967)
(0.053895 0.43445 0.3142)
(0.053895 0.43445 0.3317)
(0.053895 0.43445 0.3492)
(0.053895 0.43445 0.3667)
(0.053895 0.43445 0.39505)
(0.053895 0.43445 0.40005)
(0.053895 0.451117 0.2667)
(0.053895 0.451117 0.2717)
(0.053895 0.451117 0.2967)
(0.053895 0.451117 0.3142)
(0.053895 0.451117 0.3317)
(0.053895 0.451117 0.3492)
(0.053895 0.451117 0.3667)
(0.053895 0.451117 0.39505)
(0.053895 0.451117 0.40005)
(0.053895 0.467783 0.2667)
(0.053895 0.467783 0.2717)
(0.053895 0.467783 0.2967)
(0.053895 0.467783 0.3142)
(0.053895 0.467783 0.3317)
(0.053895 0.467783 0.3492)
(0.053895 0.467783 0.3667)
(0.053895 0.467783 0.39505)
(0.053895 0.467783 0.40005)
(0.053895 0.48445 0.2667)
(0.053895 0.48445 0.2717)
(0.053895 0.48445 0.2967)
(0.053895 0.48445 0.3142)
(0.053895 0.48445 0.3317)
(0.053895 0.48445 0.3492)
(0.053895 0.48445 0.3667)
(0.053895 0.48445 0.39505)
(0.053895 0.48445 0.40005)
(0.053895 0.49445 0.2667)
(0.053895 0.49445 0.2717)
(0.053895 0.49445 0.2967)
(0.053895 0.49445 0.3142)
(0.053895 0.49445 0.3317)
(0.053895 0.49445 0.3492)
(0.053895 0.49445 0.3667)
(0.053895 0.49445 0.39505)
(0.053895 0.49445 0.40005)
(0.053895 0.50445 0.2667)
(0.053895 0.50445 0.2717)
(0.053895 0.50445 0.2967)
(0.053895 0.50445 0.3142)
(0.053895 0.50445 0.3317)
(0.053895 0.50445 0.3492)
(0.053895 0.50445 0.3667)
(0.053895 0.50445 0.39505)
(0.053895 0.50445 0.40005)
(0.053895 0.50945 0.2667)
(0.053895 0.50945 0.2717)
(0.053895 0.50945 0.39505)
(0.053895 0.50945 0.40005)
(0.053895 0.52445 0.2667)
(0.053895 0.52445 0.2717)
(0.053895 0.52445 0.39505)
(0.053895 0.52445 0.40005)
(0.053895 0.53945 0.2667)
(0.053895 0.53945 0.2717)
(0.053895 0.53945 0.2817)
(0.053895 0.53945 0.38505)
(0.053895 0.53945 0.39505)
(0.053895 0.53945 0.40005)
(0.053895 0.54445 0.2667)
(0.053895 0.54445 0.2717)
(0.053895 0.54445 0.2817)
(0.053895 0.54445 0.38505)
(0.053895 0.54445 0.39505)
(0.053895 0.54445 0.40005)
(0.055 0.04445 0.2667)
(0.055 0.04445 0.2717)
(0.055 0.04445 0.2817)
(0.055 0.04445 0.2847)
(0.055 0.04445 0.38205)
(0.055 0.04445 0.38505)
(0.055 0.04445 0.39505)
(0.055 0.04445 0.40005)
(0.055 0.04945 0.2667)
(0.055 0.04945 0.2717)
(0.055 0.04945 0.2817)
(0.055 0.04945 0.2847)
(0.055 0.04945 0.38205)
(0.055 0.04945 0.38505)
(0.055 0.04945 0.39505)
(0.055 0.04945 0.40005)
(0.055 0.06445 0.2667)
(0.055 0.06445 0.2717)
(0.055 0.06445 0.39505)
(0.055 0.06445 0.40005)
(0.055 0.07945 0.2667)
(0.055 0.07945 0.2717)
(0.055 0.07945 0.39505)
(0.055 0.07945 0.40005)
(0.055 0.08945 0.2667)
(0.055 0.08945 0.2717)
(0.055 0.08945 0.39505)
(0.055 0.08945 0.40005)
(0.055 0.09945 0.2667)
(0.055 0.09945 0.2717)
(0.055 0.09945 0.39505)
(0.055 0.09945 0.40005)
(0.055 0.11445 0.2667)
(0.055 0.11445 0.2717)
(0.055 0.11445 0.39505)
(0.055 0.11445 0.40005)
(0.055 0.12945 0.2667)
(0.055 0.12945 0.2717)
(0.055 0.12945 0.39505)
(0.055 0.12945 0.40005)
(0.055 0.14445 0.2667)
(0.055 0.14445 0.2717)
(0.055 0.14445 0.39505)
(0.055 0.14445 0.40005)
(0.055 0.15945 0.2667)
(0.055 0.15945 0.2717)
(0.055 0.15945 0.2967)
(0.055 0.15945 0.3142)
(0.055 0.15945 0.3317)
(0.055 0.15945 0.3492)
(0.055 0.15945 0.3667)
(0.055 0.15945 0.39505)
(0.055 0.15945 0.40005)
(0.055 0.16445 0.2667)
(0.055 0.16445 0.2717)
(0.055 0.16445 0.2967)
(0.055 0.16445 0.3142)
(0.055 0.16445 0.3317)
(0.055 0.16445 0.3492)
(0.055 0.16445 0.3667)
(0.055 0.16445 0.39505)
(0.055 0.16445 0.40005)
(0.055 0.17445 0.2667)
(0.055 0.17445 0.2717)
(0.055 0.17445 0.2967)
(0.055 0.17445 0.3142)
(0.055 0.17445 0.3317)
(0.055 0.17445 0.3492)
(0.055 0.17445 0.3667)
(0.055 0.17445 0.39505)
(0.055 0.17445 0.40005)
(0.055 0.18445 0.2667)
(0.055 0.18445 0.2717)
(0.055 0.18445 0.2967)
(0.055 0.18445 0.3142)
(0.055 0.18445 0.3317)
(0.055 0.18445 0.3492)
(0.055 0.18445 0.3667)
(0.055 0.18445 0.39505)
(0.055 0.18445 0.40005)
(0.055 0.19695 0.2667)
(0.055 0.19695 0.2717)
(0.055 0.19695 0.2967)
(0.055 0.19695 0.3142)
(0.055 0.19695 0.3317)
(0.055 0.19695 0.3492)
(0.055 0.19695 0.3667)
(0.055 0.19695 0.39505)
(0.055 0.19695 0.40005)
(0.055 0.20945 0.2667)
(0.055 0.20945 0.2717)
(0.055 0.20945 0.2967)
(0.055 0.20945 0.3142)
(0.055 0.20945 0.3317)
(0.055 0.20945 0.3492)
(0.055 0.20945 0.3667)
(0.055 0.20945 0.39505)
(0.055 0.20945 0.40005)
(0.055 0.22645 0.2667)
(0.055 0.22645 0.2717)
(0.055 0.22645 0.2967)
(0.055 0.22645 0.3142)
(0.055 0.22645 0.3317)
(0.055 0.22645 0.3492)
(0.055 0.22645 0.3667)
(0.055 0.22645 0.39505)
(0.055 0.22645 0.40005)
(0.055 0.24345 0.2667)
(0.055 0.24345 0.2717)
(0.055 0.24345 0.2967)
(0.055 0.24345 0.3142)
(0.055 0.24345 0.3317)
(0.055 0.24345 0.3492)
(0.055 0.24345 0.3667)
(0.055 0.24345 0.39505)
(0.055 0.24345 0.40005)
(0.055 0.26045 0.2667)
(0.055 0.26045 0.2717)
(0.055 0.26045 0.2967)
(0.055 0.26045 0.3142)
(0.055 0.26045 0.3317)
(0.055 0.26045 0.3492)
(0.055 0.26045 0.3667)
(0.055 0.26045 0.39505)
(0.055 0.26045 0.40005)
(0.055 0.27745 0.2667)
(0.055 0.27745 0.2717)
(0.055 0.27745 0.2967)
(0.055 0.27745 0.3142)
(0.055 0.27745 0.3317)
(0.055 0.27745 0.3492)
(0.055 0.27745 0.3667)
(0.055 0.27745 0.39505)
(0.055 0.27745 0.40005)
(0.055 0.29445 0.2667)
(0.055 0.29445 0.2717)
(0.055 0.29445 0.2967)
(0.055 0.29445 0.3142)
(0.055 0.29445 0.3317)
(0.055 0.29445 0.3492)
(0.055 0.29445 0.3667)
(0.055 0.29445 0.39505)
(0.055 0.29445 0.40005)
(0.055 0.30945 0.2667)
(0.055 0.30945 0.2717)
(0.055 0.30945 0.2967)
(0.055 0.30945 0.3142)
(0.055 0.30945 0.3317)
(0.055 0.30945 0.3492)
(0.055 0.30945 0.3667)
(0.055 0.30945 0.39505)
(0.055 0.30945 0.40005)
(0.055 0.32445 0.2667)
(0.055 0.32445 0.2717)
(0.055 0.32445 0.2967)
(0.055 0.32445 0.3142)
(0.055 0.32445 0.3317)
(0.055 0.32445 0.3492)
(0.055 0.32445 0.3667)
(0.055 0.32445 0.39505)
(0.055 0.32445 0.40005)
(0.055 0.34195 0.2667)
(0.055 0.34195 0.2717)
(0.055 0.34195 0.2967)
(0.055 0.34195 0.3142)
(0.055 0.34195 0.3317)
(0.055 0.34195 0.3492)
(0.055 0.34195 0.3667)
(0.055 0.34195 0.39505)
(0.055 0.34195 0.40005)
(0.055 0.35945 0.2667)
(0.055 0.35945 0.2717)
(0.055 0.35945 0.2967)
(0.055 0.35945 0.3142)
(0.055 0.35945 0.3317)
(0.055 0.35945 0.3492)
(0.055 0.35945 0.3667)
(0.055 0.35945 0.39505)
(0.055 0.35945 0.40005)
(0.055 0.37695 0.2667)
(0.055 0.37695 0.2717)
(0.055 0.37695 0.2967)
(0.055 0.37695 0.3142)
(0.055 0.37695 0.3317)
(0.055 0.37695 0.3492)
(0.055 0.37695 0.3667)
(0.055 0.37695 0.39505)
(0.055 0.37695 0.40005)
(0.055 0.39445 0.2667)
(0.055 0.39445 0.2717)
(0.055 0.39445 0.2967)
(0.055 0.39445 0.3142)
(0.055 0.39445 0.3317)
(0.055 0.39445 0.3492)
(0.055 0.39445 0.3667)
(0.055 0.39445 0.39505)
(0.055 0.39445 0.40005)
(0.055 0.40445 0.2667)
(0.055 0.40445 0.2717)
(0.055 0.40445 0.2967)
(0.055 0.40445 0.3142)
(0.055 0.40445 0.3317)
(0.055 0.40445 0.3492)
(0.055 0.40445 0.3667)
(0.055 0.40445 0.39505)
(0.055 0.40445 0.40005)
(0.055 0.41945 0.2667)
(0.055 0.41945 0.2717)
(0.055 0.41945 0.39505)
(0.055 0.41945 0.40005)
(0.055 0.42945 0.2667)
(0.055 0.42945 0.2717)
(0.055 0.42945 0.2967)
(0.055 0.42945 0.3142)
(0.055 0.42945 0.3317)
(0.055 0.42945 0.3492)
(0.055 0.42945 0.3667)
(0.055 0.42945 0.39505)
(0.055 0.42945 0.40005)
(0.055 0.43445 0.2667)
(0.055 0.43445 0.2717)
(0.055 0.43445 0.2967)
(0.055 0.43445 0.3142)
(0.055 0.43445 0.3317)
(0.055 0.43445 0.3492)
(0.055 0.43445 0.3667)
(0.055 0.43445 0.39505)
(0.055 0.43445 0.40005)
(0.055 0.451117 0.2667)
(0.055 0.451117 0.2717)
(0.055 0.451117 0.2967)
(0.055 0.451117 0.3142)
(0.055 0.451117 0.3317)
(0.055 0.451117 0.3492)
(0.055 0.451117 0.3667)
(0.055 0.451117 0.39505)
(0.055 0.451117 0.40005)
(0.055 0.467783 0.2667)
(0.055 0.467783 0.2717)
(0.055 0.467783 0.2967)
(0.055 0.467783 0.3142)
(0.055 0.467783 0.3317)
(0.055 0.467783 0.3492)
(0.055 0.467783 0.3667)
(0.055 0.467783 0.39505)
(0.055 0.467783 0.40005)
(0.055 0.48445 0.2667)
(0.055 0.48445 0.2717)
(0.055 0.48445 0.2967)
(0.055 0.48445 0.3142)
(0.055 0.48445 0.3317)
(0.055 0.48445 0.3492)
(0.055 0.48445 0.3667)
(0.055 0.48445 0.39505)
(0.055 0.48445 0.40005)
(0.055 0.49445 0.2667)
(0.055 0.49445 0.2717)
(0.055 0.49445 0.2967)
(0.055 0.49445 0.3142)
(0.055 0.49445 0.3317)
(0.055 0.49445 0.3492)
(0.055 0.49445 0.3667)
(0.055 0.49445 0.39505)
(0.055 0.49445 0.40005)
(0.055 0.50445 0.2667)
(0.055 0.50445 0.2717)
(0.055 0.50445 0.2967)
(0.055 0.50445 0.3142)
(0.055 0.50445 0.3317)
(0.055 0.50445 0.3492)
(0.055 0.50445 0.3667)
(0.055 0.50445 0.39505)
(0.055 0.50445 0.40005)
(0.055 0.50945 0.2667)
(0.055 0.50945 0.2717)
(0.055 0.50945 0.39505)
(0.055 0.50945 0.40005)
(0.055 0.52445 0.2667)
(0.055 0.52445 0.2717)
(0.055 0.52445 0.39505)
(0.055 0.52445 0.40005)
(0.055 0.53945 0.2667)
(0.055 0.53945 0.2717)
(0.055 0.53945 0.2817)
(0.055 0.53945 0.38505)
(0.055 0.53945 0.39505)
(0.055 0.53945 0.40005)
(0.055 0.54445 0.2667)
(0.055 0.54445 0.2717)
(0.055 0.54445 0.2817)
(0.055 0.54445 0.38505)
(0.055 0.54445 0.39505)
(0.055 0.54445 0.40005)
(0.0599146 0.04445 0.2667)
(0.0599146 0.04445 0.2717)
(0.0599146 0.04445 0.2817)
(0.0599146 0.04445 0.2847)
(0.0599146 0.04445 0.38205)
(0.0599146 0.04445 0.38505)
(0.0599146 0.04445 0.39505)
(0.0599146 0.04445 0.40005)
(0.0599146 0.04945 0.2667)
(0.0599146 0.04945 0.2717)
(0.0599146 0.04945 0.2817)
(0.0599146 0.04945 0.2847)
(0.0599146 0.04945 0.38205)
(0.0599146 0.04945 0.38505)
(0.0599146 0.04945 0.39505)
(0.0599146 0.04945 0.40005)
(0.0599146 0.06445 0.2667)
(0.0599146 0.06445 0.2717)
(0.0599146 0.06445 0.39505)
(0.0599146 0.06445 0.40005)
(0.0599146 0.07945 0.2667)
(0.0599146 0.07945 0.2717)
(0.0599146 0.07945 0.39505)
(0.0599146 0.07945 0.40005)
(0.0599146 0.08945 0.2667)
(0.0599146 0.08945 0.2717)
(0.0599146 0.08945 0.39505)
(0.0599146 0.08945 0.40005)
(0.0599146 0.09945 0.2667)
(0.0599146 0.09945 0.2717)
(0.0599146 0.09945 0.39505)
(0.0599146 0.09945 0.40005)
(0.0599146 0.11445 0.2667)
(0.0599146 0.11445 0.2717)
(0.0599146 0.11445 0.39505)
(0.0599146 0.11445 0.40005)
(0.0599146 0.12945 0.2667)
(0.0599146 0.12945 0.2717)
(0.0599146 0.12945 0.39505)
(0.0599146 0.12945 0.40005)
(0.0599146 0.14445 0.2667)
(0.0599146 0.14445 0.2717)
(0.0599146 0.14445 0.39505)
(0.0599146 0.14445 0.40005)
(0.0599146 0.15945 0.2667)
(0.0599146 0.15945 0.2717)
(0.0599146 0.15945 0.2967)
(0.0599146 0.15945 0.3142)
(0.0599146 0.15945 0.3317)
(0.0599146 0.15945 0.3492)
(0.0599146 0.15945 0.3667)
(0.0599146 0.15945 0.39505)
(0.0599146 0.15945 0.40005)
(0.0599146 0.16445 0.2667)
(0.0599146 0.16445 0.2717)
(0.0599146 0.16445 0.2967)
(0.0599146 0.16445 0.3142)
(0.0599146 0.16445 0.3317)
(0.0599146 0.16445 0.3492)
(0.0599146 0.16445 0.3667)
(0.0599146 0.16445 0.39505)
(0.0599146 0.16445 0.40005)
(0.0599146 0.17445 0.2667)
(0.0599146 0.17445 0.2717)
(0.0599146 0.17445 0.2967)
(0.0599146 0.17445 0.3142)
(0.0599146 0.17445 0.3317)
(0.0599146 0.17445 0.3492)
(0.0599146 0.17445 0.3667)
(0.0599146 0.17445 0.39505)
(0.0599146 0.17445 0.40005)
(0.0599146 0.18445 0.2667)
(0.0599146 0.18445 0.2717)
(0.0599146 0.18445 0.2967)
(0.0599146 0.18445 0.3142)
(0.0599146 0.18445 0.3317)
(0.0599146 0.18445 0.3492)
(0.0599146 0.18445 0.3667)
(0.0599146 0.18445 0.39505)
(0.0599146 0.18445 0.40005)
(0.0599146 0.19695 0.2667)
(0.0599146 0.19695 0.2717)
(0.0599146 0.19695 0.2967)
(0.0599146 0.19695 0.3142)
(0.0599146 0.19695 0.3317)
(0.0599146 0.19695 0.3492)
(0.0599146 0.19695 0.3667)
(0.0599146 0.19695 0.39505)
(0.0599146 0.19695 0.40005)
(0.0599146 0.20945 0.2667)
(0.0599146 0.20945 0.2717)
(0.0599146 0.20945 0.2967)
(0.0599146 0.20945 0.3142)
(0.0599146 0.20945 0.3317)
(0.0599146 0.20945 0.3492)
(0.0599146 0.20945 0.3667)
(0.0599146 0.20945 0.39505)
(0.0599146 0.20945 0.40005)
(0.0599146 0.22645 0.2667)
(0.0599146 0.22645 0.2717)
(0.0599146 0.22645 0.2967)
(0.0599146 0.22645 0.3142)
(0.0599146 0.22645 0.3317)
(0.0599146 0.22645 0.3492)
(0.0599146 0.22645 0.3667)
(0.0599146 0.22645 0.39505)
(0.0599146 0.22645 0.40005)
(0.0599146 0.24345 0.2667)
(0.0599146 0.24345 0.2717)
(0.0599146 0.24345 0.2967)
(0.0599146 0.24345 0.3142)
(0.0599146 0.24345 0.3317)
(0.0599146 0.24345 0.3492)
(0.0599146 0.24345 0.3667)
(0.0599146 0.24345 0.39505)
(0.0599146 0.24345 0.40005)
(0.0599146 0.26045 0.2667)
(0.0599146 0.26045 0.2717)
(0.0599146 0.26045 0.2967)
(0.0599146 0.26045 0.3142)
(0.0599146 0.26045 0.3317)
(0.0599146 0.26045 0.3492)
(0.0599146 0.26045 0.3667)
(0.0599146 0.26045 0.39505)
(0.0599146 0.26045 0.40005)
(0.0599146 0.27745 0.2667)
(0.0599146 0.27745 0.2717)
(0.0599146 0.27745 0.2967)
(0.0599146 0.27745 0.3142)
(0.0599146 0.27745 0.3317)
(0.0599146 0.27745 0.3492)
(0.0599146 0.27745 0.3667)
(0.0599146 0.27745 0.39505)
(0.0599146 0.27745 0.40005)
(0.0599146 0.29445 0.2667)
(0.0599146 0.29445 0.2717)
(0.0599146 0.29445 0.2967)
(0.0599146 0.29445 0.3142)
(0.0599146 0.29445 0.3317)
(0.0599146 0.29445 0.3492)
(0.0599146 0.29445 0.3667)
(0.0599146 0.29445 0.39505)
(0.0599146 0.29445 0.40005)
(0.0599146 0.30945 0.2667)
(0.0599146 0.30945 0.2717)
(0.0599146 0.30945 0.2967)
(0.0599146 0.30945 0.3142)
(0.0599146 0.30945 0.3317)
(0.0599146 0.30945 0.3492)
(0.0599146 0.30945 0.3667)
(0.0599146 0.30945 0.39505)
(0.0599146 0.30945 0.40005)
(0.0599146 0.32445 0.2667)
(0.0599146 0.32445 0.2717)
(0.0599146 0.32445 0.2967)
(0.0599146 0.32445 0.3142)
(0.0599146 0.32445 0.3317)
(0.0599146 0.32445 0.3492)
(0.0599146 0.32445 0.3667)
(0.0599146 0.32445 0.39505)
(0.0599146 0.32445 0.40005)
(0.0599146 0.34195 0.2667)
(0.0599146 0.34195 0.2717)
(0.0599146 0.34195 0.2967)
(0.0599146 0.34195 0.3142)
(0.0599146 0.34195 0.3317)
(0.0599146 0.34195 0.3492)
(0.0599146 0.34195 0.3667)
(0.0599146 0.34195 0.39505)
(0.0599146 0.34195 0.40005)
(0.0599146 0.35945 0.2667)
(0.0599146 0.35945 0.2717)
(0.0599146 0.35945 0.2967)
(0.0599146 0.35945 0.3142)
(0.0599146 0.35945 0.3317)
(0.0599146 0.35945 0.3492)
(0.0599146 0.35945 0.3667)
(0.0599146 0.35945 0.39505)
(0.0599146 0.35945 0.40005)
(0.0599146 0.37695 0.2667)
(0.0599146 0.37695 0.2717)
(0.0599146 0.37695 0.2967)
(0.0599146 0.37695 0.3142)
(0.0599146 0.37695 0.3317)
(0.0599146 0.37695 0.3492)
(0.0599146 0.37695 0.3667)
(0.0599146 0.37695 0.39505)
(0.0599146 0.37695 0.40005)
(0.0599146 0.39445 0.2667)
(0.0599146 0.39445 0.2717)
(0.0599146 0.39445 0.2967)
(0.0599146 0.39445 0.3142)
(0.0599146 0.39445 0.3317)
(0.0599146 0.39445 0.3492)
(0.0599146 0.39445 0.3667)
(0.0599146 0.39445 0.39505)
(0.0599146 0.39445 0.40005)
(0.0599146 0.40445 0.2667)
(0.0599146 0.40445 0.2717)
(0.0599146 0.40445 0.2967)
(0.0599146 0.40445 0.3142)
(0.0599146 0.40445 0.3317)
(0.0599146 0.40445 0.3492)
(0.0599146 0.40445 0.3667)
(0.0599146 0.40445 0.39505)
(0.0599146 0.40445 0.40005)
(0.0599146 0.41945 0.2667)
(0.0599146 0.41945 0.2717)
(0.0599146 0.41945 0.39505)
(0.0599146 0.41945 0.40005)
(0.0599146 0.42945 0.2667)
(0.0599146 0.42945 0.2717)
(0.0599146 0.42945 0.2967)
(0.0599146 0.42945 0.3142)
(0.0599146 0.42945 0.3317)
(0.0599146 0.42945 0.3492)
(0.0599146 0.42945 0.3667)
(0.0599146 0.42945 0.39505)
(0.0599146 0.42945 0.40005)
(0.0599146 0.43445 0.2667)
(0.0599146 0.43445 0.2717)
(0.0599146 0.43445 0.2967)
(0.0599146 0.43445 0.3142)
(0.0599146 0.43445 0.3317)
(0.0599146 0.43445 0.3492)
(0.0599146 0.43445 0.3667)
(0.0599146 0.43445 0.39505)
(0.0599146 0.43445 0.40005)
(0.0599146 0.451117 0.2667)
(0.0599146 0.451117 0.2717)
(0.0599146 0.451117 0.2967)
(0.0599146 0.451117 0.3142)
(0.0599146 0.451117 0.3317)
(0.0599146 0.451117 0.3492)
(0.0599146 0.451117 0.3667)
(0.0599146 0.451117 0.39505)
(0.0599146 0.451117 0.40005)
(0.0599146 0.467783 0.2667)
(0.0599146 0.467783 0.2717)
(0.0599146 0.467783 0.2967)
(0.0599146 0.467783 0.3142)
(0.0599146 0.467783 0.3317)
(0.0599146 0.467783 0.3492)
(0.0599146 0.467783 0.3667)
(0.0599146 0.467783 0.39505)
(0.0599146 0.467783 0.40005)
(0.0599146 0.48445 0.2667)
(0.0599146 0.48445 0.2717)
(0.0599146 0.48445 0.2967)
(0.0599146 0.48445 0.3142)
(0.0599146 0.48445 0.3317)
(0.0599146 0.48445 0.3492)
(0.0599146 0.48445 0.3667)
(0.0599146 0.48445 0.39505)
(0.0599146 0.48445 0.40005)
(0.0599146 0.49445 0.2667)
(0.0599146 0.49445 0.2717)
(0.0599146 0.49445 0.2967)
(0.0599146 0.49445 0.3142)
(0.0599146 0.49445 0.3317)
(0.0599146 0.49445 0.3492)
(0.0599146 0.49445 0.3667)
(0.0599146 0.49445 0.39505)
(0.0599146 0.49445 0.40005)
(0.0599146 0.50445 0.2667)
(0.0599146 0.50445 0.2717)
(0.0599146 0.50445 0.2967)
(0.0599146 0.50445 0.3142)
(0.0599146 0.50445 0.3317)
(0.0599146 0.50445 0.3492)
(0.0599146 0.50445 0.3667)
(0.0599146 0.50445 0.39505)
(0.0599146 0.50445 0.40005)
(0.0599146 0.50945 0.2667)
(0.0599146 0.50945 0.2717)
(0.0599146 0.50945 0.39505)
(0.0599146 0.50945 0.40005)
(0.0599146 0.52445 0.2667)
(0.0599146 0.52445 0.2717)
(0.0599146 0.52445 0.39505)
(0.0599146 0.52445 0.40005)
(0.0599146 0.53945 0.2667)
(0.0599146 0.53945 0.2717)
(0.0599146 0.53945 0.2817)
(0.0599146 0.53945 0.38505)
(0.0599146 0.53945 0.39505)
(0.0599146 0.53945 0.40005)
(0.0599146 0.54445 0.2667)
(0.0599146 0.54445 0.2717)
(0.0599146 0.54445 0.2817)
(0.0599146 0.54445 0.38505)
(0.0599146 0.54445 0.39505)
(0.0599146 0.54445 0.40005)
(0.0629146 0.04445 0.2667)
(0.0629146 0.04445 0.2717)
(0.0629146 0.04445 0.2817)
(0.0629146 0.04445 0.2847)
(0.0629146 0.04445 0.38205)
(0.0629146 0.04445 0.38505)
(0.0629146 0.04445 0.39505)
(0.0629146 0.04445 0.40005)
(0.0629146 0.04945 0.2667)
(0.0629146 0.04945 0.2717)
(0.0629146 0.04945 0.2817)
(0.0629146 0.04945 0.2847)
(0.0629146 0.04945 0.38205)
(0.0629146 0.04945 0.38505)
(0.0629146 0.04945 0.39505)
(0.0629146 0.04945 0.40005)
(0.0629146 0.06445 0.2667)
(0.0629146 0.06445 0.2717)
(0.0629146 0.06445 0.39505)
(0.0629146 0.06445 0.40005)
(0.0629146 0.07945 0.2667)
(0.0629146 0.07945 0.2717)
(0.0629146 0.07945 0.39505)
(0.0629146 0.07945 0.40005)
(0.0629146 0.08945 0.2667)
(0.0629146 0.08945 0.2717)
(0.0629146 0.08945 0.39505)
(0.0629146 0.08945 0.40005)
(0.0629146 0.09945 0.2667)
(0.0629146 0.09945 0.2717)
(0.0629146 0.09945 0.39505)
(0.0629146 0.09945 0.40005)
(0.0629146 0.11445 0.2667)
(0.0629146 0.11445 0.2717)
(0.0629146 0.11445 0.39505)
(0.0629146 0.11445 0.40005)
(0.0629146 0.12945 0.2667)
(0.0629146 0.12945 0.2717)
(0.0629146 0.12945 0.39505)
(0.0629146 0.12945 0.40005)
(0.0629146 0.14445 0.2667)
(0.0629146 0.14445 0.2717)
(0.0629146 0.14445 0.39505)
(0.0629146 0.14445 0.40005)
(0.0629146 0.15945 0.2667)
(0.0629146 0.15945 0.2717)
(0.0629146 0.15945 0.2967)
(0.0629146 0.15945 0.3142)
(0.0629146 0.15945 0.3317)
(0.0629146 0.15945 0.3492)
(0.0629146 0.15945 0.3667)
(0.0629146 0.15945 0.39505)
(0.0629146 0.15945 0.40005)
(0.0629146 0.16445 0.2667)
(0.0629146 0.16445 0.2717)
(0.0629146 0.16445 0.2967)
(0.0629146 0.16445 0.3142)
(0.0629146 0.16445 0.3317)
(0.0629146 0.16445 0.3492)
(0.0629146 0.16445 0.3667)
(0.0629146 0.16445 0.39505)
(0.0629146 0.16445 0.40005)
(0.0629146 0.17445 0.2667)
(0.0629146 0.17445 0.2717)
(0.0629146 0.17445 0.2967)
(0.0629146 0.17445 0.3142)
(0.0629146 0.17445 0.3317)
(0.0629146 0.17445 0.3492)
(0.0629146 0.17445 0.3667)
(0.0629146 0.17445 0.39505)
(0.0629146 0.17445 0.40005)
(0.0629146 0.18445 0.2667)
(0.0629146 0.18445 0.2717)
(0.0629146 0.18445 0.2967)
(0.0629146 0.18445 0.3142)
(0.0629146 0.18445 0.3317)
(0.0629146 0.18445 0.3492)
(0.0629146 0.18445 0.3667)
(0.0629146 0.18445 0.39505)
(0.0629146 0.18445 0.40005)
(0.0629146 0.19695 0.2667)
(0.0629146 0.19695 0.2717)
(0.0629146 0.19695 0.2967)
(0.0629146 0.19695 0.3142)
(0.0629146 0.19695 0.3317)
(0.0629146 0.19695 0.3492)
(0.0629146 0.19695 0.3667)
(0.0629146 0.19695 0.39505)
(0.0629146 0.19695 0.40005)
(0.0629146 0.20945 0.2667)
(0.0629146 0.20945 0.2717)
(0.0629146 0.20945 0.2967)
(0.0629146 0.20945 0.3142)
(0.0629146 0.20945 0.3317)
(0.0629146 0.20945 0.3492)
(0.0629146 0.20945 0.3667)
(0.0629146 0.20945 0.39505)
(0.0629146 0.20945 0.40005)
(0.0629146 0.22645 0.2667)
(0.0629146 0.22645 0.2717)
(0.0629146 0.22645 0.2967)
(0.0629146 0.22645 0.3142)
(0.0629146 0.22645 0.3317)
(0.0629146 0.22645 0.3492)
(0.0629146 0.22645 0.3667)
(0.0629146 0.22645 0.39505)
(0.0629146 0.22645 0.40005)
(0.0629146 0.24345 0.2667)
(0.0629146 0.24345 0.2717)
(0.0629146 0.24345 0.2967)
(0.0629146 0.24345 0.3142)
(0.0629146 0.24345 0.3317)
(0.0629146 0.24345 0.3492)
(0.0629146 0.24345 0.3667)
(0.0629146 0.24345 0.39505)
(0.0629146 0.24345 0.40005)
(0.0629146 0.26045 0.2667)
(0.0629146 0.26045 0.2717)
(0.0629146 0.26045 0.2967)
(0.0629146 0.26045 0.3142)
(0.0629146 0.26045 0.3317)
(0.0629146 0.26045 0.3492)
(0.0629146 0.26045 0.3667)
(0.0629146 0.26045 0.39505)
(0.0629146 0.26045 0.40005)
(0.0629146 0.27745 0.2667)
(0.0629146 0.27745 0.2717)
(0.0629146 0.27745 0.2967)
(0.0629146 0.27745 0.3142)
(0.0629146 0.27745 0.3317)
(0.0629146 0.27745 0.3492)
(0.0629146 0.27745 0.3667)
(0.0629146 0.27745 0.39505)
(0.0629146 0.27745 0.40005)
(0.0629146 0.29445 0.2667)
(0.0629146 0.29445 0.2717)
(0.0629146 0.29445 0.2967)
(0.0629146 0.29445 0.3142)
(0.0629146 0.29445 0.3317)
(0.0629146 0.29445 0.3492)
(0.0629146 0.29445 0.3667)
(0.0629146 0.29445 0.39505)
(0.0629146 0.29445 0.40005)
(0.0629146 0.30945 0.2667)
(0.0629146 0.30945 0.2717)
(0.0629146 0.30945 0.2967)
(0.0629146 0.30945 0.3142)
(0.0629146 0.30945 0.3317)
(0.0629146 0.30945 0.3492)
(0.0629146 0.30945 0.3667)
(0.0629146 0.30945 0.39505)
(0.0629146 0.30945 0.40005)
(0.0629146 0.32445 0.2667)
(0.0629146 0.32445 0.2717)
(0.0629146 0.32445 0.2967)
(0.0629146 0.32445 0.3142)
(0.0629146 0.32445 0.3317)
(0.0629146 0.32445 0.3492)
(0.0629146 0.32445 0.3667)
(0.0629146 0.32445 0.39505)
(0.0629146 0.32445 0.40005)
(0.0629146 0.34195 0.2667)
(0.0629146 0.34195 0.2717)
(0.0629146 0.34195 0.2967)
(0.0629146 0.34195 0.3142)
(0.0629146 0.34195 0.3317)
(0.0629146 0.34195 0.3492)
(0.0629146 0.34195 0.3667)
(0.0629146 0.34195 0.39505)
(0.0629146 0.34195 0.40005)
(0.0629146 0.35945 0.2667)
(0.0629146 0.35945 0.2717)
(0.0629146 0.35945 0.2967)
(0.0629146 0.35945 0.3142)
(0.0629146 0.35945 0.3317)
(0.0629146 0.35945 0.3492)
(0.0629146 0.35945 0.3667)
(0.0629146 0.35945 0.39505)
(0.0629146 0.35945 0.40005)
(0.0629146 0.37695 0.2667)
(0.0629146 0.37695 0.2717)
(0.0629146 0.37695 0.2967)
(0.0629146 0.37695 0.3142)
(0.0629146 0.37695 0.3317)
(0.0629146 0.37695 0.3492)
(0.0629146 0.37695 0.3667)
(0.0629146 0.37695 0.39505)
(0.0629146 0.37695 0.40005)
(0.0629146 0.39445 0.2667)
(0.0629146 0.39445 0.2717)
(0.0629146 0.39445 0.2967)
(0.0629146 0.39445 0.3142)
(0.0629146 0.39445 0.3317)
(0.0629146 0.39445 0.3492)
(0.0629146 0.39445 0.3667)
(0.0629146 0.39445 0.39505)
(0.0629146 0.39445 0.40005)
(0.0629146 0.40445 0.2667)
(0.0629146 0.40445 0.2717)
(0.0629146 0.40445 0.2967)
(0.0629146 0.40445 0.3142)
(0.0629146 0.40445 0.3317)
(0.0629146 0.40445 0.3492)
(0.0629146 0.40445 0.3667)
(0.0629146 0.40445 0.39505)
(0.0629146 0.40445 0.40005)
(0.0629146 0.41945 0.2667)
(0.0629146 0.41945 0.2717)
(0.0629146 0.41945 0.39505)
(0.0629146 0.41945 0.40005)
(0.0629146 0.42945 0.2667)
(0.0629146 0.42945 0.2717)
(0.0629146 0.42945 0.2967)
(0.0629146 0.42945 0.3142)
(0.0629146 0.42945 0.3317)
(0.0629146 0.42945 0.3492)
(0.0629146 0.42945 0.3667)
(0.0629146 0.42945 0.39505)
(0.0629146 0.42945 0.40005)
(0.0629146 0.43445 0.2667)
(0.0629146 0.43445 0.2717)
(0.0629146 0.43445 0.2967)
(0.0629146 0.43445 0.3142)
(0.0629146 0.43445 0.3317)
(0.0629146 0.43445 0.3492)
(0.0629146 0.43445 0.3667)
(0.0629146 0.43445 0.39505)
(0.0629146 0.43445 0.40005)
(0.0629146 0.451117 0.2667)
(0.0629146 0.451117 0.2717)
(0.0629146 0.451117 0.2967)
(0.0629146 0.451117 0.3142)
(0.0629146 0.451117 0.3317)
(0.0629146 0.451117 0.3492)
(0.0629146 0.451117 0.3667)
(0.0629146 0.451117 0.39505)
(0.0629146 0.451117 0.40005)
(0.0629146 0.467783 0.2667)
(0.0629146 0.467783 0.2717)
(0.0629146 0.467783 0.2967)
(0.0629146 0.467783 0.3142)
(0.0629146 0.467783 0.3317)
(0.0629146 0.467783 0.3492)
(0.0629146 0.467783 0.3667)
(0.0629146 0.467783 0.39505)
(0.0629146 0.467783 0.40005)
(0.0629146 0.48445 0.2667)
(0.0629146 0.48445 0.2717)
(0.0629146 0.48445 0.2967)
(0.0629146 0.48445 0.3142)
(0.0629146 0.48445 0.3317)
(0.0629146 0.48445 0.3492)
(0.0629146 0.48445 0.3667)
(0.0629146 0.48445 0.39505)
(0.0629146 0.48445 0.40005)
(0.0629146 0.49445 0.2667)
(0.0629146 0.49445 0.2717)
(0.0629146 0.49445 0.2967)
(0.0629146 0.49445 0.3142)
(0.0629146 0.49445 0.3317)
(0.0629146 0.49445 0.3492)
(0.0629146 0.49445 0.3667)
(0.0629146 0.49445 0.39505)
(0.0629146 0.49445 0.40005)
(0.0629146 0.50445 0.2667)
(0.0629146 0.50445 0.2717)
(0.0629146 0.50445 0.2967)
(0.0629146 0.50445 0.3142)
(0.0629146 0.50445 0.3317)
(0.0629146 0.50445 0.3492)
(0.0629146 0.50445 0.3667)
(0.0629146 0.50445 0.39505)
(0.0629146 0.50445 0.40005)
(0.0629146 0.50945 0.2667)
(0.0629146 0.50945 0.2717)
(0.0629146 0.50945 0.39505)
(0.0629146 0.50945 0.40005)
(0.0629146 0.52445 0.2667)
(0.0629146 0.52445 0.2717)
(0.0629146 0.52445 0.39505)
(0.0629146 0.52445 0.40005)
(0.0629146 0.53945 0.2667)
(0.0629146 0.53945 0.2717)
(0.0629146 0.53945 0.2817)
(0.0629146 0.53945 0.38505)
(0.0629146 0.53945 0.39505)
(0.0629146 0.53945 0.40005)
(0.0629146 0.54445 0.2667)
(0.0629146 0.54445 0.2717)
(0.0629146 0.54445 0.2817)
(0.0629146 0.54445 0.38505)
(0.0629146 0.54445 0.39505)
(0.0629146 0.54445 0.40005)
(0.068895 0.04445 0.2667)
(0.068895 0.04445 0.2717)
(0.068895 0.04445 0.2817)
(0.068895 0.04445 0.2847)
(0.068895 0.04445 0.38205)
(0.068895 0.04445 0.38505)
(0.068895 0.04445 0.39505)
(0.068895 0.04445 0.40005)
(0.068895 0.04945 0.2667)
(0.068895 0.04945 0.2717)
(0.068895 0.04945 0.2817)
(0.068895 0.04945 0.2847)
(0.068895 0.04945 0.38205)
(0.068895 0.04945 0.38505)
(0.068895 0.04945 0.39505)
(0.068895 0.04945 0.40005)
(0.068895 0.06445 0.2667)
(0.068895 0.06445 0.2717)
(0.068895 0.06445 0.39505)
(0.068895 0.06445 0.40005)
(0.068895 0.07945 0.2667)
(0.068895 0.07945 0.2717)
(0.068895 0.07945 0.39505)
(0.068895 0.07945 0.40005)
(0.068895 0.08945 0.2667)
(0.068895 0.08945 0.2717)
(0.068895 0.08945 0.39505)
(0.068895 0.08945 0.40005)
(0.068895 0.09945 0.2667)
(0.068895 0.09945 0.2717)
(0.068895 0.09945 0.39505)
(0.068895 0.09945 0.40005)
(0.068895 0.11445 0.2667)
(0.068895 0.11445 0.2717)
(0.068895 0.11445 0.39505)
(0.068895 0.11445 0.40005)
(0.068895 0.12945 0.2667)
(0.068895 0.12945 0.2717)
(0.068895 0.12945 0.39505)
(0.068895 0.12945 0.40005)
(0.068895 0.14445 0.2667)
(0.068895 0.14445 0.2717)
(0.068895 0.14445 0.39505)
(0.068895 0.14445 0.40005)
(0.068895 0.15945 0.2667)
(0.068895 0.15945 0.2717)
(0.068895 0.15945 0.2967)
(0.068895 0.15945 0.3142)
(0.068895 0.15945 0.3317)
(0.068895 0.15945 0.3492)
(0.068895 0.15945 0.3667)
(0.068895 0.15945 0.39505)
(0.068895 0.15945 0.40005)
(0.068895 0.16445 0.2667)
(0.068895 0.16445 0.2717)
(0.068895 0.16445 0.2967)
(0.068895 0.16445 0.3142)
(0.068895 0.16445 0.3317)
(0.068895 0.16445 0.3492)
(0.068895 0.16445 0.3667)
(0.068895 0.16445 0.39505)
(0.068895 0.16445 0.40005)
(0.068895 0.17445 0.2667)
(0.068895 0.17445 0.2717)
(0.068895 0.17445 0.2967)
(0.068895 0.17445 0.3142)
(0.068895 0.17445 0.3317)
(0.068895 0.17445 0.3492)
(0.068895 0.17445 0.3667)
(0.068895 0.17445 0.39505)
(0.068895 0.17445 0.40005)
(0.068895 0.18445 0.2667)
(0.068895 0.18445 0.2717)
(0.068895 0.18445 0.2967)
(0.068895 0.18445 0.3142)
(0.068895 0.18445 0.3317)
(0.068895 0.18445 0.3492)
(0.068895 0.18445 0.3667)
(0.068895 0.18445 0.39505)
(0.068895 0.18445 0.40005)
(0.068895 0.19695 0.2667)
(0.068895 0.19695 0.2717)
(0.068895 0.19695 0.2967)
(0.068895 0.19695 0.3142)
(0.068895 0.19695 0.3317)
(0.068895 0.19695 0.3492)
(0.068895 0.19695 0.3667)
(0.068895 0.19695 0.39505)
(0.068895 0.19695 0.40005)
(0.068895 0.20945 0.2667)
(0.068895 0.20945 0.2717)
(0.068895 0.20945 0.2967)
(0.068895 0.20945 0.3142)
(0.068895 0.20945 0.3317)
(0.068895 0.20945 0.3492)
(0.068895 0.20945 0.3667)
(0.068895 0.20945 0.39505)
(0.068895 0.20945 0.40005)
(0.068895 0.22645 0.2667)
(0.068895 0.22645 0.2717)
(0.068895 0.22645 0.2967)
(0.068895 0.22645 0.3142)
(0.068895 0.22645 0.3317)
(0.068895 0.22645 0.3492)
(0.068895 0.22645 0.3667)
(0.068895 0.22645 0.39505)
(0.068895 0.22645 0.40005)
(0.068895 0.24345 0.2667)
(0.068895 0.24345 0.2717)
(0.068895 0.24345 0.2967)
(0.068895 0.24345 0.3142)
(0.068895 0.24345 0.3317)
(0.068895 0.24345 0.3492)
(0.068895 0.24345 0.3667)
(0.068895 0.24345 0.39505)
(0.068895 0.24345 0.40005)
(0.068895 0.26045 0.2667)
(0.068895 0.26045 0.2717)
(0.068895 0.26045 0.2967)
(0.068895 0.26045 0.3142)
(0.068895 0.26045 0.3317)
(0.068895 0.26045 0.3492)
(0.068895 0.26045 0.3667)
(0.068895 0.26045 0.39505)
(0.068895 0.26045 0.40005)
(0.068895 0.27745 0.2667)
(0.068895 0.27745 0.2717)
(0.068895 0.27745 0.2967)
(0.068895 0.27745 0.3142)
(0.068895 0.27745 0.3317)
(0.068895 0.27745 0.3492)
(0.068895 0.27745 0.3667)
(0.068895 0.27745 0.39505)
(0.068895 0.27745 0.40005)
(0.068895 0.29445 0.2667)
(0.068895 0.29445 0.2717)
(0.068895 0.29445 0.2967)
(0.068895 0.29445 0.3142)
(0.068895 0.29445 0.3317)
(0.068895 0.29445 0.3492)
(0.068895 0.29445 0.3667)
(0.068895 0.29445 0.39505)
(0.068895 0.29445 0.40005)
(0.068895 0.30945 0.2667)
(0.068895 0.30945 0.2717)
(0.068895 0.30945 0.2967)
(0.068895 0.30945 0.3142)
(0.068895 0.30945 0.3317)
(0.068895 0.30945 0.3492)
(0.068895 0.30945 0.3667)
(0.068895 0.30945 0.39505)
(0.068895 0.30945 0.40005)
(0.068895 0.32445 0.2667)
(0.068895 0.32445 0.2717)
(0.068895 0.32445 0.2967)
(0.068895 0.32445 0.3142)
(0.068895 0.32445 0.3317)
(0.068895 0.32445 0.3492)
(0.068895 0.32445 0.3667)
(0.068895 0.32445 0.39505)
(0.068895 0.32445 0.40005)
(0.068895 0.34195 0.2667)
(0.068895 0.34195 0.2717)
(0.068895 0.34195 0.2967)
(0.068895 0.34195 0.3142)
(0.068895 0.34195 0.3317)
(0.068895 0.34195 0.3492)
(0.068895 0.34195 0.3667)
(0.068895 0.34195 0.39505)
(0.068895 0.34195 0.40005)
(0.068895 0.35945 0.2667)
(0.068895 0.35945 0.2717)
(0.068895 0.35945 0.2967)
(0.068895 0.35945 0.3142)
(0.068895 0.35945 0.3317)
(0.068895 0.35945 0.3492)
(0.068895 0.35945 0.3667)
(0.068895 0.35945 0.39505)
(0.068895 0.35945 0.40005)
(0.068895 0.37695 0.2667)
(0.068895 0.37695 0.2717)
(0.068895 0.37695 0.2967)
(0.068895 0.37695 0.3142)
(0.068895 0.37695 0.3317)
(0.068895 0.37695 0.3492)
(0.068895 0.37695 0.3667)
(0.068895 0.37695 0.39505)
(0.068895 0.37695 0.40005)
(0.068895 0.39445 0.2667)
(0.068895 0.39445 0.2717)
(0.068895 0.39445 0.2967)
(0.068895 0.39445 0.3142)
(0.068895 0.39445 0.3317)
(0.068895 0.39445 0.3492)
(0.068895 0.39445 0.3667)
(0.068895 0.39445 0.39505)
(0.068895 0.39445 0.40005)
(0.068895 0.40445 0.2667)
(0.068895 0.40445 0.2717)
(0.068895 0.40445 0.2967)
(0.068895 0.40445 0.3142)
(0.068895 0.40445 0.3317)
(0.068895 0.40445 0.3492)
(0.068895 0.40445 0.3667)
(0.068895 0.40445 0.39505)
(0.068895 0.40445 0.40005)
(0.068895 0.41945 0.2667)
(0.068895 0.41945 0.2717)
(0.068895 0.41945 0.39505)
(0.068895 0.41945 0.40005)
(0.068895 0.42945 0.2667)
(0.068895 0.42945 0.2717)
(0.068895 0.42945 0.2967)
(0.068895 0.42945 0.3142)
(0.068895 0.42945 0.3317)
(0.068895 0.42945 0.3492)
(0.068895 0.42945 0.3667)
(0.068895 0.42945 0.39505)
(0.068895 0.42945 0.40005)
(0.068895 0.43445 0.2667)
(0.068895 0.43445 0.2717)
(0.068895 0.43445 0.2967)
(0.068895 0.43445 0.3142)
(0.068895 0.43445 0.3317)
(0.068895 0.43445 0.3492)
(0.068895 0.43445 0.3667)
(0.068895 0.43445 0.39505)
(0.068895 0.43445 0.40005)
(0.068895 0.451117 0.2667)
(0.068895 0.451117 0.2717)
(0.068895 0.451117 0.2967)
(0.068895 0.451117 0.3142)
(0.068895 0.451117 0.3317)
(0.068895 0.451117 0.3492)
(0.068895 0.451117 0.3667)
(0.068895 0.451117 0.39505)
(0.068895 0.451117 0.40005)
(0.068895 0.467783 0.2667)
(0.068895 0.467783 0.2717)
(0.068895 0.467783 0.2967)
(0.068895 0.467783 0.3142)
(0.068895 0.467783 0.3317)
(0.068895 0.467783 0.3492)
(0.068895 0.467783 0.3667)
(0.068895 0.467783 0.39505)
(0.068895 0.467783 0.40005)
(0.068895 0.48445 0.2667)
(0.068895 0.48445 0.2717)
(0.068895 0.48445 0.2967)
(0.068895 0.48445 0.3142)
(0.068895 0.48445 0.3317)
(0.068895 0.48445 0.3492)
(0.068895 0.48445 0.3667)
(0.068895 0.48445 0.39505)
(0.068895 0.48445 0.40005)
(0.068895 0.49445 0.2667)
(0.068895 0.49445 0.2717)
(0.068895 0.49445 0.2967)
(0.068895 0.49445 0.3142)
(0.068895 0.49445 0.3317)
(0.068895 0.49445 0.3492)
(0.068895 0.49445 0.3667)
(0.068895 0.49445 0.39505)
(0.068895 0.49445 0.40005)
(0.068895 0.50445 0.2667)
(0.068895 0.50445 0.2717)
(0.068895 0.50445 0.2967)
(0.068895 0.50445 0.3142)
(0.068895 0.50445 0.3317)
(0.068895 0.50445 0.3492)
(0.068895 0.50445 0.3667)
(0.068895 0.50445 0.39505)
(0.068895 0.50445 0.40005)
(0.068895 0.50945 0.2667)
(0.068895 0.50945 0.2717)
(0.068895 0.50945 0.39505)
(0.068895 0.50945 0.40005)
(0.068895 0.52445 0.2667)
(0.068895 0.52445 0.2717)
(0.068895 0.52445 0.39505)
(0.068895 0.52445 0.40005)
(0.068895 0.53945 0.2667)
(0.068895 0.53945 0.2717)
(0.068895 0.53945 0.2817)
(0.068895 0.53945 0.38505)
(0.068895 0.53945 0.39505)
(0.068895 0.53945 0.40005)
(0.068895 0.54445 0.2667)
(0.068895 0.54445 0.2717)
(0.068895 0.54445 0.2817)
(0.068895 0.54445 0.38505)
(0.068895 0.54445 0.39505)
(0.068895 0.54445 0.40005)
(0.0758825 0.04445 0.2667)
(0.0758825 0.04445 0.2717)
(0.0758825 0.04445 0.2817)
(0.0758825 0.04445 0.2847)
(0.0758825 0.04445 0.38205)
(0.0758825 0.04445 0.38505)
(0.0758825 0.04445 0.39505)
(0.0758825 0.04445 0.40005)
(0.0758825 0.04945 0.2667)
(0.0758825 0.04945 0.2717)
(0.0758825 0.04945 0.2817)
(0.0758825 0.04945 0.2847)
(0.0758825 0.04945 0.38205)
(0.0758825 0.04945 0.38505)
(0.0758825 0.04945 0.39505)
(0.0758825 0.04945 0.40005)
(0.0758825 0.06445 0.2667)
(0.0758825 0.06445 0.2717)
(0.0758825 0.06445 0.39505)
(0.0758825 0.06445 0.40005)
(0.0758825 0.07945 0.2667)
(0.0758825 0.07945 0.2717)
(0.0758825 0.07945 0.39505)
(0.0758825 0.07945 0.40005)
(0.0758825 0.08945 0.2667)
(0.0758825 0.08945 0.2717)
(0.0758825 0.08945 0.39505)
(0.0758825 0.08945 0.40005)
(0.0758825 0.09945 0.2667)
(0.0758825 0.09945 0.2717)
(0.0758825 0.09945 0.39505)
(0.0758825 0.09945 0.40005)
(0.0758825 0.11445 0.2667)
(0.0758825 0.11445 0.2717)
(0.0758825 0.11445 0.39505)
(0.0758825 0.11445 0.40005)
(0.0758825 0.12945 0.2667)
(0.0758825 0.12945 0.2717)
(0.0758825 0.12945 0.39505)
(0.0758825 0.12945 0.40005)
(0.0758825 0.14445 0.2667)
(0.0758825 0.14445 0.2717)
(0.0758825 0.14445 0.39505)
(0.0758825 0.14445 0.40005)
(0.0758825 0.15945 0.2667)
(0.0758825 0.15945 0.2717)
(0.0758825 0.15945 0.2967)
(0.0758825 0.15945 0.3142)
(0.0758825 0.15945 0.3317)
(0.0758825 0.15945 0.3492)
(0.0758825 0.15945 0.3667)
(0.0758825 0.15945 0.39505)
(0.0758825 0.15945 0.40005)
(0.0758825 0.16445 0.2667)
(0.0758825 0.16445 0.2717)
(0.0758825 0.16445 0.2967)
(0.0758825 0.16445 0.3142)
(0.0758825 0.16445 0.3317)
(0.0758825 0.16445 0.3492)
(0.0758825 0.16445 0.3667)
(0.0758825 0.16445 0.39505)
(0.0758825 0.16445 0.40005)
(0.0758825 0.17445 0.2667)
(0.0758825 0.17445 0.2717)
(0.0758825 0.17445 0.2967)
(0.0758825 0.17445 0.3142)
(0.0758825 0.17445 0.3317)
(0.0758825 0.17445 0.3492)
(0.0758825 0.17445 0.3667)
(0.0758825 0.17445 0.39505)
(0.0758825 0.17445 0.40005)
(0.0758825 0.18445 0.2667)
(0.0758825 0.18445 0.2717)
(0.0758825 0.18445 0.2967)
(0.0758825 0.18445 0.3142)
(0.0758825 0.18445 0.3317)
(0.0758825 0.18445 0.3492)
(0.0758825 0.18445 0.3667)
(0.0758825 0.18445 0.39505)
(0.0758825 0.18445 0.40005)
(0.0758825 0.19695 0.2667)
(0.0758825 0.19695 0.2717)
(0.0758825 0.19695 0.2967)
(0.0758825 0.19695 0.3142)
(0.0758825 0.19695 0.3317)
(0.0758825 0.19695 0.3492)
(0.0758825 0.19695 0.3667)
(0.0758825 0.19695 0.39505)
(0.0758825 0.19695 0.40005)
(0.0758825 0.20945 0.2667)
(0.0758825 0.20945 0.2717)
(0.0758825 0.20945 0.2967)
(0.0758825 0.20945 0.3142)
(0.0758825 0.20945 0.3317)
(0.0758825 0.20945 0.3492)
(0.0758825 0.20945 0.3667)
(0.0758825 0.20945 0.39505)
(0.0758825 0.20945 0.40005)
(0.0758825 0.22645 0.2667)
(0.0758825 0.22645 0.2717)
(0.0758825 0.22645 0.2967)
(0.0758825 0.22645 0.3142)
(0.0758825 0.22645 0.3317)
(0.0758825 0.22645 0.3492)
(0.0758825 0.22645 0.3667)
(0.0758825 0.22645 0.39505)
(0.0758825 0.22645 0.40005)
(0.0758825 0.24345 0.2667)
(0.0758825 0.24345 0.2717)
(0.0758825 0.24345 0.2967)
(0.0758825 0.24345 0.3142)
(0.0758825 0.24345 0.3317)
(0.0758825 0.24345 0.3492)
(0.0758825 0.24345 0.3667)
(0.0758825 0.24345 0.39505)
(0.0758825 0.24345 0.40005)
(0.0758825 0.26045 0.2667)
(0.0758825 0.26045 0.2717)
(0.0758825 0.26045 0.2967)
(0.0758825 0.26045 0.3142)
(0.0758825 0.26045 0.3317)
(0.0758825 0.26045 0.3492)
(0.0758825 0.26045 0.3667)
(0.0758825 0.26045 0.39505)
(0.0758825 0.26045 0.40005)
(0.0758825 0.27745 0.2667)
(0.0758825 0.27745 0.2717)
(0.0758825 0.27745 0.2967)
(0.0758825 0.27745 0.3142)
(0.0758825 0.27745 0.3317)
(0.0758825 0.27745 0.3492)
(0.0758825 0.27745 0.3667)
(0.0758825 0.27745 0.39505)
(0.0758825 0.27745 0.40005)
(0.0758825 0.29445 0.2667)
(0.0758825 0.29445 0.2717)
(0.0758825 0.29445 0.2967)
(0.0758825 0.29445 0.3142)
(0.0758825 0.29445 0.3317)
(0.0758825 0.29445 0.3492)
(0.0758825 0.29445 0.3667)
(0.0758825 0.29445 0.39505)
(0.0758825 0.29445 0.40005)
(0.0758825 0.30945 0.2667)
(0.0758825 0.30945 0.2717)
(0.0758825 0.30945 0.2967)
(0.0758825 0.30945 0.3142)
(0.0758825 0.30945 0.3317)
(0.0758825 0.30945 0.3492)
(0.0758825 0.30945 0.3667)
(0.0758825 0.30945 0.39505)
(0.0758825 0.30945 0.40005)
(0.0758825 0.32445 0.2667)
(0.0758825 0.32445 0.2717)
(0.0758825 0.32445 0.2967)
(0.0758825 0.32445 0.3142)
(0.0758825 0.32445 0.3317)
(0.0758825 0.32445 0.3492)
(0.0758825 0.32445 0.3667)
(0.0758825 0.32445 0.39505)
(0.0758825 0.32445 0.40005)
(0.0758825 0.34195 0.2667)
(0.0758825 0.34195 0.2717)
(0.0758825 0.34195 0.2967)
(0.0758825 0.34195 0.3142)
(0.0758825 0.34195 0.3317)
(0.0758825 0.34195 0.3492)
(0.0758825 0.34195 0.3667)
(0.0758825 0.34195 0.39505)
(0.0758825 0.34195 0.40005)
(0.0758825 0.35945 0.2667)
(0.0758825 0.35945 0.2717)
(0.0758825 0.35945 0.2967)
(0.0758825 0.35945 0.3142)
(0.0758825 0.35945 0.3317)
(0.0758825 0.35945 0.3492)
(0.0758825 0.35945 0.3667)
(0.0758825 0.35945 0.39505)
(0.0758825 0.35945 0.40005)
(0.0758825 0.37695 0.2667)
(0.0758825 0.37695 0.2717)
(0.0758825 0.37695 0.2967)
(0.0758825 0.37695 0.3142)
(0.0758825 0.37695 0.3317)
(0.0758825 0.37695 0.3492)
(0.0758825 0.37695 0.3667)
(0.0758825 0.37695 0.39505)
(0.0758825 0.37695 0.40005)
(0.0758825 0.39445 0.2667)
(0.0758825 0.39445 0.2717)
(0.0758825 0.39445 0.2967)
(0.0758825 0.39445 0.3142)
(0.0758825 0.39445 0.3317)
(0.0758825 0.39445 0.3492)
(0.0758825 0.39445 0.3667)
(0.0758825 0.39445 0.39505)
(0.0758825 0.39445 0.40005)
(0.0758825 0.40445 0.2667)
(0.0758825 0.40445 0.2717)
(0.0758825 0.40445 0.2967)
(0.0758825 0.40445 0.3142)
(0.0758825 0.40445 0.3317)
(0.0758825 0.40445 0.3492)
(0.0758825 0.40445 0.3667)
(0.0758825 0.40445 0.39505)
(0.0758825 0.40445 0.40005)
(0.0758825 0.41945 0.2667)
(0.0758825 0.41945 0.2717)
(0.0758825 0.41945 0.39505)
(0.0758825 0.41945 0.40005)
(0.0758825 0.42945 0.2667)
(0.0758825 0.42945 0.2717)
(0.0758825 0.42945 0.2967)
(0.0758825 0.42945 0.3142)
(0.0758825 0.42945 0.3317)
(0.0758825 0.42945 0.3492)
(0.0758825 0.42945 0.3667)
(0.0758825 0.42945 0.39505)
(0.0758825 0.42945 0.40005)
(0.0758825 0.43445 0.2667)
(0.0758825 0.43445 0.2717)
(0.0758825 0.43445 0.2967)
(0.0758825 0.43445 0.3142)
(0.0758825 0.43445 0.3317)
(0.0758825 0.43445 0.3492)
(0.0758825 0.43445 0.3667)
(0.0758825 0.43445 0.39505)
(0.0758825 0.43445 0.40005)
(0.0758825 0.451117 0.2667)
(0.0758825 0.451117 0.2717)
(0.0758825 0.451117 0.2967)
(0.0758825 0.451117 0.3142)
(0.0758825 0.451117 0.3317)
(0.0758825 0.451117 0.3492)
(0.0758825 0.451117 0.3667)
(0.0758825 0.451117 0.39505)
(0.0758825 0.451117 0.40005)
(0.0758825 0.467783 0.2667)
(0.0758825 0.467783 0.2717)
(0.0758825 0.467783 0.2967)
(0.0758825 0.467783 0.3142)
(0.0758825 0.467783 0.3317)
(0.0758825 0.467783 0.3492)
(0.0758825 0.467783 0.3667)
(0.0758825 0.467783 0.39505)
(0.0758825 0.467783 0.40005)
(0.0758825 0.48445 0.2667)
(0.0758825 0.48445 0.2717)
(0.0758825 0.48445 0.2967)
(0.0758825 0.48445 0.3142)
(0.0758825 0.48445 0.3317)
(0.0758825 0.48445 0.3492)
(0.0758825 0.48445 0.3667)
(0.0758825 0.48445 0.39505)
(0.0758825 0.48445 0.40005)
(0.0758825 0.49445 0.2667)
(0.0758825 0.49445 0.2717)
(0.0758825 0.49445 0.2967)
(0.0758825 0.49445 0.3142)
(0.0758825 0.49445 0.3317)
(0.0758825 0.49445 0.3492)
(0.0758825 0.49445 0.3667)
(0.0758825 0.49445 0.39505)
(0.0758825 0.49445 0.40005)
(0.0758825 0.50445 0.2667)
(0.0758825 0.50445 0.2717)
(0.0758825 0.50445 0.2967)
(0.0758825 0.50445 0.3142)
(0.0758825 0.50445 0.3317)
(0.0758825 0.50445 0.3492)
(0.0758825 0.50445 0.3667)
(0.0758825 0.50445 0.39505)
(0.0758825 0.50445 0.40005)
(0.0758825 0.50945 0.2667)
(0.0758825 0.50945 0.2717)
(0.0758825 0.50945 0.39505)
(0.0758825 0.50945 0.40005)
(0.0758825 0.52445 0.2667)
(0.0758825 0.52445 0.2717)
(0.0758825 0.52445 0.39505)
(0.0758825 0.52445 0.40005)
(0.0758825 0.53945 0.2667)
(0.0758825 0.53945 0.2717)
(0.0758825 0.53945 0.2817)
(0.0758825 0.53945 0.38505)
(0.0758825 0.53945 0.39505)
(0.0758825 0.53945 0.40005)
(0.0758825 0.54445 0.2667)
(0.0758825 0.54445 0.2717)
(0.0758825 0.54445 0.2817)
(0.0758825 0.54445 0.38505)
(0.0758825 0.54445 0.39505)
(0.0758825 0.54445 0.40005)
(0.0929146 0.04445 0.2667)
(0.0929146 0.04445 0.2717)
(0.0929146 0.04445 0.2817)
(0.0929146 0.04445 0.2847)
(0.0929146 0.04445 0.38205)
(0.0929146 0.04445 0.38505)
(0.0929146 0.04445 0.39505)
(0.0929146 0.04445 0.40005)
(0.0929146 0.04945 0.2667)
(0.0929146 0.04945 0.2717)
(0.0929146 0.04945 0.2817)
(0.0929146 0.04945 0.2847)
(0.0929146 0.04945 0.38205)
(0.0929146 0.04945 0.38505)
(0.0929146 0.04945 0.39505)
(0.0929146 0.04945 0.40005)
(0.0929146 0.06445 0.2667)
(0.0929146 0.06445 0.2717)
(0.0929146 0.06445 0.39505)
(0.0929146 0.06445 0.40005)
(0.0929146 0.07945 0.2667)
(0.0929146 0.07945 0.2717)
(0.0929146 0.07945 0.39505)
(0.0929146 0.07945 0.40005)
(0.0929146 0.08945 0.2667)
(0.0929146 0.08945 0.2717)
(0.0929146 0.08945 0.39505)
(0.0929146 0.08945 0.40005)
(0.0929146 0.09945 0.2667)
(0.0929146 0.09945 0.2717)
(0.0929146 0.09945 0.39505)
(0.0929146 0.09945 0.40005)
(0.0929146 0.11445 0.2667)
(0.0929146 0.11445 0.2717)
(0.0929146 0.11445 0.39505)
(0.0929146 0.11445 0.40005)
(0.0929146 0.12945 0.2667)
(0.0929146 0.12945 0.2717)
(0.0929146 0.12945 0.39505)
(0.0929146 0.12945 0.40005)
(0.0929146 0.14445 0.2667)
(0.0929146 0.14445 0.2717)
(0.0929146 0.14445 0.39505)
(0.0929146 0.14445 0.40005)
(0.0929146 0.15945 0.2667)
(0.0929146 0.15945 0.2717)
(0.0929146 0.15945 0.2967)
(0.0929146 0.15945 0.3142)
(0.0929146 0.15945 0.3317)
(0.0929146 0.15945 0.3492)
(0.0929146 0.15945 0.3667)
(0.0929146 0.15945 0.39505)
(0.0929146 0.15945 0.40005)
(0.0929146 0.16445 0.2667)
(0.0929146 0.16445 0.2717)
(0.0929146 0.16445 0.2967)
(0.0929146 0.16445 0.3142)
(0.0929146 0.16445 0.3317)
(0.0929146 0.16445 0.3492)
(0.0929146 0.16445 0.3667)
(0.0929146 0.16445 0.39505)
(0.0929146 0.16445 0.40005)
(0.0929146 0.17445 0.2667)
(0.0929146 0.17445 0.2717)
(0.0929146 0.17445 0.2967)
(0.0929146 0.17445 0.3142)
(0.0929146 0.17445 0.3317)
(0.0929146 0.17445 0.3492)
(0.0929146 0.17445 0.3667)
(0.0929146 0.17445 0.39505)
(0.0929146 0.17445 0.40005)
(0.0929146 0.18445 0.2667)
(0.0929146 0.18445 0.2717)
(0.0929146 0.18445 0.2967)
(0.0929146 0.18445 0.3142)
(0.0929146 0.18445 0.3317)
(0.0929146 0.18445 0.3492)
(0.0929146 0.18445 0.3667)
(0.0929146 0.18445 0.39505)
(0.0929146 0.18445 0.40005)
(0.0929146 0.19695 0.2667)
(0.0929146 0.19695 0.2717)
(0.0929146 0.19695 0.2967)
(0.0929146 0.19695 0.3142)
(0.0929146 0.19695 0.3317)
(0.0929146 0.19695 0.3492)
(0.0929146 0.19695 0.3667)
(0.0929146 0.19695 0.39505)
(0.0929146 0.19695 0.40005)
(0.0929146 0.20945 0.2667)
(0.0929146 0.20945 0.2717)
(0.0929146 0.20945 0.2967)
(0.0929146 0.20945 0.3142)
(0.0929146 0.20945 0.3317)
(0.0929146 0.20945 0.3492)
(0.0929146 0.20945 0.3667)
(0.0929146 0.20945 0.39505)
(0.0929146 0.20945 0.40005)
(0.0929146 0.22645 0.2667)
(0.0929146 0.22645 0.2717)
(0.0929146 0.22645 0.2967)
(0.0929146 0.22645 0.3142)
(0.0929146 0.22645 0.3317)
(0.0929146 0.22645 0.3492)
(0.0929146 0.22645 0.3667)
(0.0929146 0.22645 0.39505)
(0.0929146 0.22645 0.40005)
(0.0929146 0.24345 0.2667)
(0.0929146 0.24345 0.2717)
(0.0929146 0.24345 0.2967)
(0.0929146 0.24345 0.3142)
(0.0929146 0.24345 0.3317)
(0.0929146 0.24345 0.3492)
(0.0929146 0.24345 0.3667)
(0.0929146 0.24345 0.39505)
(0.0929146 0.24345 0.40005)
(0.0929146 0.26045 0.2667)
(0.0929146 0.26045 0.2717)
(0.0929146 0.26045 0.2967)
(0.0929146 0.26045 0.3142)
(0.0929146 0.26045 0.3317)
(0.0929146 0.26045 0.3492)
(0.0929146 0.26045 0.3667)
(0.0929146 0.26045 0.39505)
(0.0929146 0.26045 0.40005)
(0.0929146 0.27745 0.2667)
(0.0929146 0.27745 0.2717)
(0.0929146 0.27745 0.2967)
(0.0929146 0.27745 0.3142)
(0.0929146 0.27745 0.3317)
(0.0929146 0.27745 0.3492)
(0.0929146 0.27745 0.3667)
(0.0929146 0.27745 0.39505)
(0.0929146 0.27745 0.40005)
(0.0929146 0.29445 0.2667)
(0.0929146 0.29445 0.2717)
(0.0929146 0.29445 0.2967)
(0.0929146 0.29445 0.3142)
(0.0929146 0.29445 0.3317)
(0.0929146 0.29445 0.3492)
(0.0929146 0.29445 0.3667)
(0.0929146 0.29445 0.39505)
(0.0929146 0.29445 0.40005)
(0.0929146 0.30945 0.2667)
(0.0929146 0.30945 0.2717)
(0.0929146 0.30945 0.2967)
(0.0929146 0.30945 0.3142)
(0.0929146 0.30945 0.3317)
(0.0929146 0.30945 0.3492)
(0.0929146 0.30945 0.3667)
(0.0929146 0.30945 0.39505)
(0.0929146 0.30945 0.40005)
(0.0929146 0.32445 0.2667)
(0.0929146 0.32445 0.2717)
(0.0929146 0.32445 0.2967)
(0.0929146 0.32445 0.3142)
(0.0929146 0.32445 0.3317)
(0.0929146 0.32445 0.3492)
(0.0929146 0.32445 0.3667)
(0.0929146 0.32445 0.39505)
(0.0929146 0.32445 0.40005)
(0.0929146 0.34195 0.2667)
(0.0929146 0.34195 0.2717)
(0.0929146 0.34195 0.2967)
(0.0929146 0.34195 0.3142)
(0.0929146 0.34195 0.3317)
(0.0929146 0.34195 0.3492)
(0.0929146 0.34195 0.3667)
(0.0929146 0.34195 0.39505)
(0.0929146 0.34195 0.40005)
(0.0929146 0.35945 0.2667)
(0.0929146 0.35945 0.2717)
(0.0929146 0.35945 0.2967)
(0.0929146 0.35945 0.3142)
(0.0929146 0.35945 0.3317)
(0.0929146 0.35945 0.3492)
(0.0929146 0.35945 0.3667)
(0.0929146 0.35945 0.39505)
(0.0929146 0.35945 0.40005)
(0.0929146 0.37695 0.2667)
(0.0929146 0.37695 0.2717)
(0.0929146 0.37695 0.2967)
(0.0929146 0.37695 0.3142)
(0.0929146 0.37695 0.3317)
(0.0929146 0.37695 0.3492)
(0.0929146 0.37695 0.3667)
(0.0929146 0.37695 0.39505)
(0.0929146 0.37695 0.40005)
(0.0929146 0.39445 0.2667)
(0.0929146 0.39445 0.2717)
(0.0929146 0.39445 0.2967)
(0.0929146 0.39445 0.3142)
(0.0929146 0.39445 0.3317)
(0.0929146 0.39445 0.3492)
(0.0929146 0.39445 0.3667)
(0.0929146 0.39445 0.39505)
(0.0929146 0.39445 0.40005)
(0.0929146 0.40445 0.2667)
(0.0929146 0.40445 0.2717)
(0.0929146 0.40445 0.2967)
(0.0929146 0.40445 0.3142)
(0.0929146 0.40445 0.3317)
(0.0929146 0.40445 0.3492)
(0.0929146 0.40445 0.3667)
(0.0929146 0.40445 0.39505)
(0.0929146 0.40445 0.40005)
(0.0929146 0.41945 0.2667)
(0.0929146 0.41945 0.2717)
(0.0929146 0.41945 0.39505)
(0.0929146 0.41945 0.40005)
(0.0929146 0.42945 0.2667)
(0.0929146 0.42945 0.2717)
(0.0929146 0.42945 0.2967)
(0.0929146 0.42945 0.3142)
(0.0929146 0.42945 0.3317)
(0.0929146 0.42945 0.3492)
(0.0929146 0.42945 0.3667)
(0.0929146 0.42945 0.39505)
(0.0929146 0.42945 0.40005)
(0.0929146 0.43445 0.2667)
(0.0929146 0.43445 0.2717)
(0.0929146 0.43445 0.2967)
(0.0929146 0.43445 0.3142)
(0.0929146 0.43445 0.3317)
(0.0929146 0.43445 0.3492)
(0.0929146 0.43445 0.3667)
(0.0929146 0.43445 0.39505)
(0.0929146 0.43445 0.40005)
(0.0929146 0.451117 0.2667)
(0.0929146 0.451117 0.2717)
(0.0929146 0.451117 0.2967)
(0.0929146 0.451117 0.3142)
(0.0929146 0.451117 0.3317)
(0.0929146 0.451117 0.3492)
(0.0929146 0.451117 0.3667)
(0.0929146 0.451117 0.39505)
(0.0929146 0.451117 0.40005)
(0.0929146 0.467783 0.2667)
(0.0929146 0.467783 0.2717)
(0.0929146 0.467783 0.2967)
(0.0929146 0.467783 0.3142)
(0.0929146 0.467783 0.3317)
(0.0929146 0.467783 0.3492)
(0.0929146 0.467783 0.3667)
(0.0929146 0.467783 0.39505)
(0.0929146 0.467783 0.40005)
(0.0929146 0.48445 0.2667)
(0.0929146 0.48445 0.2717)
(0.0929146 0.48445 0.2967)
(0.0929146 0.48445 0.3142)
(0.0929146 0.48445 0.3317)
(0.0929146 0.48445 0.3492)
(0.0929146 0.48445 0.3667)
(0.0929146 0.48445 0.39505)
(0.0929146 0.48445 0.40005)
(0.0929146 0.49445 0.2667)
(0.0929146 0.49445 0.2717)
(0.0929146 0.49445 0.2967)
(0.0929146 0.49445 0.3142)
(0.0929146 0.49445 0.3317)
(0.0929146 0.49445 0.3492)
(0.0929146 0.49445 0.3667)
(0.0929146 0.49445 0.39505)
(0.0929146 0.49445 0.40005)
(0.0929146 0.50445 0.2667)
(0.0929146 0.50445 0.2717)
(0.0929146 0.50445 0.2967)
(0.0929146 0.50445 0.3142)
(0.0929146 0.50445 0.3317)
(0.0929146 0.50445 0.3492)
(0.0929146 0.50445 0.3667)
(0.0929146 0.50445 0.39505)
(0.0929146 0.50445 0.40005)
(0.0929146 0.50945 0.2667)
(0.0929146 0.50945 0.2717)
(0.0929146 0.50945 0.39505)
(0.0929146 0.50945 0.40005)
(0.0929146 0.52445 0.2667)
(0.0929146 0.52445 0.2717)
(0.0929146 0.52445 0.39505)
(0.0929146 0.52445 0.40005)
(0.0929146 0.53945 0.2667)
(0.0929146 0.53945 0.2717)
(0.0929146 0.53945 0.2817)
(0.0929146 0.53945 0.38505)
(0.0929146 0.53945 0.39505)
(0.0929146 0.53945 0.40005)
(0.0929146 0.54445 0.2667)
(0.0929146 0.54445 0.2717)
(0.0929146 0.54445 0.2817)
(0.0929146 0.54445 0.38505)
(0.0929146 0.54445 0.39505)
(0.0929146 0.54445 0.40005)
(0.106415 0.04445 0.2667)
(0.106415 0.04445 0.2717)
(0.106415 0.04445 0.2817)
(0.106415 0.04445 0.2847)
(0.106415 0.04445 0.38205)
(0.106415 0.04445 0.38505)
(0.106415 0.04445 0.39505)
(0.106415 0.04445 0.40005)
(0.106415 0.04945 0.2667)
(0.106415 0.04945 0.2717)
(0.106415 0.04945 0.2817)
(0.106415 0.04945 0.2847)
(0.106415 0.04945 0.38205)
(0.106415 0.04945 0.38505)
(0.106415 0.04945 0.39505)
(0.106415 0.04945 0.40005)
(0.106415 0.06445 0.2667)
(0.106415 0.06445 0.2717)
(0.106415 0.06445 0.39505)
(0.106415 0.06445 0.40005)
(0.106415 0.07945 0.2667)
(0.106415 0.07945 0.2717)
(0.106415 0.07945 0.39505)
(0.106415 0.07945 0.40005)
(0.106415 0.08945 0.2667)
(0.106415 0.08945 0.2717)
(0.106415 0.08945 0.39505)
(0.106415 0.08945 0.40005)
(0.106415 0.09945 0.2667)
(0.106415 0.09945 0.2717)
(0.106415 0.09945 0.39505)
(0.106415 0.09945 0.40005)
(0.106415 0.11445 0.2667)
(0.106415 0.11445 0.2717)
(0.106415 0.11445 0.39505)
(0.106415 0.11445 0.40005)
(0.106415 0.12945 0.2667)
(0.106415 0.12945 0.2717)
(0.106415 0.12945 0.39505)
(0.106415 0.12945 0.40005)
(0.106415 0.14445 0.2667)
(0.106415 0.14445 0.2717)
(0.106415 0.14445 0.39505)
(0.106415 0.14445 0.40005)
(0.106415 0.15945 0.2667)
(0.106415 0.15945 0.2717)
(0.106415 0.15945 0.2967)
(0.106415 0.15945 0.3142)
(0.106415 0.15945 0.3317)
(0.106415 0.15945 0.3492)
(0.106415 0.15945 0.3667)
(0.106415 0.15945 0.39505)
(0.106415 0.15945 0.40005)
(0.106415 0.16445 0.2667)
(0.106415 0.16445 0.2717)
(0.106415 0.16445 0.2967)
(0.106415 0.16445 0.3142)
(0.106415 0.16445 0.3317)
(0.106415 0.16445 0.3492)
(0.106415 0.16445 0.3667)
(0.106415 0.16445 0.39505)
(0.106415 0.16445 0.40005)
(0.106415 0.17445 0.2667)
(0.106415 0.17445 0.2717)
(0.106415 0.17445 0.2967)
(0.106415 0.17445 0.3142)
(0.106415 0.17445 0.3317)
(0.106415 0.17445 0.3492)
(0.106415 0.17445 0.3667)
(0.106415 0.17445 0.39505)
(0.106415 0.17445 0.40005)
(0.106415 0.18445 0.2667)
(0.106415 0.18445 0.2717)
(0.106415 0.18445 0.2967)
(0.106415 0.18445 0.3142)
(0.106415 0.18445 0.3317)
(0.106415 0.18445 0.3492)
(0.106415 0.18445 0.3667)
(0.106415 0.18445 0.39505)
(0.106415 0.18445 0.40005)
(0.106415 0.19695 0.2667)
(0.106415 0.19695 0.2717)
(0.106415 0.19695 0.2967)
(0.106415 0.19695 0.3142)
(0.106415 0.19695 0.3317)
(0.106415 0.19695 0.3492)
(0.106415 0.19695 0.3667)
(0.106415 0.19695 0.39505)
(0.106415 0.19695 0.40005)
(0.106415 0.20945 0.2667)
(0.106415 0.20945 0.2717)
(0.106415 0.20945 0.2967)
(0.106415 0.20945 0.3142)
(0.106415 0.20945 0.3317)
(0.106415 0.20945 0.3492)
(0.106415 0.20945 0.3667)
(0.106415 0.20945 0.39505)
(0.106415 0.20945 0.40005)
(0.106415 0.22645 0.2667)
(0.106415 0.22645 0.2717)
(0.106415 0.22645 0.2967)
(0.106415 0.22645 0.3142)
(0.106415 0.22645 0.3317)
(0.106415 0.22645 0.3492)
(0.106415 0.22645 0.3667)
(0.106415 0.22645 0.39505)
(0.106415 0.22645 0.40005)
(0.106415 0.24345 0.2667)
(0.106415 0.24345 0.2717)
(0.106415 0.24345 0.2967)
(0.106415 0.24345 0.3142)
(0.106415 0.24345 0.3317)
(0.106415 0.24345 0.3492)
(0.106415 0.24345 0.3667)
(0.106415 0.24345 0.39505)
(0.106415 0.24345 0.40005)
(0.106415 0.26045 0.2667)
(0.106415 0.26045 0.2717)
(0.106415 0.26045 0.2967)
(0.106415 0.26045 0.3142)
(0.106415 0.26045 0.3317)
(0.106415 0.26045 0.3492)
(0.106415 0.26045 0.3667)
(0.106415 0.26045 0.39505)
(0.106415 0.26045 0.40005)
(0.106415 0.27745 0.2667)
(0.106415 0.27745 0.2717)
(0.106415 0.27745 0.2967)
(0.106415 0.27745 0.3142)
(0.106415 0.27745 0.3317)
(0.106415 0.27745 0.3492)
(0.106415 0.27745 0.3667)
(0.106415 0.27745 0.39505)
(0.106415 0.27745 0.40005)
(0.106415 0.29445 0.2667)
(0.106415 0.29445 0.2717)
(0.106415 0.29445 0.2967)
(0.106415 0.29445 0.3142)
(0.106415 0.29445 0.3317)
(0.106415 0.29445 0.3492)
(0.106415 0.29445 0.3667)
(0.106415 0.29445 0.39505)
(0.106415 0.29445 0.40005)
(0.106415 0.30945 0.2667)
(0.106415 0.30945 0.2717)
(0.106415 0.30945 0.2967)
(0.106415 0.30945 0.3142)
(0.106415 0.30945 0.3317)
(0.106415 0.30945 0.3492)
(0.106415 0.30945 0.3667)
(0.106415 0.30945 0.39505)
(0.106415 0.30945 0.40005)
(0.106415 0.32445 0.2667)
(0.106415 0.32445 0.2717)
(0.106415 0.32445 0.2967)
(0.106415 0.32445 0.3142)
(0.106415 0.32445 0.3317)
(0.106415 0.32445 0.3492)
(0.106415 0.32445 0.3667)
(0.106415 0.32445 0.39505)
(0.106415 0.32445 0.40005)
(0.106415 0.34195 0.2667)
(0.106415 0.34195 0.2717)
(0.106415 0.34195 0.2967)
(0.106415 0.34195 0.3142)
(0.106415 0.34195 0.3317)
(0.106415 0.34195 0.3492)
(0.106415 0.34195 0.3667)
(0.106415 0.34195 0.39505)
(0.106415 0.34195 0.40005)
(0.106415 0.35945 0.2667)
(0.106415 0.35945 0.2717)
(0.106415 0.35945 0.2967)
(0.106415 0.35945 0.3142)
(0.106415 0.35945 0.3317)
(0.106415 0.35945 0.3492)
(0.106415 0.35945 0.3667)
(0.106415 0.35945 0.39505)
(0.106415 0.35945 0.40005)
(0.106415 0.37695 0.2667)
(0.106415 0.37695 0.2717)
(0.106415 0.37695 0.2967)
(0.106415 0.37695 0.3142)
(0.106415 0.37695 0.3317)
(0.106415 0.37695 0.3492)
(0.106415 0.37695 0.3667)
(0.106415 0.37695 0.39505)
(0.106415 0.37695 0.40005)
(0.106415 0.39445 0.2667)
(0.106415 0.39445 0.2717)
(0.106415 0.39445 0.2967)
(0.106415 0.39445 0.3142)
(0.106415 0.39445 0.3317)
(0.106415 0.39445 0.3492)
(0.106415 0.39445 0.3667)
(0.106415 0.39445 0.39505)
(0.106415 0.39445 0.40005)
(0.106415 0.40445 0.2667)
(0.106415 0.40445 0.2717)
(0.106415 0.40445 0.2967)
(0.106415 0.40445 0.3142)
(0.106415 0.40445 0.3317)
(0.106415 0.40445 0.3492)
(0.106415 0.40445 0.3667)
(0.106415 0.40445 0.39505)
(0.106415 0.40445 0.40005)
(0.106415 0.41945 0.2667)
(0.106415 0.41945 0.2717)
(0.106415 0.41945 0.39505)
(0.106415 0.41945 0.40005)
(0.106415 0.42945 0.2667)
(0.106415 0.42945 0.2717)
(0.106415 0.42945 0.2967)
(0.106415 0.42945 0.3142)
(0.106415 0.42945 0.3317)
(0.106415 0.42945 0.3492)
(0.106415 0.42945 0.3667)
(0.106415 0.42945 0.39505)
(0.106415 0.42945 0.40005)
(0.106415 0.43445 0.2667)
(0.106415 0.43445 0.2717)
(0.106415 0.43445 0.2967)
(0.106415 0.43445 0.3142)
(0.106415 0.43445 0.3317)
(0.106415 0.43445 0.3492)
(0.106415 0.43445 0.3667)
(0.106415 0.43445 0.39505)
(0.106415 0.43445 0.40005)
(0.106415 0.451117 0.2667)
(0.106415 0.451117 0.2717)
(0.106415 0.451117 0.2967)
(0.106415 0.451117 0.3142)
(0.106415 0.451117 0.3317)
(0.106415 0.451117 0.3492)
(0.106415 0.451117 0.3667)
(0.106415 0.451117 0.39505)
(0.106415 0.451117 0.40005)
(0.106415 0.467783 0.2667)
(0.106415 0.467783 0.2717)
(0.106415 0.467783 0.2967)
(0.106415 0.467783 0.3142)
(0.106415 0.467783 0.3317)
(0.106415 0.467783 0.3492)
(0.106415 0.467783 0.3667)
(0.106415 0.467783 0.39505)
(0.106415 0.467783 0.40005)
(0.106415 0.48445 0.2667)
(0.106415 0.48445 0.2717)
(0.106415 0.48445 0.2967)
(0.106415 0.48445 0.3142)
(0.106415 0.48445 0.3317)
(0.106415 0.48445 0.3492)
(0.106415 0.48445 0.3667)
(0.106415 0.48445 0.39505)
(0.106415 0.48445 0.40005)
(0.106415 0.49445 0.2667)
(0.106415 0.49445 0.2717)
(0.106415 0.49445 0.2967)
(0.106415 0.49445 0.3142)
(0.106415 0.49445 0.3317)
(0.106415 0.49445 0.3492)
(0.106415 0.49445 0.3667)
(0.106415 0.49445 0.39505)
(0.106415 0.49445 0.40005)
(0.106415 0.50445 0.2667)
(0.106415 0.50445 0.2717)
(0.106415 0.50445 0.2967)
(0.106415 0.50445 0.3142)
(0.106415 0.50445 0.3317)
(0.106415 0.50445 0.3492)
(0.106415 0.50445 0.3667)
(0.106415 0.50445 0.39505)
(0.106415 0.50445 0.40005)
(0.106415 0.50945 0.2667)
(0.106415 0.50945 0.2717)
(0.106415 0.50945 0.39505)
(0.106415 0.50945 0.40005)
(0.106415 0.52445 0.2667)
(0.106415 0.52445 0.2717)
(0.106415 0.52445 0.39505)
(0.106415 0.52445 0.40005)
(0.106415 0.53945 0.2667)
(0.106415 0.53945 0.2717)
(0.106415 0.53945 0.2817)
(0.106415 0.53945 0.38505)
(0.106415 0.53945 0.39505)
(0.106415 0.53945 0.40005)
(0.106415 0.54445 0.2667)
(0.106415 0.54445 0.2717)
(0.106415 0.54445 0.2817)
(0.106415 0.54445 0.38505)
(0.106415 0.54445 0.39505)
(0.106415 0.54445 0.40005)
(0.119915 0.04445 0.2667)
(0.119915 0.04445 0.2717)
(0.119915 0.04445 0.2817)
(0.119915 0.04445 0.2847)
(0.119915 0.04445 0.38205)
(0.119915 0.04445 0.38505)
(0.119915 0.04445 0.39505)
(0.119915 0.04445 0.40005)
(0.119915 0.04945 0.2667)
(0.119915 0.04945 0.2717)
(0.119915 0.04945 0.2817)
(0.119915 0.04945 0.2847)
(0.119915 0.04945 0.38205)
(0.119915 0.04945 0.38505)
(0.119915 0.04945 0.39505)
(0.119915 0.04945 0.40005)
(0.119915 0.06445 0.2667)
(0.119915 0.06445 0.2717)
(0.119915 0.06445 0.39505)
(0.119915 0.06445 0.40005)
(0.119915 0.07945 0.2667)
(0.119915 0.07945 0.2717)
(0.119915 0.07945 0.39505)
(0.119915 0.07945 0.40005)
(0.119915 0.08945 0.2667)
(0.119915 0.08945 0.2717)
(0.119915 0.08945 0.39505)
(0.119915 0.08945 0.40005)
(0.119915 0.09945 0.2667)
(0.119915 0.09945 0.2717)
(0.119915 0.09945 0.39505)
(0.119915 0.09945 0.40005)
(0.119915 0.11445 0.2667)
(0.119915 0.11445 0.2717)
(0.119915 0.11445 0.39505)
(0.119915 0.11445 0.40005)
(0.119915 0.12945 0.2667)
(0.119915 0.12945 0.2717)
(0.119915 0.12945 0.39505)
(0.119915 0.12945 0.40005)
(0.119915 0.14445 0.2667)
(0.119915 0.14445 0.2717)
(0.119915 0.14445 0.39505)
(0.119915 0.14445 0.40005)
(0.119915 0.15945 0.2667)
(0.119915 0.15945 0.2717)
(0.119915 0.15945 0.2967)
(0.119915 0.15945 0.3142)
(0.119915 0.15945 0.3317)
(0.119915 0.15945 0.3492)
(0.119915 0.15945 0.3667)
(0.119915 0.15945 0.39505)
(0.119915 0.15945 0.40005)
(0.119915 0.16445 0.2667)
(0.119915 0.16445 0.2717)
(0.119915 0.16445 0.2967)
(0.119915 0.16445 0.3142)
(0.119915 0.16445 0.3317)
(0.119915 0.16445 0.3492)
(0.119915 0.16445 0.3667)
(0.119915 0.16445 0.39505)
(0.119915 0.16445 0.40005)
(0.119915 0.17445 0.2667)
(0.119915 0.17445 0.2717)
(0.119915 0.17445 0.2967)
(0.119915 0.17445 0.3142)
(0.119915 0.17445 0.3317)
(0.119915 0.17445 0.3492)
(0.119915 0.17445 0.3667)
(0.119915 0.17445 0.39505)
(0.119915 0.17445 0.40005)
(0.119915 0.18445 0.2667)
(0.119915 0.18445 0.2717)
(0.119915 0.18445 0.2967)
(0.119915 0.18445 0.3142)
(0.119915 0.18445 0.3317)
(0.119915 0.18445 0.3492)
(0.119915 0.18445 0.3667)
(0.119915 0.18445 0.39505)
(0.119915 0.18445 0.40005)
(0.119915 0.19695 0.2667)
(0.119915 0.19695 0.2717)
(0.119915 0.19695 0.2967)
(0.119915 0.19695 0.3142)
(0.119915 0.19695 0.3317)
(0.119915 0.19695 0.3492)
(0.119915 0.19695 0.3667)
(0.119915 0.19695 0.39505)
(0.119915 0.19695 0.40005)
(0.119915 0.20945 0.2667)
(0.119915 0.20945 0.2717)
(0.119915 0.20945 0.2967)
(0.119915 0.20945 0.3142)
(0.119915 0.20945 0.3317)
(0.119915 0.20945 0.3492)
(0.119915 0.20945 0.3667)
(0.119915 0.20945 0.39505)
(0.119915 0.20945 0.40005)
(0.119915 0.22645 0.2667)
(0.119915 0.22645 0.2717)
(0.119915 0.22645 0.2967)
(0.119915 0.22645 0.3142)
(0.119915 0.22645 0.3317)
(0.119915 0.22645 0.3492)
(0.119915 0.22645 0.3667)
(0.119915 0.22645 0.39505)
(0.119915 0.22645 0.40005)
(0.119915 0.24345 0.2667)
(0.119915 0.24345 0.2717)
(0.119915 0.24345 0.2967)
(0.119915 0.24345 0.3142)
(0.119915 0.24345 0.3317)
(0.119915 0.24345 0.3492)
(0.119915 0.24345 0.3667)
(0.119915 0.24345 0.39505)
(0.119915 0.24345 0.40005)
(0.119915 0.26045 0.2667)
(0.119915 0.26045 0.2717)
(0.119915 0.26045 0.2967)
(0.119915 0.26045 0.3142)
(0.119915 0.26045 0.3317)
(0.119915 0.26045 0.3492)
(0.119915 0.26045 0.3667)
(0.119915 0.26045 0.39505)
(0.119915 0.26045 0.40005)
(0.119915 0.27745 0.2667)
(0.119915 0.27745 0.2717)
(0.119915 0.27745 0.2967)
(0.119915 0.27745 0.3142)
(0.119915 0.27745 0.3317)
(0.119915 0.27745 0.3492)
(0.119915 0.27745 0.3667)
(0.119915 0.27745 0.39505)
(0.119915 0.27745 0.40005)
(0.119915 0.29445 0.2667)
(0.119915 0.29445 0.2717)
(0.119915 0.29445 0.2967)
(0.119915 0.29445 0.3142)
(0.119915 0.29445 0.3317)
(0.119915 0.29445 0.3492)
(0.119915 0.29445 0.3667)
(0.119915 0.29445 0.39505)
(0.119915 0.29445 0.40005)
(0.119915 0.30945 0.2667)
(0.119915 0.30945 0.2717)
(0.119915 0.30945 0.2967)
(0.119915 0.30945 0.3142)
(0.119915 0.30945 0.3317)
(0.119915 0.30945 0.3492)
(0.119915 0.30945 0.3667)
(0.119915 0.30945 0.39505)
(0.119915 0.30945 0.40005)
(0.119915 0.32445 0.2667)
(0.119915 0.32445 0.2717)
(0.119915 0.32445 0.2967)
(0.119915 0.32445 0.3142)
(0.119915 0.32445 0.3317)
(0.119915 0.32445 0.3492)
(0.119915 0.32445 0.3667)
(0.119915 0.32445 0.39505)
(0.119915 0.32445 0.40005)
(0.119915 0.34195 0.2667)
(0.119915 0.34195 0.2717)
(0.119915 0.34195 0.2967)
(0.119915 0.34195 0.3142)
(0.119915 0.34195 0.3317)
(0.119915 0.34195 0.3492)
(0.119915 0.34195 0.3667)
(0.119915 0.34195 0.39505)
(0.119915 0.34195 0.40005)
(0.119915 0.35945 0.2667)
(0.119915 0.35945 0.2717)
(0.119915 0.35945 0.2967)
(0.119915 0.35945 0.3142)
(0.119915 0.35945 0.3317)
(0.119915 0.35945 0.3492)
(0.119915 0.35945 0.3667)
(0.119915 0.35945 0.39505)
(0.119915 0.35945 0.40005)
(0.119915 0.37695 0.2667)
(0.119915 0.37695 0.2717)
(0.119915 0.37695 0.2967)
(0.119915 0.37695 0.3142)
(0.119915 0.37695 0.3317)
(0.119915 0.37695 0.3492)
(0.119915 0.37695 0.3667)
(0.119915 0.37695 0.39505)
(0.119915 0.37695 0.40005)
(0.119915 0.39445 0.2667)
(0.119915 0.39445 0.2717)
(0.119915 0.39445 0.2967)
(0.119915 0.39445 0.3142)
(0.119915 0.39445 0.3317)
(0.119915 0.39445 0.3492)
(0.119915 0.39445 0.3667)
(0.119915 0.39445 0.39505)
(0.119915 0.39445 0.40005)
(0.119915 0.40445 0.2667)
(0.119915 0.40445 0.2717)
(0.119915 0.40445 0.2967)
(0.119915 0.40445 0.3142)
(0.119915 0.40445 0.3317)
(0.119915 0.40445 0.3492)
(0.119915 0.40445 0.3667)
(0.119915 0.40445 0.39505)
(0.119915 0.40445 0.40005)
(0.119915 0.41945 0.2667)
(0.119915 0.41945 0.2717)
(0.119915 0.41945 0.39505)
(0.119915 0.41945 0.40005)
(0.119915 0.42945 0.2667)
(0.119915 0.42945 0.2717)
(0.119915 0.42945 0.2967)
(0.119915 0.42945 0.3142)
(0.119915 0.42945 0.3317)
(0.119915 0.42945 0.3492)
(0.119915 0.42945 0.3667)
(0.119915 0.42945 0.39505)
(0.119915 0.42945 0.40005)
(0.119915 0.43445 0.2667)
(0.119915 0.43445 0.2717)
(0.119915 0.43445 0.2967)
(0.119915 0.43445 0.3142)
(0.119915 0.43445 0.3317)
(0.119915 0.43445 0.3492)
(0.119915 0.43445 0.3667)
(0.119915 0.43445 0.39505)
(0.119915 0.43445 0.40005)
(0.119915 0.451117 0.2667)
(0.119915 0.451117 0.2717)
(0.119915 0.451117 0.2967)
(0.119915 0.451117 0.3142)
(0.119915 0.451117 0.3317)
(0.119915 0.451117 0.3492)
(0.119915 0.451117 0.3667)
(0.119915 0.451117 0.39505)
(0.119915 0.451117 0.40005)
(0.119915 0.467783 0.2667)
(0.119915 0.467783 0.2717)
(0.119915 0.467783 0.2967)
(0.119915 0.467783 0.3142)
(0.119915 0.467783 0.3317)
(0.119915 0.467783 0.3492)
(0.119915 0.467783 0.3667)
(0.119915 0.467783 0.39505)
(0.119915 0.467783 0.40005)
(0.119915 0.48445 0.2667)
(0.119915 0.48445 0.2717)
(0.119915 0.48445 0.2967)
(0.119915 0.48445 0.3142)
(0.119915 0.48445 0.3317)
(0.119915 0.48445 0.3492)
(0.119915 0.48445 0.3667)
(0.119915 0.48445 0.39505)
(0.119915 0.48445 0.40005)
(0.119915 0.49445 0.2667)
(0.119915 0.49445 0.2717)
(0.119915 0.49445 0.2967)
(0.119915 0.49445 0.3142)
(0.119915 0.49445 0.3317)
(0.119915 0.49445 0.3492)
(0.119915 0.49445 0.3667)
(0.119915 0.49445 0.39505)
(0.119915 0.49445 0.40005)
(0.119915 0.50445 0.2667)
(0.119915 0.50445 0.2717)
(0.119915 0.50445 0.2967)
(0.119915 0.50445 0.3142)
(0.119915 0.50445 0.3317)
(0.119915 0.50445 0.3492)
(0.119915 0.50445 0.3667)
(0.119915 0.50445 0.39505)
(0.119915 0.50445 0.40005)
(0.119915 0.50945 0.2667)
(0.119915 0.50945 0.2717)
(0.119915 0.50945 0.39505)
(0.119915 0.50945 0.40005)
(0.119915 0.52445 0.2667)
(0.119915 0.52445 0.2717)
(0.119915 0.52445 0.39505)
(0.119915 0.52445 0.40005)
(0.119915 0.53945 0.2667)
(0.119915 0.53945 0.2717)
(0.119915 0.53945 0.2817)
(0.119915 0.53945 0.38505)
(0.119915 0.53945 0.39505)
(0.119915 0.53945 0.40005)
(0.119915 0.54445 0.2667)
(0.119915 0.54445 0.2717)
(0.119915 0.54445 0.2817)
(0.119915 0.54445 0.38505)
(0.119915 0.54445 0.39505)
(0.119915 0.54445 0.40005)
(0.131515 0.04445 0.2667)
(0.131515 0.04445 0.2717)
(0.131515 0.04445 0.2817)
(0.131515 0.04445 0.2847)
(0.131515 0.04445 0.38205)
(0.131515 0.04445 0.38505)
(0.131515 0.04445 0.39505)
(0.131515 0.04445 0.40005)
(0.131515 0.04945 0.2667)
(0.131515 0.04945 0.2717)
(0.131515 0.04945 0.2817)
(0.131515 0.04945 0.2847)
(0.131515 0.04945 0.38205)
(0.131515 0.04945 0.38505)
(0.131515 0.04945 0.39505)
(0.131515 0.04945 0.40005)
(0.131515 0.06445 0.2667)
(0.131515 0.06445 0.2717)
(0.131515 0.06445 0.39505)
(0.131515 0.06445 0.40005)
(0.131515 0.07945 0.2667)
(0.131515 0.07945 0.2717)
(0.131515 0.07945 0.39505)
(0.131515 0.07945 0.40005)
(0.131515 0.08945 0.2667)
(0.131515 0.08945 0.2717)
(0.131515 0.08945 0.39505)
(0.131515 0.08945 0.40005)
(0.131515 0.09945 0.2667)
(0.131515 0.09945 0.2717)
(0.131515 0.09945 0.39505)
(0.131515 0.09945 0.40005)
(0.131515 0.11445 0.2667)
(0.131515 0.11445 0.2717)
(0.131515 0.11445 0.39505)
(0.131515 0.11445 0.40005)
(0.131515 0.12945 0.2667)
(0.131515 0.12945 0.2717)
(0.131515 0.12945 0.39505)
(0.131515 0.12945 0.40005)
(0.131515 0.14445 0.2667)
(0.131515 0.14445 0.2717)
(0.131515 0.14445 0.39505)
(0.131515 0.14445 0.40005)
(0.131515 0.15945 0.2667)
(0.131515 0.15945 0.2717)
(0.131515 0.15945 0.2967)
(0.131515 0.15945 0.3142)
(0.131515 0.15945 0.3317)
(0.131515 0.15945 0.3492)
(0.131515 0.15945 0.3667)
(0.131515 0.15945 0.39505)
(0.131515 0.15945 0.40005)
(0.131515 0.16445 0.2667)
(0.131515 0.16445 0.2717)
(0.131515 0.16445 0.2967)
(0.131515 0.16445 0.3142)
(0.131515 0.16445 0.3317)
(0.131515 0.16445 0.3492)
(0.131515 0.16445 0.3667)
(0.131515 0.16445 0.39505)
(0.131515 0.16445 0.40005)
(0.131515 0.17445 0.2667)
(0.131515 0.17445 0.2717)
(0.131515 0.17445 0.2967)
(0.131515 0.17445 0.3142)
(0.131515 0.17445 0.3317)
(0.131515 0.17445 0.3492)
(0.131515 0.17445 0.3667)
(0.131515 0.17445 0.39505)
(0.131515 0.17445 0.40005)
(0.131515 0.18445 0.2667)
(0.131515 0.18445 0.2717)
(0.131515 0.18445 0.2967)
(0.131515 0.18445 0.3142)
(0.131515 0.18445 0.3317)
(0.131515 0.18445 0.3492)
(0.131515 0.18445 0.3667)
(0.131515 0.18445 0.39505)
(0.131515 0.18445 0.40005)
(0.131515 0.19695 0.2667)
(0.131515 0.19695 0.2717)
(0.131515 0.19695 0.2967)
(0.131515 0.19695 0.3142)
(0.131515 0.19695 0.3317)
(0.131515 0.19695 0.3492)
(0.131515 0.19695 0.3667)
(0.131515 0.19695 0.39505)
(0.131515 0.19695 0.40005)
(0.131515 0.20945 0.2667)
(0.131515 0.20945 0.2717)
(0.131515 0.20945 0.2967)
(0.131515 0.20945 0.3142)
(0.131515 0.20945 0.3317)
(0.131515 0.20945 0.3492)
(0.131515 0.20945 0.3667)
(0.131515 0.20945 0.39505)
(0.131515 0.20945 0.40005)
(0.131515 0.22645 0.2667)
(0.131515 0.22645 0.2717)
(0.131515 0.22645 0.2967)
(0.131515 0.22645 0.3142)
(0.131515 0.22645 0.3317)
(0.131515 0.22645 0.3492)
(0.131515 0.22645 0.3667)
(0.131515 0.22645 0.39505)
(0.131515 0.22645 0.40005)
(0.131515 0.24345 0.2667)
(0.131515 0.24345 0.2717)
(0.131515 0.24345 0.2967)
(0.131515 0.24345 0.3142)
(0.131515 0.24345 0.3317)
(0.131515 0.24345 0.3492)
(0.131515 0.24345 0.3667)
(0.131515 0.24345 0.39505)
(0.131515 0.24345 0.40005)
(0.131515 0.26045 0.2667)
(0.131515 0.26045 0.2717)
(0.131515 0.26045 0.2967)
(0.131515 0.26045 0.3142)
(0.131515 0.26045 0.3317)
(0.131515 0.26045 0.3492)
(0.131515 0.26045 0.3667)
(0.131515 0.26045 0.39505)
(0.131515 0.26045 0.40005)
(0.131515 0.27745 0.2667)
(0.131515 0.27745 0.2717)
(0.131515 0.27745 0.2967)
(0.131515 0.27745 0.3142)
(0.131515 0.27745 0.3317)
(0.131515 0.27745 0.3492)
(0.131515 0.27745 0.3667)
(0.131515 0.27745 0.39505)
(0.131515 0.27745 0.40005)
(0.131515 0.29445 0.2667)
(0.131515 0.29445 0.2717)
(0.131515 0.29445 0.2967)
(0.131515 0.29445 0.3142)
(0.131515 0.29445 0.3317)
(0.131515 0.29445 0.3492)
(0.131515 0.29445 0.3667)
(0.131515 0.29445 0.39505)
(0.131515 0.29445 0.40005)
(0.131515 0.30945 0.2667)
(0.131515 0.30945 0.2717)
(0.131515 0.30945 0.2967)
(0.131515 0.30945 0.3142)
(0.131515 0.30945 0.3317)
(0.131515 0.30945 0.3492)
(0.131515 0.30945 0.3667)
(0.131515 0.30945 0.39505)
(0.131515 0.30945 0.40005)
(0.131515 0.32445 0.2667)
(0.131515 0.32445 0.2717)
(0.131515 0.32445 0.2967)
(0.131515 0.32445 0.3142)
(0.131515 0.32445 0.3317)
(0.131515 0.32445 0.3492)
(0.131515 0.32445 0.3667)
(0.131515 0.32445 0.39505)
(0.131515 0.32445 0.40005)
(0.131515 0.34195 0.2667)
(0.131515 0.34195 0.2717)
(0.131515 0.34195 0.2967)
(0.131515 0.34195 0.3142)
(0.131515 0.34195 0.3317)
(0.131515 0.34195 0.3492)
(0.131515 0.34195 0.3667)
(0.131515 0.34195 0.39505)
(0.131515 0.34195 0.40005)
(0.131515 0.35945 0.2667)
(0.131515 0.35945 0.2717)
(0.131515 0.35945 0.2967)
(0.131515 0.35945 0.3142)
(0.131515 0.35945 0.3317)
(0.131515 0.35945 0.3492)
(0.131515 0.35945 0.3667)
(0.131515 0.35945 0.39505)
(0.131515 0.35945 0.40005)
(0.131515 0.37695 0.2667)
(0.131515 0.37695 0.2717)
(0.131515 0.37695 0.2967)
(0.131515 0.37695 0.3142)
(0.131515 0.37695 0.3317)
(0.131515 0.37695 0.3492)
(0.131515 0.37695 0.3667)
(0.131515 0.37695 0.39505)
(0.131515 0.37695 0.40005)
(0.131515 0.39445 0.2667)
(0.131515 0.39445 0.2717)
(0.131515 0.39445 0.2967)
(0.131515 0.39445 0.3142)
(0.131515 0.39445 0.3317)
(0.131515 0.39445 0.3492)
(0.131515 0.39445 0.3667)
(0.131515 0.39445 0.39505)
(0.131515 0.39445 0.40005)
(0.131515 0.40445 0.2667)
(0.131515 0.40445 0.2717)
(0.131515 0.40445 0.2967)
(0.131515 0.40445 0.3142)
(0.131515 0.40445 0.3317)
(0.131515 0.40445 0.3492)
(0.131515 0.40445 0.3667)
(0.131515 0.40445 0.39505)
(0.131515 0.40445 0.40005)
(0.131515 0.41945 0.2667)
(0.131515 0.41945 0.2717)
(0.131515 0.41945 0.39505)
(0.131515 0.41945 0.40005)
(0.131515 0.42945 0.2667)
(0.131515 0.42945 0.2717)
(0.131515 0.42945 0.2967)
(0.131515 0.42945 0.3142)
(0.131515 0.42945 0.3317)
(0.131515 0.42945 0.3492)
(0.131515 0.42945 0.3667)
(0.131515 0.42945 0.39505)
(0.131515 0.42945 0.40005)
(0.131515 0.43445 0.2667)
(0.131515 0.43445 0.2717)
(0.131515 0.43445 0.2967)
(0.131515 0.43445 0.3142)
(0.131515 0.43445 0.3317)
(0.131515 0.43445 0.3492)
(0.131515 0.43445 0.3667)
(0.131515 0.43445 0.39505)
(0.131515 0.43445 0.40005)
(0.131515 0.451117 0.2667)
(0.131515 0.451117 0.2717)
(0.131515 0.451117 0.2967)
(0.131515 0.451117 0.3142)
(0.131515 0.451117 0.3317)
(0.131515 0.451117 0.3492)
(0.131515 0.451117 0.3667)
(0.131515 0.451117 0.39505)
(0.131515 0.451117 0.40005)
(0.131515 0.467783 0.2667)
(0.131515 0.467783 0.2717)
(0.131515 0.467783 0.2967)
(0.131515 0.467783 0.3142)
(0.131515 0.467783 0.3317)
(0.131515 0.467783 0.3492)
(0.131515 0.467783 0.3667)
(0.131515 0.467783 0.39505)
(0.131515 0.467783 0.40005)
(0.131515 0.48445 0.2667)
(0.131515 0.48445 0.2717)
(0.131515 0.48445 0.2967)
(0.131515 0.48445 0.3142)
(0.131515 0.48445 0.3317)
(0.131515 0.48445 0.3492)
(0.131515 0.48445 0.3667)
(0.131515 0.48445 0.39505)
(0.131515 0.48445 0.40005)
(0.131515 0.49445 0.2667)
(0.131515 0.49445 0.2717)
(0.131515 0.49445 0.2967)
(0.131515 0.49445 0.3142)
(0.131515 0.49445 0.3317)
(0.131515 0.49445 0.3492)
(0.131515 0.49445 0.3667)
(0.131515 0.49445 0.39505)
(0.131515 0.49445 0.40005)
(0.131515 0.50445 0.2667)
(0.131515 0.50445 0.2717)
(0.131515 0.50445 0.2967)
(0.131515 0.50445 0.3142)
(0.131515 0.50445 0.3317)
(0.131515 0.50445 0.3492)
(0.131515 0.50445 0.3667)
(0.131515 0.50445 0.39505)
(0.131515 0.50445 0.40005)
(0.131515 0.50945 0.2667)
(0.131515 0.50945 0.2717)
(0.131515 0.50945 0.39505)
(0.131515 0.50945 0.40005)
(0.131515 0.52445 0.2667)
(0.131515 0.52445 0.2717)
(0.131515 0.52445 0.39505)
(0.131515 0.52445 0.40005)
(0.131515 0.53945 0.2667)
(0.131515 0.53945 0.2717)
(0.131515 0.53945 0.2817)
(0.131515 0.53945 0.38505)
(0.131515 0.53945 0.39505)
(0.131515 0.53945 0.40005)
(0.131515 0.54445 0.2667)
(0.131515 0.54445 0.2717)
(0.131515 0.54445 0.2817)
(0.131515 0.54445 0.38505)
(0.131515 0.54445 0.39505)
(0.131515 0.54445 0.40005)
(0.151515 0.04445 0.2667)
(0.151515 0.04445 0.2717)
(0.151515 0.04445 0.2817)
(0.151515 0.04445 0.2847)
(0.151515 0.04445 0.38205)
(0.151515 0.04445 0.38505)
(0.151515 0.04445 0.39505)
(0.151515 0.04445 0.40005)
(0.151515 0.04945 0.2667)
(0.151515 0.04945 0.2717)
(0.151515 0.04945 0.2817)
(0.151515 0.04945 0.2847)
(0.151515 0.04945 0.38205)
(0.151515 0.04945 0.38505)
(0.151515 0.04945 0.39505)
(0.151515 0.04945 0.40005)
(0.151515 0.06445 0.2667)
(0.151515 0.06445 0.2717)
(0.151515 0.06445 0.39505)
(0.151515 0.06445 0.40005)
(0.151515 0.07945 0.2667)
(0.151515 0.07945 0.2717)
(0.151515 0.07945 0.39505)
(0.151515 0.07945 0.40005)
(0.151515 0.08945 0.2667)
(0.151515 0.08945 0.2717)
(0.151515 0.08945 0.39505)
(0.151515 0.08945 0.40005)
(0.151515 0.09945 0.2667)
(0.151515 0.09945 0.2717)
(0.151515 0.09945 0.39505)
(0.151515 0.09945 0.40005)
(0.151515 0.11445 0.2667)
(0.151515 0.11445 0.2717)
(0.151515 0.11445 0.39505)
(0.151515 0.11445 0.40005)
(0.151515 0.12945 0.2667)
(0.151515 0.12945 0.2717)
(0.151515 0.12945 0.39505)
(0.151515 0.12945 0.40005)
(0.151515 0.14445 0.2667)
(0.151515 0.14445 0.2717)
(0.151515 0.14445 0.39505)
(0.151515 0.14445 0.40005)
(0.151515 0.15945 0.2667)
(0.151515 0.15945 0.2717)
(0.151515 0.15945 0.2967)
(0.151515 0.15945 0.3142)
(0.151515 0.15945 0.3317)
(0.151515 0.15945 0.3492)
(0.151515 0.15945 0.3667)
(0.151515 0.15945 0.39505)
(0.151515 0.15945 0.40005)
(0.151515 0.16445 0.2667)
(0.151515 0.16445 0.2717)
(0.151515 0.16445 0.2967)
(0.151515 0.16445 0.3142)
(0.151515 0.16445 0.3317)
(0.151515 0.16445 0.3492)
(0.151515 0.16445 0.3667)
(0.151515 0.16445 0.39505)
(0.151515 0.16445 0.40005)
(0.151515 0.17445 0.2667)
(0.151515 0.17445 0.2717)
(0.151515 0.17445 0.2967)
(0.151515 0.17445 0.3142)
(0.151515 0.17445 0.3317)
(0.151515 0.17445 0.3492)
(0.151515 0.17445 0.3667)
(0.151515 0.17445 0.39505)
(0.151515 0.17445 0.40005)
(0.151515 0.18445 0.2667)
(0.151515 0.18445 0.2717)
(0.151515 0.18445 0.2967)
(0.151515 0.18445 0.3142)
(0.151515 0.18445 0.3317)
(0.151515 0.18445 0.3492)
(0.151515 0.18445 0.3667)
(0.151515 0.18445 0.39505)
(0.151515 0.18445 0.40005)
(0.151515 0.19695 0.2667)
(0.151515 0.19695 0.2717)
(0.151515 0.19695 0.2967)
(0.151515 0.19695 0.3142)
(0.151515 0.19695 0.3317)
(0.151515 0.19695 0.3492)
(0.151515 0.19695 0.3667)
(0.151515 0.19695 0.39505)
(0.151515 0.19695 0.40005)
(0.151515 0.20945 0.2667)
(0.151515 0.20945 0.2717)
(0.151515 0.20945 0.2967)
(0.151515 0.20945 0.3142)
(0.151515 0.20945 0.3317)
(0.151515 0.20945 0.3492)
(0.151515 0.20945 0.3667)
(0.151515 0.20945 0.39505)
(0.151515 0.20945 0.40005)
(0.151515 0.22645 0.2667)
(0.151515 0.22645 0.2717)
(0.151515 0.22645 0.2967)
(0.151515 0.22645 0.3142)
(0.151515 0.22645 0.3317)
(0.151515 0.22645 0.3492)
(0.151515 0.22645 0.3667)
(0.151515 0.22645 0.39505)
(0.151515 0.22645 0.40005)
(0.151515 0.24345 0.2667)
(0.151515 0.24345 0.2717)
(0.151515 0.24345 0.2967)
(0.151515 0.24345 0.3142)
(0.151515 0.24345 0.3317)
(0.151515 0.24345 0.3492)
(0.151515 0.24345 0.3667)
(0.151515 0.24345 0.39505)
(0.151515 0.24345 0.40005)
(0.151515 0.26045 0.2667)
(0.151515 0.26045 0.2717)
(0.151515 0.26045 0.2967)
(0.151515 0.26045 0.3142)
(0.151515 0.26045 0.3317)
(0.151515 0.26045 0.3492)
(0.151515 0.26045 0.3667)
(0.151515 0.26045 0.39505)
(0.151515 0.26045 0.40005)
(0.151515 0.27745 0.2667)
(0.151515 0.27745 0.2717)
(0.151515 0.27745 0.2967)
(0.151515 0.27745 0.3142)
(0.151515 0.27745 0.3317)
(0.151515 0.27745 0.3492)
(0.151515 0.27745 0.3667)
(0.151515 0.27745 0.39505)
(0.151515 0.27745 0.40005)
(0.151515 0.29445 0.2667)
(0.151515 0.29445 0.2717)
(0.151515 0.29445 0.2967)
(0.151515 0.29445 0.3142)
(0.151515 0.29445 0.3317)
(0.151515 0.29445 0.3492)
(0.151515 0.29445 0.3667)
(0.151515 0.29445 0.39505)
(0.151515 0.29445 0.40005)
(0.151515 0.30945 0.2667)
(0.151515 0.30945 0.2717)
(0.151515 0.30945 0.2967)
(0.151515 0.30945 0.3142)
(0.151515 0.30945 0.3317)
(0.151515 0.30945 0.3492)
(0.151515 0.30945 0.3667)
(0.151515 0.30945 0.39505)
(0.151515 0.30945 0.40005)
(0.151515 0.32445 0.2667)
(0.151515 0.32445 0.2717)
(0.151515 0.32445 0.2967)
(0.151515 0.32445 0.3142)
(0.151515 0.32445 0.3317)
(0.151515 0.32445 0.3492)
(0.151515 0.32445 0.3667)
(0.151515 0.32445 0.39505)
(0.151515 0.32445 0.40005)
(0.151515 0.34195 0.2667)
(0.151515 0.34195 0.2717)
(0.151515 0.34195 0.2967)
(0.151515 0.34195 0.3142)
(0.151515 0.34195 0.3317)
(0.151515 0.34195 0.3492)
(0.151515 0.34195 0.3667)
(0.151515 0.34195 0.39505)
(0.151515 0.34195 0.40005)
(0.151515 0.35945 0.2667)
(0.151515 0.35945 0.2717)
(0.151515 0.35945 0.2967)
(0.151515 0.35945 0.3142)
(0.151515 0.35945 0.3317)
(0.151515 0.35945 0.3492)
(0.151515 0.35945 0.3667)
(0.151515 0.35945 0.39505)
(0.151515 0.35945 0.40005)
(0.151515 0.37695 0.2667)
(0.151515 0.37695 0.2717)
(0.151515 0.37695 0.2967)
(0.151515 0.37695 0.3142)
(0.151515 0.37695 0.3317)
(0.151515 0.37695 0.3492)
(0.151515 0.37695 0.3667)
(0.151515 0.37695 0.39505)
(0.151515 0.37695 0.40005)
(0.151515 0.39445 0.2667)
(0.151515 0.39445 0.2717)
(0.151515 0.39445 0.2967)
(0.151515 0.39445 0.3142)
(0.151515 0.39445 0.3317)
(0.151515 0.39445 0.3492)
(0.151515 0.39445 0.3667)
(0.151515 0.39445 0.39505)
(0.151515 0.39445 0.40005)
(0.151515 0.40445 0.2667)
(0.151515 0.40445 0.2717)
(0.151515 0.40445 0.2967)
(0.151515 0.40445 0.3142)
(0.151515 0.40445 0.3317)
(0.151515 0.40445 0.3492)
(0.151515 0.40445 0.3667)
(0.151515 0.40445 0.39505)
(0.151515 0.40445 0.40005)
(0.151515 0.41945 0.2667)
(0.151515 0.41945 0.2717)
(0.151515 0.41945 0.39505)
(0.151515 0.41945 0.40005)
(0.151515 0.42945 0.2667)
(0.151515 0.42945 0.2717)
(0.151515 0.42945 0.2967)
(0.151515 0.42945 0.3142)
(0.151515 0.42945 0.3317)
(0.151515 0.42945 0.3492)
(0.151515 0.42945 0.3667)
(0.151515 0.42945 0.39505)
(0.151515 0.42945 0.40005)
(0.151515 0.43445 0.2667)
(0.151515 0.43445 0.2717)
(0.151515 0.43445 0.2967)
(0.151515 0.43445 0.3142)
(0.151515 0.43445 0.3317)
(0.151515 0.43445 0.3492)
(0.151515 0.43445 0.3667)
(0.151515 0.43445 0.39505)
(0.151515 0.43445 0.40005)
(0.151515 0.451117 0.2667)
(0.151515 0.451117 0.2717)
(0.151515 0.451117 0.2967)
(0.151515 0.451117 0.3142)
(0.151515 0.451117 0.3317)
(0.151515 0.451117 0.3492)
(0.151515 0.451117 0.3667)
(0.151515 0.451117 0.39505)
(0.151515 0.451117 0.40005)
(0.151515 0.467783 0.2667)
(0.151515 0.467783 0.2717)
(0.151515 0.467783 0.2967)
(0.151515 0.467783 0.3142)
(0.151515 0.467783 0.3317)
(0.151515 0.467783 0.3492)
(0.151515 0.467783 0.3667)
(0.151515 0.467783 0.39505)
(0.151515 0.467783 0.40005)
(0.151515 0.48445 0.2667)
(0.151515 0.48445 0.2717)
(0.151515 0.48445 0.2967)
(0.151515 0.48445 0.3142)
(0.151515 0.48445 0.3317)
(0.151515 0.48445 0.3492)
(0.151515 0.48445 0.3667)
(0.151515 0.48445 0.39505)
(0.151515 0.48445 0.40005)
(0.151515 0.49445 0.2667)
(0.151515 0.49445 0.2717)
(0.151515 0.49445 0.2967)
(0.151515 0.49445 0.3142)
(0.151515 0.49445 0.3317)
(0.151515 0.49445 0.3492)
(0.151515 0.49445 0.3667)
(0.151515 0.49445 0.39505)
(0.151515 0.49445 0.40005)
(0.151515 0.50445 0.2667)
(0.151515 0.50445 0.2717)
(0.151515 0.50445 0.2967)
(0.151515 0.50445 0.3142)
(0.151515 0.50445 0.3317)
(0.151515 0.50445 0.3492)
(0.151515 0.50445 0.3667)
(0.151515 0.50445 0.39505)
(0.151515 0.50445 0.40005)
(0.151515 0.50945 0.2667)
(0.151515 0.50945 0.2717)
(0.151515 0.50945 0.39505)
(0.151515 0.50945 0.40005)
(0.151515 0.52445 0.2667)
(0.151515 0.52445 0.2717)
(0.151515 0.52445 0.39505)
(0.151515 0.52445 0.40005)
(0.151515 0.53945 0.2667)
(0.151515 0.53945 0.2717)
(0.151515 0.53945 0.2817)
(0.151515 0.53945 0.38505)
(0.151515 0.53945 0.39505)
(0.151515 0.53945 0.40005)
(0.151515 0.54445 0.2667)
(0.151515 0.54445 0.2717)
(0.151515 0.54445 0.2817)
(0.151515 0.54445 0.38505)
(0.151515 0.54445 0.39505)
(0.151515 0.54445 0.40005)
(0.171515 0.04445 0.2667)
(0.171515 0.04445 0.2717)
(0.171515 0.04445 0.2817)
(0.171515 0.04445 0.2847)
(0.171515 0.04445 0.38205)
(0.171515 0.04445 0.38505)
(0.171515 0.04445 0.39505)
(0.171515 0.04445 0.40005)
(0.171515 0.04945 0.2667)
(0.171515 0.04945 0.2717)
(0.171515 0.04945 0.2817)
(0.171515 0.04945 0.2847)
(0.171515 0.04945 0.38205)
(0.171515 0.04945 0.38505)
(0.171515 0.04945 0.39505)
(0.171515 0.04945 0.40005)
(0.171515 0.06445 0.2667)
(0.171515 0.06445 0.2717)
(0.171515 0.06445 0.39505)
(0.171515 0.06445 0.40005)
(0.171515 0.07945 0.2667)
(0.171515 0.07945 0.2717)
(0.171515 0.07945 0.39505)
(0.171515 0.07945 0.40005)
(0.171515 0.08945 0.2667)
(0.171515 0.08945 0.2717)
(0.171515 0.08945 0.39505)
(0.171515 0.08945 0.40005)
(0.171515 0.09945 0.2667)
(0.171515 0.09945 0.2717)
(0.171515 0.09945 0.39505)
(0.171515 0.09945 0.40005)
(0.171515 0.11445 0.2667)
(0.171515 0.11445 0.2717)
(0.171515 0.11445 0.39505)
(0.171515 0.11445 0.40005)
(0.171515 0.12945 0.2667)
(0.171515 0.12945 0.2717)
(0.171515 0.12945 0.39505)
(0.171515 0.12945 0.40005)
(0.171515 0.14445 0.2667)
(0.171515 0.14445 0.2717)
(0.171515 0.14445 0.39505)
(0.171515 0.14445 0.40005)
(0.171515 0.15945 0.2667)
(0.171515 0.15945 0.2717)
(0.171515 0.15945 0.2967)
(0.171515 0.15945 0.3142)
(0.171515 0.15945 0.3317)
(0.171515 0.15945 0.3492)
(0.171515 0.15945 0.3667)
(0.171515 0.15945 0.39505)
(0.171515 0.15945 0.40005)
(0.171515 0.16445 0.2667)
(0.171515 0.16445 0.2717)
(0.171515 0.16445 0.2967)
(0.171515 0.16445 0.3142)
(0.171515 0.16445 0.3317)
(0.171515 0.16445 0.3492)
(0.171515 0.16445 0.3667)
(0.171515 0.16445 0.39505)
(0.171515 0.16445 0.40005)
(0.171515 0.17445 0.2667)
(0.171515 0.17445 0.2717)
(0.171515 0.17445 0.2967)
(0.171515 0.17445 0.3142)
(0.171515 0.17445 0.3317)
(0.171515 0.17445 0.3492)
(0.171515 0.17445 0.3667)
(0.171515 0.17445 0.39505)
(0.171515 0.17445 0.40005)
(0.171515 0.18445 0.2667)
(0.171515 0.18445 0.2717)
(0.171515 0.18445 0.2967)
(0.171515 0.18445 0.3142)
(0.171515 0.18445 0.3317)
(0.171515 0.18445 0.3492)
(0.171515 0.18445 0.3667)
(0.171515 0.18445 0.39505)
(0.171515 0.18445 0.40005)
(0.171515 0.19695 0.2667)
(0.171515 0.19695 0.2717)
(0.171515 0.19695 0.2967)
(0.171515 0.19695 0.3142)
(0.171515 0.19695 0.3317)
(0.171515 0.19695 0.3492)
(0.171515 0.19695 0.3667)
(0.171515 0.19695 0.39505)
(0.171515 0.19695 0.40005)
(0.171515 0.20945 0.2667)
(0.171515 0.20945 0.2717)
(0.171515 0.20945 0.2967)
(0.171515 0.20945 0.3142)
(0.171515 0.20945 0.3317)
(0.171515 0.20945 0.3492)
(0.171515 0.20945 0.3667)
(0.171515 0.20945 0.39505)
(0.171515 0.20945 0.40005)
(0.171515 0.22645 0.2667)
(0.171515 0.22645 0.2717)
(0.171515 0.22645 0.2967)
(0.171515 0.22645 0.3142)
(0.171515 0.22645 0.3317)
(0.171515 0.22645 0.3492)
(0.171515 0.22645 0.3667)
(0.171515 0.22645 0.39505)
(0.171515 0.22645 0.40005)
(0.171515 0.24345 0.2667)
(0.171515 0.24345 0.2717)
(0.171515 0.24345 0.2967)
(0.171515 0.24345 0.3142)
(0.171515 0.24345 0.3317)
(0.171515 0.24345 0.3492)
(0.171515 0.24345 0.3667)
(0.171515 0.24345 0.39505)
(0.171515 0.24345 0.40005)
(0.171515 0.26045 0.2667)
(0.171515 0.26045 0.2717)
(0.171515 0.26045 0.2967)
(0.171515 0.26045 0.3142)
(0.171515 0.26045 0.3317)
(0.171515 0.26045 0.3492)
(0.171515 0.26045 0.3667)
(0.171515 0.26045 0.39505)
(0.171515 0.26045 0.40005)
(0.171515 0.27745 0.2667)
(0.171515 0.27745 0.2717)
(0.171515 0.27745 0.2967)
(0.171515 0.27745 0.3142)
(0.171515 0.27745 0.3317)
(0.171515 0.27745 0.3492)
(0.171515 0.27745 0.3667)
(0.171515 0.27745 0.39505)
(0.171515 0.27745 0.40005)
(0.171515 0.29445 0.2667)
(0.171515 0.29445 0.2717)
(0.171515 0.29445 0.2967)
(0.171515 0.29445 0.3142)
(0.171515 0.29445 0.3317)
(0.171515 0.29445 0.3492)
(0.171515 0.29445 0.3667)
(0.171515 0.29445 0.39505)
(0.171515 0.29445 0.40005)
(0.171515 0.30945 0.2667)
(0.171515 0.30945 0.2717)
(0.171515 0.30945 0.2967)
(0.171515 0.30945 0.3142)
(0.171515 0.30945 0.3317)
(0.171515 0.30945 0.3492)
(0.171515 0.30945 0.3667)
(0.171515 0.30945 0.39505)
(0.171515 0.30945 0.40005)
(0.171515 0.32445 0.2667)
(0.171515 0.32445 0.2717)
(0.171515 0.32445 0.2967)
(0.171515 0.32445 0.3142)
(0.171515 0.32445 0.3317)
(0.171515 0.32445 0.3492)
(0.171515 0.32445 0.3667)
(0.171515 0.32445 0.39505)
(0.171515 0.32445 0.40005)
(0.171515 0.34195 0.2667)
(0.171515 0.34195 0.2717)
(0.171515 0.34195 0.2967)
(0.171515 0.34195 0.3142)
(0.171515 0.34195 0.3317)
(0.171515 0.34195 0.3492)
(0.171515 0.34195 0.3667)
(0.171515 0.34195 0.39505)
(0.171515 0.34195 0.40005)
(0.171515 0.35945 0.2667)
(0.171515 0.35945 0.2717)
(0.171515 0.35945 0.2967)
(0.171515 0.35945 0.3142)
(0.171515 0.35945 0.3317)
(0.171515 0.35945 0.3492)
(0.171515 0.35945 0.3667)
(0.171515 0.35945 0.39505)
(0.171515 0.35945 0.40005)
(0.171515 0.37695 0.2667)
(0.171515 0.37695 0.2717)
(0.171515 0.37695 0.2967)
(0.171515 0.37695 0.3142)
(0.171515 0.37695 0.3317)
(0.171515 0.37695 0.3492)
(0.171515 0.37695 0.3667)
(0.171515 0.37695 0.39505)
(0.171515 0.37695 0.40005)
(0.171515 0.39445 0.2667)
(0.171515 0.39445 0.2717)
(0.171515 0.39445 0.2967)
(0.171515 0.39445 0.3142)
(0.171515 0.39445 0.3317)
(0.171515 0.39445 0.3492)
(0.171515 0.39445 0.3667)
(0.171515 0.39445 0.39505)
(0.171515 0.39445 0.40005)
(0.171515 0.40445 0.2667)
(0.171515 0.40445 0.2717)
(0.171515 0.40445 0.2967)
(0.171515 0.40445 0.3142)
(0.171515 0.40445 0.3317)
(0.171515 0.40445 0.3492)
(0.171515 0.40445 0.3667)
(0.171515 0.40445 0.39505)
(0.171515 0.40445 0.40005)
(0.171515 0.41945 0.2667)
(0.171515 0.41945 0.2717)
(0.171515 0.41945 0.39505)
(0.171515 0.41945 0.40005)
(0.171515 0.42945 0.2667)
(0.171515 0.42945 0.2717)
(0.171515 0.42945 0.2967)
(0.171515 0.42945 0.3142)
(0.171515 0.42945 0.3317)
(0.171515 0.42945 0.3492)
(0.171515 0.42945 0.3667)
(0.171515 0.42945 0.39505)
(0.171515 0.42945 0.40005)
(0.171515 0.43445 0.2667)
(0.171515 0.43445 0.2717)
(0.171515 0.43445 0.2967)
(0.171515 0.43445 0.3142)
(0.171515 0.43445 0.3317)
(0.171515 0.43445 0.3492)
(0.171515 0.43445 0.3667)
(0.171515 0.43445 0.39505)
(0.171515 0.43445 0.40005)
(0.171515 0.451117 0.2667)
(0.171515 0.451117 0.2717)
(0.171515 0.451117 0.2967)
(0.171515 0.451117 0.3142)
(0.171515 0.451117 0.3317)
(0.171515 0.451117 0.3492)
(0.171515 0.451117 0.3667)
(0.171515 0.451117 0.39505)
(0.171515 0.451117 0.40005)
(0.171515 0.467783 0.2667)
(0.171515 0.467783 0.2717)
(0.171515 0.467783 0.2967)
(0.171515 0.467783 0.3142)
(0.171515 0.467783 0.3317)
(0.171515 0.467783 0.3492)
(0.171515 0.467783 0.3667)
(0.171515 0.467783 0.39505)
(0.171515 0.467783 0.40005)
(0.171515 0.48445 0.2667)
(0.171515 0.48445 0.2717)
(0.171515 0.48445 0.2967)
(0.171515 0.48445 0.3142)
(0.171515 0.48445 0.3317)
(0.171515 0.48445 0.3492)
(0.171515 0.48445 0.3667)
(0.171515 0.48445 0.39505)
(0.171515 0.48445 0.40005)
(0.171515 0.49445 0.2667)
(0.171515 0.49445 0.2717)
(0.171515 0.49445 0.2967)
(0.171515 0.49445 0.3142)
(0.171515 0.49445 0.3317)
(0.171515 0.49445 0.3492)
(0.171515 0.49445 0.3667)
(0.171515 0.49445 0.39505)
(0.171515 0.49445 0.40005)
(0.171515 0.50445 0.2667)
(0.171515 0.50445 0.2717)
(0.171515 0.50445 0.2967)
(0.171515 0.50445 0.3142)
(0.171515 0.50445 0.3317)
(0.171515 0.50445 0.3492)
(0.171515 0.50445 0.3667)
(0.171515 0.50445 0.39505)
(0.171515 0.50445 0.40005)
(0.171515 0.50945 0.2667)
(0.171515 0.50945 0.2717)
(0.171515 0.50945 0.39505)
(0.171515 0.50945 0.40005)
(0.171515 0.52445 0.2667)
(0.171515 0.52445 0.2717)
(0.171515 0.52445 0.39505)
(0.171515 0.52445 0.40005)
(0.171515 0.53945 0.2667)
(0.171515 0.53945 0.2717)
(0.171515 0.53945 0.2817)
(0.171515 0.53945 0.38505)
(0.171515 0.53945 0.39505)
(0.171515 0.53945 0.40005)
(0.171515 0.54445 0.2667)
(0.171515 0.54445 0.2717)
(0.171515 0.54445 0.2817)
(0.171515 0.54445 0.38505)
(0.171515 0.54445 0.39505)
(0.171515 0.54445 0.40005)
(0.191515 0.04445 0.2667)
(0.191515 0.04445 0.2717)
(0.191515 0.04445 0.2817)
(0.191515 0.04445 0.2847)
(0.191515 0.04445 0.38205)
(0.191515 0.04445 0.38505)
(0.191515 0.04445 0.39505)
(0.191515 0.04445 0.40005)
(0.191515 0.04945 0.2667)
(0.191515 0.04945 0.2717)
(0.191515 0.04945 0.2817)
(0.191515 0.04945 0.2847)
(0.191515 0.04945 0.38205)
(0.191515 0.04945 0.38505)
(0.191515 0.04945 0.39505)
(0.191515 0.04945 0.40005)
(0.191515 0.06445 0.2667)
(0.191515 0.06445 0.2717)
(0.191515 0.06445 0.39505)
(0.191515 0.06445 0.40005)
(0.191515 0.07945 0.2667)
(0.191515 0.07945 0.2717)
(0.191515 0.07945 0.39505)
(0.191515 0.07945 0.40005)
(0.191515 0.08945 0.2667)
(0.191515 0.08945 0.2717)
(0.191515 0.08945 0.39505)
(0.191515 0.08945 0.40005)
(0.191515 0.09945 0.2667)
(0.191515 0.09945 0.2717)
(0.191515 0.09945 0.39505)
(0.191515 0.09945 0.40005)
(0.191515 0.11445 0.2667)
(0.191515 0.11445 0.2717)
(0.191515 0.11445 0.39505)
(0.191515 0.11445 0.40005)
(0.191515 0.12945 0.2667)
(0.191515 0.12945 0.2717)
(0.191515 0.12945 0.39505)
(0.191515 0.12945 0.40005)
(0.191515 0.14445 0.2667)
(0.191515 0.14445 0.2717)
(0.191515 0.14445 0.39505)
(0.191515 0.14445 0.40005)
(0.191515 0.15945 0.2667)
(0.191515 0.15945 0.2717)
(0.191515 0.15945 0.2967)
(0.191515 0.15945 0.3142)
(0.191515 0.15945 0.3317)
(0.191515 0.15945 0.3492)
(0.191515 0.15945 0.3667)
(0.191515 0.15945 0.39505)
(0.191515 0.15945 0.40005)
(0.191515 0.16445 0.2667)
(0.191515 0.16445 0.2717)
(0.191515 0.16445 0.2967)
(0.191515 0.16445 0.3142)
(0.191515 0.16445 0.3317)
(0.191515 0.16445 0.3492)
(0.191515 0.16445 0.3667)
(0.191515 0.16445 0.39505)
(0.191515 0.16445 0.40005)
(0.191515 0.17445 0.2667)
(0.191515 0.17445 0.2717)
(0.191515 0.17445 0.2967)
(0.191515 0.17445 0.3142)
(0.191515 0.17445 0.3317)
(0.191515 0.17445 0.3492)
(0.191515 0.17445 0.3667)
(0.191515 0.17445 0.39505)
(0.191515 0.17445 0.40005)
(0.191515 0.18445 0.2667)
(0.191515 0.18445 0.2717)
(0.191515 0.18445 0.2967)
(0.191515 0.18445 0.3142)
(0.191515 0.18445 0.3317)
(0.191515 0.18445 0.3492)
(0.191515 0.18445 0.3667)
(0.191515 0.18445 0.39505)
(0.191515 0.18445 0.40005)
(0.191515 0.19695 0.2667)
(0.191515 0.19695 0.2717)
(0.191515 0.19695 0.2967)
(0.191515 0.19695 0.3142)
(0.191515 0.19695 0.3317)
(0.191515 0.19695 0.3492)
(0.191515 0.19695 0.3667)
(0.191515 0.19695 0.39505)
(0.191515 0.19695 0.40005)
(0.191515 0.20945 0.2667)
(0.191515 0.20945 0.2717)
(0.191515 0.20945 0.2967)
(0.191515 0.20945 0.3142)
(0.191515 0.20945 0.3317)
(0.191515 0.20945 0.3492)
(0.191515 0.20945 0.3667)
(0.191515 0.20945 0.39505)
(0.191515 0.20945 0.40005)
(0.191515 0.22645 0.2667)
(0.191515 0.22645 0.2717)
(0.191515 0.22645 0.2967)
(0.191515 0.22645 0.3142)
(0.191515 0.22645 0.3317)
(0.191515 0.22645 0.3492)
(0.191515 0.22645 0.3667)
(0.191515 0.22645 0.39505)
(0.191515 0.22645 0.40005)
(0.191515 0.24345 0.2667)
(0.191515 0.24345 0.2717)
(0.191515 0.24345 0.2967)
(0.191515 0.24345 0.3142)
(0.191515 0.24345 0.3317)
(0.191515 0.24345 0.3492)
(0.191515 0.24345 0.3667)
(0.191515 0.24345 0.39505)
(0.191515 0.24345 0.40005)
(0.191515 0.26045 0.2667)
(0.191515 0.26045 0.2717)
(0.191515 0.26045 0.2967)
(0.191515 0.26045 0.3142)
(0.191515 0.26045 0.3317)
(0.191515 0.26045 0.3492)
(0.191515 0.26045 0.3667)
(0.191515 0.26045 0.39505)
(0.191515 0.26045 0.40005)
(0.191515 0.27745 0.2667)
(0.191515 0.27745 0.2717)
(0.191515 0.27745 0.2967)
(0.191515 0.27745 0.3142)
(0.191515 0.27745 0.3317)
(0.191515 0.27745 0.3492)
(0.191515 0.27745 0.3667)
(0.191515 0.27745 0.39505)
(0.191515 0.27745 0.40005)
(0.191515 0.29445 0.2667)
(0.191515 0.29445 0.2717)
(0.191515 0.29445 0.2967)
(0.191515 0.29445 0.3142)
(0.191515 0.29445 0.3317)
(0.191515 0.29445 0.3492)
(0.191515 0.29445 0.3667)
(0.191515 0.29445 0.39505)
(0.191515 0.29445 0.40005)
(0.191515 0.30945 0.2667)
(0.191515 0.30945 0.2717)
(0.191515 0.30945 0.2967)
(0.191515 0.30945 0.3142)
(0.191515 0.30945 0.3317)
(0.191515 0.30945 0.3492)
(0.191515 0.30945 0.3667)
(0.191515 0.30945 0.39505)
(0.191515 0.30945 0.40005)
(0.191515 0.32445 0.2667)
(0.191515 0.32445 0.2717)
(0.191515 0.32445 0.2967)
(0.191515 0.32445 0.3142)
(0.191515 0.32445 0.3317)
(0.191515 0.32445 0.3492)
(0.191515 0.32445 0.3667)
(0.191515 0.32445 0.39505)
(0.191515 0.32445 0.40005)
(0.191515 0.34195 0.2667)
(0.191515 0.34195 0.2717)
(0.191515 0.34195 0.2967)
(0.191515 0.34195 0.3142)
(0.191515 0.34195 0.3317)
(0.191515 0.34195 0.3492)
(0.191515 0.34195 0.3667)
(0.191515 0.34195 0.39505)
(0.191515 0.34195 0.40005)
(0.191515 0.35945 0.2667)
(0.191515 0.35945 0.2717)
(0.191515 0.35945 0.2967)
(0.191515 0.35945 0.3142)
(0.191515 0.35945 0.3317)
(0.191515 0.35945 0.3492)
(0.191515 0.35945 0.3667)
(0.191515 0.35945 0.39505)
(0.191515 0.35945 0.40005)
(0.191515 0.37695 0.2667)
(0.191515 0.37695 0.2717)
(0.191515 0.37695 0.2967)
(0.191515 0.37695 0.3142)
(0.191515 0.37695 0.3317)
(0.191515 0.37695 0.3492)
(0.191515 0.37695 0.3667)
(0.191515 0.37695 0.39505)
(0.191515 0.37695 0.40005)
(0.191515 0.39445 0.2667)
(0.191515 0.39445 0.2717)
(0.191515 0.39445 0.2967)
(0.191515 0.39445 0.3142)
(0.191515 0.39445 0.3317)
(0.191515 0.39445 0.3492)
(0.191515 0.39445 0.3667)
(0.191515 0.39445 0.39505)
(0.191515 0.39445 0.40005)
(0.191515 0.40445 0.2667)
(0.191515 0.40445 0.2717)
(0.191515 0.40445 0.2967)
(0.191515 0.40445 0.3142)
(0.191515 0.40445 0.3317)
(0.191515 0.40445 0.3492)
(0.191515 0.40445 0.3667)
(0.191515 0.40445 0.39505)
(0.191515 0.40445 0.40005)
(0.191515 0.41945 0.2667)
(0.191515 0.41945 0.2717)
(0.191515 0.41945 0.39505)
(0.191515 0.41945 0.40005)
(0.191515 0.42945 0.2667)
(0.191515 0.42945 0.2717)
(0.191515 0.42945 0.2967)
(0.191515 0.42945 0.3142)
(0.191515 0.42945 0.3317)
(0.191515 0.42945 0.3492)
(0.191515 0.42945 0.3667)
(0.191515 0.42945 0.39505)
(0.191515 0.42945 0.40005)
(0.191515 0.43445 0.2667)
(0.191515 0.43445 0.2717)
(0.191515 0.43445 0.2967)
(0.191515 0.43445 0.3142)
(0.191515 0.43445 0.3317)
(0.191515 0.43445 0.3492)
(0.191515 0.43445 0.3667)
(0.191515 0.43445 0.39505)
(0.191515 0.43445 0.40005)
(0.191515 0.451117 0.2667)
(0.191515 0.451117 0.2717)
(0.191515 0.451117 0.2967)
(0.191515 0.451117 0.3142)
(0.191515 0.451117 0.3317)
(0.191515 0.451117 0.3492)
(0.191515 0.451117 0.3667)
(0.191515 0.451117 0.39505)
(0.191515 0.451117 0.40005)
(0.191515 0.467783 0.2667)
(0.191515 0.467783 0.2717)
(0.191515 0.467783 0.2967)
(0.191515 0.467783 0.3142)
(0.191515 0.467783 0.3317)
(0.191515 0.467783 0.3492)
(0.191515 0.467783 0.3667)
(0.191515 0.467783 0.39505)
(0.191515 0.467783 0.40005)
(0.191515 0.48445 0.2667)
(0.191515 0.48445 0.2717)
(0.191515 0.48445 0.2967)
(0.191515 0.48445 0.3142)
(0.191515 0.48445 0.3317)
(0.191515 0.48445 0.3492)
(0.191515 0.48445 0.3667)
(0.191515 0.48445 0.39505)
(0.191515 0.48445 0.40005)
(0.191515 0.49445 0.2667)
(0.191515 0.49445 0.2717)
(0.191515 0.49445 0.2967)
(0.191515 0.49445 0.3142)
(0.191515 0.49445 0.3317)
(0.191515 0.49445 0.3492)
(0.191515 0.49445 0.3667)
(0.191515 0.49445 0.39505)
(0.191515 0.49445 0.40005)
(0.191515 0.50445 0.2667)
(0.191515 0.50445 0.2717)
(0.191515 0.50445 0.2967)
(0.191515 0.50445 0.3142)
(0.191515 0.50445 0.3317)
(0.191515 0.50445 0.3492)
(0.191515 0.50445 0.3667)
(0.191515 0.50445 0.39505)
(0.191515 0.50445 0.40005)
(0.191515 0.50945 0.2667)
(0.191515 0.50945 0.2717)
(0.191515 0.50945 0.39505)
(0.191515 0.50945 0.40005)
(0.191515 0.52445 0.2667)
(0.191515 0.52445 0.2717)
(0.191515 0.52445 0.39505)
(0.191515 0.52445 0.40005)
(0.191515 0.53945 0.2667)
(0.191515 0.53945 0.2717)
(0.191515 0.53945 0.2817)
(0.191515 0.53945 0.38505)
(0.191515 0.53945 0.39505)
(0.191515 0.53945 0.40005)
(0.191515 0.54445 0.2667)
(0.191515 0.54445 0.2717)
(0.191515 0.54445 0.2817)
(0.191515 0.54445 0.38505)
(0.191515 0.54445 0.39505)
(0.191515 0.54445 0.40005)
(0.193895 0.04445 0.2667)
(0.193895 0.04445 0.2717)
(0.193895 0.04445 0.2817)
(0.193895 0.04445 0.2847)
(0.193895 0.04445 0.38205)
(0.193895 0.04445 0.38505)
(0.193895 0.04445 0.39505)
(0.193895 0.04445 0.40005)
(0.193895 0.04945 0.2667)
(0.193895 0.04945 0.2717)
(0.193895 0.04945 0.2817)
(0.193895 0.04945 0.2847)
(0.193895 0.04945 0.38205)
(0.193895 0.04945 0.38505)
(0.193895 0.04945 0.39505)
(0.193895 0.04945 0.40005)
(0.193895 0.06445 0.2667)
(0.193895 0.06445 0.2717)
(0.193895 0.06445 0.39505)
(0.193895 0.06445 0.40005)
(0.193895 0.07945 0.2667)
(0.193895 0.07945 0.2717)
(0.193895 0.07945 0.39505)
(0.193895 0.07945 0.40005)
(0.193895 0.08945 0.2667)
(0.193895 0.08945 0.2717)
(0.193895 0.08945 0.39505)
(0.193895 0.08945 0.40005)
(0.193895 0.09945 0.2667)
(0.193895 0.09945 0.2717)
(0.193895 0.09945 0.39505)
(0.193895 0.09945 0.40005)
(0.193895 0.11445 0.2667)
(0.193895 0.11445 0.2717)
(0.193895 0.11445 0.39505)
(0.193895 0.11445 0.40005)
(0.193895 0.12945 0.2667)
(0.193895 0.12945 0.2717)
(0.193895 0.12945 0.39505)
(0.193895 0.12945 0.40005)
(0.193895 0.14445 0.2667)
(0.193895 0.14445 0.2717)
(0.193895 0.14445 0.39505)
(0.193895 0.14445 0.40005)
(0.193895 0.15945 0.2667)
(0.193895 0.15945 0.2717)
(0.193895 0.15945 0.2967)
(0.193895 0.15945 0.3142)
(0.193895 0.15945 0.3317)
(0.193895 0.15945 0.3492)
(0.193895 0.15945 0.3667)
(0.193895 0.15945 0.39505)
(0.193895 0.15945 0.40005)
(0.193895 0.16445 0.2667)
(0.193895 0.16445 0.2717)
(0.193895 0.16445 0.2967)
(0.193895 0.16445 0.3142)
(0.193895 0.16445 0.3317)
(0.193895 0.16445 0.3492)
(0.193895 0.16445 0.3667)
(0.193895 0.16445 0.39505)
(0.193895 0.16445 0.40005)
(0.193895 0.17445 0.2667)
(0.193895 0.17445 0.2717)
(0.193895 0.17445 0.2967)
(0.193895 0.17445 0.3142)
(0.193895 0.17445 0.3317)
(0.193895 0.17445 0.3492)
(0.193895 0.17445 0.3667)
(0.193895 0.17445 0.39505)
(0.193895 0.17445 0.40005)
(0.193895 0.18445 0.2667)
(0.193895 0.18445 0.2717)
(0.193895 0.18445 0.2967)
(0.193895 0.18445 0.3142)
(0.193895 0.18445 0.3317)
(0.193895 0.18445 0.3492)
(0.193895 0.18445 0.3667)
(0.193895 0.18445 0.39505)
(0.193895 0.18445 0.40005)
(0.193895 0.19695 0.2667)
(0.193895 0.19695 0.2717)
(0.193895 0.19695 0.2967)
(0.193895 0.19695 0.3142)
(0.193895 0.19695 0.3317)
(0.193895 0.19695 0.3492)
(0.193895 0.19695 0.3667)
(0.193895 0.19695 0.39505)
(0.193895 0.19695 0.40005)
(0.193895 0.20945 0.2667)
(0.193895 0.20945 0.2717)
(0.193895 0.20945 0.2967)
(0.193895 0.20945 0.3142)
(0.193895 0.20945 0.3317)
(0.193895 0.20945 0.3492)
(0.193895 0.20945 0.3667)
(0.193895 0.20945 0.39505)
(0.193895 0.20945 0.40005)
(0.193895 0.22645 0.2667)
(0.193895 0.22645 0.2717)
(0.193895 0.22645 0.2967)
(0.193895 0.22645 0.3142)
(0.193895 0.22645 0.3317)
(0.193895 0.22645 0.3492)
(0.193895 0.22645 0.3667)
(0.193895 0.22645 0.39505)
(0.193895 0.22645 0.40005)
(0.193895 0.24345 0.2667)
(0.193895 0.24345 0.2717)
(0.193895 0.24345 0.2967)
(0.193895 0.24345 0.3142)
(0.193895 0.24345 0.3317)
(0.193895 0.24345 0.3492)
(0.193895 0.24345 0.3667)
(0.193895 0.24345 0.39505)
(0.193895 0.24345 0.40005)
(0.193895 0.26045 0.2667)
(0.193895 0.26045 0.2717)
(0.193895 0.26045 0.2967)
(0.193895 0.26045 0.3142)
(0.193895 0.26045 0.3317)
(0.193895 0.26045 0.3492)
(0.193895 0.26045 0.3667)
(0.193895 0.26045 0.39505)
(0.193895 0.26045 0.40005)
(0.193895 0.27745 0.2667)
(0.193895 0.27745 0.2717)
(0.193895 0.27745 0.2967)
(0.193895 0.27745 0.3142)
(0.193895 0.27745 0.3317)
(0.193895 0.27745 0.3492)
(0.193895 0.27745 0.3667)
(0.193895 0.27745 0.39505)
(0.193895 0.27745 0.40005)
(0.193895 0.29445 0.2667)
(0.193895 0.29445 0.2717)
(0.193895 0.29445 0.2967)
(0.193895 0.29445 0.3142)
(0.193895 0.29445 0.3317)
(0.193895 0.29445 0.3492)
(0.193895 0.29445 0.3667)
(0.193895 0.29445 0.39505)
(0.193895 0.29445 0.40005)
(0.193895 0.30945 0.2667)
(0.193895 0.30945 0.2717)
(0.193895 0.30945 0.2967)
(0.193895 0.30945 0.3142)
(0.193895 0.30945 0.3317)
(0.193895 0.30945 0.3492)
(0.193895 0.30945 0.3667)
(0.193895 0.30945 0.39505)
(0.193895 0.30945 0.40005)
(0.193895 0.32445 0.2667)
(0.193895 0.32445 0.2717)
(0.193895 0.32445 0.2967)
(0.193895 0.32445 0.3142)
(0.193895 0.32445 0.3317)
(0.193895 0.32445 0.3492)
(0.193895 0.32445 0.3667)
(0.193895 0.32445 0.39505)
(0.193895 0.32445 0.40005)
(0.193895 0.34195 0.2667)
(0.193895 0.34195 0.2717)
(0.193895 0.34195 0.2967)
(0.193895 0.34195 0.3142)
(0.193895 0.34195 0.3317)
(0.193895 0.34195 0.3492)
(0.193895 0.34195 0.3667)
(0.193895 0.34195 0.39505)
(0.193895 0.34195 0.40005)
(0.193895 0.35945 0.2667)
(0.193895 0.35945 0.2717)
(0.193895 0.35945 0.2967)
(0.193895 0.35945 0.3142)
(0.193895 0.35945 0.3317)
(0.193895 0.35945 0.3492)
(0.193895 0.35945 0.3667)
(0.193895 0.35945 0.39505)
(0.193895 0.35945 0.40005)
(0.193895 0.37695 0.2667)
(0.193895 0.37695 0.2717)
(0.193895 0.37695 0.2967)
(0.193895 0.37695 0.3142)
(0.193895 0.37695 0.3317)
(0.193895 0.37695 0.3492)
(0.193895 0.37695 0.3667)
(0.193895 0.37695 0.39505)
(0.193895 0.37695 0.40005)
(0.193895 0.39445 0.2667)
(0.193895 0.39445 0.2717)
(0.193895 0.39445 0.2967)
(0.193895 0.39445 0.3142)
(0.193895 0.39445 0.3317)
(0.193895 0.39445 0.3492)
(0.193895 0.39445 0.3667)
(0.193895 0.39445 0.39505)
(0.193895 0.39445 0.40005)
(0.193895 0.40445 0.2667)
(0.193895 0.40445 0.2717)
(0.193895 0.40445 0.2967)
(0.193895 0.40445 0.3142)
(0.193895 0.40445 0.3317)
(0.193895 0.40445 0.3492)
(0.193895 0.40445 0.3667)
(0.193895 0.40445 0.39505)
(0.193895 0.40445 0.40005)
(0.193895 0.41945 0.2667)
(0.193895 0.41945 0.2717)
(0.193895 0.41945 0.39505)
(0.193895 0.41945 0.40005)
(0.193895 0.42945 0.2667)
(0.193895 0.42945 0.2717)
(0.193895 0.42945 0.2967)
(0.193895 0.42945 0.3142)
(0.193895 0.42945 0.3317)
(0.193895 0.42945 0.3492)
(0.193895 0.42945 0.3667)
(0.193895 0.42945 0.39505)
(0.193895 0.42945 0.40005)
(0.193895 0.43445 0.2667)
(0.193895 0.43445 0.2717)
(0.193895 0.43445 0.2967)
(0.193895 0.43445 0.3142)
(0.193895 0.43445 0.3317)
(0.193895 0.43445 0.3492)
(0.193895 0.43445 0.3667)
(0.193895 0.43445 0.39505)
(0.193895 0.43445 0.40005)
(0.193895 0.451117 0.2667)
(0.193895 0.451117 0.2717)
(0.193895 0.451117 0.2967)
(0.193895 0.451117 0.3142)
(0.193895 0.451117 0.3317)
(0.193895 0.451117 0.3492)
(0.193895 0.451117 0.3667)
(0.193895 0.451117 0.39505)
(0.193895 0.451117 0.40005)
(0.193895 0.467783 0.2667)
(0.193895 0.467783 0.2717)
(0.193895 0.467783 0.2967)
(0.193895 0.467783 0.3142)
(0.193895 0.467783 0.3317)
(0.193895 0.467783 0.3492)
(0.193895 0.467783 0.3667)
(0.193895 0.467783 0.39505)
(0.193895 0.467783 0.40005)
(0.193895 0.48445 0.2667)
(0.193895 0.48445 0.2717)
(0.193895 0.48445 0.2967)
(0.193895 0.48445 0.3142)
(0.193895 0.48445 0.3317)
(0.193895 0.48445 0.3492)
(0.193895 0.48445 0.3667)
(0.193895 0.48445 0.39505)
(0.193895 0.48445 0.40005)
(0.193895 0.49445 0.2667)
(0.193895 0.49445 0.2717)
(0.193895 0.49445 0.2967)
(0.193895 0.49445 0.3142)
(0.193895 0.49445 0.3317)
(0.193895 0.49445 0.3492)
(0.193895 0.49445 0.3667)
(0.193895 0.49445 0.39505)
(0.193895 0.49445 0.40005)
(0.193895 0.50445 0.2667)
(0.193895 0.50445 0.2717)
(0.193895 0.50445 0.2967)
(0.193895 0.50445 0.3142)
(0.193895 0.50445 0.3317)
(0.193895 0.50445 0.3492)
(0.193895 0.50445 0.3667)
(0.193895 0.50445 0.39505)
(0.193895 0.50445 0.40005)
(0.193895 0.50945 0.2667)
(0.193895 0.50945 0.2717)
(0.193895 0.50945 0.39505)
(0.193895 0.50945 0.40005)
(0.193895 0.52445 0.2667)
(0.193895 0.52445 0.2717)
(0.193895 0.52445 0.39505)
(0.193895 0.52445 0.40005)
(0.193895 0.53945 0.2667)
(0.193895 0.53945 0.2717)
(0.193895 0.53945 0.2817)
(0.193895 0.53945 0.38505)
(0.193895 0.53945 0.39505)
(0.193895 0.53945 0.40005)
(0.193895 0.54445 0.2667)
(0.193895 0.54445 0.2717)
(0.193895 0.54445 0.2817)
(0.193895 0.54445 0.38505)
(0.193895 0.54445 0.39505)
(0.193895 0.54445 0.40005)
(0.195262 0.04445 0.2667)
(0.195262 0.04445 0.2717)
(0.195262 0.04445 0.2817)
(0.195262 0.04445 0.2847)
(0.195262 0.04445 0.38205)
(0.195262 0.04445 0.38505)
(0.195262 0.04445 0.39505)
(0.195262 0.04445 0.40005)
(0.195262 0.04945 0.2667)
(0.195262 0.04945 0.2717)
(0.195262 0.04945 0.2817)
(0.195262 0.04945 0.2847)
(0.195262 0.04945 0.38205)
(0.195262 0.04945 0.38505)
(0.195262 0.04945 0.39505)
(0.195262 0.04945 0.40005)
(0.195262 0.06445 0.2667)
(0.195262 0.06445 0.2717)
(0.195262 0.06445 0.39505)
(0.195262 0.06445 0.40005)
(0.195262 0.07945 0.2667)
(0.195262 0.07945 0.2717)
(0.195262 0.07945 0.39505)
(0.195262 0.07945 0.40005)
(0.195262 0.08945 0.2667)
(0.195262 0.08945 0.2717)
(0.195262 0.08945 0.39505)
(0.195262 0.08945 0.40005)
(0.195262 0.09945 0.2667)
(0.195262 0.09945 0.2717)
(0.195262 0.09945 0.39505)
(0.195262 0.09945 0.40005)
(0.195262 0.11445 0.2667)
(0.195262 0.11445 0.2717)
(0.195262 0.11445 0.39505)
(0.195262 0.11445 0.40005)
(0.195262 0.12945 0.2667)
(0.195262 0.12945 0.2717)
(0.195262 0.12945 0.39505)
(0.195262 0.12945 0.40005)
(0.195262 0.14445 0.2667)
(0.195262 0.14445 0.2717)
(0.195262 0.14445 0.39505)
(0.195262 0.14445 0.40005)
(0.195262 0.15945 0.2667)
(0.195262 0.15945 0.2717)
(0.195262 0.15945 0.2967)
(0.195262 0.15945 0.3142)
(0.195262 0.15945 0.3317)
(0.195262 0.15945 0.3492)
(0.195262 0.15945 0.3667)
(0.195262 0.15945 0.39505)
(0.195262 0.15945 0.40005)
(0.195262 0.16445 0.2667)
(0.195262 0.16445 0.2717)
(0.195262 0.16445 0.2967)
(0.195262 0.16445 0.3142)
(0.195262 0.16445 0.3317)
(0.195262 0.16445 0.3492)
(0.195262 0.16445 0.3667)
(0.195262 0.16445 0.39505)
(0.195262 0.16445 0.40005)
(0.195262 0.17445 0.2667)
(0.195262 0.17445 0.2717)
(0.195262 0.17445 0.2967)
(0.195262 0.17445 0.3142)
(0.195262 0.17445 0.3317)
(0.195262 0.17445 0.3492)
(0.195262 0.17445 0.3667)
(0.195262 0.17445 0.39505)
(0.195262 0.17445 0.40005)
(0.195262 0.18445 0.2667)
(0.195262 0.18445 0.2717)
(0.195262 0.18445 0.2967)
(0.195262 0.18445 0.3142)
(0.195262 0.18445 0.3317)
(0.195262 0.18445 0.3492)
(0.195262 0.18445 0.3667)
(0.195262 0.18445 0.39505)
(0.195262 0.18445 0.40005)
(0.195262 0.19695 0.2667)
(0.195262 0.19695 0.2717)
(0.195262 0.19695 0.2967)
(0.195262 0.19695 0.3142)
(0.195262 0.19695 0.3317)
(0.195262 0.19695 0.3492)
(0.195262 0.19695 0.3667)
(0.195262 0.19695 0.39505)
(0.195262 0.19695 0.40005)
(0.195262 0.20945 0.2667)
(0.195262 0.20945 0.2717)
(0.195262 0.20945 0.2967)
(0.195262 0.20945 0.3142)
(0.195262 0.20945 0.3317)
(0.195262 0.20945 0.3492)
(0.195262 0.20945 0.3667)
(0.195262 0.20945 0.39505)
(0.195262 0.20945 0.40005)
(0.195262 0.22645 0.2667)
(0.195262 0.22645 0.2717)
(0.195262 0.22645 0.2967)
(0.195262 0.22645 0.3142)
(0.195262 0.22645 0.3317)
(0.195262 0.22645 0.3492)
(0.195262 0.22645 0.3667)
(0.195262 0.22645 0.39505)
(0.195262 0.22645 0.40005)
(0.195262 0.24345 0.2667)
(0.195262 0.24345 0.2717)
(0.195262 0.24345 0.2967)
(0.195262 0.24345 0.3142)
(0.195262 0.24345 0.3317)
(0.195262 0.24345 0.3492)
(0.195262 0.24345 0.3667)
(0.195262 0.24345 0.39505)
(0.195262 0.24345 0.40005)
(0.195262 0.26045 0.2667)
(0.195262 0.26045 0.2717)
(0.195262 0.26045 0.2967)
(0.195262 0.26045 0.3142)
(0.195262 0.26045 0.3317)
(0.195262 0.26045 0.3492)
(0.195262 0.26045 0.3667)
(0.195262 0.26045 0.39505)
(0.195262 0.26045 0.40005)
(0.195262 0.27745 0.2667)
(0.195262 0.27745 0.2717)
(0.195262 0.27745 0.2967)
(0.195262 0.27745 0.3142)
(0.195262 0.27745 0.3317)
(0.195262 0.27745 0.3492)
(0.195262 0.27745 0.3667)
(0.195262 0.27745 0.39505)
(0.195262 0.27745 0.40005)
(0.195262 0.29445 0.2667)
(0.195262 0.29445 0.2717)
(0.195262 0.29445 0.2967)
(0.195262 0.29445 0.3142)
(0.195262 0.29445 0.3317)
(0.195262 0.29445 0.3492)
(0.195262 0.29445 0.3667)
(0.195262 0.29445 0.39505)
(0.195262 0.29445 0.40005)
(0.195262 0.30945 0.2667)
(0.195262 0.30945 0.2717)
(0.195262 0.30945 0.2967)
(0.195262 0.30945 0.3142)
(0.195262 0.30945 0.3317)
(0.195262 0.30945 0.3492)
(0.195262 0.30945 0.3667)
(0.195262 0.30945 0.39505)
(0.195262 0.30945 0.40005)
(0.195262 0.32445 0.2667)
(0.195262 0.32445 0.2717)
(0.195262 0.32445 0.2967)
(0.195262 0.32445 0.3142)
(0.195262 0.32445 0.3317)
(0.195262 0.32445 0.3492)
(0.195262 0.32445 0.3667)
(0.195262 0.32445 0.39505)
(0.195262 0.32445 0.40005)
(0.195262 0.34195 0.2667)
(0.195262 0.34195 0.2717)
(0.195262 0.34195 0.2967)
(0.195262 0.34195 0.3142)
(0.195262 0.34195 0.3317)
(0.195262 0.34195 0.3492)
(0.195262 0.34195 0.3667)
(0.195262 0.34195 0.39505)
(0.195262 0.34195 0.40005)
(0.195262 0.35945 0.2667)
(0.195262 0.35945 0.2717)
(0.195262 0.35945 0.2967)
(0.195262 0.35945 0.3142)
(0.195262 0.35945 0.3317)
(0.195262 0.35945 0.3492)
(0.195262 0.35945 0.3667)
(0.195262 0.35945 0.39505)
(0.195262 0.35945 0.40005)
(0.195262 0.37695 0.2667)
(0.195262 0.37695 0.2717)
(0.195262 0.37695 0.2967)
(0.195262 0.37695 0.3142)
(0.195262 0.37695 0.3317)
(0.195262 0.37695 0.3492)
(0.195262 0.37695 0.3667)
(0.195262 0.37695 0.39505)
(0.195262 0.37695 0.40005)
(0.195262 0.39445 0.2667)
(0.195262 0.39445 0.2717)
(0.195262 0.39445 0.2967)
(0.195262 0.39445 0.3142)
(0.195262 0.39445 0.3317)
(0.195262 0.39445 0.3492)
(0.195262 0.39445 0.3667)
(0.195262 0.39445 0.39505)
(0.195262 0.39445 0.40005)
(0.195262 0.40445 0.2667)
(0.195262 0.40445 0.2717)
(0.195262 0.40445 0.2967)
(0.195262 0.40445 0.3142)
(0.195262 0.40445 0.3317)
(0.195262 0.40445 0.3492)
(0.195262 0.40445 0.3667)
(0.195262 0.40445 0.39505)
(0.195262 0.40445 0.40005)
(0.195262 0.41945 0.2667)
(0.195262 0.41945 0.2717)
(0.195262 0.41945 0.39505)
(0.195262 0.41945 0.40005)
(0.195262 0.42945 0.2667)
(0.195262 0.42945 0.2717)
(0.195262 0.42945 0.2967)
(0.195262 0.42945 0.3142)
(0.195262 0.42945 0.3317)
(0.195262 0.42945 0.3492)
(0.195262 0.42945 0.3667)
(0.195262 0.42945 0.39505)
(0.195262 0.42945 0.40005)
(0.195262 0.43445 0.2667)
(0.195262 0.43445 0.2717)
(0.195262 0.43445 0.2967)
(0.195262 0.43445 0.3142)
(0.195262 0.43445 0.3317)
(0.195262 0.43445 0.3492)
(0.195262 0.43445 0.3667)
(0.195262 0.43445 0.39505)
(0.195262 0.43445 0.40005)
(0.195262 0.451117 0.2667)
(0.195262 0.451117 0.2717)
(0.195262 0.451117 0.2967)
(0.195262 0.451117 0.3142)
(0.195262 0.451117 0.3317)
(0.195262 0.451117 0.3492)
(0.195262 0.451117 0.3667)
(0.195262 0.451117 0.39505)
(0.195262 0.451117 0.40005)
(0.195262 0.467783 0.2667)
(0.195262 0.467783 0.2717)
(0.195262 0.467783 0.2967)
(0.195262 0.467783 0.3142)
(0.195262 0.467783 0.3317)
(0.195262 0.467783 0.3492)
(0.195262 0.467783 0.3667)
(0.195262 0.467783 0.39505)
(0.195262 0.467783 0.40005)
(0.195262 0.48445 0.2667)
(0.195262 0.48445 0.2717)
(0.195262 0.48445 0.2967)
(0.195262 0.48445 0.3142)
(0.195262 0.48445 0.3317)
(0.195262 0.48445 0.3492)
(0.195262 0.48445 0.3667)
(0.195262 0.48445 0.39505)
(0.195262 0.48445 0.40005)
(0.195262 0.49445 0.2667)
(0.195262 0.49445 0.2717)
(0.195262 0.49445 0.2967)
(0.195262 0.49445 0.3142)
(0.195262 0.49445 0.3317)
(0.195262 0.49445 0.3492)
(0.195262 0.49445 0.3667)
(0.195262 0.49445 0.39505)
(0.195262 0.49445 0.40005)
(0.195262 0.50445 0.2667)
(0.195262 0.50445 0.2717)
(0.195262 0.50445 0.2967)
(0.195262 0.50445 0.3142)
(0.195262 0.50445 0.3317)
(0.195262 0.50445 0.3492)
(0.195262 0.50445 0.3667)
(0.195262 0.50445 0.39505)
(0.195262 0.50445 0.40005)
(0.195262 0.50945 0.2667)
(0.195262 0.50945 0.2717)
(0.195262 0.50945 0.39505)
(0.195262 0.50945 0.40005)
(0.195262 0.52445 0.2667)
(0.195262 0.52445 0.2717)
(0.195262 0.52445 0.39505)
(0.195262 0.52445 0.40005)
(0.195262 0.53945 0.2667)
(0.195262 0.53945 0.2717)
(0.195262 0.53945 0.2817)
(0.195262 0.53945 0.38505)
(0.195262 0.53945 0.39505)
(0.195262 0.53945 0.40005)
(0.195262 0.54445 0.2667)
(0.195262 0.54445 0.2717)
(0.195262 0.54445 0.2817)
(0.195262 0.54445 0.38505)
(0.195262 0.54445 0.39505)
(0.195262 0.54445 0.40005)
(0.203115 0.04445 0.2667)
(0.203115 0.04445 0.2717)
(0.203115 0.04445 0.2817)
(0.203115 0.04445 0.2847)
(0.203115 0.04445 0.38205)
(0.203115 0.04445 0.38505)
(0.203115 0.04445 0.39505)
(0.203115 0.04445 0.40005)
(0.203115 0.04945 0.2667)
(0.203115 0.04945 0.2717)
(0.203115 0.04945 0.2817)
(0.203115 0.04945 0.2847)
(0.203115 0.04945 0.38205)
(0.203115 0.04945 0.38505)
(0.203115 0.04945 0.39505)
(0.203115 0.04945 0.40005)
(0.203115 0.06445 0.2667)
(0.203115 0.06445 0.2717)
(0.203115 0.06445 0.39505)
(0.203115 0.06445 0.40005)
(0.203115 0.07945 0.2667)
(0.203115 0.07945 0.2717)
(0.203115 0.07945 0.39505)
(0.203115 0.07945 0.40005)
(0.203115 0.08945 0.2667)
(0.203115 0.08945 0.2717)
(0.203115 0.08945 0.39505)
(0.203115 0.08945 0.40005)
(0.203115 0.09945 0.2667)
(0.203115 0.09945 0.2717)
(0.203115 0.09945 0.39505)
(0.203115 0.09945 0.40005)
(0.203115 0.11445 0.2667)
(0.203115 0.11445 0.2717)
(0.203115 0.11445 0.39505)
(0.203115 0.11445 0.40005)
(0.203115 0.12945 0.2667)
(0.203115 0.12945 0.2717)
(0.203115 0.12945 0.39505)
(0.203115 0.12945 0.40005)
(0.203115 0.14445 0.2667)
(0.203115 0.14445 0.2717)
(0.203115 0.14445 0.39505)
(0.203115 0.14445 0.40005)
(0.203115 0.15945 0.2667)
(0.203115 0.15945 0.2717)
(0.203115 0.15945 0.2967)
(0.203115 0.15945 0.3142)
(0.203115 0.15945 0.3317)
(0.203115 0.15945 0.3492)
(0.203115 0.15945 0.3667)
(0.203115 0.15945 0.39505)
(0.203115 0.15945 0.40005)
(0.203115 0.16445 0.2667)
(0.203115 0.16445 0.2717)
(0.203115 0.16445 0.2967)
(0.203115 0.16445 0.3142)
(0.203115 0.16445 0.3317)
(0.203115 0.16445 0.3492)
(0.203115 0.16445 0.3667)
(0.203115 0.16445 0.39505)
(0.203115 0.16445 0.40005)
(0.203115 0.17445 0.2667)
(0.203115 0.17445 0.2717)
(0.203115 0.17445 0.2967)
(0.203115 0.17445 0.3142)
(0.203115 0.17445 0.3317)
(0.203115 0.17445 0.3492)
(0.203115 0.17445 0.3667)
(0.203115 0.17445 0.39505)
(0.203115 0.17445 0.40005)
(0.203115 0.18445 0.2667)
(0.203115 0.18445 0.2717)
(0.203115 0.18445 0.2967)
(0.203115 0.18445 0.3142)
(0.203115 0.18445 0.3317)
(0.203115 0.18445 0.3492)
(0.203115 0.18445 0.3667)
(0.203115 0.18445 0.39505)
(0.203115 0.18445 0.40005)
(0.203115 0.19695 0.2667)
(0.203115 0.19695 0.2717)
(0.203115 0.19695 0.2967)
(0.203115 0.19695 0.3142)
(0.203115 0.19695 0.3317)
(0.203115 0.19695 0.3492)
(0.203115 0.19695 0.3667)
(0.203115 0.19695 0.39505)
(0.203115 0.19695 0.40005)
(0.203115 0.20945 0.2667)
(0.203115 0.20945 0.2717)
(0.203115 0.20945 0.2967)
(0.203115 0.20945 0.3142)
(0.203115 0.20945 0.3317)
(0.203115 0.20945 0.3492)
(0.203115 0.20945 0.3667)
(0.203115 0.20945 0.39505)
(0.203115 0.20945 0.40005)
(0.203115 0.22645 0.2667)
(0.203115 0.22645 0.2717)
(0.203115 0.22645 0.2967)
(0.203115 0.22645 0.3142)
(0.203115 0.22645 0.3317)
(0.203115 0.22645 0.3492)
(0.203115 0.22645 0.3667)
(0.203115 0.22645 0.39505)
(0.203115 0.22645 0.40005)
(0.203115 0.24345 0.2667)
(0.203115 0.24345 0.2717)
(0.203115 0.24345 0.2967)
(0.203115 0.24345 0.3142)
(0.203115 0.24345 0.3317)
(0.203115 0.24345 0.3492)
(0.203115 0.24345 0.3667)
(0.203115 0.24345 0.39505)
(0.203115 0.24345 0.40005)
(0.203115 0.26045 0.2667)
(0.203115 0.26045 0.2717)
(0.203115 0.26045 0.2967)
(0.203115 0.26045 0.3142)
(0.203115 0.26045 0.3317)
(0.203115 0.26045 0.3492)
(0.203115 0.26045 0.3667)
(0.203115 0.26045 0.39505)
(0.203115 0.26045 0.40005)
(0.203115 0.27745 0.2667)
(0.203115 0.27745 0.2717)
(0.203115 0.27745 0.2967)
(0.203115 0.27745 0.3142)
(0.203115 0.27745 0.3317)
(0.203115 0.27745 0.3492)
(0.203115 0.27745 0.3667)
(0.203115 0.27745 0.39505)
(0.203115 0.27745 0.40005)
(0.203115 0.29445 0.2667)
(0.203115 0.29445 0.2717)
(0.203115 0.29445 0.2967)
(0.203115 0.29445 0.3142)
(0.203115 0.29445 0.3317)
(0.203115 0.29445 0.3492)
(0.203115 0.29445 0.3667)
(0.203115 0.29445 0.39505)
(0.203115 0.29445 0.40005)
(0.203115 0.30945 0.2667)
(0.203115 0.30945 0.2717)
(0.203115 0.30945 0.2967)
(0.203115 0.30945 0.3142)
(0.203115 0.30945 0.3317)
(0.203115 0.30945 0.3492)
(0.203115 0.30945 0.3667)
(0.203115 0.30945 0.39505)
(0.203115 0.30945 0.40005)
(0.203115 0.32445 0.2667)
(0.203115 0.32445 0.2717)
(0.203115 0.32445 0.2967)
(0.203115 0.32445 0.3142)
(0.203115 0.32445 0.3317)
(0.203115 0.32445 0.3492)
(0.203115 0.32445 0.3667)
(0.203115 0.32445 0.39505)
(0.203115 0.32445 0.40005)
(0.203115 0.34195 0.2667)
(0.203115 0.34195 0.2717)
(0.203115 0.34195 0.2967)
(0.203115 0.34195 0.3142)
(0.203115 0.34195 0.3317)
(0.203115 0.34195 0.3492)
(0.203115 0.34195 0.3667)
(0.203115 0.34195 0.39505)
(0.203115 0.34195 0.40005)
(0.203115 0.35945 0.2667)
(0.203115 0.35945 0.2717)
(0.203115 0.35945 0.2967)
(0.203115 0.35945 0.3142)
(0.203115 0.35945 0.3317)
(0.203115 0.35945 0.3492)
(0.203115 0.35945 0.3667)
(0.203115 0.35945 0.39505)
(0.203115 0.35945 0.40005)
(0.203115 0.37695 0.2667)
(0.203115 0.37695 0.2717)
(0.203115 0.37695 0.2967)
(0.203115 0.37695 0.3142)
(0.203115 0.37695 0.3317)
(0.203115 0.37695 0.3492)
(0.203115 0.37695 0.3667)
(0.203115 0.37695 0.39505)
(0.203115 0.37695 0.40005)
(0.203115 0.39445 0.2667)
(0.203115 0.39445 0.2717)
(0.203115 0.39445 0.2967)
(0.203115 0.39445 0.3142)
(0.203115 0.39445 0.3317)
(0.203115 0.39445 0.3492)
(0.203115 0.39445 0.3667)
(0.203115 0.39445 0.39505)
(0.203115 0.39445 0.40005)
(0.203115 0.40445 0.2667)
(0.203115 0.40445 0.2717)
(0.203115 0.40445 0.2967)
(0.203115 0.40445 0.3142)
(0.203115 0.40445 0.3317)
(0.203115 0.40445 0.3492)
(0.203115 0.40445 0.3667)
(0.203115 0.40445 0.39505)
(0.203115 0.40445 0.40005)
(0.203115 0.41945 0.2667)
(0.203115 0.41945 0.2717)
(0.203115 0.41945 0.39505)
(0.203115 0.41945 0.40005)
(0.203115 0.42945 0.2667)
(0.203115 0.42945 0.2717)
(0.203115 0.42945 0.2967)
(0.203115 0.42945 0.3142)
(0.203115 0.42945 0.3317)
(0.203115 0.42945 0.3492)
(0.203115 0.42945 0.3667)
(0.203115 0.42945 0.39505)
(0.203115 0.42945 0.40005)
(0.203115 0.43445 0.2667)
(0.203115 0.43445 0.2717)
(0.203115 0.43445 0.2967)
(0.203115 0.43445 0.3142)
(0.203115 0.43445 0.3317)
(0.203115 0.43445 0.3492)
(0.203115 0.43445 0.3667)
(0.203115 0.43445 0.39505)
(0.203115 0.43445 0.40005)
(0.203115 0.451117 0.2667)
(0.203115 0.451117 0.2717)
(0.203115 0.451117 0.2967)
(0.203115 0.451117 0.3142)
(0.203115 0.451117 0.3317)
(0.203115 0.451117 0.3492)
(0.203115 0.451117 0.3667)
(0.203115 0.451117 0.39505)
(0.203115 0.451117 0.40005)
(0.203115 0.467783 0.2667)
(0.203115 0.467783 0.2717)
(0.203115 0.467783 0.2967)
(0.203115 0.467783 0.3142)
(0.203115 0.467783 0.3317)
(0.203115 0.467783 0.3492)
(0.203115 0.467783 0.3667)
(0.203115 0.467783 0.39505)
(0.203115 0.467783 0.40005)
(0.203115 0.48445 0.2667)
(0.203115 0.48445 0.2717)
(0.203115 0.48445 0.2967)
(0.203115 0.48445 0.3142)
(0.203115 0.48445 0.3317)
(0.203115 0.48445 0.3492)
(0.203115 0.48445 0.3667)
(0.203115 0.48445 0.39505)
(0.203115 0.48445 0.40005)
(0.203115 0.49445 0.2667)
(0.203115 0.49445 0.2717)
(0.203115 0.49445 0.2967)
(0.203115 0.49445 0.3142)
(0.203115 0.49445 0.3317)
(0.203115 0.49445 0.3492)
(0.203115 0.49445 0.3667)
(0.203115 0.49445 0.39505)
(0.203115 0.49445 0.40005)
(0.203115 0.50445 0.2667)
(0.203115 0.50445 0.2717)
(0.203115 0.50445 0.2967)
(0.203115 0.50445 0.3142)
(0.203115 0.50445 0.3317)
(0.203115 0.50445 0.3492)
(0.203115 0.50445 0.3667)
(0.203115 0.50445 0.39505)
(0.203115 0.50445 0.40005)
(0.203115 0.50945 0.2667)
(0.203115 0.50945 0.2717)
(0.203115 0.50945 0.39505)
(0.203115 0.50945 0.40005)
(0.203115 0.52445 0.2667)
(0.203115 0.52445 0.2717)
(0.203115 0.52445 0.39505)
(0.203115 0.52445 0.40005)
(0.203115 0.53945 0.2667)
(0.203115 0.53945 0.2717)
(0.203115 0.53945 0.2817)
(0.203115 0.53945 0.38505)
(0.203115 0.53945 0.39505)
(0.203115 0.53945 0.40005)
(0.203115 0.54445 0.2667)
(0.203115 0.54445 0.2717)
(0.203115 0.54445 0.2817)
(0.203115 0.54445 0.38505)
(0.203115 0.54445 0.39505)
(0.203115 0.54445 0.40005)
(0.209232 0.04445 0.2667)
(0.209232 0.04445 0.2717)
(0.209232 0.04445 0.2817)
(0.209232 0.04445 0.2847)
(0.209232 0.04445 0.38205)
(0.209232 0.04445 0.38505)
(0.209232 0.04445 0.39505)
(0.209232 0.04445 0.40005)
(0.209232 0.04945 0.2667)
(0.209232 0.04945 0.2717)
(0.209232 0.04945 0.2817)
(0.209232 0.04945 0.2847)
(0.209232 0.04945 0.38205)
(0.209232 0.04945 0.38505)
(0.209232 0.04945 0.39505)
(0.209232 0.04945 0.40005)
(0.209232 0.06445 0.2667)
(0.209232 0.06445 0.2717)
(0.209232 0.06445 0.39505)
(0.209232 0.06445 0.40005)
(0.209232 0.07945 0.2667)
(0.209232 0.07945 0.2717)
(0.209232 0.07945 0.39505)
(0.209232 0.07945 0.40005)
(0.209232 0.08945 0.2667)
(0.209232 0.08945 0.2717)
(0.209232 0.08945 0.39505)
(0.209232 0.08945 0.40005)
(0.209232 0.09945 0.2667)
(0.209232 0.09945 0.2717)
(0.209232 0.09945 0.39505)
(0.209232 0.09945 0.40005)
(0.209232 0.11445 0.2667)
(0.209232 0.11445 0.2717)
(0.209232 0.11445 0.39505)
(0.209232 0.11445 0.40005)
(0.209232 0.12945 0.2667)
(0.209232 0.12945 0.2717)
(0.209232 0.12945 0.39505)
(0.209232 0.12945 0.40005)
(0.209232 0.14445 0.2667)
(0.209232 0.14445 0.2717)
(0.209232 0.14445 0.39505)
(0.209232 0.14445 0.40005)
(0.209232 0.15945 0.2667)
(0.209232 0.15945 0.2717)
(0.209232 0.15945 0.2967)
(0.209232 0.15945 0.3142)
(0.209232 0.15945 0.3317)
(0.209232 0.15945 0.3492)
(0.209232 0.15945 0.3667)
(0.209232 0.15945 0.39505)
(0.209232 0.15945 0.40005)
(0.209232 0.16445 0.2667)
(0.209232 0.16445 0.2717)
(0.209232 0.16445 0.2967)
(0.209232 0.16445 0.3142)
(0.209232 0.16445 0.3317)
(0.209232 0.16445 0.3492)
(0.209232 0.16445 0.3667)
(0.209232 0.16445 0.39505)
(0.209232 0.16445 0.40005)
(0.209232 0.17445 0.2667)
(0.209232 0.17445 0.2717)
(0.209232 0.17445 0.2967)
(0.209232 0.17445 0.3142)
(0.209232 0.17445 0.3317)
(0.209232 0.17445 0.3492)
(0.209232 0.17445 0.3667)
(0.209232 0.17445 0.39505)
(0.209232 0.17445 0.40005)
(0.209232 0.18445 0.2667)
(0.209232 0.18445 0.2717)
(0.209232 0.18445 0.2967)
(0.209232 0.18445 0.3142)
(0.209232 0.18445 0.3317)
(0.209232 0.18445 0.3492)
(0.209232 0.18445 0.3667)
(0.209232 0.18445 0.39505)
(0.209232 0.18445 0.40005)
(0.209232 0.19695 0.2667)
(0.209232 0.19695 0.2717)
(0.209232 0.19695 0.2967)
(0.209232 0.19695 0.3142)
(0.209232 0.19695 0.3317)
(0.209232 0.19695 0.3492)
(0.209232 0.19695 0.3667)
(0.209232 0.19695 0.39505)
(0.209232 0.19695 0.40005)
(0.209232 0.20945 0.2667)
(0.209232 0.20945 0.2717)
(0.209232 0.20945 0.2967)
(0.209232 0.20945 0.3142)
(0.209232 0.20945 0.3317)
(0.209232 0.20945 0.3492)
(0.209232 0.20945 0.3667)
(0.209232 0.20945 0.39505)
(0.209232 0.20945 0.40005)
(0.209232 0.22645 0.2667)
(0.209232 0.22645 0.2717)
(0.209232 0.22645 0.2967)
(0.209232 0.22645 0.3142)
(0.209232 0.22645 0.3317)
(0.209232 0.22645 0.3492)
(0.209232 0.22645 0.3667)
(0.209232 0.22645 0.39505)
(0.209232 0.22645 0.40005)
(0.209232 0.24345 0.2667)
(0.209232 0.24345 0.2717)
(0.209232 0.24345 0.2967)
(0.209232 0.24345 0.3142)
(0.209232 0.24345 0.3317)
(0.209232 0.24345 0.3492)
(0.209232 0.24345 0.3667)
(0.209232 0.24345 0.39505)
(0.209232 0.24345 0.40005)
(0.209232 0.26045 0.2667)
(0.209232 0.26045 0.2717)
(0.209232 0.26045 0.2967)
(0.209232 0.26045 0.3142)
(0.209232 0.26045 0.3317)
(0.209232 0.26045 0.3492)
(0.209232 0.26045 0.3667)
(0.209232 0.26045 0.39505)
(0.209232 0.26045 0.40005)
(0.209232 0.27745 0.2667)
(0.209232 0.27745 0.2717)
(0.209232 0.27745 0.2967)
(0.209232 0.27745 0.3142)
(0.209232 0.27745 0.3317)
(0.209232 0.27745 0.3492)
(0.209232 0.27745 0.3667)
(0.209232 0.27745 0.39505)
(0.209232 0.27745 0.40005)
(0.209232 0.29445 0.2667)
(0.209232 0.29445 0.2717)
(0.209232 0.29445 0.2967)
(0.209232 0.29445 0.3142)
(0.209232 0.29445 0.3317)
(0.209232 0.29445 0.3492)
(0.209232 0.29445 0.3667)
(0.209232 0.29445 0.39505)
(0.209232 0.29445 0.40005)
(0.209232 0.30945 0.2667)
(0.209232 0.30945 0.2717)
(0.209232 0.30945 0.2967)
(0.209232 0.30945 0.3142)
(0.209232 0.30945 0.3317)
(0.209232 0.30945 0.3492)
(0.209232 0.30945 0.3667)
(0.209232 0.30945 0.39505)
(0.209232 0.30945 0.40005)
(0.209232 0.32445 0.2667)
(0.209232 0.32445 0.2717)
(0.209232 0.32445 0.2967)
(0.209232 0.32445 0.3142)
(0.209232 0.32445 0.3317)
(0.209232 0.32445 0.3492)
(0.209232 0.32445 0.3667)
(0.209232 0.32445 0.39505)
(0.209232 0.32445 0.40005)
(0.209232 0.34195 0.2667)
(0.209232 0.34195 0.2717)
(0.209232 0.34195 0.2967)
(0.209232 0.34195 0.3142)
(0.209232 0.34195 0.3317)
(0.209232 0.34195 0.3492)
(0.209232 0.34195 0.3667)
(0.209232 0.34195 0.39505)
(0.209232 0.34195 0.40005)
(0.209232 0.35945 0.2667)
(0.209232 0.35945 0.2717)
(0.209232 0.35945 0.2967)
(0.209232 0.35945 0.3142)
(0.209232 0.35945 0.3317)
(0.209232 0.35945 0.3492)
(0.209232 0.35945 0.3667)
(0.209232 0.35945 0.39505)
(0.209232 0.35945 0.40005)
(0.209232 0.37695 0.2667)
(0.209232 0.37695 0.2717)
(0.209232 0.37695 0.2967)
(0.209232 0.37695 0.3142)
(0.209232 0.37695 0.3317)
(0.209232 0.37695 0.3492)
(0.209232 0.37695 0.3667)
(0.209232 0.37695 0.39505)
(0.209232 0.37695 0.40005)
(0.209232 0.39445 0.2667)
(0.209232 0.39445 0.2717)
(0.209232 0.39445 0.2967)
(0.209232 0.39445 0.3142)
(0.209232 0.39445 0.3317)
(0.209232 0.39445 0.3492)
(0.209232 0.39445 0.3667)
(0.209232 0.39445 0.39505)
(0.209232 0.39445 0.40005)
(0.209232 0.40445 0.2667)
(0.209232 0.40445 0.2717)
(0.209232 0.40445 0.2967)
(0.209232 0.40445 0.3142)
(0.209232 0.40445 0.3317)
(0.209232 0.40445 0.3492)
(0.209232 0.40445 0.3667)
(0.209232 0.40445 0.39505)
(0.209232 0.40445 0.40005)
(0.209232 0.41945 0.2667)
(0.209232 0.41945 0.2717)
(0.209232 0.41945 0.39505)
(0.209232 0.41945 0.40005)
(0.209232 0.42945 0.2667)
(0.209232 0.42945 0.2717)
(0.209232 0.42945 0.2967)
(0.209232 0.42945 0.3142)
(0.209232 0.42945 0.3317)
(0.209232 0.42945 0.3492)
(0.209232 0.42945 0.3667)
(0.209232 0.42945 0.39505)
(0.209232 0.42945 0.40005)
(0.209232 0.43445 0.2667)
(0.209232 0.43445 0.2717)
(0.209232 0.43445 0.2967)
(0.209232 0.43445 0.3142)
(0.209232 0.43445 0.3317)
(0.209232 0.43445 0.3492)
(0.209232 0.43445 0.3667)
(0.209232 0.43445 0.39505)
(0.209232 0.43445 0.40005)
(0.209232 0.451117 0.2667)
(0.209232 0.451117 0.2717)
(0.209232 0.451117 0.2967)
(0.209232 0.451117 0.3142)
(0.209232 0.451117 0.3317)
(0.209232 0.451117 0.3492)
(0.209232 0.451117 0.3667)
(0.209232 0.451117 0.39505)
(0.209232 0.451117 0.40005)
(0.209232 0.467783 0.2667)
(0.209232 0.467783 0.2717)
(0.209232 0.467783 0.2967)
(0.209232 0.467783 0.3142)
(0.209232 0.467783 0.3317)
(0.209232 0.467783 0.3492)
(0.209232 0.467783 0.3667)
(0.209232 0.467783 0.39505)
(0.209232 0.467783 0.40005)
(0.209232 0.48445 0.2667)
(0.209232 0.48445 0.2717)
(0.209232 0.48445 0.2967)
(0.209232 0.48445 0.3142)
(0.209232 0.48445 0.3317)
(0.209232 0.48445 0.3492)
(0.209232 0.48445 0.3667)
(0.209232 0.48445 0.39505)
(0.209232 0.48445 0.40005)
(0.209232 0.49445 0.2667)
(0.209232 0.49445 0.2717)
(0.209232 0.49445 0.2967)
(0.209232 0.49445 0.3142)
(0.209232 0.49445 0.3317)
(0.209232 0.49445 0.3492)
(0.209232 0.49445 0.3667)
(0.209232 0.49445 0.39505)
(0.209232 0.49445 0.40005)
(0.209232 0.50445 0.2667)
(0.209232 0.50445 0.2717)
(0.209232 0.50445 0.2967)
(0.209232 0.50445 0.3142)
(0.209232 0.50445 0.3317)
(0.209232 0.50445 0.3492)
(0.209232 0.50445 0.3667)
(0.209232 0.50445 0.39505)
(0.209232 0.50445 0.40005)
(0.209232 0.50945 0.2667)
(0.209232 0.50945 0.2717)
(0.209232 0.50945 0.39505)
(0.209232 0.50945 0.40005)
(0.209232 0.52445 0.2667)
(0.209232 0.52445 0.2717)
(0.209232 0.52445 0.39505)
(0.209232 0.52445 0.40005)
(0.209232 0.53945 0.2667)
(0.209232 0.53945 0.2717)
(0.209232 0.53945 0.2817)
(0.209232 0.53945 0.38505)
(0.209232 0.53945 0.39505)
(0.209232 0.53945 0.40005)
(0.209232 0.54445 0.2667)
(0.209232 0.54445 0.2717)
(0.209232 0.54445 0.2817)
(0.209232 0.54445 0.38505)
(0.209232 0.54445 0.39505)
(0.209232 0.54445 0.40005)
(0.225 0.04445 0.2667)
(0.225 0.04445 0.2717)
(0.225 0.04445 0.2817)
(0.225 0.04445 0.2847)
(0.225 0.04445 0.38205)
(0.225 0.04445 0.38505)
(0.225 0.04445 0.39505)
(0.225 0.04445 0.40005)
(0.225 0.04945 0.2667)
(0.225 0.04945 0.2717)
(0.225 0.04945 0.2817)
(0.225 0.04945 0.2847)
(0.225 0.04945 0.38205)
(0.225 0.04945 0.38505)
(0.225 0.04945 0.39505)
(0.225 0.04945 0.40005)
(0.225 0.06445 0.2667)
(0.225 0.06445 0.2717)
(0.225 0.06445 0.39505)
(0.225 0.06445 0.40005)
(0.225 0.07945 0.2667)
(0.225 0.07945 0.2717)
(0.225 0.07945 0.39505)
(0.225 0.07945 0.40005)
(0.225 0.08945 0.2667)
(0.225 0.08945 0.2717)
(0.225 0.08945 0.39505)
(0.225 0.08945 0.40005)
(0.225 0.09945 0.2667)
(0.225 0.09945 0.2717)
(0.225 0.09945 0.39505)
(0.225 0.09945 0.40005)
(0.225 0.11445 0.2667)
(0.225 0.11445 0.2717)
(0.225 0.11445 0.39505)
(0.225 0.11445 0.40005)
(0.225 0.12945 0.2667)
(0.225 0.12945 0.2717)
(0.225 0.12945 0.39505)
(0.225 0.12945 0.40005)
(0.225 0.14445 0.2667)
(0.225 0.14445 0.2717)
(0.225 0.14445 0.39505)
(0.225 0.14445 0.40005)
(0.225 0.15945 0.2667)
(0.225 0.15945 0.2717)
(0.225 0.15945 0.2967)
(0.225 0.15945 0.3142)
(0.225 0.15945 0.3317)
(0.225 0.15945 0.3492)
(0.225 0.15945 0.3667)
(0.225 0.15945 0.39505)
(0.225 0.15945 0.40005)
(0.225 0.16445 0.2667)
(0.225 0.16445 0.2717)
(0.225 0.16445 0.2967)
(0.225 0.16445 0.3142)
(0.225 0.16445 0.3317)
(0.225 0.16445 0.3492)
(0.225 0.16445 0.3667)
(0.225 0.16445 0.39505)
(0.225 0.16445 0.40005)
(0.225 0.17445 0.2667)
(0.225 0.17445 0.2717)
(0.225 0.17445 0.2967)
(0.225 0.17445 0.3142)
(0.225 0.17445 0.3317)
(0.225 0.17445 0.3492)
(0.225 0.17445 0.3667)
(0.225 0.17445 0.39505)
(0.225 0.17445 0.40005)
(0.225 0.18445 0.2667)
(0.225 0.18445 0.2717)
(0.225 0.18445 0.2967)
(0.225 0.18445 0.3142)
(0.225 0.18445 0.3317)
(0.225 0.18445 0.3492)
(0.225 0.18445 0.3667)
(0.225 0.18445 0.39505)
(0.225 0.18445 0.40005)
(0.225 0.19695 0.2667)
(0.225 0.19695 0.2717)
(0.225 0.19695 0.2967)
(0.225 0.19695 0.3142)
(0.225 0.19695 0.3317)
(0.225 0.19695 0.3492)
(0.225 0.19695 0.3667)
(0.225 0.19695 0.39505)
(0.225 0.19695 0.40005)
(0.225 0.20945 0.2667)
(0.225 0.20945 0.2717)
(0.225 0.20945 0.2967)
(0.225 0.20945 0.3142)
(0.225 0.20945 0.3317)
(0.225 0.20945 0.3492)
(0.225 0.20945 0.3667)
(0.225 0.20945 0.39505)
(0.225 0.20945 0.40005)
(0.225 0.22645 0.2667)
(0.225 0.22645 0.2717)
(0.225 0.22645 0.2967)
(0.225 0.22645 0.3142)
(0.225 0.22645 0.3317)
(0.225 0.22645 0.3492)
(0.225 0.22645 0.3667)
(0.225 0.22645 0.39505)
(0.225 0.22645 0.40005)
(0.225 0.24345 0.2667)
(0.225 0.24345 0.2717)
(0.225 0.24345 0.2967)
(0.225 0.24345 0.3142)
(0.225 0.24345 0.3317)
(0.225 0.24345 0.3492)
(0.225 0.24345 0.3667)
(0.225 0.24345 0.39505)
(0.225 0.24345 0.40005)
(0.225 0.26045 0.2667)
(0.225 0.26045 0.2717)
(0.225 0.26045 0.2967)
(0.225 0.26045 0.3142)
(0.225 0.26045 0.3317)
(0.225 0.26045 0.3492)
(0.225 0.26045 0.3667)
(0.225 0.26045 0.39505)
(0.225 0.26045 0.40005)
(0.225 0.27745 0.2667)
(0.225 0.27745 0.2717)
(0.225 0.27745 0.2967)
(0.225 0.27745 0.3142)
(0.225 0.27745 0.3317)
(0.225 0.27745 0.3492)
(0.225 0.27745 0.3667)
(0.225 0.27745 0.39505)
(0.225 0.27745 0.40005)
(0.225 0.29445 0.2667)
(0.225 0.29445 0.2717)
(0.225 0.29445 0.2967)
(0.225 0.29445 0.3142)
(0.225 0.29445 0.3317)
(0.225 0.29445 0.3492)
(0.225 0.29445 0.3667)
(0.225 0.29445 0.39505)
(0.225 0.29445 0.40005)
(0.225 0.30945 0.2667)
(0.225 0.30945 0.2717)
(0.225 0.30945 0.2967)
(0.225 0.30945 0.3142)
(0.225 0.30945 0.3317)
(0.225 0.30945 0.3492)
(0.225 0.30945 0.3667)
(0.225 0.30945 0.39505)
(0.225 0.30945 0.40005)
(0.225 0.32445 0.2667)
(0.225 0.32445 0.2717)
(0.225 0.32445 0.2967)
(0.225 0.32445 0.3142)
(0.225 0.32445 0.3317)
(0.225 0.32445 0.3492)
(0.225 0.32445 0.3667)
(0.225 0.32445 0.39505)
(0.225 0.32445 0.40005)
(0.225 0.34195 0.2667)
(0.225 0.34195 0.2717)
(0.225 0.34195 0.2967)
(0.225 0.34195 0.3142)
(0.225 0.34195 0.3317)
(0.225 0.34195 0.3492)
(0.225 0.34195 0.3667)
(0.225 0.34195 0.39505)
(0.225 0.34195 0.40005)
(0.225 0.35945 0.2667)
(0.225 0.35945 0.2717)
(0.225 0.35945 0.2967)
(0.225 0.35945 0.3142)
(0.225 0.35945 0.3317)
(0.225 0.35945 0.3492)
(0.225 0.35945 0.3667)
(0.225 0.35945 0.39505)
(0.225 0.35945 0.40005)
(0.225 0.37695 0.2667)
(0.225 0.37695 0.2717)
(0.225 0.37695 0.2967)
(0.225 0.37695 0.3142)
(0.225 0.37695 0.3317)
(0.225 0.37695 0.3492)
(0.225 0.37695 0.3667)
(0.225 0.37695 0.39505)
(0.225 0.37695 0.40005)
(0.225 0.39445 0.2667)
(0.225 0.39445 0.2717)
(0.225 0.39445 0.2967)
(0.225 0.39445 0.3142)
(0.225 0.39445 0.3317)
(0.225 0.39445 0.3492)
(0.225 0.39445 0.3667)
(0.225 0.39445 0.39505)
(0.225 0.39445 0.40005)
(0.225 0.40445 0.2667)
(0.225 0.40445 0.2717)
(0.225 0.40445 0.2967)
(0.225 0.40445 0.3142)
(0.225 0.40445 0.3317)
(0.225 0.40445 0.3492)
(0.225 0.40445 0.3667)
(0.225 0.40445 0.39505)
(0.225 0.40445 0.40005)
(0.225 0.41945 0.2667)
(0.225 0.41945 0.2717)
(0.225 0.41945 0.39505)
(0.225 0.41945 0.40005)
(0.225 0.42945 0.2667)
(0.225 0.42945 0.2717)
(0.225 0.42945 0.2967)
(0.225 0.42945 0.3142)
(0.225 0.42945 0.3317)
(0.225 0.42945 0.3492)
(0.225 0.42945 0.3667)
(0.225 0.42945 0.39505)
(0.225 0.42945 0.40005)
(0.225 0.43445 0.2667)
(0.225 0.43445 0.2717)
(0.225 0.43445 0.2967)
(0.225 0.43445 0.3142)
(0.225 0.43445 0.3317)
(0.225 0.43445 0.3492)
(0.225 0.43445 0.3667)
(0.225 0.43445 0.39505)
(0.225 0.43445 0.40005)
(0.225 0.451117 0.2667)
(0.225 0.451117 0.2717)
(0.225 0.451117 0.2967)
(0.225 0.451117 0.3142)
(0.225 0.451117 0.3317)
(0.225 0.451117 0.3492)
(0.225 0.451117 0.3667)
(0.225 0.451117 0.39505)
(0.225 0.451117 0.40005)
(0.225 0.467783 0.2667)
(0.225 0.467783 0.2717)
(0.225 0.467783 0.2967)
(0.225 0.467783 0.3142)
(0.225 0.467783 0.3317)
(0.225 0.467783 0.3492)
(0.225 0.467783 0.3667)
(0.225 0.467783 0.39505)
(0.225 0.467783 0.40005)
(0.225 0.48445 0.2667)
(0.225 0.48445 0.2717)
(0.225 0.48445 0.2967)
(0.225 0.48445 0.3142)
(0.225 0.48445 0.3317)
(0.225 0.48445 0.3492)
(0.225 0.48445 0.3667)
(0.225 0.48445 0.39505)
(0.225 0.48445 0.40005)
(0.225 0.49445 0.2667)
(0.225 0.49445 0.2717)
(0.225 0.49445 0.2967)
(0.225 0.49445 0.3142)
(0.225 0.49445 0.3317)
(0.225 0.49445 0.3492)
(0.225 0.49445 0.3667)
(0.225 0.49445 0.39505)
(0.225 0.49445 0.40005)
(0.225 0.50445 0.2667)
(0.225 0.50445 0.2717)
(0.225 0.50445 0.2967)
(0.225 0.50445 0.3142)
(0.225 0.50445 0.3317)
(0.225 0.50445 0.3492)
(0.225 0.50445 0.3667)
(0.225 0.50445 0.39505)
(0.225 0.50445 0.40005)
(0.225 0.50945 0.2667)
(0.225 0.50945 0.2717)
(0.225 0.50945 0.39505)
(0.225 0.50945 0.40005)
(0.225 0.52445 0.2667)
(0.225 0.52445 0.2717)
(0.225 0.52445 0.39505)
(0.225 0.52445 0.40005)
(0.225 0.53945 0.2667)
(0.225 0.53945 0.2717)
(0.225 0.53945 0.2817)
(0.225 0.53945 0.38505)
(0.225 0.53945 0.39505)
(0.225 0.53945 0.40005)
(0.225 0.54445 0.2667)
(0.225 0.54445 0.2717)
(0.225 0.54445 0.2817)
(0.225 0.54445 0.38505)
(0.225 0.54445 0.39505)
(0.225 0.54445 0.40005)
(0.24 0.04445 0.2667)
(0.24 0.04445 0.2717)
(0.24 0.04445 0.2817)
(0.24 0.04445 0.2847)
(0.24 0.04445 0.38205)
(0.24 0.04445 0.38505)
(0.24 0.04445 0.39505)
(0.24 0.04445 0.40005)
(0.24 0.04945 0.2667)
(0.24 0.04945 0.2717)
(0.24 0.04945 0.2817)
(0.24 0.04945 0.2847)
(0.24 0.04945 0.38205)
(0.24 0.04945 0.38505)
(0.24 0.04945 0.39505)
(0.24 0.04945 0.40005)
(0.24 0.06445 0.2667)
(0.24 0.06445 0.2717)
(0.24 0.06445 0.39505)
(0.24 0.06445 0.40005)
(0.24 0.07945 0.2667)
(0.24 0.07945 0.2717)
(0.24 0.07945 0.39505)
(0.24 0.07945 0.40005)
(0.24 0.08945 0.2667)
(0.24 0.08945 0.2717)
(0.24 0.08945 0.39505)
(0.24 0.08945 0.40005)
(0.24 0.09945 0.2667)
(0.24 0.09945 0.2717)
(0.24 0.09945 0.39505)
(0.24 0.09945 0.40005)
(0.24 0.11445 0.2667)
(0.24 0.11445 0.2717)
(0.24 0.11445 0.39505)
(0.24 0.11445 0.40005)
(0.24 0.12945 0.2667)
(0.24 0.12945 0.2717)
(0.24 0.12945 0.39505)
(0.24 0.12945 0.40005)
(0.24 0.14445 0.2667)
(0.24 0.14445 0.2717)
(0.24 0.14445 0.39505)
(0.24 0.14445 0.40005)
(0.24 0.15945 0.2667)
(0.24 0.15945 0.2717)
(0.24 0.15945 0.2967)
(0.24 0.15945 0.3142)
(0.24 0.15945 0.3317)
(0.24 0.15945 0.3492)
(0.24 0.15945 0.3667)
(0.24 0.15945 0.39505)
(0.24 0.15945 0.40005)
(0.24 0.16445 0.2667)
(0.24 0.16445 0.2717)
(0.24 0.16445 0.2967)
(0.24 0.16445 0.3142)
(0.24 0.16445 0.3317)
(0.24 0.16445 0.3492)
(0.24 0.16445 0.3667)
(0.24 0.16445 0.39505)
(0.24 0.16445 0.40005)
(0.24 0.17445 0.2667)
(0.24 0.17445 0.2717)
(0.24 0.17445 0.2967)
(0.24 0.17445 0.3142)
(0.24 0.17445 0.3317)
(0.24 0.17445 0.3492)
(0.24 0.17445 0.3667)
(0.24 0.17445 0.39505)
(0.24 0.17445 0.40005)
(0.24 0.18445 0.2667)
(0.24 0.18445 0.2717)
(0.24 0.18445 0.2967)
(0.24 0.18445 0.3142)
(0.24 0.18445 0.3317)
(0.24 0.18445 0.3492)
(0.24 0.18445 0.3667)
(0.24 0.18445 0.39505)
(0.24 0.18445 0.40005)
(0.24 0.19695 0.2667)
(0.24 0.19695 0.2717)
(0.24 0.19695 0.2967)
(0.24 0.19695 0.3142)
(0.24 0.19695 0.3317)
(0.24 0.19695 0.3492)
(0.24 0.19695 0.3667)
(0.24 0.19695 0.39505)
(0.24 0.19695 0.40005)
(0.24 0.20945 0.2667)
(0.24 0.20945 0.2717)
(0.24 0.20945 0.2967)
(0.24 0.20945 0.3142)
(0.24 0.20945 0.3317)
(0.24 0.20945 0.3492)
(0.24 0.20945 0.3667)
(0.24 0.20945 0.39505)
(0.24 0.20945 0.40005)
(0.24 0.22645 0.2667)
(0.24 0.22645 0.2717)
(0.24 0.22645 0.2967)
(0.24 0.22645 0.3142)
(0.24 0.22645 0.3317)
(0.24 0.22645 0.3492)
(0.24 0.22645 0.3667)
(0.24 0.22645 0.39505)
(0.24 0.22645 0.40005)
(0.24 0.24345 0.2667)
(0.24 0.24345 0.2717)
(0.24 0.24345 0.2967)
(0.24 0.24345 0.3142)
(0.24 0.24345 0.3317)
(0.24 0.24345 0.3492)
(0.24 0.24345 0.3667)
(0.24 0.24345 0.39505)
(0.24 0.24345 0.40005)
(0.24 0.26045 0.2667)
(0.24 0.26045 0.2717)
(0.24 0.26045 0.2967)
(0.24 0.26045 0.3142)
(0.24 0.26045 0.3317)
(0.24 0.26045 0.3492)
(0.24 0.26045 0.3667)
(0.24 0.26045 0.39505)
(0.24 0.26045 0.40005)
(0.24 0.27745 0.2667)
(0.24 0.27745 0.2717)
(0.24 0.27745 0.2967)
(0.24 0.27745 0.3142)
(0.24 0.27745 0.3317)
(0.24 0.27745 0.3492)
(0.24 0.27745 0.3667)
(0.24 0.27745 0.39505)
(0.24 0.27745 0.40005)
(0.24 0.29445 0.2667)
(0.24 0.29445 0.2717)
(0.24 0.29445 0.2967)
(0.24 0.29445 0.3142)
(0.24 0.29445 0.3317)
(0.24 0.29445 0.3492)
(0.24 0.29445 0.3667)
(0.24 0.29445 0.39505)
(0.24 0.29445 0.40005)
(0.24 0.30945 0.2667)
(0.24 0.30945 0.2717)
(0.24 0.30945 0.2967)
(0.24 0.30945 0.3142)
(0.24 0.30945 0.3317)
(0.24 0.30945 0.3492)
(0.24 0.30945 0.3667)
(0.24 0.30945 0.39505)
(0.24 0.30945 0.40005)
(0.24 0.32445 0.2667)
(0.24 0.32445 0.2717)
(0.24 0.32445 0.2967)
(0.24 0.32445 0.3142)
(0.24 0.32445 0.3317)
(0.24 0.32445 0.3492)
(0.24 0.32445 0.3667)
(0.24 0.32445 0.39505)
(0.24 0.32445 0.40005)
(0.24 0.34195 0.2667)
(0.24 0.34195 0.2717)
(0.24 0.34195 0.2967)
(0.24 0.34195 0.3142)
(0.24 0.34195 0.3317)
(0.24 0.34195 0.3492)
(0.24 0.34195 0.3667)
(0.24 0.34195 0.39505)
(0.24 0.34195 0.40005)
(0.24 0.35945 0.2667)
(0.24 0.35945 0.2717)
(0.24 0.35945 0.2967)
(0.24 0.35945 0.3142)
(0.24 0.35945 0.3317)
(0.24 0.35945 0.3492)
(0.24 0.35945 0.3667)
(0.24 0.35945 0.39505)
(0.24 0.35945 0.40005)
(0.24 0.37695 0.2667)
(0.24 0.37695 0.2717)
(0.24 0.37695 0.2967)
(0.24 0.37695 0.3142)
(0.24 0.37695 0.3317)
(0.24 0.37695 0.3492)
(0.24 0.37695 0.3667)
(0.24 0.37695 0.39505)
(0.24 0.37695 0.40005)
(0.24 0.39445 0.2667)
(0.24 0.39445 0.2717)
(0.24 0.39445 0.2967)
(0.24 0.39445 0.3142)
(0.24 0.39445 0.3317)
(0.24 0.39445 0.3492)
(0.24 0.39445 0.3667)
(0.24 0.39445 0.39505)
(0.24 0.39445 0.40005)
(0.24 0.40445 0.2667)
(0.24 0.40445 0.2717)
(0.24 0.40445 0.2967)
(0.24 0.40445 0.3142)
(0.24 0.40445 0.3317)
(0.24 0.40445 0.3492)
(0.24 0.40445 0.3667)
(0.24 0.40445 0.39505)
(0.24 0.40445 0.40005)
(0.24 0.41945 0.2667)
(0.24 0.41945 0.2717)
(0.24 0.41945 0.39505)
(0.24 0.41945 0.40005)
(0.24 0.42945 0.2667)
(0.24 0.42945 0.2717)
(0.24 0.42945 0.2967)
(0.24 0.42945 0.3142)
(0.24 0.42945 0.3317)
(0.24 0.42945 0.3492)
(0.24 0.42945 0.3667)
(0.24 0.42945 0.39505)
(0.24 0.42945 0.40005)
(0.24 0.43445 0.2667)
(0.24 0.43445 0.2717)
(0.24 0.43445 0.2967)
(0.24 0.43445 0.3142)
(0.24 0.43445 0.3317)
(0.24 0.43445 0.3492)
(0.24 0.43445 0.3667)
(0.24 0.43445 0.39505)
(0.24 0.43445 0.40005)
(0.24 0.451117 0.2667)
(0.24 0.451117 0.2717)
(0.24 0.451117 0.2967)
(0.24 0.451117 0.3142)
(0.24 0.451117 0.3317)
(0.24 0.451117 0.3492)
(0.24 0.451117 0.3667)
(0.24 0.451117 0.39505)
(0.24 0.451117 0.40005)
(0.24 0.467783 0.2667)
(0.24 0.467783 0.2717)
(0.24 0.467783 0.2967)
(0.24 0.467783 0.3142)
(0.24 0.467783 0.3317)
(0.24 0.467783 0.3492)
(0.24 0.467783 0.3667)
(0.24 0.467783 0.39505)
(0.24 0.467783 0.40005)
(0.24 0.48445 0.2667)
(0.24 0.48445 0.2717)
(0.24 0.48445 0.2967)
(0.24 0.48445 0.3142)
(0.24 0.48445 0.3317)
(0.24 0.48445 0.3492)
(0.24 0.48445 0.3667)
(0.24 0.48445 0.39505)
(0.24 0.48445 0.40005)
(0.24 0.49445 0.2667)
(0.24 0.49445 0.2717)
(0.24 0.49445 0.2967)
(0.24 0.49445 0.3142)
(0.24 0.49445 0.3317)
(0.24 0.49445 0.3492)
(0.24 0.49445 0.3667)
(0.24 0.49445 0.39505)
(0.24 0.49445 0.40005)
(0.24 0.50445 0.2667)
(0.24 0.50445 0.2717)
(0.24 0.50445 0.2967)
(0.24 0.50445 0.3142)
(0.24 0.50445 0.3317)
(0.24 0.50445 0.3492)
(0.24 0.50445 0.3667)
(0.24 0.50445 0.39505)
(0.24 0.50445 0.40005)
(0.24 0.50945 0.2667)
(0.24 0.50945 0.2717)
(0.24 0.50945 0.39505)
(0.24 0.50945 0.40005)
(0.24 0.52445 0.2667)
(0.24 0.52445 0.2717)
(0.24 0.52445 0.39505)
(0.24 0.52445 0.40005)
(0.24 0.53945 0.2667)
(0.24 0.53945 0.2717)
(0.24 0.53945 0.2817)
(0.24 0.53945 0.38505)
(0.24 0.53945 0.39505)
(0.24 0.53945 0.40005)
(0.24 0.54445 0.2667)
(0.24 0.54445 0.2717)
(0.24 0.54445 0.2817)
(0.24 0.54445 0.38505)
(0.24 0.54445 0.39505)
(0.24 0.54445 0.40005)
(0.255 0.04445 0.2667)
(0.255 0.04445 0.2717)
(0.255 0.04445 0.2817)
(0.255 0.04445 0.2847)
(0.255 0.04445 0.38205)
(0.255 0.04445 0.38505)
(0.255 0.04445 0.39505)
(0.255 0.04445 0.40005)
(0.255 0.04945 0.2667)
(0.255 0.04945 0.2717)
(0.255 0.04945 0.2817)
(0.255 0.04945 0.2847)
(0.255 0.04945 0.38205)
(0.255 0.04945 0.38505)
(0.255 0.04945 0.39505)
(0.255 0.04945 0.40005)
(0.255 0.06445 0.2667)
(0.255 0.06445 0.2717)
(0.255 0.06445 0.39505)
(0.255 0.06445 0.40005)
(0.255 0.07945 0.2667)
(0.255 0.07945 0.2717)
(0.255 0.07945 0.39505)
(0.255 0.07945 0.40005)
(0.255 0.08945 0.2667)
(0.255 0.08945 0.2717)
(0.255 0.08945 0.39505)
(0.255 0.08945 0.40005)
(0.255 0.09945 0.2667)
(0.255 0.09945 0.2717)
(0.255 0.09945 0.39505)
(0.255 0.09945 0.40005)
(0.255 0.11445 0.2667)
(0.255 0.11445 0.2717)
(0.255 0.11445 0.39505)
(0.255 0.11445 0.40005)
(0.255 0.12945 0.2667)
(0.255 0.12945 0.2717)
(0.255 0.12945 0.39505)
(0.255 0.12945 0.40005)
(0.255 0.14445 0.2667)
(0.255 0.14445 0.2717)
(0.255 0.14445 0.39505)
(0.255 0.14445 0.40005)
(0.255 0.15945 0.2667)
(0.255 0.15945 0.2717)
(0.255 0.15945 0.2967)
(0.255 0.15945 0.3142)
(0.255 0.15945 0.3317)
(0.255 0.15945 0.3492)
(0.255 0.15945 0.3667)
(0.255 0.15945 0.39505)
(0.255 0.15945 0.40005)
(0.255 0.16445 0.2667)
(0.255 0.16445 0.2717)
(0.255 0.16445 0.2967)
(0.255 0.16445 0.3142)
(0.255 0.16445 0.3317)
(0.255 0.16445 0.3492)
(0.255 0.16445 0.3667)
(0.255 0.16445 0.39505)
(0.255 0.16445 0.40005)
(0.255 0.17445 0.2667)
(0.255 0.17445 0.2717)
(0.255 0.17445 0.2967)
(0.255 0.17445 0.3142)
(0.255 0.17445 0.3317)
(0.255 0.17445 0.3492)
(0.255 0.17445 0.3667)
(0.255 0.17445 0.39505)
(0.255 0.17445 0.40005)
(0.255 0.18445 0.2667)
(0.255 0.18445 0.2717)
(0.255 0.18445 0.2967)
(0.255 0.18445 0.3142)
(0.255 0.18445 0.3317)
(0.255 0.18445 0.3492)
(0.255 0.18445 0.3667)
(0.255 0.18445 0.39505)
(0.255 0.18445 0.40005)
(0.255 0.19695 0.2667)
(0.255 0.19695 0.2717)
(0.255 0.19695 0.2967)
(0.255 0.19695 0.3142)
(0.255 0.19695 0.3317)
(0.255 0.19695 0.3492)
(0.255 0.19695 0.3667)
(0.255 0.19695 0.39505)
(0.255 0.19695 0.40005)
(0.255 0.20945 0.2667)
(0.255 0.20945 0.2717)
(0.255 0.20945 0.2967)
(0.255 0.20945 0.3142)
(0.255 0.20945 0.3317)
(0.255 0.20945 0.3492)
(0.255 0.20945 0.3667)
(0.255 0.20945 0.39505)
(0.255 0.20945 0.40005)
(0.255 0.22645 0.2667)
(0.255 0.22645 0.2717)
(0.255 0.22645 0.2967)
(0.255 0.22645 0.3142)
(0.255 0.22645 0.3317)
(0.255 0.22645 0.3492)
(0.255 0.22645 0.3667)
(0.255 0.22645 0.39505)
(0.255 0.22645 0.40005)
(0.255 0.24345 0.2667)
(0.255 0.24345 0.2717)
(0.255 0.24345 0.2967)
(0.255 0.24345 0.3142)
(0.255 0.24345 0.3317)
(0.255 0.24345 0.3492)
(0.255 0.24345 0.3667)
(0.255 0.24345 0.39505)
(0.255 0.24345 0.40005)
(0.255 0.26045 0.2667)
(0.255 0.26045 0.2717)
(0.255 0.26045 0.2967)
(0.255 0.26045 0.3142)
(0.255 0.26045 0.3317)
(0.255 0.26045 0.3492)
(0.255 0.26045 0.3667)
(0.255 0.26045 0.39505)
(0.255 0.26045 0.40005)
(0.255 0.27745 0.2667)
(0.255 0.27745 0.2717)
(0.255 0.27745 0.2967)
(0.255 0.27745 0.3142)
(0.255 0.27745 0.3317)
(0.255 0.27745 0.3492)
(0.255 0.27745 0.3667)
(0.255 0.27745 0.39505)
(0.255 0.27745 0.40005)
(0.255 0.29445 0.2667)
(0.255 0.29445 0.2717)
(0.255 0.29445 0.2967)
(0.255 0.29445 0.3142)
(0.255 0.29445 0.3317)
(0.255 0.29445 0.3492)
(0.255 0.29445 0.3667)
(0.255 0.29445 0.39505)
(0.255 0.29445 0.40005)
(0.255 0.30945 0.2667)
(0.255 0.30945 0.2717)
(0.255 0.30945 0.2967)
(0.255 0.30945 0.3142)
(0.255 0.30945 0.3317)
(0.255 0.30945 0.3492)
(0.255 0.30945 0.3667)
(0.255 0.30945 0.39505)
(0.255 0.30945 0.40005)
(0.255 0.32445 0.2667)
(0.255 0.32445 0.2717)
(0.255 0.32445 0.2967)
(0.255 0.32445 0.3142)
(0.255 0.32445 0.3317)
(0.255 0.32445 0.3492)
(0.255 0.32445 0.3667)
(0.255 0.32445 0.39505)
(0.255 0.32445 0.40005)
(0.255 0.34195 0.2667)
(0.255 0.34195 0.2717)
(0.255 0.34195 0.2967)
(0.255 0.34195 0.3142)
(0.255 0.34195 0.3317)
(0.255 0.34195 0.3492)
(0.255 0.34195 0.3667)
(0.255 0.34195 0.39505)
(0.255 0.34195 0.40005)
(0.255 0.35945 0.2667)
(0.255 0.35945 0.2717)
(0.255 0.35945 0.2967)
(0.255 0.35945 0.3142)
(0.255 0.35945 0.3317)
(0.255 0.35945 0.3492)
(0.255 0.35945 0.3667)
(0.255 0.35945 0.39505)
(0.255 0.35945 0.40005)
(0.255 0.37695 0.2667)
(0.255 0.37695 0.2717)
(0.255 0.37695 0.2967)
(0.255 0.37695 0.3142)
(0.255 0.37695 0.3317)
(0.255 0.37695 0.3492)
(0.255 0.37695 0.3667)
(0.255 0.37695 0.39505)
(0.255 0.37695 0.40005)
(0.255 0.39445 0.2667)
(0.255 0.39445 0.2717)
(0.255 0.39445 0.2967)
(0.255 0.39445 0.3142)
(0.255 0.39445 0.3317)
(0.255 0.39445 0.3492)
(0.255 0.39445 0.3667)
(0.255 0.39445 0.39505)
(0.255 0.39445 0.40005)
(0.255 0.40445 0.2667)
(0.255 0.40445 0.2717)
(0.255 0.40445 0.2967)
(0.255 0.40445 0.3142)
(0.255 0.40445 0.3317)
(0.255 0.40445 0.3492)
(0.255 0.40445 0.3667)
(0.255 0.40445 0.39505)
(0.255 0.40445 0.40005)
(0.255 0.41945 0.2667)
(0.255 0.41945 0.2717)
(0.255 0.41945 0.39505)
(0.255 0.41945 0.40005)
(0.255 0.42945 0.2667)
(0.255 0.42945 0.2717)
(0.255 0.42945 0.2917)
(0.255 0.42945 0.2967)
(0.255 0.42945 0.3142)
(0.255 0.42945 0.3317)
(0.255 0.42945 0.3492)
(0.255 0.42945 0.3667)
(0.255 0.42945 0.3737)
(0.255 0.42945 0.39505)
(0.255 0.42945 0.40005)
(0.255 0.43445 0.2667)
(0.255 0.43445 0.2717)
(0.255 0.43445 0.2917)
(0.255 0.43445 0.2967)
(0.255 0.43445 0.3142)
(0.255 0.43445 0.3317)
(0.255 0.43445 0.3492)
(0.255 0.43445 0.3667)
(0.255 0.43445 0.3737)
(0.255 0.43445 0.39505)
(0.255 0.43445 0.40005)
(0.255 0.451117 0.2667)
(0.255 0.451117 0.2717)
(0.255 0.451117 0.2917)
(0.255 0.451117 0.2967)
(0.255 0.451117 0.3142)
(0.255 0.451117 0.3317)
(0.255 0.451117 0.3492)
(0.255 0.451117 0.3667)
(0.255 0.451117 0.3737)
(0.255 0.451117 0.39505)
(0.255 0.451117 0.40005)
(0.255 0.467783 0.2667)
(0.255 0.467783 0.2717)
(0.255 0.467783 0.2917)
(0.255 0.467783 0.2967)
(0.255 0.467783 0.3142)
(0.255 0.467783 0.3317)
(0.255 0.467783 0.3492)
(0.255 0.467783 0.3667)
(0.255 0.467783 0.3737)
(0.255 0.467783 0.39505)
(0.255 0.467783 0.40005)
(0.255 0.48445 0.2667)
(0.255 0.48445 0.2717)
(0.255 0.48445 0.2917)
(0.255 0.48445 0.2967)
(0.255 0.48445 0.3142)
(0.255 0.48445 0.3317)
(0.255 0.48445 0.3492)
(0.255 0.48445 0.3667)
(0.255 0.48445 0.3737)
(0.255 0.48445 0.39505)
(0.255 0.48445 0.40005)
(0.255 0.49445 0.2667)
(0.255 0.49445 0.2717)
(0.255 0.49445 0.2917)
(0.255 0.49445 0.2967)
(0.255 0.49445 0.3142)
(0.255 0.49445 0.3317)
(0.255 0.49445 0.3492)
(0.255 0.49445 0.3667)
(0.255 0.49445 0.3737)
(0.255 0.49445 0.39505)
(0.255 0.49445 0.40005)
(0.255 0.50445 0.2667)
(0.255 0.50445 0.2717)
(0.255 0.50445 0.2917)
(0.255 0.50445 0.2967)
(0.255 0.50445 0.3142)
(0.255 0.50445 0.3317)
(0.255 0.50445 0.3492)
(0.255 0.50445 0.3667)
(0.255 0.50445 0.3737)
(0.255 0.50445 0.39505)
(0.255 0.50445 0.40005)
(0.255 0.50945 0.2667)
(0.255 0.50945 0.2717)
(0.255 0.50945 0.2917)
(0.255 0.50945 0.2967)
(0.255 0.50945 0.3142)
(0.255 0.50945 0.3317)
(0.255 0.50945 0.3492)
(0.255 0.50945 0.3667)
(0.255 0.50945 0.3737)
(0.255 0.50945 0.39505)
(0.255 0.50945 0.40005)
(0.255 0.52445 0.2667)
(0.255 0.52445 0.2717)
(0.255 0.52445 0.39505)
(0.255 0.52445 0.40005)
(0.255 0.53945 0.2667)
(0.255 0.53945 0.2717)
(0.255 0.53945 0.2817)
(0.255 0.53945 0.38505)
(0.255 0.53945 0.39505)
(0.255 0.53945 0.40005)
(0.255 0.54445 0.2667)
(0.255 0.54445 0.2717)
(0.255 0.54445 0.2817)
(0.255 0.54445 0.38505)
(0.255 0.54445 0.39505)
(0.255 0.54445 0.40005)
(0.263115 0.04445 0.2667)
(0.263115 0.04445 0.2717)
(0.263115 0.04445 0.2817)
(0.263115 0.04445 0.2847)
(0.263115 0.04445 0.38205)
(0.263115 0.04445 0.38505)
(0.263115 0.04445 0.39505)
(0.263115 0.04445 0.40005)
(0.263115 0.04945 0.2667)
(0.263115 0.04945 0.2717)
(0.263115 0.04945 0.2817)
(0.263115 0.04945 0.2847)
(0.263115 0.04945 0.38205)
(0.263115 0.04945 0.38505)
(0.263115 0.04945 0.39505)
(0.263115 0.04945 0.40005)
(0.263115 0.06445 0.2667)
(0.263115 0.06445 0.2717)
(0.263115 0.06445 0.39505)
(0.263115 0.06445 0.40005)
(0.263115 0.07945 0.2667)
(0.263115 0.07945 0.2717)
(0.263115 0.07945 0.39505)
(0.263115 0.07945 0.40005)
(0.263115 0.08945 0.2667)
(0.263115 0.08945 0.2717)
(0.263115 0.08945 0.39505)
(0.263115 0.08945 0.40005)
(0.263115 0.09945 0.2667)
(0.263115 0.09945 0.2717)
(0.263115 0.09945 0.39505)
(0.263115 0.09945 0.40005)
(0.263115 0.11445 0.2667)
(0.263115 0.11445 0.2717)
(0.263115 0.11445 0.39505)
(0.263115 0.11445 0.40005)
(0.263115 0.12945 0.2667)
(0.263115 0.12945 0.2717)
(0.263115 0.12945 0.39505)
(0.263115 0.12945 0.40005)
(0.263115 0.14445 0.2667)
(0.263115 0.14445 0.2717)
(0.263115 0.14445 0.39505)
(0.263115 0.14445 0.40005)
(0.263115 0.15945 0.2667)
(0.263115 0.15945 0.2717)
(0.263115 0.15945 0.2967)
(0.263115 0.15945 0.3142)
(0.263115 0.15945 0.3317)
(0.263115 0.15945 0.3492)
(0.263115 0.15945 0.3667)
(0.263115 0.15945 0.39505)
(0.263115 0.15945 0.40005)
(0.263115 0.16445 0.2667)
(0.263115 0.16445 0.2717)
(0.263115 0.16445 0.2967)
(0.263115 0.16445 0.3142)
(0.263115 0.16445 0.3317)
(0.263115 0.16445 0.3492)
(0.263115 0.16445 0.3667)
(0.263115 0.16445 0.39505)
(0.263115 0.16445 0.40005)
(0.263115 0.17445 0.2667)
(0.263115 0.17445 0.2717)
(0.263115 0.17445 0.2967)
(0.263115 0.17445 0.3142)
(0.263115 0.17445 0.3317)
(0.263115 0.17445 0.3492)
(0.263115 0.17445 0.3667)
(0.263115 0.17445 0.39505)
(0.263115 0.17445 0.40005)
(0.263115 0.18445 0.2667)
(0.263115 0.18445 0.2717)
(0.263115 0.18445 0.2967)
(0.263115 0.18445 0.3142)
(0.263115 0.18445 0.3317)
(0.263115 0.18445 0.3492)
(0.263115 0.18445 0.3667)
(0.263115 0.18445 0.39505)
(0.263115 0.18445 0.40005)
(0.263115 0.19695 0.2667)
(0.263115 0.19695 0.2717)
(0.263115 0.19695 0.2967)
(0.263115 0.19695 0.3142)
(0.263115 0.19695 0.3317)
(0.263115 0.19695 0.3492)
(0.263115 0.19695 0.3667)
(0.263115 0.19695 0.39505)
(0.263115 0.19695 0.40005)
(0.263115 0.20945 0.2667)
(0.263115 0.20945 0.2717)
(0.263115 0.20945 0.2967)
(0.263115 0.20945 0.3142)
(0.263115 0.20945 0.3317)
(0.263115 0.20945 0.3492)
(0.263115 0.20945 0.3667)
(0.263115 0.20945 0.39505)
(0.263115 0.20945 0.40005)
(0.263115 0.22645 0.2667)
(0.263115 0.22645 0.2717)
(0.263115 0.22645 0.2967)
(0.263115 0.22645 0.3142)
(0.263115 0.22645 0.3317)
(0.263115 0.22645 0.3492)
(0.263115 0.22645 0.3667)
(0.263115 0.22645 0.39505)
(0.263115 0.22645 0.40005)
(0.263115 0.24345 0.2667)
(0.263115 0.24345 0.2717)
(0.263115 0.24345 0.2967)
(0.263115 0.24345 0.3142)
(0.263115 0.24345 0.3317)
(0.263115 0.24345 0.3492)
(0.263115 0.24345 0.3667)
(0.263115 0.24345 0.39505)
(0.263115 0.24345 0.40005)
(0.263115 0.26045 0.2667)
(0.263115 0.26045 0.2717)
(0.263115 0.26045 0.2967)
(0.263115 0.26045 0.3142)
(0.263115 0.26045 0.3317)
(0.263115 0.26045 0.3492)
(0.263115 0.26045 0.3667)
(0.263115 0.26045 0.39505)
(0.263115 0.26045 0.40005)
(0.263115 0.27745 0.2667)
(0.263115 0.27745 0.2717)
(0.263115 0.27745 0.2967)
(0.263115 0.27745 0.3142)
(0.263115 0.27745 0.3317)
(0.263115 0.27745 0.3492)
(0.263115 0.27745 0.3667)
(0.263115 0.27745 0.39505)
(0.263115 0.27745 0.40005)
(0.263115 0.29445 0.2667)
(0.263115 0.29445 0.2717)
(0.263115 0.29445 0.2967)
(0.263115 0.29445 0.3142)
(0.263115 0.29445 0.3317)
(0.263115 0.29445 0.3492)
(0.263115 0.29445 0.3667)
(0.263115 0.29445 0.39505)
(0.263115 0.29445 0.40005)
(0.263115 0.30945 0.2667)
(0.263115 0.30945 0.2717)
(0.263115 0.30945 0.2967)
(0.263115 0.30945 0.3142)
(0.263115 0.30945 0.3317)
(0.263115 0.30945 0.3492)
(0.263115 0.30945 0.3667)
(0.263115 0.30945 0.39505)
(0.263115 0.30945 0.40005)
(0.263115 0.32445 0.2667)
(0.263115 0.32445 0.2717)
(0.263115 0.32445 0.2967)
(0.263115 0.32445 0.3142)
(0.263115 0.32445 0.3317)
(0.263115 0.32445 0.3492)
(0.263115 0.32445 0.3667)
(0.263115 0.32445 0.39505)
(0.263115 0.32445 0.40005)
(0.263115 0.34195 0.2667)
(0.263115 0.34195 0.2717)
(0.263115 0.34195 0.2967)
(0.263115 0.34195 0.3142)
(0.263115 0.34195 0.3317)
(0.263115 0.34195 0.3492)
(0.263115 0.34195 0.3667)
(0.263115 0.34195 0.39505)
(0.263115 0.34195 0.40005)
(0.263115 0.35945 0.2667)
(0.263115 0.35945 0.2717)
(0.263115 0.35945 0.2967)
(0.263115 0.35945 0.3142)
(0.263115 0.35945 0.3317)
(0.263115 0.35945 0.3492)
(0.263115 0.35945 0.3667)
(0.263115 0.35945 0.39505)
(0.263115 0.35945 0.40005)
(0.263115 0.37695 0.2667)
(0.263115 0.37695 0.2717)
(0.263115 0.37695 0.2967)
(0.263115 0.37695 0.3142)
(0.263115 0.37695 0.3317)
(0.263115 0.37695 0.3492)
(0.263115 0.37695 0.3667)
(0.263115 0.37695 0.39505)
(0.263115 0.37695 0.40005)
(0.263115 0.39445 0.2667)
(0.263115 0.39445 0.2717)
(0.263115 0.39445 0.2967)
(0.263115 0.39445 0.3142)
(0.263115 0.39445 0.3317)
(0.263115 0.39445 0.3492)
(0.263115 0.39445 0.3667)
(0.263115 0.39445 0.39505)
(0.263115 0.39445 0.40005)
(0.263115 0.40445 0.2667)
(0.263115 0.40445 0.2717)
(0.263115 0.40445 0.2967)
(0.263115 0.40445 0.3142)
(0.263115 0.40445 0.3317)
(0.263115 0.40445 0.3492)
(0.263115 0.40445 0.3667)
(0.263115 0.40445 0.39505)
(0.263115 0.40445 0.40005)
(0.263115 0.41945 0.2667)
(0.263115 0.41945 0.2717)
(0.263115 0.41945 0.39505)
(0.263115 0.41945 0.40005)
(0.263115 0.42945 0.2667)
(0.263115 0.42945 0.2717)
(0.263115 0.42945 0.2917)
(0.263115 0.42945 0.2967)
(0.263115 0.42945 0.3142)
(0.263115 0.42945 0.3317)
(0.263115 0.42945 0.3492)
(0.263115 0.42945 0.3667)
(0.263115 0.42945 0.3737)
(0.263115 0.42945 0.39505)
(0.263115 0.42945 0.40005)
(0.263115 0.43445 0.2667)
(0.263115 0.43445 0.2717)
(0.263115 0.43445 0.2917)
(0.263115 0.43445 0.2967)
(0.263115 0.43445 0.3142)
(0.263115 0.43445 0.3317)
(0.263115 0.43445 0.3492)
(0.263115 0.43445 0.3667)
(0.263115 0.43445 0.3737)
(0.263115 0.43445 0.39505)
(0.263115 0.43445 0.40005)
(0.263115 0.451117 0.2667)
(0.263115 0.451117 0.2717)
(0.263115 0.451117 0.2917)
(0.263115 0.451117 0.2967)
(0.263115 0.451117 0.3142)
(0.263115 0.451117 0.3317)
(0.263115 0.451117 0.3492)
(0.263115 0.451117 0.3667)
(0.263115 0.451117 0.3737)
(0.263115 0.451117 0.39505)
(0.263115 0.451117 0.40005)
(0.263115 0.467783 0.2667)
(0.263115 0.467783 0.2717)
(0.263115 0.467783 0.2917)
(0.263115 0.467783 0.2967)
(0.263115 0.467783 0.3142)
(0.263115 0.467783 0.3317)
(0.263115 0.467783 0.3492)
(0.263115 0.467783 0.3667)
(0.263115 0.467783 0.3737)
(0.263115 0.467783 0.39505)
(0.263115 0.467783 0.40005)
(0.263115 0.48445 0.2667)
(0.263115 0.48445 0.2717)
(0.263115 0.48445 0.2917)
(0.263115 0.48445 0.2967)
(0.263115 0.48445 0.3142)
(0.263115 0.48445 0.3317)
(0.263115 0.48445 0.3492)
(0.263115 0.48445 0.3667)
(0.263115 0.48445 0.3737)
(0.263115 0.48445 0.39505)
(0.263115 0.48445 0.40005)
(0.263115 0.49445 0.2667)
(0.263115 0.49445 0.2717)
(0.263115 0.49445 0.2917)
(0.263115 0.49445 0.2967)
(0.263115 0.49445 0.3142)
(0.263115 0.49445 0.3317)
(0.263115 0.49445 0.3492)
(0.263115 0.49445 0.3667)
(0.263115 0.49445 0.3737)
(0.263115 0.49445 0.39505)
(0.263115 0.49445 0.40005)
(0.263115 0.50445 0.2667)
(0.263115 0.50445 0.2717)
(0.263115 0.50445 0.2917)
(0.263115 0.50445 0.2967)
(0.263115 0.50445 0.3142)
(0.263115 0.50445 0.3317)
(0.263115 0.50445 0.3492)
(0.263115 0.50445 0.3667)
(0.263115 0.50445 0.3737)
(0.263115 0.50445 0.39505)
(0.263115 0.50445 0.40005)
(0.263115 0.50945 0.2667)
(0.263115 0.50945 0.2717)
(0.263115 0.50945 0.2917)
(0.263115 0.50945 0.2967)
(0.263115 0.50945 0.3142)
(0.263115 0.50945 0.3317)
(0.263115 0.50945 0.3492)
(0.263115 0.50945 0.3667)
(0.263115 0.50945 0.3737)
(0.263115 0.50945 0.39505)
(0.263115 0.50945 0.40005)
(0.263115 0.52445 0.2667)
(0.263115 0.52445 0.2717)
(0.263115 0.52445 0.39505)
(0.263115 0.52445 0.40005)
(0.263115 0.53945 0.2667)
(0.263115 0.53945 0.2717)
(0.263115 0.53945 0.2817)
(0.263115 0.53945 0.38505)
(0.263115 0.53945 0.39505)
(0.263115 0.53945 0.40005)
(0.263115 0.54445 0.2667)
(0.263115 0.54445 0.2717)
(0.263115 0.54445 0.2817)
(0.263115 0.54445 0.38505)
(0.263115 0.54445 0.39505)
(0.263115 0.54445 0.40005)
(0.268895 0.04445 0.2667)
(0.268895 0.04445 0.2717)
(0.268895 0.04445 0.2817)
(0.268895 0.04445 0.2847)
(0.268895 0.04445 0.38205)
(0.268895 0.04445 0.38505)
(0.268895 0.04445 0.39505)
(0.268895 0.04445 0.40005)
(0.268895 0.04945 0.2667)
(0.268895 0.04945 0.2717)
(0.268895 0.04945 0.2817)
(0.268895 0.04945 0.2847)
(0.268895 0.04945 0.38205)
(0.268895 0.04945 0.38505)
(0.268895 0.04945 0.39505)
(0.268895 0.04945 0.40005)
(0.268895 0.06445 0.2667)
(0.268895 0.06445 0.2717)
(0.268895 0.06445 0.39505)
(0.268895 0.06445 0.40005)
(0.268895 0.07945 0.2667)
(0.268895 0.07945 0.2717)
(0.268895 0.07945 0.39505)
(0.268895 0.07945 0.40005)
(0.268895 0.08945 0.2667)
(0.268895 0.08945 0.2717)
(0.268895 0.08945 0.39505)
(0.268895 0.08945 0.40005)
(0.268895 0.09945 0.2667)
(0.268895 0.09945 0.2717)
(0.268895 0.09945 0.39505)
(0.268895 0.09945 0.40005)
(0.268895 0.11445 0.2667)
(0.268895 0.11445 0.2717)
(0.268895 0.11445 0.39505)
(0.268895 0.11445 0.40005)
(0.268895 0.12945 0.2667)
(0.268895 0.12945 0.2717)
(0.268895 0.12945 0.39505)
(0.268895 0.12945 0.40005)
(0.268895 0.14445 0.2667)
(0.268895 0.14445 0.2717)
(0.268895 0.14445 0.39505)
(0.268895 0.14445 0.40005)
(0.268895 0.15945 0.2667)
(0.268895 0.15945 0.2717)
(0.268895 0.15945 0.2967)
(0.268895 0.15945 0.3142)
(0.268895 0.15945 0.3317)
(0.268895 0.15945 0.3492)
(0.268895 0.15945 0.3667)
(0.268895 0.15945 0.39505)
(0.268895 0.15945 0.40005)
(0.268895 0.16445 0.2667)
(0.268895 0.16445 0.2717)
(0.268895 0.16445 0.2967)
(0.268895 0.16445 0.3142)
(0.268895 0.16445 0.3317)
(0.268895 0.16445 0.3492)
(0.268895 0.16445 0.3667)
(0.268895 0.16445 0.39505)
(0.268895 0.16445 0.40005)
(0.268895 0.17445 0.2667)
(0.268895 0.17445 0.2717)
(0.268895 0.17445 0.2967)
(0.268895 0.17445 0.3142)
(0.268895 0.17445 0.3317)
(0.268895 0.17445 0.3492)
(0.268895 0.17445 0.3667)
(0.268895 0.17445 0.39505)
(0.268895 0.17445 0.40005)
(0.268895 0.18445 0.2667)
(0.268895 0.18445 0.2717)
(0.268895 0.18445 0.2967)
(0.268895 0.18445 0.3142)
(0.268895 0.18445 0.3317)
(0.268895 0.18445 0.3492)
(0.268895 0.18445 0.3667)
(0.268895 0.18445 0.39505)
(0.268895 0.18445 0.40005)
(0.268895 0.19695 0.2667)
(0.268895 0.19695 0.2717)
(0.268895 0.19695 0.2967)
(0.268895 0.19695 0.3142)
(0.268895 0.19695 0.3317)
(0.268895 0.19695 0.3492)
(0.268895 0.19695 0.3667)
(0.268895 0.19695 0.39505)
(0.268895 0.19695 0.40005)
(0.268895 0.20945 0.2667)
(0.268895 0.20945 0.2717)
(0.268895 0.20945 0.2967)
(0.268895 0.20945 0.3142)
(0.268895 0.20945 0.3317)
(0.268895 0.20945 0.3492)
(0.268895 0.20945 0.3667)
(0.268895 0.20945 0.39505)
(0.268895 0.20945 0.40005)
(0.268895 0.22645 0.2667)
(0.268895 0.22645 0.2717)
(0.268895 0.22645 0.2967)
(0.268895 0.22645 0.3142)
(0.268895 0.22645 0.3317)
(0.268895 0.22645 0.3492)
(0.268895 0.22645 0.3667)
(0.268895 0.22645 0.39505)
(0.268895 0.22645 0.40005)
(0.268895 0.24345 0.2667)
(0.268895 0.24345 0.2717)
(0.268895 0.24345 0.2967)
(0.268895 0.24345 0.3142)
(0.268895 0.24345 0.3317)
(0.268895 0.24345 0.3492)
(0.268895 0.24345 0.3667)
(0.268895 0.24345 0.39505)
(0.268895 0.24345 0.40005)
(0.268895 0.26045 0.2667)
(0.268895 0.26045 0.2717)
(0.268895 0.26045 0.2967)
(0.268895 0.26045 0.3142)
(0.268895 0.26045 0.3317)
(0.268895 0.26045 0.3492)
(0.268895 0.26045 0.3667)
(0.268895 0.26045 0.39505)
(0.268895 0.26045 0.40005)
(0.268895 0.27745 0.2667)
(0.268895 0.27745 0.2717)
(0.268895 0.27745 0.2967)
(0.268895 0.27745 0.3142)
(0.268895 0.27745 0.3317)
(0.268895 0.27745 0.3492)
(0.268895 0.27745 0.3667)
(0.268895 0.27745 0.39505)
(0.268895 0.27745 0.40005)
(0.268895 0.29445 0.2667)
(0.268895 0.29445 0.2717)
(0.268895 0.29445 0.2967)
(0.268895 0.29445 0.3142)
(0.268895 0.29445 0.3317)
(0.268895 0.29445 0.3492)
(0.268895 0.29445 0.3667)
(0.268895 0.29445 0.39505)
(0.268895 0.29445 0.40005)
(0.268895 0.30945 0.2667)
(0.268895 0.30945 0.2717)
(0.268895 0.30945 0.2967)
(0.268895 0.30945 0.3142)
(0.268895 0.30945 0.3317)
(0.268895 0.30945 0.3492)
(0.268895 0.30945 0.3667)
(0.268895 0.30945 0.39505)
(0.268895 0.30945 0.40005)
(0.268895 0.32445 0.2667)
(0.268895 0.32445 0.2717)
(0.268895 0.32445 0.2967)
(0.268895 0.32445 0.3142)
(0.268895 0.32445 0.3317)
(0.268895 0.32445 0.3492)
(0.268895 0.32445 0.3667)
(0.268895 0.32445 0.39505)
(0.268895 0.32445 0.40005)
(0.268895 0.34195 0.2667)
(0.268895 0.34195 0.2717)
(0.268895 0.34195 0.2967)
(0.268895 0.34195 0.3142)
(0.268895 0.34195 0.3317)
(0.268895 0.34195 0.3492)
(0.268895 0.34195 0.3667)
(0.268895 0.34195 0.39505)
(0.268895 0.34195 0.40005)
(0.268895 0.35945 0.2667)
(0.268895 0.35945 0.2717)
(0.268895 0.35945 0.2967)
(0.268895 0.35945 0.3142)
(0.268895 0.35945 0.3317)
(0.268895 0.35945 0.3492)
(0.268895 0.35945 0.3667)
(0.268895 0.35945 0.39505)
(0.268895 0.35945 0.40005)
(0.268895 0.37695 0.2667)
(0.268895 0.37695 0.2717)
(0.268895 0.37695 0.2967)
(0.268895 0.37695 0.3142)
(0.268895 0.37695 0.3317)
(0.268895 0.37695 0.3492)
(0.268895 0.37695 0.3667)
(0.268895 0.37695 0.39505)
(0.268895 0.37695 0.40005)
(0.268895 0.39445 0.2667)
(0.268895 0.39445 0.2717)
(0.268895 0.39445 0.2967)
(0.268895 0.39445 0.3142)
(0.268895 0.39445 0.3317)
(0.268895 0.39445 0.3492)
(0.268895 0.39445 0.3667)
(0.268895 0.39445 0.39505)
(0.268895 0.39445 0.40005)
(0.268895 0.40445 0.2667)
(0.268895 0.40445 0.2717)
(0.268895 0.40445 0.2967)
(0.268895 0.40445 0.3142)
(0.268895 0.40445 0.3317)
(0.268895 0.40445 0.3492)
(0.268895 0.40445 0.3667)
(0.268895 0.40445 0.39505)
(0.268895 0.40445 0.40005)
(0.268895 0.41945 0.2667)
(0.268895 0.41945 0.2717)
(0.268895 0.41945 0.39505)
(0.268895 0.41945 0.40005)
(0.268895 0.42945 0.2667)
(0.268895 0.42945 0.2717)
(0.268895 0.42945 0.2917)
(0.268895 0.42945 0.2967)
(0.268895 0.42945 0.3142)
(0.268895 0.42945 0.3317)
(0.268895 0.42945 0.3492)
(0.268895 0.42945 0.3667)
(0.268895 0.42945 0.3737)
(0.268895 0.42945 0.39505)
(0.268895 0.42945 0.40005)
(0.268895 0.43445 0.2667)
(0.268895 0.43445 0.2717)
(0.268895 0.43445 0.2917)
(0.268895 0.43445 0.2967)
(0.268895 0.43445 0.3142)
(0.268895 0.43445 0.3317)
(0.268895 0.43445 0.3492)
(0.268895 0.43445 0.3667)
(0.268895 0.43445 0.3737)
(0.268895 0.43445 0.39505)
(0.268895 0.43445 0.40005)
(0.268895 0.451117 0.2667)
(0.268895 0.451117 0.2717)
(0.268895 0.451117 0.2917)
(0.268895 0.451117 0.2967)
(0.268895 0.451117 0.3142)
(0.268895 0.451117 0.3317)
(0.268895 0.451117 0.3492)
(0.268895 0.451117 0.3667)
(0.268895 0.451117 0.3737)
(0.268895 0.451117 0.39505)
(0.268895 0.451117 0.40005)
(0.268895 0.467783 0.2667)
(0.268895 0.467783 0.2717)
(0.268895 0.467783 0.2917)
(0.268895 0.467783 0.2967)
(0.268895 0.467783 0.3142)
(0.268895 0.467783 0.3317)
(0.268895 0.467783 0.3492)
(0.268895 0.467783 0.3667)
(0.268895 0.467783 0.3737)
(0.268895 0.467783 0.39505)
(0.268895 0.467783 0.40005)
(0.268895 0.48445 0.2667)
(0.268895 0.48445 0.2717)
(0.268895 0.48445 0.2917)
(0.268895 0.48445 0.2967)
(0.268895 0.48445 0.3142)
(0.268895 0.48445 0.3317)
(0.268895 0.48445 0.3492)
(0.268895 0.48445 0.3667)
(0.268895 0.48445 0.3737)
(0.268895 0.48445 0.39505)
(0.268895 0.48445 0.40005)
(0.268895 0.49445 0.2667)
(0.268895 0.49445 0.2717)
(0.268895 0.49445 0.2917)
(0.268895 0.49445 0.2967)
(0.268895 0.49445 0.3142)
(0.268895 0.49445 0.3317)
(0.268895 0.49445 0.3492)
(0.268895 0.49445 0.3667)
(0.268895 0.49445 0.3737)
(0.268895 0.49445 0.39505)
(0.268895 0.49445 0.40005)
(0.268895 0.50445 0.2667)
(0.268895 0.50445 0.2717)
(0.268895 0.50445 0.2917)
(0.268895 0.50445 0.2967)
(0.268895 0.50445 0.3142)
(0.268895 0.50445 0.3317)
(0.268895 0.50445 0.3492)
(0.268895 0.50445 0.3667)
(0.268895 0.50445 0.3737)
(0.268895 0.50445 0.39505)
(0.268895 0.50445 0.40005)
(0.268895 0.50945 0.2667)
(0.268895 0.50945 0.2717)
(0.268895 0.50945 0.2917)
(0.268895 0.50945 0.2967)
(0.268895 0.50945 0.3142)
(0.268895 0.50945 0.3317)
(0.268895 0.50945 0.3492)
(0.268895 0.50945 0.3667)
(0.268895 0.50945 0.3737)
(0.268895 0.50945 0.39505)
(0.268895 0.50945 0.40005)
(0.268895 0.52445 0.2667)
(0.268895 0.52445 0.2717)
(0.268895 0.52445 0.39505)
(0.268895 0.52445 0.40005)
(0.268895 0.53945 0.2667)
(0.268895 0.53945 0.2717)
(0.268895 0.53945 0.2817)
(0.268895 0.53945 0.38505)
(0.268895 0.53945 0.39505)
(0.268895 0.53945 0.40005)
(0.268895 0.54445 0.2667)
(0.268895 0.54445 0.2717)
(0.268895 0.54445 0.2817)
(0.268895 0.54445 0.38505)
(0.268895 0.54445 0.39505)
(0.268895 0.54445 0.40005)
(0.274715 0.04445 0.2667)
(0.274715 0.04445 0.2717)
(0.274715 0.04445 0.2817)
(0.274715 0.04445 0.2847)
(0.274715 0.04445 0.38205)
(0.274715 0.04445 0.38505)
(0.274715 0.04445 0.39505)
(0.274715 0.04445 0.40005)
(0.274715 0.04945 0.2667)
(0.274715 0.04945 0.2717)
(0.274715 0.04945 0.2817)
(0.274715 0.04945 0.2847)
(0.274715 0.04945 0.38205)
(0.274715 0.04945 0.38505)
(0.274715 0.04945 0.39505)
(0.274715 0.04945 0.40005)
(0.274715 0.06445 0.2667)
(0.274715 0.06445 0.2717)
(0.274715 0.06445 0.39505)
(0.274715 0.06445 0.40005)
(0.274715 0.07945 0.2667)
(0.274715 0.07945 0.2717)
(0.274715 0.07945 0.39505)
(0.274715 0.07945 0.40005)
(0.274715 0.08945 0.2667)
(0.274715 0.08945 0.2717)
(0.274715 0.08945 0.39505)
(0.274715 0.08945 0.40005)
(0.274715 0.09945 0.2667)
(0.274715 0.09945 0.2717)
(0.274715 0.09945 0.39505)
(0.274715 0.09945 0.40005)
(0.274715 0.11445 0.2667)
(0.274715 0.11445 0.2717)
(0.274715 0.11445 0.39505)
(0.274715 0.11445 0.40005)
(0.274715 0.12945 0.2667)
(0.274715 0.12945 0.2717)
(0.274715 0.12945 0.39505)
(0.274715 0.12945 0.40005)
(0.274715 0.14445 0.2667)
(0.274715 0.14445 0.2717)
(0.274715 0.14445 0.39505)
(0.274715 0.14445 0.40005)
(0.274715 0.15945 0.2667)
(0.274715 0.15945 0.2717)
(0.274715 0.15945 0.2967)
(0.274715 0.15945 0.3142)
(0.274715 0.15945 0.3317)
(0.274715 0.15945 0.3492)
(0.274715 0.15945 0.3667)
(0.274715 0.15945 0.39505)
(0.274715 0.15945 0.40005)
(0.274715 0.16445 0.2667)
(0.274715 0.16445 0.2717)
(0.274715 0.16445 0.2967)
(0.274715 0.16445 0.3142)
(0.274715 0.16445 0.3317)
(0.274715 0.16445 0.3492)
(0.274715 0.16445 0.3667)
(0.274715 0.16445 0.39505)
(0.274715 0.16445 0.40005)
(0.274715 0.17445 0.2667)
(0.274715 0.17445 0.2717)
(0.274715 0.17445 0.2967)
(0.274715 0.17445 0.3142)
(0.274715 0.17445 0.3317)
(0.274715 0.17445 0.3492)
(0.274715 0.17445 0.3667)
(0.274715 0.17445 0.39505)
(0.274715 0.17445 0.40005)
(0.274715 0.18445 0.2667)
(0.274715 0.18445 0.2717)
(0.274715 0.18445 0.2967)
(0.274715 0.18445 0.3142)
(0.274715 0.18445 0.3317)
(0.274715 0.18445 0.3492)
(0.274715 0.18445 0.3667)
(0.274715 0.18445 0.39505)
(0.274715 0.18445 0.40005)
(0.274715 0.19695 0.2667)
(0.274715 0.19695 0.2717)
(0.274715 0.19695 0.2967)
(0.274715 0.19695 0.3142)
(0.274715 0.19695 0.3317)
(0.274715 0.19695 0.3492)
(0.274715 0.19695 0.3667)
(0.274715 0.19695 0.39505)
(0.274715 0.19695 0.40005)
(0.274715 0.20945 0.2667)
(0.274715 0.20945 0.2717)
(0.274715 0.20945 0.2967)
(0.274715 0.20945 0.3142)
(0.274715 0.20945 0.3317)
(0.274715 0.20945 0.3492)
(0.274715 0.20945 0.3667)
(0.274715 0.20945 0.39505)
(0.274715 0.20945 0.40005)
(0.274715 0.22645 0.2667)
(0.274715 0.22645 0.2717)
(0.274715 0.22645 0.2967)
(0.274715 0.22645 0.3142)
(0.274715 0.22645 0.3317)
(0.274715 0.22645 0.3492)
(0.274715 0.22645 0.3667)
(0.274715 0.22645 0.39505)
(0.274715 0.22645 0.40005)
(0.274715 0.24345 0.2667)
(0.274715 0.24345 0.2717)
(0.274715 0.24345 0.2967)
(0.274715 0.24345 0.3142)
(0.274715 0.24345 0.3317)
(0.274715 0.24345 0.3492)
(0.274715 0.24345 0.3667)
(0.274715 0.24345 0.39505)
(0.274715 0.24345 0.40005)
(0.274715 0.26045 0.2667)
(0.274715 0.26045 0.2717)
(0.274715 0.26045 0.2967)
(0.274715 0.26045 0.3142)
(0.274715 0.26045 0.3317)
(0.274715 0.26045 0.3492)
(0.274715 0.26045 0.3667)
(0.274715 0.26045 0.39505)
(0.274715 0.26045 0.40005)
(0.274715 0.27745 0.2667)
(0.274715 0.27745 0.2717)
(0.274715 0.27745 0.2967)
(0.274715 0.27745 0.3142)
(0.274715 0.27745 0.3317)
(0.274715 0.27745 0.3492)
(0.274715 0.27745 0.3667)
(0.274715 0.27745 0.39505)
(0.274715 0.27745 0.40005)
(0.274715 0.29445 0.2667)
(0.274715 0.29445 0.2717)
(0.274715 0.29445 0.2967)
(0.274715 0.29445 0.3142)
(0.274715 0.29445 0.3317)
(0.274715 0.29445 0.3492)
(0.274715 0.29445 0.3667)
(0.274715 0.29445 0.39505)
(0.274715 0.29445 0.40005)
(0.274715 0.30945 0.2667)
(0.274715 0.30945 0.2717)
(0.274715 0.30945 0.2967)
(0.274715 0.30945 0.3142)
(0.274715 0.30945 0.3317)
(0.274715 0.30945 0.3492)
(0.274715 0.30945 0.3667)
(0.274715 0.30945 0.39505)
(0.274715 0.30945 0.40005)
(0.274715 0.32445 0.2667)
(0.274715 0.32445 0.2717)
(0.274715 0.32445 0.2967)
(0.274715 0.32445 0.3142)
(0.274715 0.32445 0.3317)
(0.274715 0.32445 0.3492)
(0.274715 0.32445 0.3667)
(0.274715 0.32445 0.39505)
(0.274715 0.32445 0.40005)
(0.274715 0.34195 0.2667)
(0.274715 0.34195 0.2717)
(0.274715 0.34195 0.2967)
(0.274715 0.34195 0.3142)
(0.274715 0.34195 0.3317)
(0.274715 0.34195 0.3492)
(0.274715 0.34195 0.3667)
(0.274715 0.34195 0.39505)
(0.274715 0.34195 0.40005)
(0.274715 0.35945 0.2667)
(0.274715 0.35945 0.2717)
(0.274715 0.35945 0.2967)
(0.274715 0.35945 0.3142)
(0.274715 0.35945 0.3317)
(0.274715 0.35945 0.3492)
(0.274715 0.35945 0.3667)
(0.274715 0.35945 0.39505)
(0.274715 0.35945 0.40005)
(0.274715 0.37695 0.2667)
(0.274715 0.37695 0.2717)
(0.274715 0.37695 0.2967)
(0.274715 0.37695 0.3142)
(0.274715 0.37695 0.3317)
(0.274715 0.37695 0.3492)
(0.274715 0.37695 0.3667)
(0.274715 0.37695 0.39505)
(0.274715 0.37695 0.40005)
(0.274715 0.39445 0.2667)
(0.274715 0.39445 0.2717)
(0.274715 0.39445 0.2967)
(0.274715 0.39445 0.3142)
(0.274715 0.39445 0.3317)
(0.274715 0.39445 0.3492)
(0.274715 0.39445 0.3667)
(0.274715 0.39445 0.39505)
(0.274715 0.39445 0.40005)
(0.274715 0.40445 0.2667)
(0.274715 0.40445 0.2717)
(0.274715 0.40445 0.2967)
(0.274715 0.40445 0.3142)
(0.274715 0.40445 0.3317)
(0.274715 0.40445 0.3492)
(0.274715 0.40445 0.3667)
(0.274715 0.40445 0.39505)
(0.274715 0.40445 0.40005)
(0.274715 0.41945 0.2667)
(0.274715 0.41945 0.2717)
(0.274715 0.41945 0.39505)
(0.274715 0.41945 0.40005)
(0.274715 0.42945 0.2667)
(0.274715 0.42945 0.2717)
(0.274715 0.42945 0.2917)
(0.274715 0.42945 0.2967)
(0.274715 0.42945 0.3142)
(0.274715 0.42945 0.3317)
(0.274715 0.42945 0.3492)
(0.274715 0.42945 0.3667)
(0.274715 0.42945 0.3737)
(0.274715 0.42945 0.39505)
(0.274715 0.42945 0.40005)
(0.274715 0.43445 0.2667)
(0.274715 0.43445 0.2717)
(0.274715 0.43445 0.2917)
(0.274715 0.43445 0.2967)
(0.274715 0.43445 0.3142)
(0.274715 0.43445 0.3317)
(0.274715 0.43445 0.3492)
(0.274715 0.43445 0.3667)
(0.274715 0.43445 0.3737)
(0.274715 0.43445 0.39505)
(0.274715 0.43445 0.40005)
(0.274715 0.451117 0.2667)
(0.274715 0.451117 0.2717)
(0.274715 0.451117 0.2917)
(0.274715 0.451117 0.2967)
(0.274715 0.451117 0.3142)
(0.274715 0.451117 0.3317)
(0.274715 0.451117 0.3492)
(0.274715 0.451117 0.3667)
(0.274715 0.451117 0.3737)
(0.274715 0.451117 0.39505)
(0.274715 0.451117 0.40005)
(0.274715 0.467783 0.2667)
(0.274715 0.467783 0.2717)
(0.274715 0.467783 0.2917)
(0.274715 0.467783 0.2967)
(0.274715 0.467783 0.3142)
(0.274715 0.467783 0.3317)
(0.274715 0.467783 0.3492)
(0.274715 0.467783 0.3667)
(0.274715 0.467783 0.3737)
(0.274715 0.467783 0.39505)
(0.274715 0.467783 0.40005)
(0.274715 0.48445 0.2667)
(0.274715 0.48445 0.2717)
(0.274715 0.48445 0.2917)
(0.274715 0.48445 0.2967)
(0.274715 0.48445 0.3142)
(0.274715 0.48445 0.3317)
(0.274715 0.48445 0.3492)
(0.274715 0.48445 0.3667)
(0.274715 0.48445 0.3737)
(0.274715 0.48445 0.39505)
(0.274715 0.48445 0.40005)
(0.274715 0.49445 0.2667)
(0.274715 0.49445 0.2717)
(0.274715 0.49445 0.2917)
(0.274715 0.49445 0.2967)
(0.274715 0.49445 0.3142)
(0.274715 0.49445 0.3317)
(0.274715 0.49445 0.3492)
(0.274715 0.49445 0.3667)
(0.274715 0.49445 0.3737)
(0.274715 0.49445 0.39505)
(0.274715 0.49445 0.40005)
(0.274715 0.50445 0.2667)
(0.274715 0.50445 0.2717)
(0.274715 0.50445 0.2917)
(0.274715 0.50445 0.2967)
(0.274715 0.50445 0.3142)
(0.274715 0.50445 0.3317)
(0.274715 0.50445 0.3492)
(0.274715 0.50445 0.3667)
(0.274715 0.50445 0.3737)
(0.274715 0.50445 0.39505)
(0.274715 0.50445 0.40005)
(0.274715 0.50945 0.2667)
(0.274715 0.50945 0.2717)
(0.274715 0.50945 0.2917)
(0.274715 0.50945 0.2967)
(0.274715 0.50945 0.3142)
(0.274715 0.50945 0.3317)
(0.274715 0.50945 0.3492)
(0.274715 0.50945 0.3667)
(0.274715 0.50945 0.3737)
(0.274715 0.50945 0.39505)
(0.274715 0.50945 0.40005)
(0.274715 0.52445 0.2667)
(0.274715 0.52445 0.2717)
(0.274715 0.52445 0.39505)
(0.274715 0.52445 0.40005)
(0.274715 0.53945 0.2667)
(0.274715 0.53945 0.2717)
(0.274715 0.53945 0.2817)
(0.274715 0.53945 0.38505)
(0.274715 0.53945 0.39505)
(0.274715 0.53945 0.40005)
(0.274715 0.54445 0.2667)
(0.274715 0.54445 0.2717)
(0.274715 0.54445 0.2817)
(0.274715 0.54445 0.38505)
(0.274715 0.54445 0.39505)
(0.274715 0.54445 0.40005)
(0.289857 0.04445 0.2667)
(0.289857 0.04445 0.2717)
(0.289857 0.04445 0.2817)
(0.289857 0.04445 0.2847)
(0.289857 0.04445 0.38205)
(0.289857 0.04445 0.38505)
(0.289857 0.04445 0.39505)
(0.289857 0.04445 0.40005)
(0.289857 0.04945 0.2667)
(0.289857 0.04945 0.2717)
(0.289857 0.04945 0.2817)
(0.289857 0.04945 0.2847)
(0.289857 0.04945 0.38205)
(0.289857 0.04945 0.38505)
(0.289857 0.04945 0.39505)
(0.289857 0.04945 0.40005)
(0.289857 0.06445 0.2667)
(0.289857 0.06445 0.2717)
(0.289857 0.06445 0.39505)
(0.289857 0.06445 0.40005)
(0.289857 0.07945 0.2667)
(0.289857 0.07945 0.2717)
(0.289857 0.07945 0.39505)
(0.289857 0.07945 0.40005)
(0.289857 0.08945 0.2667)
(0.289857 0.08945 0.2717)
(0.289857 0.08945 0.39505)
(0.289857 0.08945 0.40005)
(0.289857 0.09945 0.2667)
(0.289857 0.09945 0.2717)
(0.289857 0.09945 0.39505)
(0.289857 0.09945 0.40005)
(0.289857 0.11445 0.2667)
(0.289857 0.11445 0.2717)
(0.289857 0.11445 0.39505)
(0.289857 0.11445 0.40005)
(0.289857 0.12945 0.2667)
(0.289857 0.12945 0.2717)
(0.289857 0.12945 0.39505)
(0.289857 0.12945 0.40005)
(0.289857 0.14445 0.2667)
(0.289857 0.14445 0.2717)
(0.289857 0.14445 0.39505)
(0.289857 0.14445 0.40005)
(0.289857 0.15945 0.2667)
(0.289857 0.15945 0.2717)
(0.289857 0.15945 0.2967)
(0.289857 0.15945 0.3142)
(0.289857 0.15945 0.3317)
(0.289857 0.15945 0.3492)
(0.289857 0.15945 0.3667)
(0.289857 0.15945 0.39505)
(0.289857 0.15945 0.40005)
(0.289857 0.16445 0.2667)
(0.289857 0.16445 0.2717)
(0.289857 0.16445 0.2967)
(0.289857 0.16445 0.3142)
(0.289857 0.16445 0.3317)
(0.289857 0.16445 0.3492)
(0.289857 0.16445 0.3667)
(0.289857 0.16445 0.39505)
(0.289857 0.16445 0.40005)
(0.289857 0.17445 0.2667)
(0.289857 0.17445 0.2717)
(0.289857 0.17445 0.2967)
(0.289857 0.17445 0.3142)
(0.289857 0.17445 0.3317)
(0.289857 0.17445 0.3492)
(0.289857 0.17445 0.3667)
(0.289857 0.17445 0.39505)
(0.289857 0.17445 0.40005)
(0.289857 0.18445 0.2667)
(0.289857 0.18445 0.2717)
(0.289857 0.18445 0.2967)
(0.289857 0.18445 0.3142)
(0.289857 0.18445 0.3317)
(0.289857 0.18445 0.3492)
(0.289857 0.18445 0.3667)
(0.289857 0.18445 0.39505)
(0.289857 0.18445 0.40005)
(0.289857 0.19695 0.2667)
(0.289857 0.19695 0.2717)
(0.289857 0.19695 0.2967)
(0.289857 0.19695 0.3142)
(0.289857 0.19695 0.3317)
(0.289857 0.19695 0.3492)
(0.289857 0.19695 0.3667)
(0.289857 0.19695 0.39505)
(0.289857 0.19695 0.40005)
(0.289857 0.20945 0.2667)
(0.289857 0.20945 0.2717)
(0.289857 0.20945 0.2967)
(0.289857 0.20945 0.3142)
(0.289857 0.20945 0.3317)
(0.289857 0.20945 0.3492)
(0.289857 0.20945 0.3667)
(0.289857 0.20945 0.39505)
(0.289857 0.20945 0.40005)
(0.289857 0.22645 0.2667)
(0.289857 0.22645 0.2717)
(0.289857 0.22645 0.2967)
(0.289857 0.22645 0.3142)
(0.289857 0.22645 0.3317)
(0.289857 0.22645 0.3492)
(0.289857 0.22645 0.3667)
(0.289857 0.22645 0.39505)
(0.289857 0.22645 0.40005)
(0.289857 0.24345 0.2667)
(0.289857 0.24345 0.2717)
(0.289857 0.24345 0.2967)
(0.289857 0.24345 0.3142)
(0.289857 0.24345 0.3317)
(0.289857 0.24345 0.3492)
(0.289857 0.24345 0.3667)
(0.289857 0.24345 0.39505)
(0.289857 0.24345 0.40005)
(0.289857 0.26045 0.2667)
(0.289857 0.26045 0.2717)
(0.289857 0.26045 0.2967)
(0.289857 0.26045 0.3142)
(0.289857 0.26045 0.3317)
(0.289857 0.26045 0.3492)
(0.289857 0.26045 0.3667)
(0.289857 0.26045 0.39505)
(0.289857 0.26045 0.40005)
(0.289857 0.27745 0.2667)
(0.289857 0.27745 0.2717)
(0.289857 0.27745 0.2967)
(0.289857 0.27745 0.3142)
(0.289857 0.27745 0.3317)
(0.289857 0.27745 0.3492)
(0.289857 0.27745 0.3667)
(0.289857 0.27745 0.39505)
(0.289857 0.27745 0.40005)
(0.289857 0.29445 0.2667)
(0.289857 0.29445 0.2717)
(0.289857 0.29445 0.2967)
(0.289857 0.29445 0.3142)
(0.289857 0.29445 0.3317)
(0.289857 0.29445 0.3492)
(0.289857 0.29445 0.3667)
(0.289857 0.29445 0.39505)
(0.289857 0.29445 0.40005)
(0.289857 0.30945 0.2667)
(0.289857 0.30945 0.2717)
(0.289857 0.30945 0.2967)
(0.289857 0.30945 0.3142)
(0.289857 0.30945 0.3317)
(0.289857 0.30945 0.3492)
(0.289857 0.30945 0.3667)
(0.289857 0.30945 0.39505)
(0.289857 0.30945 0.40005)
(0.289857 0.32445 0.2667)
(0.289857 0.32445 0.2717)
(0.289857 0.32445 0.2967)
(0.289857 0.32445 0.3142)
(0.289857 0.32445 0.3317)
(0.289857 0.32445 0.3492)
(0.289857 0.32445 0.3667)
(0.289857 0.32445 0.39505)
(0.289857 0.32445 0.40005)
(0.289857 0.34195 0.2667)
(0.289857 0.34195 0.2717)
(0.289857 0.34195 0.2967)
(0.289857 0.34195 0.3142)
(0.289857 0.34195 0.3317)
(0.289857 0.34195 0.3492)
(0.289857 0.34195 0.3667)
(0.289857 0.34195 0.39505)
(0.289857 0.34195 0.40005)
(0.289857 0.35945 0.2667)
(0.289857 0.35945 0.2717)
(0.289857 0.35945 0.2967)
(0.289857 0.35945 0.3142)
(0.289857 0.35945 0.3317)
(0.289857 0.35945 0.3492)
(0.289857 0.35945 0.3667)
(0.289857 0.35945 0.39505)
(0.289857 0.35945 0.40005)
(0.289857 0.37695 0.2667)
(0.289857 0.37695 0.2717)
(0.289857 0.37695 0.2967)
(0.289857 0.37695 0.3142)
(0.289857 0.37695 0.3317)
(0.289857 0.37695 0.3492)
(0.289857 0.37695 0.3667)
(0.289857 0.37695 0.39505)
(0.289857 0.37695 0.40005)
(0.289857 0.39445 0.2667)
(0.289857 0.39445 0.2717)
(0.289857 0.39445 0.2967)
(0.289857 0.39445 0.3142)
(0.289857 0.39445 0.3317)
(0.289857 0.39445 0.3492)
(0.289857 0.39445 0.3667)
(0.289857 0.39445 0.39505)
(0.289857 0.39445 0.40005)
(0.289857 0.40445 0.2667)
(0.289857 0.40445 0.2717)
(0.289857 0.40445 0.2967)
(0.289857 0.40445 0.3142)
(0.289857 0.40445 0.3317)
(0.289857 0.40445 0.3492)
(0.289857 0.40445 0.3667)
(0.289857 0.40445 0.39505)
(0.289857 0.40445 0.40005)
(0.289857 0.41945 0.2667)
(0.289857 0.41945 0.2717)
(0.289857 0.41945 0.39505)
(0.289857 0.41945 0.40005)
(0.289857 0.42945 0.2667)
(0.289857 0.42945 0.2717)
(0.289857 0.42945 0.2917)
(0.289857 0.42945 0.2967)
(0.289857 0.42945 0.3142)
(0.289857 0.42945 0.3317)
(0.289857 0.42945 0.3492)
(0.289857 0.42945 0.3667)
(0.289857 0.42945 0.3737)
(0.289857 0.42945 0.39505)
(0.289857 0.42945 0.40005)
(0.289857 0.43445 0.2667)
(0.289857 0.43445 0.2717)
(0.289857 0.43445 0.2917)
(0.289857 0.43445 0.2967)
(0.289857 0.43445 0.3142)
(0.289857 0.43445 0.3317)
(0.289857 0.43445 0.3492)
(0.289857 0.43445 0.3667)
(0.289857 0.43445 0.3737)
(0.289857 0.43445 0.39505)
(0.289857 0.43445 0.40005)
(0.289857 0.451117 0.2667)
(0.289857 0.451117 0.2717)
(0.289857 0.451117 0.2917)
(0.289857 0.451117 0.2967)
(0.289857 0.451117 0.3142)
(0.289857 0.451117 0.3317)
(0.289857 0.451117 0.3492)
(0.289857 0.451117 0.3667)
(0.289857 0.451117 0.3737)
(0.289857 0.451117 0.39505)
(0.289857 0.451117 0.40005)
(0.289857 0.467783 0.2667)
(0.289857 0.467783 0.2717)
(0.289857 0.467783 0.2917)
(0.289857 0.467783 0.2967)
(0.289857 0.467783 0.3142)
(0.289857 0.467783 0.3317)
(0.289857 0.467783 0.3492)
(0.289857 0.467783 0.3667)
(0.289857 0.467783 0.3737)
(0.289857 0.467783 0.39505)
(0.289857 0.467783 0.40005)
(0.289857 0.48445 0.2667)
(0.289857 0.48445 0.2717)
(0.289857 0.48445 0.2917)
(0.289857 0.48445 0.2967)
(0.289857 0.48445 0.3142)
(0.289857 0.48445 0.3317)
(0.289857 0.48445 0.3492)
(0.289857 0.48445 0.3667)
(0.289857 0.48445 0.3737)
(0.289857 0.48445 0.39505)
(0.289857 0.48445 0.40005)
(0.289857 0.49445 0.2667)
(0.289857 0.49445 0.2717)
(0.289857 0.49445 0.2917)
(0.289857 0.49445 0.2967)
(0.289857 0.49445 0.3142)
(0.289857 0.49445 0.3317)
(0.289857 0.49445 0.3492)
(0.289857 0.49445 0.3667)
(0.289857 0.49445 0.3737)
(0.289857 0.49445 0.39505)
(0.289857 0.49445 0.40005)
(0.289857 0.50445 0.2667)
(0.289857 0.50445 0.2717)
(0.289857 0.50445 0.2917)
(0.289857 0.50445 0.2967)
(0.289857 0.50445 0.3142)
(0.289857 0.50445 0.3317)
(0.289857 0.50445 0.3492)
(0.289857 0.50445 0.3667)
(0.289857 0.50445 0.3737)
(0.289857 0.50445 0.39505)
(0.289857 0.50445 0.40005)
(0.289857 0.50945 0.2667)
(0.289857 0.50945 0.2717)
(0.289857 0.50945 0.2917)
(0.289857 0.50945 0.2967)
(0.289857 0.50945 0.3142)
(0.289857 0.50945 0.3317)
(0.289857 0.50945 0.3492)
(0.289857 0.50945 0.3667)
(0.289857 0.50945 0.3737)
(0.289857 0.50945 0.39505)
(0.289857 0.50945 0.40005)
(0.289857 0.52445 0.2667)
(0.289857 0.52445 0.2717)
(0.289857 0.52445 0.39505)
(0.289857 0.52445 0.40005)
(0.289857 0.53945 0.2667)
(0.289857 0.53945 0.2717)
(0.289857 0.53945 0.2817)
(0.289857 0.53945 0.38505)
(0.289857 0.53945 0.39505)
(0.289857 0.53945 0.40005)
(0.289857 0.54445 0.2667)
(0.289857 0.54445 0.2717)
(0.289857 0.54445 0.2817)
(0.289857 0.54445 0.38505)
(0.289857 0.54445 0.39505)
(0.289857 0.54445 0.40005)
(0.305 0.04445 0.2667)
(0.305 0.04445 0.2717)
(0.305 0.04445 0.2817)
(0.305 0.04445 0.2847)
(0.305 0.04445 0.38205)
(0.305 0.04445 0.38505)
(0.305 0.04445 0.39505)
(0.305 0.04445 0.40005)
(0.305 0.04945 0.2667)
(0.305 0.04945 0.2717)
(0.305 0.04945 0.2817)
(0.305 0.04945 0.2847)
(0.305 0.04945 0.38205)
(0.305 0.04945 0.38505)
(0.305 0.04945 0.39505)
(0.305 0.04945 0.40005)
(0.305 0.06445 0.2667)
(0.305 0.06445 0.2717)
(0.305 0.06445 0.39505)
(0.305 0.06445 0.40005)
(0.305 0.07945 0.2667)
(0.305 0.07945 0.2717)
(0.305 0.07945 0.39505)
(0.305 0.07945 0.40005)
(0.305 0.08945 0.2667)
(0.305 0.08945 0.2717)
(0.305 0.08945 0.39505)
(0.305 0.08945 0.40005)
(0.305 0.09945 0.2667)
(0.305 0.09945 0.2717)
(0.305 0.09945 0.39505)
(0.305 0.09945 0.40005)
(0.305 0.11445 0.2667)
(0.305 0.11445 0.2717)
(0.305 0.11445 0.39505)
(0.305 0.11445 0.40005)
(0.305 0.12945 0.2667)
(0.305 0.12945 0.2717)
(0.305 0.12945 0.39505)
(0.305 0.12945 0.40005)
(0.305 0.14445 0.2667)
(0.305 0.14445 0.2717)
(0.305 0.14445 0.39505)
(0.305 0.14445 0.40005)
(0.305 0.15945 0.2667)
(0.305 0.15945 0.2717)
(0.305 0.15945 0.2967)
(0.305 0.15945 0.3142)
(0.305 0.15945 0.3317)
(0.305 0.15945 0.3492)
(0.305 0.15945 0.3667)
(0.305 0.15945 0.39505)
(0.305 0.15945 0.40005)
(0.305 0.16445 0.2667)
(0.305 0.16445 0.2717)
(0.305 0.16445 0.2967)
(0.305 0.16445 0.3142)
(0.305 0.16445 0.3317)
(0.305 0.16445 0.3492)
(0.305 0.16445 0.3667)
(0.305 0.16445 0.39505)
(0.305 0.16445 0.40005)
(0.305 0.17445 0.2667)
(0.305 0.17445 0.2717)
(0.305 0.17445 0.2967)
(0.305 0.17445 0.3142)
(0.305 0.17445 0.3317)
(0.305 0.17445 0.3492)
(0.305 0.17445 0.3667)
(0.305 0.17445 0.39505)
(0.305 0.17445 0.40005)
(0.305 0.18445 0.2667)
(0.305 0.18445 0.2717)
(0.305 0.18445 0.2967)
(0.305 0.18445 0.3142)
(0.305 0.18445 0.3317)
(0.305 0.18445 0.3492)
(0.305 0.18445 0.3667)
(0.305 0.18445 0.39505)
(0.305 0.18445 0.40005)
(0.305 0.19695 0.2667)
(0.305 0.19695 0.2717)
(0.305 0.19695 0.2967)
(0.305 0.19695 0.3142)
(0.305 0.19695 0.3317)
(0.305 0.19695 0.3492)
(0.305 0.19695 0.3667)
(0.305 0.19695 0.39505)
(0.305 0.19695 0.40005)
(0.305 0.20945 0.2667)
(0.305 0.20945 0.2717)
(0.305 0.20945 0.2967)
(0.305 0.20945 0.3142)
(0.305 0.20945 0.3317)
(0.305 0.20945 0.3492)
(0.305 0.20945 0.3667)
(0.305 0.20945 0.39505)
(0.305 0.20945 0.40005)
(0.305 0.22645 0.2667)
(0.305 0.22645 0.2717)
(0.305 0.22645 0.2967)
(0.305 0.22645 0.3142)
(0.305 0.22645 0.3317)
(0.305 0.22645 0.3492)
(0.305 0.22645 0.3667)
(0.305 0.22645 0.39505)
(0.305 0.22645 0.40005)
(0.305 0.24345 0.2667)
(0.305 0.24345 0.2717)
(0.305 0.24345 0.2967)
(0.305 0.24345 0.3142)
(0.305 0.24345 0.3317)
(0.305 0.24345 0.3492)
(0.305 0.24345 0.3667)
(0.305 0.24345 0.39505)
(0.305 0.24345 0.40005)
(0.305 0.26045 0.2667)
(0.305 0.26045 0.2717)
(0.305 0.26045 0.2967)
(0.305 0.26045 0.3142)
(0.305 0.26045 0.3317)
(0.305 0.26045 0.3492)
(0.305 0.26045 0.3667)
(0.305 0.26045 0.39505)
(0.305 0.26045 0.40005)
(0.305 0.27745 0.2667)
(0.305 0.27745 0.2717)
(0.305 0.27745 0.2967)
(0.305 0.27745 0.3142)
(0.305 0.27745 0.3317)
(0.305 0.27745 0.3492)
(0.305 0.27745 0.3667)
(0.305 0.27745 0.39505)
(0.305 0.27745 0.40005)
(0.305 0.29445 0.2667)
(0.305 0.29445 0.2717)
(0.305 0.29445 0.2967)
(0.305 0.29445 0.3142)
(0.305 0.29445 0.3317)
(0.305 0.29445 0.3492)
(0.305 0.29445 0.3667)
(0.305 0.29445 0.39505)
(0.305 0.29445 0.40005)
(0.305 0.30945 0.2667)
(0.305 0.30945 0.2717)
(0.305 0.30945 0.2967)
(0.305 0.30945 0.3142)
(0.305 0.30945 0.3317)
(0.305 0.30945 0.3492)
(0.305 0.30945 0.3667)
(0.305 0.30945 0.39505)
(0.305 0.30945 0.40005)
(0.305 0.32445 0.2667)
(0.305 0.32445 0.2717)
(0.305 0.32445 0.2967)
(0.305 0.32445 0.3142)
(0.305 0.32445 0.3317)
(0.305 0.32445 0.3492)
(0.305 0.32445 0.3667)
(0.305 0.32445 0.39505)
(0.305 0.32445 0.40005)
(0.305 0.34195 0.2667)
(0.305 0.34195 0.2717)
(0.305 0.34195 0.2967)
(0.305 0.34195 0.3142)
(0.305 0.34195 0.3317)
(0.305 0.34195 0.3492)
(0.305 0.34195 0.3667)
(0.305 0.34195 0.39505)
(0.305 0.34195 0.40005)
(0.305 0.35945 0.2667)
(0.305 0.35945 0.2717)
(0.305 0.35945 0.2967)
(0.305 0.35945 0.3142)
(0.305 0.35945 0.3317)
(0.305 0.35945 0.3492)
(0.305 0.35945 0.3667)
(0.305 0.35945 0.39505)
(0.305 0.35945 0.40005)
(0.305 0.37695 0.2667)
(0.305 0.37695 0.2717)
(0.305 0.37695 0.2967)
(0.305 0.37695 0.3142)
(0.305 0.37695 0.3317)
(0.305 0.37695 0.3492)
(0.305 0.37695 0.3667)
(0.305 0.37695 0.39505)
(0.305 0.37695 0.40005)
(0.305 0.39445 0.2667)
(0.305 0.39445 0.2717)
(0.305 0.39445 0.2967)
(0.305 0.39445 0.3142)
(0.305 0.39445 0.3317)
(0.305 0.39445 0.3492)
(0.305 0.39445 0.3667)
(0.305 0.39445 0.39505)
(0.305 0.39445 0.40005)
(0.305 0.40445 0.2667)
(0.305 0.40445 0.2717)
(0.305 0.40445 0.2967)
(0.305 0.40445 0.3142)
(0.305 0.40445 0.3317)
(0.305 0.40445 0.3492)
(0.305 0.40445 0.3667)
(0.305 0.40445 0.39505)
(0.305 0.40445 0.40005)
(0.305 0.41945 0.2667)
(0.305 0.41945 0.2717)
(0.305 0.41945 0.39505)
(0.305 0.41945 0.40005)
(0.305 0.42945 0.2667)
(0.305 0.42945 0.2717)
(0.305 0.42945 0.2917)
(0.305 0.42945 0.2967)
(0.305 0.42945 0.3142)
(0.305 0.42945 0.3317)
(0.305 0.42945 0.3492)
(0.305 0.42945 0.3667)
(0.305 0.42945 0.3737)
(0.305 0.42945 0.39505)
(0.305 0.42945 0.40005)
(0.305 0.43445 0.2667)
(0.305 0.43445 0.2717)
(0.305 0.43445 0.2917)
(0.305 0.43445 0.2967)
(0.305 0.43445 0.3142)
(0.305 0.43445 0.3317)
(0.305 0.43445 0.3492)
(0.305 0.43445 0.3667)
(0.305 0.43445 0.3737)
(0.305 0.43445 0.39505)
(0.305 0.43445 0.40005)
(0.305 0.451117 0.2667)
(0.305 0.451117 0.2717)
(0.305 0.451117 0.2917)
(0.305 0.451117 0.2967)
(0.305 0.451117 0.3142)
(0.305 0.451117 0.3317)
(0.305 0.451117 0.3492)
(0.305 0.451117 0.3667)
(0.305 0.451117 0.3737)
(0.305 0.451117 0.39505)
(0.305 0.451117 0.40005)
(0.305 0.467783 0.2667)
(0.305 0.467783 0.2717)
(0.305 0.467783 0.2917)
(0.305 0.467783 0.2967)
(0.305 0.467783 0.3142)
(0.305 0.467783 0.3317)
(0.305 0.467783 0.3492)
(0.305 0.467783 0.3667)
(0.305 0.467783 0.3737)
(0.305 0.467783 0.39505)
(0.305 0.467783 0.40005)
(0.305 0.48445 0.2667)
(0.305 0.48445 0.2717)
(0.305 0.48445 0.2917)
(0.305 0.48445 0.2967)
(0.305 0.48445 0.3142)
(0.305 0.48445 0.3317)
(0.305 0.48445 0.3492)
(0.305 0.48445 0.3667)
(0.305 0.48445 0.3737)
(0.305 0.48445 0.39505)
(0.305 0.48445 0.40005)
(0.305 0.49445 0.2667)
(0.305 0.49445 0.2717)
(0.305 0.49445 0.2917)
(0.305 0.49445 0.2967)
(0.305 0.49445 0.3142)
(0.305 0.49445 0.3317)
(0.305 0.49445 0.3492)
(0.305 0.49445 0.3667)
(0.305 0.49445 0.3737)
(0.305 0.49445 0.39505)
(0.305 0.49445 0.40005)
(0.305 0.50445 0.2667)
(0.305 0.50445 0.2717)
(0.305 0.50445 0.2917)
(0.305 0.50445 0.2967)
(0.305 0.50445 0.3142)
(0.305 0.50445 0.3317)
(0.305 0.50445 0.3492)
(0.305 0.50445 0.3667)
(0.305 0.50445 0.3737)
(0.305 0.50445 0.39505)
(0.305 0.50445 0.40005)
(0.305 0.50945 0.2667)
(0.305 0.50945 0.2717)
(0.305 0.50945 0.2917)
(0.305 0.50945 0.2967)
(0.305 0.50945 0.3142)
(0.305 0.50945 0.3317)
(0.305 0.50945 0.3492)
(0.305 0.50945 0.3667)
(0.305 0.50945 0.3737)
(0.305 0.50945 0.39505)
(0.305 0.50945 0.40005)
(0.305 0.52445 0.2667)
(0.305 0.52445 0.2717)
(0.305 0.52445 0.39505)
(0.305 0.52445 0.40005)
(0.305 0.53945 0.2667)
(0.305 0.53945 0.2717)
(0.305 0.53945 0.2817)
(0.305 0.53945 0.38505)
(0.305 0.53945 0.39505)
(0.305 0.53945 0.40005)
(0.305 0.54445 0.2667)
(0.305 0.54445 0.2717)
(0.305 0.54445 0.2817)
(0.305 0.54445 0.38505)
(0.305 0.54445 0.39505)
(0.305 0.54445 0.40005)
(0.32 0.04445 0.2667)
(0.32 0.04445 0.2717)
(0.32 0.04445 0.2817)
(0.32 0.04445 0.2847)
(0.32 0.04445 0.38205)
(0.32 0.04445 0.38505)
(0.32 0.04445 0.39505)
(0.32 0.04445 0.40005)
(0.32 0.04945 0.2667)
(0.32 0.04945 0.2717)
(0.32 0.04945 0.2817)
(0.32 0.04945 0.2847)
(0.32 0.04945 0.38205)
(0.32 0.04945 0.38505)
(0.32 0.04945 0.39505)
(0.32 0.04945 0.40005)
(0.32 0.06445 0.2667)
(0.32 0.06445 0.2717)
(0.32 0.06445 0.39505)
(0.32 0.06445 0.40005)
(0.32 0.07945 0.2667)
(0.32 0.07945 0.2717)
(0.32 0.07945 0.39505)
(0.32 0.07945 0.40005)
(0.32 0.08945 0.2667)
(0.32 0.08945 0.2717)
(0.32 0.08945 0.39505)
(0.32 0.08945 0.40005)
(0.32 0.09945 0.2667)
(0.32 0.09945 0.2717)
(0.32 0.09945 0.39505)
(0.32 0.09945 0.40005)
(0.32 0.11445 0.2667)
(0.32 0.11445 0.2717)
(0.32 0.11445 0.39505)
(0.32 0.11445 0.40005)
(0.32 0.12945 0.2667)
(0.32 0.12945 0.2717)
(0.32 0.12945 0.39505)
(0.32 0.12945 0.40005)
(0.32 0.14445 0.2667)
(0.32 0.14445 0.2717)
(0.32 0.14445 0.2887)
(0.32 0.14445 0.2917)
(0.32 0.14445 0.2967)
(0.32 0.14445 0.3142)
(0.32 0.14445 0.3317)
(0.32 0.14445 0.3492)
(0.32 0.14445 0.3667)
(0.32 0.14445 0.3737)
(0.32 0.14445 0.3767)
(0.32 0.14445 0.39505)
(0.32 0.14445 0.40005)
(0.32 0.15945 0.2667)
(0.32 0.15945 0.2717)
(0.32 0.15945 0.2887)
(0.32 0.15945 0.2917)
(0.32 0.15945 0.2967)
(0.32 0.15945 0.3142)
(0.32 0.15945 0.3317)
(0.32 0.15945 0.3492)
(0.32 0.15945 0.3667)
(0.32 0.15945 0.3737)
(0.32 0.15945 0.3767)
(0.32 0.15945 0.39505)
(0.32 0.15945 0.40005)
(0.32 0.16445 0.2667)
(0.32 0.16445 0.2717)
(0.32 0.16445 0.2887)
(0.32 0.16445 0.2917)
(0.32 0.16445 0.2967)
(0.32 0.16445 0.3142)
(0.32 0.16445 0.3317)
(0.32 0.16445 0.3492)
(0.32 0.16445 0.3667)
(0.32 0.16445 0.3737)
(0.32 0.16445 0.3767)
(0.32 0.16445 0.39505)
(0.32 0.16445 0.40005)
(0.32 0.17445 0.2667)
(0.32 0.17445 0.2717)
(0.32 0.17445 0.2887)
(0.32 0.17445 0.2917)
(0.32 0.17445 0.2967)
(0.32 0.17445 0.3142)
(0.32 0.17445 0.3317)
(0.32 0.17445 0.3492)
(0.32 0.17445 0.3667)
(0.32 0.17445 0.3737)
(0.32 0.17445 0.3767)
(0.32 0.17445 0.39505)
(0.32 0.17445 0.40005)
(0.32 0.18445 0.2667)
(0.32 0.18445 0.2717)
(0.32 0.18445 0.2887)
(0.32 0.18445 0.2917)
(0.32 0.18445 0.2967)
(0.32 0.18445 0.3142)
(0.32 0.18445 0.3317)
(0.32 0.18445 0.3492)
(0.32 0.18445 0.3667)
(0.32 0.18445 0.3737)
(0.32 0.18445 0.3767)
(0.32 0.18445 0.39505)
(0.32 0.18445 0.40005)
(0.32 0.19695 0.2667)
(0.32 0.19695 0.2717)
(0.32 0.19695 0.2887)
(0.32 0.19695 0.2917)
(0.32 0.19695 0.2967)
(0.32 0.19695 0.3142)
(0.32 0.19695 0.3317)
(0.32 0.19695 0.3492)
(0.32 0.19695 0.3667)
(0.32 0.19695 0.3737)
(0.32 0.19695 0.3767)
(0.32 0.19695 0.39505)
(0.32 0.19695 0.40005)
(0.32 0.20945 0.2667)
(0.32 0.20945 0.2717)
(0.32 0.20945 0.2887)
(0.32 0.20945 0.2917)
(0.32 0.20945 0.2967)
(0.32 0.20945 0.3142)
(0.32 0.20945 0.3317)
(0.32 0.20945 0.3492)
(0.32 0.20945 0.3667)
(0.32 0.20945 0.3737)
(0.32 0.20945 0.3767)
(0.32 0.20945 0.39505)
(0.32 0.20945 0.40005)
(0.32 0.22645 0.2667)
(0.32 0.22645 0.2717)
(0.32 0.22645 0.2887)
(0.32 0.22645 0.2917)
(0.32 0.22645 0.2967)
(0.32 0.22645 0.3142)
(0.32 0.22645 0.3317)
(0.32 0.22645 0.3492)
(0.32 0.22645 0.3667)
(0.32 0.22645 0.3737)
(0.32 0.22645 0.3767)
(0.32 0.22645 0.39505)
(0.32 0.22645 0.40005)
(0.32 0.24345 0.2667)
(0.32 0.24345 0.2717)
(0.32 0.24345 0.2887)
(0.32 0.24345 0.2917)
(0.32 0.24345 0.2967)
(0.32 0.24345 0.3142)
(0.32 0.24345 0.3317)
(0.32 0.24345 0.3492)
(0.32 0.24345 0.3667)
(0.32 0.24345 0.3737)
(0.32 0.24345 0.3767)
(0.32 0.24345 0.39505)
(0.32 0.24345 0.40005)
(0.32 0.26045 0.2667)
(0.32 0.26045 0.2717)
(0.32 0.26045 0.2887)
(0.32 0.26045 0.2917)
(0.32 0.26045 0.2967)
(0.32 0.26045 0.3142)
(0.32 0.26045 0.3317)
(0.32 0.26045 0.3492)
(0.32 0.26045 0.3667)
(0.32 0.26045 0.3737)
(0.32 0.26045 0.3767)
(0.32 0.26045 0.39505)
(0.32 0.26045 0.40005)
(0.32 0.27745 0.2667)
(0.32 0.27745 0.2717)
(0.32 0.27745 0.2887)
(0.32 0.27745 0.2917)
(0.32 0.27745 0.2967)
(0.32 0.27745 0.3142)
(0.32 0.27745 0.3317)
(0.32 0.27745 0.3492)
(0.32 0.27745 0.3667)
(0.32 0.27745 0.3737)
(0.32 0.27745 0.3767)
(0.32 0.27745 0.39505)
(0.32 0.27745 0.40005)
(0.32 0.29445 0.2667)
(0.32 0.29445 0.2717)
(0.32 0.29445 0.2887)
(0.32 0.29445 0.2917)
(0.32 0.29445 0.2967)
(0.32 0.29445 0.3142)
(0.32 0.29445 0.3317)
(0.32 0.29445 0.3492)
(0.32 0.29445 0.3667)
(0.32 0.29445 0.3737)
(0.32 0.29445 0.3767)
(0.32 0.29445 0.39505)
(0.32 0.29445 0.40005)
(0.32 0.30945 0.2667)
(0.32 0.30945 0.2717)
(0.32 0.30945 0.2887)
(0.32 0.30945 0.2917)
(0.32 0.30945 0.2967)
(0.32 0.30945 0.3142)
(0.32 0.30945 0.3317)
(0.32 0.30945 0.3492)
(0.32 0.30945 0.3667)
(0.32 0.30945 0.3737)
(0.32 0.30945 0.3767)
(0.32 0.30945 0.39505)
(0.32 0.30945 0.40005)
(0.32 0.32445 0.2667)
(0.32 0.32445 0.2717)
(0.32 0.32445 0.2887)
(0.32 0.32445 0.2917)
(0.32 0.32445 0.2967)
(0.32 0.32445 0.3142)
(0.32 0.32445 0.3317)
(0.32 0.32445 0.3492)
(0.32 0.32445 0.3667)
(0.32 0.32445 0.3737)
(0.32 0.32445 0.3767)
(0.32 0.32445 0.39505)
(0.32 0.32445 0.40005)
(0.32 0.34195 0.2667)
(0.32 0.34195 0.2717)
(0.32 0.34195 0.2887)
(0.32 0.34195 0.2917)
(0.32 0.34195 0.2967)
(0.32 0.34195 0.3142)
(0.32 0.34195 0.3317)
(0.32 0.34195 0.3492)
(0.32 0.34195 0.3667)
(0.32 0.34195 0.3737)
(0.32 0.34195 0.3767)
(0.32 0.34195 0.39505)
(0.32 0.34195 0.40005)
(0.32 0.35945 0.2667)
(0.32 0.35945 0.2717)
(0.32 0.35945 0.2887)
(0.32 0.35945 0.2917)
(0.32 0.35945 0.2967)
(0.32 0.35945 0.3142)
(0.32 0.35945 0.3317)
(0.32 0.35945 0.3492)
(0.32 0.35945 0.3667)
(0.32 0.35945 0.3737)
(0.32 0.35945 0.3767)
(0.32 0.35945 0.39505)
(0.32 0.35945 0.40005)
(0.32 0.37695 0.2667)
(0.32 0.37695 0.2717)
(0.32 0.37695 0.2887)
(0.32 0.37695 0.2917)
(0.32 0.37695 0.2967)
(0.32 0.37695 0.3142)
(0.32 0.37695 0.3317)
(0.32 0.37695 0.3492)
(0.32 0.37695 0.3667)
(0.32 0.37695 0.3737)
(0.32 0.37695 0.3767)
(0.32 0.37695 0.39505)
(0.32 0.37695 0.40005)
(0.32 0.39445 0.2667)
(0.32 0.39445 0.2717)
(0.32 0.39445 0.2887)
(0.32 0.39445 0.2917)
(0.32 0.39445 0.2967)
(0.32 0.39445 0.3142)
(0.32 0.39445 0.3317)
(0.32 0.39445 0.3492)
(0.32 0.39445 0.3667)
(0.32 0.39445 0.3737)
(0.32 0.39445 0.3767)
(0.32 0.39445 0.39505)
(0.32 0.39445 0.40005)
(0.32 0.40445 0.2667)
(0.32 0.40445 0.2717)
(0.32 0.40445 0.2887)
(0.32 0.40445 0.2917)
(0.32 0.40445 0.2967)
(0.32 0.40445 0.3142)
(0.32 0.40445 0.3317)
(0.32 0.40445 0.3492)
(0.32 0.40445 0.3667)
(0.32 0.40445 0.3737)
(0.32 0.40445 0.3767)
(0.32 0.40445 0.39505)
(0.32 0.40445 0.40005)
(0.32 0.41945 0.2667)
(0.32 0.41945 0.2717)
(0.32 0.41945 0.2887)
(0.32 0.41945 0.2917)
(0.32 0.41945 0.2967)
(0.32 0.41945 0.3142)
(0.32 0.41945 0.3317)
(0.32 0.41945 0.3492)
(0.32 0.41945 0.3667)
(0.32 0.41945 0.3737)
(0.32 0.41945 0.3767)
(0.32 0.41945 0.39505)
(0.32 0.41945 0.40005)
(0.32 0.42945 0.2667)
(0.32 0.42945 0.2717)
(0.32 0.42945 0.2917)
(0.32 0.42945 0.2967)
(0.32 0.42945 0.3142)
(0.32 0.42945 0.3317)
(0.32 0.42945 0.3492)
(0.32 0.42945 0.3667)
(0.32 0.42945 0.3737)
(0.32 0.42945 0.39505)
(0.32 0.42945 0.40005)
(0.32 0.43445 0.2667)
(0.32 0.43445 0.2717)
(0.32 0.43445 0.2917)
(0.32 0.43445 0.2967)
(0.32 0.43445 0.3142)
(0.32 0.43445 0.3317)
(0.32 0.43445 0.3492)
(0.32 0.43445 0.3667)
(0.32 0.43445 0.3737)
(0.32 0.43445 0.39505)
(0.32 0.43445 0.40005)
(0.32 0.451117 0.2667)
(0.32 0.451117 0.2717)
(0.32 0.451117 0.2917)
(0.32 0.451117 0.2967)
(0.32 0.451117 0.3142)
(0.32 0.451117 0.3317)
(0.32 0.451117 0.3492)
(0.32 0.451117 0.3667)
(0.32 0.451117 0.3737)
(0.32 0.451117 0.39505)
(0.32 0.451117 0.40005)
(0.32 0.467783 0.2667)
(0.32 0.467783 0.2717)
(0.32 0.467783 0.2917)
(0.32 0.467783 0.2967)
(0.32 0.467783 0.3142)
(0.32 0.467783 0.3317)
(0.32 0.467783 0.3492)
(0.32 0.467783 0.3667)
(0.32 0.467783 0.3737)
(0.32 0.467783 0.39505)
(0.32 0.467783 0.40005)
(0.32 0.48445 0.2667)
(0.32 0.48445 0.2717)
(0.32 0.48445 0.2917)
(0.32 0.48445 0.2967)
(0.32 0.48445 0.3142)
(0.32 0.48445 0.3317)
(0.32 0.48445 0.3492)
(0.32 0.48445 0.3667)
(0.32 0.48445 0.3737)
(0.32 0.48445 0.39505)
(0.32 0.48445 0.40005)
(0.32 0.49445 0.2667)
(0.32 0.49445 0.2717)
(0.32 0.49445 0.2917)
(0.32 0.49445 0.2967)
(0.32 0.49445 0.3142)
(0.32 0.49445 0.3317)
(0.32 0.49445 0.3492)
(0.32 0.49445 0.3667)
(0.32 0.49445 0.3737)
(0.32 0.49445 0.39505)
(0.32 0.49445 0.40005)
(0.32 0.50445 0.2667)
(0.32 0.50445 0.2717)
(0.32 0.50445 0.2917)
(0.32 0.50445 0.2967)
(0.32 0.50445 0.3142)
(0.32 0.50445 0.3317)
(0.32 0.50445 0.3492)
(0.32 0.50445 0.3667)
(0.32 0.50445 0.3737)
(0.32 0.50445 0.39505)
(0.32 0.50445 0.40005)
(0.32 0.50945 0.2667)
(0.32 0.50945 0.2717)
(0.32 0.50945 0.2917)
(0.32 0.50945 0.2967)
(0.32 0.50945 0.3142)
(0.32 0.50945 0.3317)
(0.32 0.50945 0.3492)
(0.32 0.50945 0.3667)
(0.32 0.50945 0.3737)
(0.32 0.50945 0.39505)
(0.32 0.50945 0.40005)
(0.32 0.52445 0.2667)
(0.32 0.52445 0.2717)
(0.32 0.52445 0.39505)
(0.32 0.52445 0.40005)
(0.32 0.53945 0.2667)
(0.32 0.53945 0.2717)
(0.32 0.53945 0.2817)
(0.32 0.53945 0.38505)
(0.32 0.53945 0.39505)
(0.32 0.53945 0.40005)
(0.32 0.54445 0.2667)
(0.32 0.54445 0.2717)
(0.32 0.54445 0.2817)
(0.32 0.54445 0.38505)
(0.32 0.54445 0.39505)
(0.32 0.54445 0.40005)
(0.328612 0.04445 0.2667)
(0.328612 0.04445 0.2717)
(0.328612 0.04445 0.2817)
(0.328612 0.04445 0.2847)
(0.328612 0.04445 0.38205)
(0.328612 0.04445 0.38505)
(0.328612 0.04445 0.39505)
(0.328612 0.04445 0.40005)
(0.328612 0.04945 0.2667)
(0.328612 0.04945 0.2717)
(0.328612 0.04945 0.2817)
(0.328612 0.04945 0.2847)
(0.328612 0.04945 0.38205)
(0.328612 0.04945 0.38505)
(0.328612 0.04945 0.39505)
(0.328612 0.04945 0.40005)
(0.328612 0.06445 0.2667)
(0.328612 0.06445 0.2717)
(0.328612 0.06445 0.39505)
(0.328612 0.06445 0.40005)
(0.328612 0.07945 0.2667)
(0.328612 0.07945 0.2717)
(0.328612 0.07945 0.39505)
(0.328612 0.07945 0.40005)
(0.328612 0.08945 0.2667)
(0.328612 0.08945 0.2717)
(0.328612 0.08945 0.39505)
(0.328612 0.08945 0.40005)
(0.328612 0.09945 0.2667)
(0.328612 0.09945 0.2717)
(0.328612 0.09945 0.39505)
(0.328612 0.09945 0.40005)
(0.328612 0.11445 0.2667)
(0.328612 0.11445 0.2717)
(0.328612 0.11445 0.39505)
(0.328612 0.11445 0.40005)
(0.328612 0.12945 0.2667)
(0.328612 0.12945 0.2717)
(0.328612 0.12945 0.39505)
(0.328612 0.12945 0.40005)
(0.328612 0.14445 0.2667)
(0.328612 0.14445 0.2717)
(0.328612 0.14445 0.2887)
(0.328612 0.14445 0.2917)
(0.328612 0.14445 0.2967)
(0.328612 0.14445 0.3142)
(0.328612 0.14445 0.3317)
(0.328612 0.14445 0.3492)
(0.328612 0.14445 0.3667)
(0.328612 0.14445 0.3737)
(0.328612 0.14445 0.3767)
(0.328612 0.14445 0.39505)
(0.328612 0.14445 0.40005)
(0.328612 0.15945 0.2667)
(0.328612 0.15945 0.2717)
(0.328612 0.15945 0.2887)
(0.328612 0.15945 0.2917)
(0.328612 0.15945 0.2967)
(0.328612 0.15945 0.3142)
(0.328612 0.15945 0.3317)
(0.328612 0.15945 0.3492)
(0.328612 0.15945 0.3667)
(0.328612 0.15945 0.3737)
(0.328612 0.15945 0.3767)
(0.328612 0.15945 0.39505)
(0.328612 0.15945 0.40005)
(0.328612 0.16445 0.2667)
(0.328612 0.16445 0.2717)
(0.328612 0.16445 0.2887)
(0.328612 0.16445 0.2917)
(0.328612 0.16445 0.2967)
(0.328612 0.16445 0.3142)
(0.328612 0.16445 0.3317)
(0.328612 0.16445 0.3492)
(0.328612 0.16445 0.3667)
(0.328612 0.16445 0.3737)
(0.328612 0.16445 0.3767)
(0.328612 0.16445 0.39505)
(0.328612 0.16445 0.40005)
(0.328612 0.17445 0.2667)
(0.328612 0.17445 0.2717)
(0.328612 0.17445 0.2887)
(0.328612 0.17445 0.2917)
(0.328612 0.17445 0.2967)
(0.328612 0.17445 0.3142)
(0.328612 0.17445 0.3317)
(0.328612 0.17445 0.3492)
(0.328612 0.17445 0.3667)
(0.328612 0.17445 0.3737)
(0.328612 0.17445 0.3767)
(0.328612 0.17445 0.39505)
(0.328612 0.17445 0.40005)
(0.328612 0.18445 0.2667)
(0.328612 0.18445 0.2717)
(0.328612 0.18445 0.2887)
(0.328612 0.18445 0.2917)
(0.328612 0.18445 0.2967)
(0.328612 0.18445 0.3142)
(0.328612 0.18445 0.3317)
(0.328612 0.18445 0.3492)
(0.328612 0.18445 0.3667)
(0.328612 0.18445 0.3737)
(0.328612 0.18445 0.3767)
(0.328612 0.18445 0.39505)
(0.328612 0.18445 0.40005)
(0.328612 0.19695 0.2667)
(0.328612 0.19695 0.2717)
(0.328612 0.19695 0.2887)
(0.328612 0.19695 0.2917)
(0.328612 0.19695 0.2967)
(0.328612 0.19695 0.3142)
(0.328612 0.19695 0.3317)
(0.328612 0.19695 0.3492)
(0.328612 0.19695 0.3667)
(0.328612 0.19695 0.3737)
(0.328612 0.19695 0.3767)
(0.328612 0.19695 0.39505)
(0.328612 0.19695 0.40005)
(0.328612 0.20945 0.2667)
(0.328612 0.20945 0.2717)
(0.328612 0.20945 0.2887)
(0.328612 0.20945 0.2917)
(0.328612 0.20945 0.2967)
(0.328612 0.20945 0.3142)
(0.328612 0.20945 0.3317)
(0.328612 0.20945 0.3492)
(0.328612 0.20945 0.3667)
(0.328612 0.20945 0.3737)
(0.328612 0.20945 0.3767)
(0.328612 0.20945 0.39505)
(0.328612 0.20945 0.40005)
(0.328612 0.22645 0.2667)
(0.328612 0.22645 0.2717)
(0.328612 0.22645 0.2887)
(0.328612 0.22645 0.2917)
(0.328612 0.22645 0.2967)
(0.328612 0.22645 0.3142)
(0.328612 0.22645 0.3317)
(0.328612 0.22645 0.3492)
(0.328612 0.22645 0.3667)
(0.328612 0.22645 0.3737)
(0.328612 0.22645 0.3767)
(0.328612 0.22645 0.39505)
(0.328612 0.22645 0.40005)
(0.328612 0.24345 0.2667)
(0.328612 0.24345 0.2717)
(0.328612 0.24345 0.2887)
(0.328612 0.24345 0.2917)
(0.328612 0.24345 0.2967)
(0.328612 0.24345 0.3142)
(0.328612 0.24345 0.3317)
(0.328612 0.24345 0.3492)
(0.328612 0.24345 0.3667)
(0.328612 0.24345 0.3737)
(0.328612 0.24345 0.3767)
(0.328612 0.24345 0.39505)
(0.328612 0.24345 0.40005)
(0.328612 0.26045 0.2667)
(0.328612 0.26045 0.2717)
(0.328612 0.26045 0.2887)
(0.328612 0.26045 0.2917)
(0.328612 0.26045 0.2967)
(0.328612 0.26045 0.3142)
(0.328612 0.26045 0.3317)
(0.328612 0.26045 0.3492)
(0.328612 0.26045 0.3667)
(0.328612 0.26045 0.3737)
(0.328612 0.26045 0.3767)
(0.328612 0.26045 0.39505)
(0.328612 0.26045 0.40005)
(0.328612 0.27745 0.2667)
(0.328612 0.27745 0.2717)
(0.328612 0.27745 0.2887)
(0.328612 0.27745 0.2917)
(0.328612 0.27745 0.2967)
(0.328612 0.27745 0.3142)
(0.328612 0.27745 0.3317)
(0.328612 0.27745 0.3492)
(0.328612 0.27745 0.3667)
(0.328612 0.27745 0.3737)
(0.328612 0.27745 0.3767)
(0.328612 0.27745 0.39505)
(0.328612 0.27745 0.40005)
(0.328612 0.29445 0.2667)
(0.328612 0.29445 0.2717)
(0.328612 0.29445 0.2887)
(0.328612 0.29445 0.2917)
(0.328612 0.29445 0.2967)
(0.328612 0.29445 0.3142)
(0.328612 0.29445 0.3317)
(0.328612 0.29445 0.3492)
(0.328612 0.29445 0.3667)
(0.328612 0.29445 0.3737)
(0.328612 0.29445 0.3767)
(0.328612 0.29445 0.39505)
(0.328612 0.29445 0.40005)
(0.328612 0.30945 0.2667)
(0.328612 0.30945 0.2717)
(0.328612 0.30945 0.2887)
(0.328612 0.30945 0.2917)
(0.328612 0.30945 0.2967)
(0.328612 0.30945 0.3142)
(0.328612 0.30945 0.3317)
(0.328612 0.30945 0.3492)
(0.328612 0.30945 0.3667)
(0.328612 0.30945 0.3737)
(0.328612 0.30945 0.3767)
(0.328612 0.30945 0.39505)
(0.328612 0.30945 0.40005)
(0.328612 0.32445 0.2667)
(0.328612 0.32445 0.2717)
(0.328612 0.32445 0.2887)
(0.328612 0.32445 0.2917)
(0.328612 0.32445 0.2967)
(0.328612 0.32445 0.3142)
(0.328612 0.32445 0.3317)
(0.328612 0.32445 0.3492)
(0.328612 0.32445 0.3667)
(0.328612 0.32445 0.3737)
(0.328612 0.32445 0.3767)
(0.328612 0.32445 0.39505)
(0.328612 0.32445 0.40005)
(0.328612 0.34195 0.2667)
(0.328612 0.34195 0.2717)
(0.328612 0.34195 0.2887)
(0.328612 0.34195 0.2917)
(0.328612 0.34195 0.2967)
(0.328612 0.34195 0.3142)
(0.328612 0.34195 0.3317)
(0.328612 0.34195 0.3492)
(0.328612 0.34195 0.3667)
(0.328612 0.34195 0.3737)
(0.328612 0.34195 0.3767)
(0.328612 0.34195 0.39505)
(0.328612 0.34195 0.40005)
(0.328612 0.35945 0.2667)
(0.328612 0.35945 0.2717)
(0.328612 0.35945 0.2887)
(0.328612 0.35945 0.2917)
(0.328612 0.35945 0.2967)
(0.328612 0.35945 0.3142)
(0.328612 0.35945 0.3317)
(0.328612 0.35945 0.3492)
(0.328612 0.35945 0.3667)
(0.328612 0.35945 0.3737)
(0.328612 0.35945 0.3767)
(0.328612 0.35945 0.39505)
(0.328612 0.35945 0.40005)
(0.328612 0.37695 0.2667)
(0.328612 0.37695 0.2717)
(0.328612 0.37695 0.2887)
(0.328612 0.37695 0.2917)
(0.328612 0.37695 0.2967)
(0.328612 0.37695 0.3142)
(0.328612 0.37695 0.3317)
(0.328612 0.37695 0.3492)
(0.328612 0.37695 0.3667)
(0.328612 0.37695 0.3737)
(0.328612 0.37695 0.3767)
(0.328612 0.37695 0.39505)
(0.328612 0.37695 0.40005)
(0.328612 0.39445 0.2667)
(0.328612 0.39445 0.2717)
(0.328612 0.39445 0.2887)
(0.328612 0.39445 0.2917)
(0.328612 0.39445 0.2967)
(0.328612 0.39445 0.3142)
(0.328612 0.39445 0.3317)
(0.328612 0.39445 0.3492)
(0.328612 0.39445 0.3667)
(0.328612 0.39445 0.3737)
(0.328612 0.39445 0.3767)
(0.328612 0.39445 0.39505)
(0.328612 0.39445 0.40005)
(0.328612 0.40445 0.2667)
(0.328612 0.40445 0.2717)
(0.328612 0.40445 0.2887)
(0.328612 0.40445 0.2917)
(0.328612 0.40445 0.2967)
(0.328612 0.40445 0.3142)
(0.328612 0.40445 0.3317)
(0.328612 0.40445 0.3492)
(0.328612 0.40445 0.3667)
(0.328612 0.40445 0.3737)
(0.328612 0.40445 0.3767)
(0.328612 0.40445 0.39505)
(0.328612 0.40445 0.40005)
(0.328612 0.41945 0.2667)
(0.328612 0.41945 0.2717)
(0.328612 0.41945 0.2887)
(0.328612 0.41945 0.2917)
(0.328612 0.41945 0.2967)
(0.328612 0.41945 0.3142)
(0.328612 0.41945 0.3317)
(0.328612 0.41945 0.3492)
(0.328612 0.41945 0.3667)
(0.328612 0.41945 0.3737)
(0.328612 0.41945 0.3767)
(0.328612 0.41945 0.39505)
(0.328612 0.41945 0.40005)
(0.328612 0.42945 0.2667)
(0.328612 0.42945 0.2717)
(0.328612 0.42945 0.2917)
(0.328612 0.42945 0.2967)
(0.328612 0.42945 0.3142)
(0.328612 0.42945 0.3317)
(0.328612 0.42945 0.3492)
(0.328612 0.42945 0.3667)
(0.328612 0.42945 0.3737)
(0.328612 0.42945 0.39505)
(0.328612 0.42945 0.40005)
(0.328612 0.43445 0.2667)
(0.328612 0.43445 0.2717)
(0.328612 0.43445 0.2917)
(0.328612 0.43445 0.2967)
(0.328612 0.43445 0.3142)
(0.328612 0.43445 0.3317)
(0.328612 0.43445 0.3492)
(0.328612 0.43445 0.3667)
(0.328612 0.43445 0.3737)
(0.328612 0.43445 0.39505)
(0.328612 0.43445 0.40005)
(0.328612 0.451117 0.2667)
(0.328612 0.451117 0.2717)
(0.328612 0.451117 0.2917)
(0.328612 0.451117 0.2967)
(0.328612 0.451117 0.3142)
(0.328612 0.451117 0.3317)
(0.328612 0.451117 0.3492)
(0.328612 0.451117 0.3667)
(0.328612 0.451117 0.3737)
(0.328612 0.451117 0.39505)
(0.328612 0.451117 0.40005)
(0.328612 0.467783 0.2667)
(0.328612 0.467783 0.2717)
(0.328612 0.467783 0.2917)
(0.328612 0.467783 0.2967)
(0.328612 0.467783 0.3142)
(0.328612 0.467783 0.3317)
(0.328612 0.467783 0.3492)
(0.328612 0.467783 0.3667)
(0.328612 0.467783 0.3737)
(0.328612 0.467783 0.39505)
(0.328612 0.467783 0.40005)
(0.328612 0.48445 0.2667)
(0.328612 0.48445 0.2717)
(0.328612 0.48445 0.2917)
(0.328612 0.48445 0.2967)
(0.328612 0.48445 0.3142)
(0.328612 0.48445 0.3317)
(0.328612 0.48445 0.3492)
(0.328612 0.48445 0.3667)
(0.328612 0.48445 0.3737)
(0.328612 0.48445 0.39505)
(0.328612 0.48445 0.40005)
(0.328612 0.49445 0.2667)
(0.328612 0.49445 0.2717)
(0.328612 0.49445 0.2917)
(0.328612 0.49445 0.2967)
(0.328612 0.49445 0.3142)
(0.328612 0.49445 0.3317)
(0.328612 0.49445 0.3492)
(0.328612 0.49445 0.3667)
(0.328612 0.49445 0.3737)
(0.328612 0.49445 0.39505)
(0.328612 0.49445 0.40005)
(0.328612 0.50445 0.2667)
(0.328612 0.50445 0.2717)
(0.328612 0.50445 0.2917)
(0.328612 0.50445 0.2967)
(0.328612 0.50445 0.3142)
(0.328612 0.50445 0.3317)
(0.328612 0.50445 0.3492)
(0.328612 0.50445 0.3667)
(0.328612 0.50445 0.3737)
(0.328612 0.50445 0.39505)
(0.328612 0.50445 0.40005)
(0.328612 0.50945 0.2667)
(0.328612 0.50945 0.2717)
(0.328612 0.50945 0.2917)
(0.328612 0.50945 0.2967)
(0.328612 0.50945 0.3142)
(0.328612 0.50945 0.3317)
(0.328612 0.50945 0.3492)
(0.328612 0.50945 0.3667)
(0.328612 0.50945 0.3737)
(0.328612 0.50945 0.39505)
(0.328612 0.50945 0.40005)
(0.328612 0.52445 0.2667)
(0.328612 0.52445 0.2717)
(0.328612 0.52445 0.39505)
(0.328612 0.52445 0.40005)
(0.328612 0.53945 0.2667)
(0.328612 0.53945 0.2717)
(0.328612 0.53945 0.2817)
(0.328612 0.53945 0.38505)
(0.328612 0.53945 0.39505)
(0.328612 0.53945 0.40005)
(0.328612 0.54445 0.2667)
(0.328612 0.54445 0.2717)
(0.328612 0.54445 0.2817)
(0.328612 0.54445 0.38505)
(0.328612 0.54445 0.39505)
(0.328612 0.54445 0.40005)
(0.333895 0.04445 0.2667)
(0.333895 0.04445 0.2717)
(0.333895 0.04445 0.2817)
(0.333895 0.04445 0.2847)
(0.333895 0.04445 0.38205)
(0.333895 0.04445 0.38505)
(0.333895 0.04445 0.39505)
(0.333895 0.04445 0.40005)
(0.333895 0.04945 0.2667)
(0.333895 0.04945 0.2717)
(0.333895 0.04945 0.2817)
(0.333895 0.04945 0.2847)
(0.333895 0.04945 0.38205)
(0.333895 0.04945 0.38505)
(0.333895 0.04945 0.39505)
(0.333895 0.04945 0.40005)
(0.333895 0.06445 0.2667)
(0.333895 0.06445 0.2717)
(0.333895 0.06445 0.39505)
(0.333895 0.06445 0.40005)
(0.333895 0.07945 0.2667)
(0.333895 0.07945 0.2717)
(0.333895 0.07945 0.39505)
(0.333895 0.07945 0.40005)
(0.333895 0.08945 0.2667)
(0.333895 0.08945 0.2717)
(0.333895 0.08945 0.39505)
(0.333895 0.08945 0.40005)
(0.333895 0.09945 0.2667)
(0.333895 0.09945 0.2717)
(0.333895 0.09945 0.39505)
(0.333895 0.09945 0.40005)
(0.333895 0.11445 0.2667)
(0.333895 0.11445 0.2717)
(0.333895 0.11445 0.39505)
(0.333895 0.11445 0.40005)
(0.333895 0.12945 0.2667)
(0.333895 0.12945 0.2717)
(0.333895 0.12945 0.39505)
(0.333895 0.12945 0.40005)
(0.333895 0.14445 0.2667)
(0.333895 0.14445 0.2717)
(0.333895 0.14445 0.2887)
(0.333895 0.14445 0.2917)
(0.333895 0.14445 0.2967)
(0.333895 0.14445 0.3142)
(0.333895 0.14445 0.3317)
(0.333895 0.14445 0.3492)
(0.333895 0.14445 0.3667)
(0.333895 0.14445 0.3737)
(0.333895 0.14445 0.3767)
(0.333895 0.14445 0.39505)
(0.333895 0.14445 0.40005)
(0.333895 0.15945 0.2667)
(0.333895 0.15945 0.2717)
(0.333895 0.15945 0.2887)
(0.333895 0.15945 0.2917)
(0.333895 0.15945 0.2967)
(0.333895 0.15945 0.3142)
(0.333895 0.15945 0.3317)
(0.333895 0.15945 0.3492)
(0.333895 0.15945 0.3667)
(0.333895 0.15945 0.3737)
(0.333895 0.15945 0.3767)
(0.333895 0.15945 0.39505)
(0.333895 0.15945 0.40005)
(0.333895 0.16445 0.2667)
(0.333895 0.16445 0.2717)
(0.333895 0.16445 0.2887)
(0.333895 0.16445 0.2917)
(0.333895 0.16445 0.2967)
(0.333895 0.16445 0.3142)
(0.333895 0.16445 0.3317)
(0.333895 0.16445 0.3492)
(0.333895 0.16445 0.3667)
(0.333895 0.16445 0.3737)
(0.333895 0.16445 0.3767)
(0.333895 0.16445 0.39505)
(0.333895 0.16445 0.40005)
(0.333895 0.17445 0.2667)
(0.333895 0.17445 0.2717)
(0.333895 0.17445 0.2887)
(0.333895 0.17445 0.2917)
(0.333895 0.17445 0.2967)
(0.333895 0.17445 0.3142)
(0.333895 0.17445 0.3317)
(0.333895 0.17445 0.3492)
(0.333895 0.17445 0.3667)
(0.333895 0.17445 0.3737)
(0.333895 0.17445 0.3767)
(0.333895 0.17445 0.39505)
(0.333895 0.17445 0.40005)
(0.333895 0.18445 0.2667)
(0.333895 0.18445 0.2717)
(0.333895 0.18445 0.2887)
(0.333895 0.18445 0.2917)
(0.333895 0.18445 0.2967)
(0.333895 0.18445 0.3142)
(0.333895 0.18445 0.3317)
(0.333895 0.18445 0.3492)
(0.333895 0.18445 0.3667)
(0.333895 0.18445 0.3737)
(0.333895 0.18445 0.3767)
(0.333895 0.18445 0.39505)
(0.333895 0.18445 0.40005)
(0.333895 0.19695 0.2667)
(0.333895 0.19695 0.2717)
(0.333895 0.19695 0.2887)
(0.333895 0.19695 0.2917)
(0.333895 0.19695 0.2967)
(0.333895 0.19695 0.3142)
(0.333895 0.19695 0.3317)
(0.333895 0.19695 0.3492)
(0.333895 0.19695 0.3667)
(0.333895 0.19695 0.3737)
(0.333895 0.19695 0.3767)
(0.333895 0.19695 0.39505)
(0.333895 0.19695 0.40005)
(0.333895 0.20945 0.2667)
(0.333895 0.20945 0.2717)
(0.333895 0.20945 0.2887)
(0.333895 0.20945 0.2917)
(0.333895 0.20945 0.2967)
(0.333895 0.20945 0.3142)
(0.333895 0.20945 0.3317)
(0.333895 0.20945 0.3492)
(0.333895 0.20945 0.3667)
(0.333895 0.20945 0.3737)
(0.333895 0.20945 0.3767)
(0.333895 0.20945 0.39505)
(0.333895 0.20945 0.40005)
(0.333895 0.22645 0.2667)
(0.333895 0.22645 0.2717)
(0.333895 0.22645 0.2887)
(0.333895 0.22645 0.2917)
(0.333895 0.22645 0.2967)
(0.333895 0.22645 0.3142)
(0.333895 0.22645 0.3317)
(0.333895 0.22645 0.3492)
(0.333895 0.22645 0.3667)
(0.333895 0.22645 0.3737)
(0.333895 0.22645 0.3767)
(0.333895 0.22645 0.39505)
(0.333895 0.22645 0.40005)
(0.333895 0.24345 0.2667)
(0.333895 0.24345 0.2717)
(0.333895 0.24345 0.2887)
(0.333895 0.24345 0.2917)
(0.333895 0.24345 0.2967)
(0.333895 0.24345 0.3142)
(0.333895 0.24345 0.3317)
(0.333895 0.24345 0.3492)
(0.333895 0.24345 0.3667)
(0.333895 0.24345 0.3737)
(0.333895 0.24345 0.3767)
(0.333895 0.24345 0.39505)
(0.333895 0.24345 0.40005)
(0.333895 0.26045 0.2667)
(0.333895 0.26045 0.2717)
(0.333895 0.26045 0.2887)
(0.333895 0.26045 0.2917)
(0.333895 0.26045 0.2967)
(0.333895 0.26045 0.3142)
(0.333895 0.26045 0.3317)
(0.333895 0.26045 0.3492)
(0.333895 0.26045 0.3667)
(0.333895 0.26045 0.3737)
(0.333895 0.26045 0.3767)
(0.333895 0.26045 0.39505)
(0.333895 0.26045 0.40005)
(0.333895 0.27745 0.2667)
(0.333895 0.27745 0.2717)
(0.333895 0.27745 0.2887)
(0.333895 0.27745 0.2917)
(0.333895 0.27745 0.2967)
(0.333895 0.27745 0.3142)
(0.333895 0.27745 0.3317)
(0.333895 0.27745 0.3492)
(0.333895 0.27745 0.3667)
(0.333895 0.27745 0.3737)
(0.333895 0.27745 0.3767)
(0.333895 0.27745 0.39505)
(0.333895 0.27745 0.40005)
(0.333895 0.29445 0.2667)
(0.333895 0.29445 0.2717)
(0.333895 0.29445 0.2887)
(0.333895 0.29445 0.2917)
(0.333895 0.29445 0.2967)
(0.333895 0.29445 0.3142)
(0.333895 0.29445 0.3317)
(0.333895 0.29445 0.3492)
(0.333895 0.29445 0.3667)
(0.333895 0.29445 0.3737)
(0.333895 0.29445 0.3767)
(0.333895 0.29445 0.39505)
(0.333895 0.29445 0.40005)
(0.333895 0.30945 0.2667)
(0.333895 0.30945 0.2717)
(0.333895 0.30945 0.2887)
(0.333895 0.30945 0.2917)
(0.333895 0.30945 0.2967)
(0.333895 0.30945 0.3142)
(0.333895 0.30945 0.3317)
(0.333895 0.30945 0.3492)
(0.333895 0.30945 0.3667)
(0.333895 0.30945 0.3737)
(0.333895 0.30945 0.3767)
(0.333895 0.30945 0.39505)
(0.333895 0.30945 0.40005)
(0.333895 0.32445 0.2667)
(0.333895 0.32445 0.2717)
(0.333895 0.32445 0.2887)
(0.333895 0.32445 0.2917)
(0.333895 0.32445 0.2967)
(0.333895 0.32445 0.3142)
(0.333895 0.32445 0.3317)
(0.333895 0.32445 0.3492)
(0.333895 0.32445 0.3667)
(0.333895 0.32445 0.3737)
(0.333895 0.32445 0.3767)
(0.333895 0.32445 0.39505)
(0.333895 0.32445 0.40005)
(0.333895 0.34195 0.2667)
(0.333895 0.34195 0.2717)
(0.333895 0.34195 0.2887)
(0.333895 0.34195 0.2917)
(0.333895 0.34195 0.2967)
(0.333895 0.34195 0.3142)
(0.333895 0.34195 0.3317)
(0.333895 0.34195 0.3492)
(0.333895 0.34195 0.3667)
(0.333895 0.34195 0.3737)
(0.333895 0.34195 0.3767)
(0.333895 0.34195 0.39505)
(0.333895 0.34195 0.40005)
(0.333895 0.35945 0.2667)
(0.333895 0.35945 0.2717)
(0.333895 0.35945 0.2887)
(0.333895 0.35945 0.2917)
(0.333895 0.35945 0.2967)
(0.333895 0.35945 0.3142)
(0.333895 0.35945 0.3317)
(0.333895 0.35945 0.3492)
(0.333895 0.35945 0.3667)
(0.333895 0.35945 0.3737)
(0.333895 0.35945 0.3767)
(0.333895 0.35945 0.39505)
(0.333895 0.35945 0.40005)
(0.333895 0.37695 0.2667)
(0.333895 0.37695 0.2717)
(0.333895 0.37695 0.2887)
(0.333895 0.37695 0.2917)
(0.333895 0.37695 0.2967)
(0.333895 0.37695 0.3142)
(0.333895 0.37695 0.3317)
(0.333895 0.37695 0.3492)
(0.333895 0.37695 0.3667)
(0.333895 0.37695 0.3737)
(0.333895 0.37695 0.3767)
(0.333895 0.37695 0.39505)
(0.333895 0.37695 0.40005)
(0.333895 0.39445 0.2667)
(0.333895 0.39445 0.2717)
(0.333895 0.39445 0.2887)
(0.333895 0.39445 0.2917)
(0.333895 0.39445 0.2967)
(0.333895 0.39445 0.3142)
(0.333895 0.39445 0.3317)
(0.333895 0.39445 0.3492)
(0.333895 0.39445 0.3667)
(0.333895 0.39445 0.3737)
(0.333895 0.39445 0.3767)
(0.333895 0.39445 0.39505)
(0.333895 0.39445 0.40005)
(0.333895 0.40445 0.2667)
(0.333895 0.40445 0.2717)
(0.333895 0.40445 0.2887)
(0.333895 0.40445 0.2917)
(0.333895 0.40445 0.2967)
(0.333895 0.40445 0.3142)
(0.333895 0.40445 0.3317)
(0.333895 0.40445 0.3492)
(0.333895 0.40445 0.3667)
(0.333895 0.40445 0.3737)
(0.333895 0.40445 0.3767)
(0.333895 0.40445 0.39505)
(0.333895 0.40445 0.40005)
(0.333895 0.41945 0.2667)
(0.333895 0.41945 0.2717)
(0.333895 0.41945 0.2887)
(0.333895 0.41945 0.2917)
(0.333895 0.41945 0.2967)
(0.333895 0.41945 0.3142)
(0.333895 0.41945 0.3317)
(0.333895 0.41945 0.3492)
(0.333895 0.41945 0.3667)
(0.333895 0.41945 0.3737)
(0.333895 0.41945 0.3767)
(0.333895 0.41945 0.39505)
(0.333895 0.41945 0.40005)
(0.333895 0.42945 0.2667)
(0.333895 0.42945 0.2717)
(0.333895 0.42945 0.2917)
(0.333895 0.42945 0.2967)
(0.333895 0.42945 0.3142)
(0.333895 0.42945 0.3317)
(0.333895 0.42945 0.3492)
(0.333895 0.42945 0.3667)
(0.333895 0.42945 0.3737)
(0.333895 0.42945 0.39505)
(0.333895 0.42945 0.40005)
(0.333895 0.43445 0.2667)
(0.333895 0.43445 0.2717)
(0.333895 0.43445 0.2917)
(0.333895 0.43445 0.2967)
(0.333895 0.43445 0.3142)
(0.333895 0.43445 0.3317)
(0.333895 0.43445 0.3492)
(0.333895 0.43445 0.3667)
(0.333895 0.43445 0.3737)
(0.333895 0.43445 0.39505)
(0.333895 0.43445 0.40005)
(0.333895 0.451117 0.2667)
(0.333895 0.451117 0.2717)
(0.333895 0.451117 0.2917)
(0.333895 0.451117 0.2967)
(0.333895 0.451117 0.3142)
(0.333895 0.451117 0.3317)
(0.333895 0.451117 0.3492)
(0.333895 0.451117 0.3667)
(0.333895 0.451117 0.3737)
(0.333895 0.451117 0.39505)
(0.333895 0.451117 0.40005)
(0.333895 0.467783 0.2667)
(0.333895 0.467783 0.2717)
(0.333895 0.467783 0.2917)
(0.333895 0.467783 0.2967)
(0.333895 0.467783 0.3142)
(0.333895 0.467783 0.3317)
(0.333895 0.467783 0.3492)
(0.333895 0.467783 0.3667)
(0.333895 0.467783 0.3737)
(0.333895 0.467783 0.39505)
(0.333895 0.467783 0.40005)
(0.333895 0.48445 0.2667)
(0.333895 0.48445 0.2717)
(0.333895 0.48445 0.2917)
(0.333895 0.48445 0.2967)
(0.333895 0.48445 0.3142)
(0.333895 0.48445 0.3317)
(0.333895 0.48445 0.3492)
(0.333895 0.48445 0.3667)
(0.333895 0.48445 0.3737)
(0.333895 0.48445 0.39505)
(0.333895 0.48445 0.40005)
(0.333895 0.49445 0.2667)
(0.333895 0.49445 0.2717)
(0.333895 0.49445 0.2917)
(0.333895 0.49445 0.2967)
(0.333895 0.49445 0.3142)
(0.333895 0.49445 0.3317)
(0.333895 0.49445 0.3492)
(0.333895 0.49445 0.3667)
(0.333895 0.49445 0.3737)
(0.333895 0.49445 0.39505)
(0.333895 0.49445 0.40005)
(0.333895 0.50445 0.2667)
(0.333895 0.50445 0.2717)
(0.333895 0.50445 0.2917)
(0.333895 0.50445 0.2967)
(0.333895 0.50445 0.3142)
(0.333895 0.50445 0.3317)
(0.333895 0.50445 0.3492)
(0.333895 0.50445 0.3667)
(0.333895 0.50445 0.3737)
(0.333895 0.50445 0.39505)
(0.333895 0.50445 0.40005)
(0.333895 0.50945 0.2667)
(0.333895 0.50945 0.2717)
(0.333895 0.50945 0.2917)
(0.333895 0.50945 0.2967)
(0.333895 0.50945 0.3142)
(0.333895 0.50945 0.3317)
(0.333895 0.50945 0.3492)
(0.333895 0.50945 0.3667)
(0.333895 0.50945 0.3737)
(0.333895 0.50945 0.39505)
(0.333895 0.50945 0.40005)
(0.333895 0.52445 0.2667)
(0.333895 0.52445 0.2717)
(0.333895 0.52445 0.39505)
(0.333895 0.52445 0.40005)
(0.333895 0.53945 0.2667)
(0.333895 0.53945 0.2717)
(0.333895 0.53945 0.2817)
(0.333895 0.53945 0.38505)
(0.333895 0.53945 0.39505)
(0.333895 0.53945 0.40005)
(0.333895 0.54445 0.2667)
(0.333895 0.54445 0.2717)
(0.333895 0.54445 0.2817)
(0.333895 0.54445 0.38505)
(0.333895 0.54445 0.39505)
(0.333895 0.54445 0.40005)
(0.342582 0.04445 0.2667)
(0.342582 0.04445 0.2717)
(0.342582 0.04445 0.2817)
(0.342582 0.04445 0.2847)
(0.342582 0.04445 0.38205)
(0.342582 0.04445 0.38505)
(0.342582 0.04445 0.39505)
(0.342582 0.04445 0.40005)
(0.342582 0.04945 0.2667)
(0.342582 0.04945 0.2717)
(0.342582 0.04945 0.2817)
(0.342582 0.04945 0.2847)
(0.342582 0.04945 0.38205)
(0.342582 0.04945 0.38505)
(0.342582 0.04945 0.39505)
(0.342582 0.04945 0.40005)
(0.342582 0.06445 0.2667)
(0.342582 0.06445 0.2717)
(0.342582 0.06445 0.39505)
(0.342582 0.06445 0.40005)
(0.342582 0.07945 0.2667)
(0.342582 0.07945 0.2717)
(0.342582 0.07945 0.39505)
(0.342582 0.07945 0.40005)
(0.342582 0.08945 0.2667)
(0.342582 0.08945 0.2717)
(0.342582 0.08945 0.39505)
(0.342582 0.08945 0.40005)
(0.342582 0.09945 0.2667)
(0.342582 0.09945 0.2717)
(0.342582 0.09945 0.39505)
(0.342582 0.09945 0.40005)
(0.342582 0.11445 0.2667)
(0.342582 0.11445 0.2717)
(0.342582 0.11445 0.39505)
(0.342582 0.11445 0.40005)
(0.342582 0.12945 0.2667)
(0.342582 0.12945 0.2717)
(0.342582 0.12945 0.39505)
(0.342582 0.12945 0.40005)
(0.342582 0.14445 0.2667)
(0.342582 0.14445 0.2717)
(0.342582 0.14445 0.2887)
(0.342582 0.14445 0.2917)
(0.342582 0.14445 0.2967)
(0.342582 0.14445 0.3142)
(0.342582 0.14445 0.3317)
(0.342582 0.14445 0.3492)
(0.342582 0.14445 0.3667)
(0.342582 0.14445 0.3737)
(0.342582 0.14445 0.3767)
(0.342582 0.14445 0.39505)
(0.342582 0.14445 0.40005)
(0.342582 0.15945 0.2667)
(0.342582 0.15945 0.2717)
(0.342582 0.15945 0.2887)
(0.342582 0.15945 0.2917)
(0.342582 0.15945 0.2967)
(0.342582 0.15945 0.3142)
(0.342582 0.15945 0.3317)
(0.342582 0.15945 0.3492)
(0.342582 0.15945 0.3667)
(0.342582 0.15945 0.3737)
(0.342582 0.15945 0.3767)
(0.342582 0.15945 0.39505)
(0.342582 0.15945 0.40005)
(0.342582 0.16445 0.2667)
(0.342582 0.16445 0.2717)
(0.342582 0.16445 0.2887)
(0.342582 0.16445 0.2917)
(0.342582 0.16445 0.2967)
(0.342582 0.16445 0.3142)
(0.342582 0.16445 0.3317)
(0.342582 0.16445 0.3492)
(0.342582 0.16445 0.3667)
(0.342582 0.16445 0.3737)
(0.342582 0.16445 0.3767)
(0.342582 0.16445 0.39505)
(0.342582 0.16445 0.40005)
(0.342582 0.17445 0.2667)
(0.342582 0.17445 0.2717)
(0.342582 0.17445 0.2887)
(0.342582 0.17445 0.2917)
(0.342582 0.17445 0.2967)
(0.342582 0.17445 0.3142)
(0.342582 0.17445 0.3317)
(0.342582 0.17445 0.3492)
(0.342582 0.17445 0.3667)
(0.342582 0.17445 0.3737)
(0.342582 0.17445 0.3767)
(0.342582 0.17445 0.39505)
(0.342582 0.17445 0.40005)
(0.342582 0.18445 0.2667)
(0.342582 0.18445 0.2717)
(0.342582 0.18445 0.2887)
(0.342582 0.18445 0.2917)
(0.342582 0.18445 0.2967)
(0.342582 0.18445 0.3142)
(0.342582 0.18445 0.3317)
(0.342582 0.18445 0.3492)
(0.342582 0.18445 0.3667)
(0.342582 0.18445 0.3737)
(0.342582 0.18445 0.3767)
(0.342582 0.18445 0.39505)
(0.342582 0.18445 0.40005)
(0.342582 0.19695 0.2667)
(0.342582 0.19695 0.2717)
(0.342582 0.19695 0.2887)
(0.342582 0.19695 0.2917)
(0.342582 0.19695 0.2967)
(0.342582 0.19695 0.3142)
(0.342582 0.19695 0.3317)
(0.342582 0.19695 0.3492)
(0.342582 0.19695 0.3667)
(0.342582 0.19695 0.3737)
(0.342582 0.19695 0.3767)
(0.342582 0.19695 0.39505)
(0.342582 0.19695 0.40005)
(0.342582 0.20945 0.2667)
(0.342582 0.20945 0.2717)
(0.342582 0.20945 0.2887)
(0.342582 0.20945 0.2917)
(0.342582 0.20945 0.2967)
(0.342582 0.20945 0.3142)
(0.342582 0.20945 0.3317)
(0.342582 0.20945 0.3492)
(0.342582 0.20945 0.3667)
(0.342582 0.20945 0.3737)
(0.342582 0.20945 0.3767)
(0.342582 0.20945 0.39505)
(0.342582 0.20945 0.40005)
(0.342582 0.22645 0.2667)
(0.342582 0.22645 0.2717)
(0.342582 0.22645 0.2887)
(0.342582 0.22645 0.2917)
(0.342582 0.22645 0.2967)
(0.342582 0.22645 0.3142)
(0.342582 0.22645 0.3317)
(0.342582 0.22645 0.3492)
(0.342582 0.22645 0.3667)
(0.342582 0.22645 0.3737)
(0.342582 0.22645 0.3767)
(0.342582 0.22645 0.39505)
(0.342582 0.22645 0.40005)
(0.342582 0.24345 0.2667)
(0.342582 0.24345 0.2717)
(0.342582 0.24345 0.2887)
(0.342582 0.24345 0.2917)
(0.342582 0.24345 0.2967)
(0.342582 0.24345 0.3142)
(0.342582 0.24345 0.3317)
(0.342582 0.24345 0.3492)
(0.342582 0.24345 0.3667)
(0.342582 0.24345 0.3737)
(0.342582 0.24345 0.3767)
(0.342582 0.24345 0.39505)
(0.342582 0.24345 0.40005)
(0.342582 0.26045 0.2667)
(0.342582 0.26045 0.2717)
(0.342582 0.26045 0.2887)
(0.342582 0.26045 0.2917)
(0.342582 0.26045 0.2967)
(0.342582 0.26045 0.3142)
(0.342582 0.26045 0.3317)
(0.342582 0.26045 0.3492)
(0.342582 0.26045 0.3667)
(0.342582 0.26045 0.3737)
(0.342582 0.26045 0.3767)
(0.342582 0.26045 0.39505)
(0.342582 0.26045 0.40005)
(0.342582 0.27745 0.2667)
(0.342582 0.27745 0.2717)
(0.342582 0.27745 0.2887)
(0.342582 0.27745 0.2917)
(0.342582 0.27745 0.2967)
(0.342582 0.27745 0.3142)
(0.342582 0.27745 0.3317)
(0.342582 0.27745 0.3492)
(0.342582 0.27745 0.3667)
(0.342582 0.27745 0.3737)
(0.342582 0.27745 0.3767)
(0.342582 0.27745 0.39505)
(0.342582 0.27745 0.40005)
(0.342582 0.29445 0.2667)
(0.342582 0.29445 0.2717)
(0.342582 0.29445 0.2887)
(0.342582 0.29445 0.2917)
(0.342582 0.29445 0.2967)
(0.342582 0.29445 0.3142)
(0.342582 0.29445 0.3317)
(0.342582 0.29445 0.3492)
(0.342582 0.29445 0.3667)
(0.342582 0.29445 0.3737)
(0.342582 0.29445 0.3767)
(0.342582 0.29445 0.39505)
(0.342582 0.29445 0.40005)
(0.342582 0.30945 0.2667)
(0.342582 0.30945 0.2717)
(0.342582 0.30945 0.2887)
(0.342582 0.30945 0.2917)
(0.342582 0.30945 0.2967)
(0.342582 0.30945 0.3142)
(0.342582 0.30945 0.3317)
(0.342582 0.30945 0.3492)
(0.342582 0.30945 0.3667)
(0.342582 0.30945 0.3737)
(0.342582 0.30945 0.3767)
(0.342582 0.30945 0.39505)
(0.342582 0.30945 0.40005)
(0.342582 0.32445 0.2667)
(0.342582 0.32445 0.2717)
(0.342582 0.32445 0.2887)
(0.342582 0.32445 0.2917)
(0.342582 0.32445 0.2967)
(0.342582 0.32445 0.3142)
(0.342582 0.32445 0.3317)
(0.342582 0.32445 0.3492)
(0.342582 0.32445 0.3667)
(0.342582 0.32445 0.3737)
(0.342582 0.32445 0.3767)
(0.342582 0.32445 0.39505)
(0.342582 0.32445 0.40005)
(0.342582 0.34195 0.2667)
(0.342582 0.34195 0.2717)
(0.342582 0.34195 0.2887)
(0.342582 0.34195 0.2917)
(0.342582 0.34195 0.2967)
(0.342582 0.34195 0.3142)
(0.342582 0.34195 0.3317)
(0.342582 0.34195 0.3492)
(0.342582 0.34195 0.3667)
(0.342582 0.34195 0.3737)
(0.342582 0.34195 0.3767)
(0.342582 0.34195 0.39505)
(0.342582 0.34195 0.40005)
(0.342582 0.35945 0.2667)
(0.342582 0.35945 0.2717)
(0.342582 0.35945 0.2887)
(0.342582 0.35945 0.2917)
(0.342582 0.35945 0.2967)
(0.342582 0.35945 0.3142)
(0.342582 0.35945 0.3317)
(0.342582 0.35945 0.3492)
(0.342582 0.35945 0.3667)
(0.342582 0.35945 0.3737)
(0.342582 0.35945 0.3767)
(0.342582 0.35945 0.39505)
(0.342582 0.35945 0.40005)
(0.342582 0.37695 0.2667)
(0.342582 0.37695 0.2717)
(0.342582 0.37695 0.2887)
(0.342582 0.37695 0.2917)
(0.342582 0.37695 0.2967)
(0.342582 0.37695 0.3142)
(0.342582 0.37695 0.3317)
(0.342582 0.37695 0.3492)
(0.342582 0.37695 0.3667)
(0.342582 0.37695 0.3737)
(0.342582 0.37695 0.3767)
(0.342582 0.37695 0.39505)
(0.342582 0.37695 0.40005)
(0.342582 0.39445 0.2667)
(0.342582 0.39445 0.2717)
(0.342582 0.39445 0.2887)
(0.342582 0.39445 0.2917)
(0.342582 0.39445 0.2967)
(0.342582 0.39445 0.3142)
(0.342582 0.39445 0.3317)
(0.342582 0.39445 0.3492)
(0.342582 0.39445 0.3667)
(0.342582 0.39445 0.3737)
(0.342582 0.39445 0.3767)
(0.342582 0.39445 0.39505)
(0.342582 0.39445 0.40005)
(0.342582 0.40445 0.2667)
(0.342582 0.40445 0.2717)
(0.342582 0.40445 0.2887)
(0.342582 0.40445 0.2917)
(0.342582 0.40445 0.2967)
(0.342582 0.40445 0.3142)
(0.342582 0.40445 0.3317)
(0.342582 0.40445 0.3492)
(0.342582 0.40445 0.3667)
(0.342582 0.40445 0.3737)
(0.342582 0.40445 0.3767)
(0.342582 0.40445 0.39505)
(0.342582 0.40445 0.40005)
(0.342582 0.41945 0.2667)
(0.342582 0.41945 0.2717)
(0.342582 0.41945 0.2887)
(0.342582 0.41945 0.2917)
(0.342582 0.41945 0.2967)
(0.342582 0.41945 0.3142)
(0.342582 0.41945 0.3317)
(0.342582 0.41945 0.3492)
(0.342582 0.41945 0.3667)
(0.342582 0.41945 0.3737)
(0.342582 0.41945 0.3767)
(0.342582 0.41945 0.39505)
(0.342582 0.41945 0.40005)
(0.342582 0.42945 0.2667)
(0.342582 0.42945 0.2717)
(0.342582 0.42945 0.2917)
(0.342582 0.42945 0.2967)
(0.342582 0.42945 0.3142)
(0.342582 0.42945 0.3317)
(0.342582 0.42945 0.3492)
(0.342582 0.42945 0.3667)
(0.342582 0.42945 0.3737)
(0.342582 0.42945 0.39505)
(0.342582 0.42945 0.40005)
(0.342582 0.43445 0.2667)
(0.342582 0.43445 0.2717)
(0.342582 0.43445 0.2917)
(0.342582 0.43445 0.2967)
(0.342582 0.43445 0.3142)
(0.342582 0.43445 0.3317)
(0.342582 0.43445 0.3492)
(0.342582 0.43445 0.3667)
(0.342582 0.43445 0.3737)
(0.342582 0.43445 0.39505)
(0.342582 0.43445 0.40005)
(0.342582 0.451117 0.2667)
(0.342582 0.451117 0.2717)
(0.342582 0.451117 0.2917)
(0.342582 0.451117 0.2967)
(0.342582 0.451117 0.3142)
(0.342582 0.451117 0.3317)
(0.342582 0.451117 0.3492)
(0.342582 0.451117 0.3667)
(0.342582 0.451117 0.3737)
(0.342582 0.451117 0.39505)
(0.342582 0.451117 0.40005)
(0.342582 0.467783 0.2667)
(0.342582 0.467783 0.2717)
(0.342582 0.467783 0.2917)
(0.342582 0.467783 0.2967)
(0.342582 0.467783 0.3142)
(0.342582 0.467783 0.3317)
(0.342582 0.467783 0.3492)
(0.342582 0.467783 0.3667)
(0.342582 0.467783 0.3737)
(0.342582 0.467783 0.39505)
(0.342582 0.467783 0.40005)
(0.342582 0.48445 0.2667)
(0.342582 0.48445 0.2717)
(0.342582 0.48445 0.2917)
(0.342582 0.48445 0.2967)
(0.342582 0.48445 0.3142)
(0.342582 0.48445 0.3317)
(0.342582 0.48445 0.3492)
(0.342582 0.48445 0.3667)
(0.342582 0.48445 0.3737)
(0.342582 0.48445 0.39505)
(0.342582 0.48445 0.40005)
(0.342582 0.49445 0.2667)
(0.342582 0.49445 0.2717)
(0.342582 0.49445 0.2917)
(0.342582 0.49445 0.2967)
(0.342582 0.49445 0.3142)
(0.342582 0.49445 0.3317)
(0.342582 0.49445 0.3492)
(0.342582 0.49445 0.3667)
(0.342582 0.49445 0.3737)
(0.342582 0.49445 0.39505)
(0.342582 0.49445 0.40005)
(0.342582 0.50445 0.2667)
(0.342582 0.50445 0.2717)
(0.342582 0.50445 0.2917)
(0.342582 0.50445 0.2967)
(0.342582 0.50445 0.3142)
(0.342582 0.50445 0.3317)
(0.342582 0.50445 0.3492)
(0.342582 0.50445 0.3667)
(0.342582 0.50445 0.3737)
(0.342582 0.50445 0.39505)
(0.342582 0.50445 0.40005)
(0.342582 0.50945 0.2667)
(0.342582 0.50945 0.2717)
(0.342582 0.50945 0.2917)
(0.342582 0.50945 0.2967)
(0.342582 0.50945 0.3142)
(0.342582 0.50945 0.3317)
(0.342582 0.50945 0.3492)
(0.342582 0.50945 0.3667)
(0.342582 0.50945 0.3737)
(0.342582 0.50945 0.39505)
(0.342582 0.50945 0.40005)
(0.342582 0.52445 0.2667)
(0.342582 0.52445 0.2717)
(0.342582 0.52445 0.39505)
(0.342582 0.52445 0.40005)
(0.342582 0.53945 0.2667)
(0.342582 0.53945 0.2717)
(0.342582 0.53945 0.2817)
(0.342582 0.53945 0.38505)
(0.342582 0.53945 0.39505)
(0.342582 0.53945 0.40005)
(0.342582 0.54445 0.2667)
(0.342582 0.54445 0.2717)
(0.342582 0.54445 0.2817)
(0.342582 0.54445 0.38505)
(0.342582 0.54445 0.39505)
(0.342582 0.54445 0.40005)
(0.343895 0.04445 0.2667)
(0.343895 0.04445 0.2717)
(0.343895 0.04445 0.2817)
(0.343895 0.04445 0.2847)
(0.343895 0.04445 0.38205)
(0.343895 0.04445 0.38505)
(0.343895 0.04445 0.39505)
(0.343895 0.04445 0.40005)
(0.343895 0.04945 0.2667)
(0.343895 0.04945 0.2717)
(0.343895 0.04945 0.2817)
(0.343895 0.04945 0.2847)
(0.343895 0.04945 0.38205)
(0.343895 0.04945 0.38505)
(0.343895 0.04945 0.39505)
(0.343895 0.04945 0.40005)
(0.343895 0.06445 0.2667)
(0.343895 0.06445 0.2717)
(0.343895 0.06445 0.39505)
(0.343895 0.06445 0.40005)
(0.343895 0.07945 0.2667)
(0.343895 0.07945 0.2717)
(0.343895 0.07945 0.39505)
(0.343895 0.07945 0.40005)
(0.343895 0.08945 0.2667)
(0.343895 0.08945 0.2717)
(0.343895 0.08945 0.39505)
(0.343895 0.08945 0.40005)
(0.343895 0.09945 0.2667)
(0.343895 0.09945 0.2717)
(0.343895 0.09945 0.39505)
(0.343895 0.09945 0.40005)
(0.343895 0.11445 0.2667)
(0.343895 0.11445 0.2717)
(0.343895 0.11445 0.39505)
(0.343895 0.11445 0.40005)
(0.343895 0.12945 0.2667)
(0.343895 0.12945 0.2717)
(0.343895 0.12945 0.39505)
(0.343895 0.12945 0.40005)
(0.343895 0.14445 0.2667)
(0.343895 0.14445 0.2717)
(0.343895 0.14445 0.2887)
(0.343895 0.14445 0.2917)
(0.343895 0.14445 0.2967)
(0.343895 0.14445 0.3142)
(0.343895 0.14445 0.3317)
(0.343895 0.14445 0.3492)
(0.343895 0.14445 0.3667)
(0.343895 0.14445 0.3737)
(0.343895 0.14445 0.3767)
(0.343895 0.14445 0.39505)
(0.343895 0.14445 0.40005)
(0.343895 0.15945 0.2667)
(0.343895 0.15945 0.2717)
(0.343895 0.15945 0.2887)
(0.343895 0.15945 0.2917)
(0.343895 0.15945 0.2967)
(0.343895 0.15945 0.3142)
(0.343895 0.15945 0.3317)
(0.343895 0.15945 0.3492)
(0.343895 0.15945 0.3667)
(0.343895 0.15945 0.3737)
(0.343895 0.15945 0.3767)
(0.343895 0.15945 0.39505)
(0.343895 0.15945 0.40005)
(0.343895 0.16445 0.2667)
(0.343895 0.16445 0.2717)
(0.343895 0.16445 0.2887)
(0.343895 0.16445 0.2917)
(0.343895 0.16445 0.2967)
(0.343895 0.16445 0.3142)
(0.343895 0.16445 0.3317)
(0.343895 0.16445 0.3492)
(0.343895 0.16445 0.3667)
(0.343895 0.16445 0.3737)
(0.343895 0.16445 0.3767)
(0.343895 0.16445 0.39505)
(0.343895 0.16445 0.40005)
(0.343895 0.17445 0.2667)
(0.343895 0.17445 0.2717)
(0.343895 0.17445 0.2887)
(0.343895 0.17445 0.2917)
(0.343895 0.17445 0.2967)
(0.343895 0.17445 0.3142)
(0.343895 0.17445 0.3317)
(0.343895 0.17445 0.3492)
(0.343895 0.17445 0.3667)
(0.343895 0.17445 0.3737)
(0.343895 0.17445 0.3767)
(0.343895 0.17445 0.39505)
(0.343895 0.17445 0.40005)
(0.343895 0.18445 0.2667)
(0.343895 0.18445 0.2717)
(0.343895 0.18445 0.2887)
(0.343895 0.18445 0.2917)
(0.343895 0.18445 0.2967)
(0.343895 0.18445 0.3142)
(0.343895 0.18445 0.3317)
(0.343895 0.18445 0.3492)
(0.343895 0.18445 0.3667)
(0.343895 0.18445 0.3737)
(0.343895 0.18445 0.3767)
(0.343895 0.18445 0.39505)
(0.343895 0.18445 0.40005)
(0.343895 0.19695 0.2667)
(0.343895 0.19695 0.2717)
(0.343895 0.19695 0.2887)
(0.343895 0.19695 0.2917)
(0.343895 0.19695 0.2967)
(0.343895 0.19695 0.3142)
(0.343895 0.19695 0.3317)
(0.343895 0.19695 0.3492)
(0.343895 0.19695 0.3667)
(0.343895 0.19695 0.3737)
(0.343895 0.19695 0.3767)
(0.343895 0.19695 0.39505)
(0.343895 0.19695 0.40005)
(0.343895 0.20945 0.2667)
(0.343895 0.20945 0.2717)
(0.343895 0.20945 0.2887)
(0.343895 0.20945 0.2917)
(0.343895 0.20945 0.2967)
(0.343895 0.20945 0.3142)
(0.343895 0.20945 0.3317)
(0.343895 0.20945 0.3492)
(0.343895 0.20945 0.3667)
(0.343895 0.20945 0.3737)
(0.343895 0.20945 0.3767)
(0.343895 0.20945 0.39505)
(0.343895 0.20945 0.40005)
(0.343895 0.22645 0.2667)
(0.343895 0.22645 0.2717)
(0.343895 0.22645 0.2887)
(0.343895 0.22645 0.2917)
(0.343895 0.22645 0.2967)
(0.343895 0.22645 0.3142)
(0.343895 0.22645 0.3317)
(0.343895 0.22645 0.3492)
(0.343895 0.22645 0.3667)
(0.343895 0.22645 0.3737)
(0.343895 0.22645 0.3767)
(0.343895 0.22645 0.39505)
(0.343895 0.22645 0.40005)
(0.343895 0.24345 0.2667)
(0.343895 0.24345 0.2717)
(0.343895 0.24345 0.2887)
(0.343895 0.24345 0.2917)
(0.343895 0.24345 0.2967)
(0.343895 0.24345 0.3142)
(0.343895 0.24345 0.3317)
(0.343895 0.24345 0.3492)
(0.343895 0.24345 0.3667)
(0.343895 0.24345 0.3737)
(0.343895 0.24345 0.3767)
(0.343895 0.24345 0.39505)
(0.343895 0.24345 0.40005)
(0.343895 0.26045 0.2667)
(0.343895 0.26045 0.2717)
(0.343895 0.26045 0.2887)
(0.343895 0.26045 0.2917)
(0.343895 0.26045 0.2967)
(0.343895 0.26045 0.3142)
(0.343895 0.26045 0.3317)
(0.343895 0.26045 0.3492)
(0.343895 0.26045 0.3667)
(0.343895 0.26045 0.3737)
(0.343895 0.26045 0.3767)
(0.343895 0.26045 0.39505)
(0.343895 0.26045 0.40005)
(0.343895 0.27745 0.2667)
(0.343895 0.27745 0.2717)
(0.343895 0.27745 0.2887)
(0.343895 0.27745 0.2917)
(0.343895 0.27745 0.2967)
(0.343895 0.27745 0.3142)
(0.343895 0.27745 0.3317)
(0.343895 0.27745 0.3492)
(0.343895 0.27745 0.3667)
(0.343895 0.27745 0.3737)
(0.343895 0.27745 0.3767)
(0.343895 0.27745 0.39505)
(0.343895 0.27745 0.40005)
(0.343895 0.29445 0.2667)
(0.343895 0.29445 0.2717)
(0.343895 0.29445 0.2887)
(0.343895 0.29445 0.2917)
(0.343895 0.29445 0.2967)
(0.343895 0.29445 0.3142)
(0.343895 0.29445 0.3317)
(0.343895 0.29445 0.3492)
(0.343895 0.29445 0.3667)
(0.343895 0.29445 0.3737)
(0.343895 0.29445 0.3767)
(0.343895 0.29445 0.39505)
(0.343895 0.29445 0.40005)
(0.343895 0.30945 0.2667)
(0.343895 0.30945 0.2717)
(0.343895 0.30945 0.2887)
(0.343895 0.30945 0.2917)
(0.343895 0.30945 0.2967)
(0.343895 0.30945 0.3142)
(0.343895 0.30945 0.3317)
(0.343895 0.30945 0.3492)
(0.343895 0.30945 0.3667)
(0.343895 0.30945 0.3737)
(0.343895 0.30945 0.3767)
(0.343895 0.30945 0.39505)
(0.343895 0.30945 0.40005)
(0.343895 0.32445 0.2667)
(0.343895 0.32445 0.2717)
(0.343895 0.32445 0.2887)
(0.343895 0.32445 0.2917)
(0.343895 0.32445 0.2967)
(0.343895 0.32445 0.3142)
(0.343895 0.32445 0.3317)
(0.343895 0.32445 0.3492)
(0.343895 0.32445 0.3667)
(0.343895 0.32445 0.3737)
(0.343895 0.32445 0.3767)
(0.343895 0.32445 0.39505)
(0.343895 0.32445 0.40005)
(0.343895 0.34195 0.2667)
(0.343895 0.34195 0.2717)
(0.343895 0.34195 0.2887)
(0.343895 0.34195 0.2917)
(0.343895 0.34195 0.2967)
(0.343895 0.34195 0.3142)
(0.343895 0.34195 0.3317)
(0.343895 0.34195 0.3492)
(0.343895 0.34195 0.3667)
(0.343895 0.34195 0.3737)
(0.343895 0.34195 0.3767)
(0.343895 0.34195 0.39505)
(0.343895 0.34195 0.40005)
(0.343895 0.35945 0.2667)
(0.343895 0.35945 0.2717)
(0.343895 0.35945 0.2887)
(0.343895 0.35945 0.2917)
(0.343895 0.35945 0.2967)
(0.343895 0.35945 0.3142)
(0.343895 0.35945 0.3317)
(0.343895 0.35945 0.3492)
(0.343895 0.35945 0.3667)
(0.343895 0.35945 0.3737)
(0.343895 0.35945 0.3767)
(0.343895 0.35945 0.39505)
(0.343895 0.35945 0.40005)
(0.343895 0.37695 0.2667)
(0.343895 0.37695 0.2717)
(0.343895 0.37695 0.2887)
(0.343895 0.37695 0.2917)
(0.343895 0.37695 0.2967)
(0.343895 0.37695 0.3142)
(0.343895 0.37695 0.3317)
(0.343895 0.37695 0.3492)
(0.343895 0.37695 0.3667)
(0.343895 0.37695 0.3737)
(0.343895 0.37695 0.3767)
(0.343895 0.37695 0.39505)
(0.343895 0.37695 0.40005)
(0.343895 0.39445 0.2667)
(0.343895 0.39445 0.2717)
(0.343895 0.39445 0.2887)
(0.343895 0.39445 0.2917)
(0.343895 0.39445 0.2967)
(0.343895 0.39445 0.3142)
(0.343895 0.39445 0.3317)
(0.343895 0.39445 0.3492)
(0.343895 0.39445 0.3667)
(0.343895 0.39445 0.3737)
(0.343895 0.39445 0.3767)
(0.343895 0.39445 0.39505)
(0.343895 0.39445 0.40005)
(0.343895 0.40445 0.2667)
(0.343895 0.40445 0.2717)
(0.343895 0.40445 0.2887)
(0.343895 0.40445 0.2917)
(0.343895 0.40445 0.2967)
(0.343895 0.40445 0.3142)
(0.343895 0.40445 0.3317)
(0.343895 0.40445 0.3492)
(0.343895 0.40445 0.3667)
(0.343895 0.40445 0.3737)
(0.343895 0.40445 0.3767)
(0.343895 0.40445 0.39505)
(0.343895 0.40445 0.40005)
(0.343895 0.41945 0.2667)
(0.343895 0.41945 0.2717)
(0.343895 0.41945 0.2887)
(0.343895 0.41945 0.2917)
(0.343895 0.41945 0.2967)
(0.343895 0.41945 0.3142)
(0.343895 0.41945 0.3317)
(0.343895 0.41945 0.3492)
(0.343895 0.41945 0.3667)
(0.343895 0.41945 0.3737)
(0.343895 0.41945 0.3767)
(0.343895 0.41945 0.39505)
(0.343895 0.41945 0.40005)
(0.343895 0.42945 0.2667)
(0.343895 0.42945 0.2717)
(0.343895 0.42945 0.2917)
(0.343895 0.42945 0.2967)
(0.343895 0.42945 0.3142)
(0.343895 0.42945 0.3317)
(0.343895 0.42945 0.3492)
(0.343895 0.42945 0.3667)
(0.343895 0.42945 0.3737)
(0.343895 0.42945 0.39505)
(0.343895 0.42945 0.40005)
(0.343895 0.43445 0.2667)
(0.343895 0.43445 0.2717)
(0.343895 0.43445 0.2917)
(0.343895 0.43445 0.2967)
(0.343895 0.43445 0.3142)
(0.343895 0.43445 0.3317)
(0.343895 0.43445 0.3492)
(0.343895 0.43445 0.3667)
(0.343895 0.43445 0.3737)
(0.343895 0.43445 0.39505)
(0.343895 0.43445 0.40005)
(0.343895 0.451117 0.2667)
(0.343895 0.451117 0.2717)
(0.343895 0.451117 0.2917)
(0.343895 0.451117 0.2967)
(0.343895 0.451117 0.3142)
(0.343895 0.451117 0.3317)
(0.343895 0.451117 0.3492)
(0.343895 0.451117 0.3667)
(0.343895 0.451117 0.3737)
(0.343895 0.451117 0.39505)
(0.343895 0.451117 0.40005)
(0.343895 0.467783 0.2667)
(0.343895 0.467783 0.2717)
(0.343895 0.467783 0.2917)
(0.343895 0.467783 0.2967)
(0.343895 0.467783 0.3142)
(0.343895 0.467783 0.3317)
(0.343895 0.467783 0.3492)
(0.343895 0.467783 0.3667)
(0.343895 0.467783 0.3737)
(0.343895 0.467783 0.39505)
(0.343895 0.467783 0.40005)
(0.343895 0.48445 0.2667)
(0.343895 0.48445 0.2717)
(0.343895 0.48445 0.2917)
(0.343895 0.48445 0.2967)
(0.343895 0.48445 0.3142)
(0.343895 0.48445 0.3317)
(0.343895 0.48445 0.3492)
(0.343895 0.48445 0.3667)
(0.343895 0.48445 0.3737)
(0.343895 0.48445 0.39505)
(0.343895 0.48445 0.40005)
(0.343895 0.49445 0.2667)
(0.343895 0.49445 0.2717)
(0.343895 0.49445 0.2917)
(0.343895 0.49445 0.2967)
(0.343895 0.49445 0.3142)
(0.343895 0.49445 0.3317)
(0.343895 0.49445 0.3492)
(0.343895 0.49445 0.3667)
(0.343895 0.49445 0.3737)
(0.343895 0.49445 0.39505)
(0.343895 0.49445 0.40005)
(0.343895 0.50445 0.2667)
(0.343895 0.50445 0.2717)
(0.343895 0.50445 0.2917)
(0.343895 0.50445 0.2967)
(0.343895 0.50445 0.3142)
(0.343895 0.50445 0.3317)
(0.343895 0.50445 0.3492)
(0.343895 0.50445 0.3667)
(0.343895 0.50445 0.3737)
(0.343895 0.50445 0.39505)
(0.343895 0.50445 0.40005)
(0.343895 0.50945 0.2667)
(0.343895 0.50945 0.2717)
(0.343895 0.50945 0.2917)
(0.343895 0.50945 0.2967)
(0.343895 0.50945 0.3142)
(0.343895 0.50945 0.3317)
(0.343895 0.50945 0.3492)
(0.343895 0.50945 0.3667)
(0.343895 0.50945 0.3737)
(0.343895 0.50945 0.39505)
(0.343895 0.50945 0.40005)
(0.343895 0.52445 0.2667)
(0.343895 0.52445 0.2717)
(0.343895 0.52445 0.39505)
(0.343895 0.52445 0.40005)
(0.343895 0.53945 0.2667)
(0.343895 0.53945 0.2717)
(0.343895 0.53945 0.2817)
(0.343895 0.53945 0.38505)
(0.343895 0.53945 0.39505)
(0.343895 0.53945 0.40005)
(0.343895 0.54445 0.2667)
(0.343895 0.54445 0.2717)
(0.343895 0.54445 0.2817)
(0.343895 0.54445 0.38505)
(0.343895 0.54445 0.39505)
(0.343895 0.54445 0.40005)
(0.346315 0.04445 0.2667)
(0.346315 0.04445 0.2717)
(0.346315 0.04445 0.2817)
(0.346315 0.04445 0.2847)
(0.346315 0.04445 0.38205)
(0.346315 0.04445 0.38505)
(0.346315 0.04445 0.39505)
(0.346315 0.04445 0.40005)
(0.346315 0.04945 0.2667)
(0.346315 0.04945 0.2717)
(0.346315 0.04945 0.2817)
(0.346315 0.04945 0.2847)
(0.346315 0.04945 0.38205)
(0.346315 0.04945 0.38505)
(0.346315 0.04945 0.39505)
(0.346315 0.04945 0.40005)
(0.346315 0.06445 0.2667)
(0.346315 0.06445 0.2717)
(0.346315 0.06445 0.39505)
(0.346315 0.06445 0.40005)
(0.346315 0.07945 0.2667)
(0.346315 0.07945 0.2717)
(0.346315 0.07945 0.39505)
(0.346315 0.07945 0.40005)
(0.346315 0.08945 0.2667)
(0.346315 0.08945 0.2717)
(0.346315 0.08945 0.39505)
(0.346315 0.08945 0.40005)
(0.346315 0.09945 0.2667)
(0.346315 0.09945 0.2717)
(0.346315 0.09945 0.39505)
(0.346315 0.09945 0.40005)
(0.346315 0.11445 0.2667)
(0.346315 0.11445 0.2717)
(0.346315 0.11445 0.39505)
(0.346315 0.11445 0.40005)
(0.346315 0.12945 0.2667)
(0.346315 0.12945 0.2717)
(0.346315 0.12945 0.39505)
(0.346315 0.12945 0.40005)
(0.346315 0.14445 0.2667)
(0.346315 0.14445 0.2717)
(0.346315 0.14445 0.2887)
(0.346315 0.14445 0.2917)
(0.346315 0.14445 0.2967)
(0.346315 0.14445 0.3142)
(0.346315 0.14445 0.3317)
(0.346315 0.14445 0.3492)
(0.346315 0.14445 0.3667)
(0.346315 0.14445 0.3737)
(0.346315 0.14445 0.3767)
(0.346315 0.14445 0.39505)
(0.346315 0.14445 0.40005)
(0.346315 0.15945 0.2667)
(0.346315 0.15945 0.2717)
(0.346315 0.15945 0.2887)
(0.346315 0.15945 0.2917)
(0.346315 0.15945 0.2967)
(0.346315 0.15945 0.3142)
(0.346315 0.15945 0.3317)
(0.346315 0.15945 0.3492)
(0.346315 0.15945 0.3667)
(0.346315 0.15945 0.3737)
(0.346315 0.15945 0.3767)
(0.346315 0.15945 0.39505)
(0.346315 0.15945 0.40005)
(0.346315 0.16445 0.2667)
(0.346315 0.16445 0.2717)
(0.346315 0.16445 0.2887)
(0.346315 0.16445 0.2917)
(0.346315 0.16445 0.2967)
(0.346315 0.16445 0.3142)
(0.346315 0.16445 0.3317)
(0.346315 0.16445 0.3492)
(0.346315 0.16445 0.3667)
(0.346315 0.16445 0.3737)
(0.346315 0.16445 0.3767)
(0.346315 0.16445 0.39505)
(0.346315 0.16445 0.40005)
(0.346315 0.17445 0.2667)
(0.346315 0.17445 0.2717)
(0.346315 0.17445 0.2887)
(0.346315 0.17445 0.2917)
(0.346315 0.17445 0.2967)
(0.346315 0.17445 0.3142)
(0.346315 0.17445 0.3317)
(0.346315 0.17445 0.3492)
(0.346315 0.17445 0.3667)
(0.346315 0.17445 0.3737)
(0.346315 0.17445 0.3767)
(0.346315 0.17445 0.39505)
(0.346315 0.17445 0.40005)
(0.346315 0.18445 0.2667)
(0.346315 0.18445 0.2717)
(0.346315 0.18445 0.2887)
(0.346315 0.18445 0.2917)
(0.346315 0.18445 0.2967)
(0.346315 0.18445 0.3142)
(0.346315 0.18445 0.3317)
(0.346315 0.18445 0.3492)
(0.346315 0.18445 0.3667)
(0.346315 0.18445 0.3737)
(0.346315 0.18445 0.3767)
(0.346315 0.18445 0.39505)
(0.346315 0.18445 0.40005)
(0.346315 0.19695 0.2667)
(0.346315 0.19695 0.2717)
(0.346315 0.19695 0.2887)
(0.346315 0.19695 0.2917)
(0.346315 0.19695 0.2967)
(0.346315 0.19695 0.3142)
(0.346315 0.19695 0.3317)
(0.346315 0.19695 0.3492)
(0.346315 0.19695 0.3667)
(0.346315 0.19695 0.3737)
(0.346315 0.19695 0.3767)
(0.346315 0.19695 0.39505)
(0.346315 0.19695 0.40005)
(0.346315 0.20945 0.2667)
(0.346315 0.20945 0.2717)
(0.346315 0.20945 0.2887)
(0.346315 0.20945 0.2917)
(0.346315 0.20945 0.2967)
(0.346315 0.20945 0.3142)
(0.346315 0.20945 0.3317)
(0.346315 0.20945 0.3492)
(0.346315 0.20945 0.3667)
(0.346315 0.20945 0.3737)
(0.346315 0.20945 0.3767)
(0.346315 0.20945 0.39505)
(0.346315 0.20945 0.40005)
(0.346315 0.22645 0.2667)
(0.346315 0.22645 0.2717)
(0.346315 0.22645 0.2887)
(0.346315 0.22645 0.2917)
(0.346315 0.22645 0.2967)
(0.346315 0.22645 0.3142)
(0.346315 0.22645 0.3317)
(0.346315 0.22645 0.3492)
(0.346315 0.22645 0.3667)
(0.346315 0.22645 0.3737)
(0.346315 0.22645 0.3767)
(0.346315 0.22645 0.39505)
(0.346315 0.22645 0.40005)
(0.346315 0.24345 0.2667)
(0.346315 0.24345 0.2717)
(0.346315 0.24345 0.2887)
(0.346315 0.24345 0.2917)
(0.346315 0.24345 0.2967)
(0.346315 0.24345 0.3142)
(0.346315 0.24345 0.3317)
(0.346315 0.24345 0.3492)
(0.346315 0.24345 0.3667)
(0.346315 0.24345 0.3737)
(0.346315 0.24345 0.3767)
(0.346315 0.24345 0.39505)
(0.346315 0.24345 0.40005)
(0.346315 0.26045 0.2667)
(0.346315 0.26045 0.2717)
(0.346315 0.26045 0.2887)
(0.346315 0.26045 0.2917)
(0.346315 0.26045 0.2967)
(0.346315 0.26045 0.3142)
(0.346315 0.26045 0.3317)
(0.346315 0.26045 0.3492)
(0.346315 0.26045 0.3667)
(0.346315 0.26045 0.3737)
(0.346315 0.26045 0.3767)
(0.346315 0.26045 0.39505)
(0.346315 0.26045 0.40005)
(0.346315 0.27745 0.2667)
(0.346315 0.27745 0.2717)
(0.346315 0.27745 0.2887)
(0.346315 0.27745 0.2917)
(0.346315 0.27745 0.2967)
(0.346315 0.27745 0.3142)
(0.346315 0.27745 0.3317)
(0.346315 0.27745 0.3492)
(0.346315 0.27745 0.3667)
(0.346315 0.27745 0.3737)
(0.346315 0.27745 0.3767)
(0.346315 0.27745 0.39505)
(0.346315 0.27745 0.40005)
(0.346315 0.29445 0.2667)
(0.346315 0.29445 0.2717)
(0.346315 0.29445 0.2887)
(0.346315 0.29445 0.2917)
(0.346315 0.29445 0.2967)
(0.346315 0.29445 0.3142)
(0.346315 0.29445 0.3317)
(0.346315 0.29445 0.3492)
(0.346315 0.29445 0.3667)
(0.346315 0.29445 0.3737)
(0.346315 0.29445 0.3767)
(0.346315 0.29445 0.39505)
(0.346315 0.29445 0.40005)
(0.346315 0.30945 0.2667)
(0.346315 0.30945 0.2717)
(0.346315 0.30945 0.2887)
(0.346315 0.30945 0.2917)
(0.346315 0.30945 0.2967)
(0.346315 0.30945 0.3142)
(0.346315 0.30945 0.3317)
(0.346315 0.30945 0.3492)
(0.346315 0.30945 0.3667)
(0.346315 0.30945 0.3737)
(0.346315 0.30945 0.3767)
(0.346315 0.30945 0.39505)
(0.346315 0.30945 0.40005)
(0.346315 0.32445 0.2667)
(0.346315 0.32445 0.2717)
(0.346315 0.32445 0.2887)
(0.346315 0.32445 0.2917)
(0.346315 0.32445 0.2967)
(0.346315 0.32445 0.3142)
(0.346315 0.32445 0.3317)
(0.346315 0.32445 0.3492)
(0.346315 0.32445 0.3667)
(0.346315 0.32445 0.3737)
(0.346315 0.32445 0.3767)
(0.346315 0.32445 0.39505)
(0.346315 0.32445 0.40005)
(0.346315 0.34195 0.2667)
(0.346315 0.34195 0.2717)
(0.346315 0.34195 0.2887)
(0.346315 0.34195 0.2917)
(0.346315 0.34195 0.2967)
(0.346315 0.34195 0.3142)
(0.346315 0.34195 0.3317)
(0.346315 0.34195 0.3492)
(0.346315 0.34195 0.3667)
(0.346315 0.34195 0.3737)
(0.346315 0.34195 0.3767)
(0.346315 0.34195 0.39505)
(0.346315 0.34195 0.40005)
(0.346315 0.35945 0.2667)
(0.346315 0.35945 0.2717)
(0.346315 0.35945 0.2887)
(0.346315 0.35945 0.2917)
(0.346315 0.35945 0.2967)
(0.346315 0.35945 0.3142)
(0.346315 0.35945 0.3317)
(0.346315 0.35945 0.3492)
(0.346315 0.35945 0.3667)
(0.346315 0.35945 0.3737)
(0.346315 0.35945 0.3767)
(0.346315 0.35945 0.39505)
(0.346315 0.35945 0.40005)
(0.346315 0.37695 0.2667)
(0.346315 0.37695 0.2717)
(0.346315 0.37695 0.2887)
(0.346315 0.37695 0.2917)
(0.346315 0.37695 0.2967)
(0.346315 0.37695 0.3142)
(0.346315 0.37695 0.3317)
(0.346315 0.37695 0.3492)
(0.346315 0.37695 0.3667)
(0.346315 0.37695 0.3737)
(0.346315 0.37695 0.3767)
(0.346315 0.37695 0.39505)
(0.346315 0.37695 0.40005)
(0.346315 0.39445 0.2667)
(0.346315 0.39445 0.2717)
(0.346315 0.39445 0.2887)
(0.346315 0.39445 0.2917)
(0.346315 0.39445 0.2967)
(0.346315 0.39445 0.3142)
(0.346315 0.39445 0.3317)
(0.346315 0.39445 0.3492)
(0.346315 0.39445 0.3667)
(0.346315 0.39445 0.3737)
(0.346315 0.39445 0.3767)
(0.346315 0.39445 0.39505)
(0.346315 0.39445 0.40005)
(0.346315 0.40445 0.2667)
(0.346315 0.40445 0.2717)
(0.346315 0.40445 0.2887)
(0.346315 0.40445 0.2917)
(0.346315 0.40445 0.2967)
(0.346315 0.40445 0.3142)
(0.346315 0.40445 0.3317)
(0.346315 0.40445 0.3492)
(0.346315 0.40445 0.3667)
(0.346315 0.40445 0.3737)
(0.346315 0.40445 0.3767)
(0.346315 0.40445 0.39505)
(0.346315 0.40445 0.40005)
(0.346315 0.41945 0.2667)
(0.346315 0.41945 0.2717)
(0.346315 0.41945 0.2887)
(0.346315 0.41945 0.2917)
(0.346315 0.41945 0.2967)
(0.346315 0.41945 0.3142)
(0.346315 0.41945 0.3317)
(0.346315 0.41945 0.3492)
(0.346315 0.41945 0.3667)
(0.346315 0.41945 0.3737)
(0.346315 0.41945 0.3767)
(0.346315 0.41945 0.39505)
(0.346315 0.41945 0.40005)
(0.346315 0.42945 0.2667)
(0.346315 0.42945 0.2717)
(0.346315 0.42945 0.2917)
(0.346315 0.42945 0.2967)
(0.346315 0.42945 0.3142)
(0.346315 0.42945 0.3317)
(0.346315 0.42945 0.3492)
(0.346315 0.42945 0.3667)
(0.346315 0.42945 0.3737)
(0.346315 0.42945 0.39505)
(0.346315 0.42945 0.40005)
(0.346315 0.43445 0.2667)
(0.346315 0.43445 0.2717)
(0.346315 0.43445 0.2917)
(0.346315 0.43445 0.2967)
(0.346315 0.43445 0.3142)
(0.346315 0.43445 0.3317)
(0.346315 0.43445 0.3492)
(0.346315 0.43445 0.3667)
(0.346315 0.43445 0.3737)
(0.346315 0.43445 0.39505)
(0.346315 0.43445 0.40005)
(0.346315 0.451117 0.2667)
(0.346315 0.451117 0.2717)
(0.346315 0.451117 0.2917)
(0.346315 0.451117 0.2967)
(0.346315 0.451117 0.3142)
(0.346315 0.451117 0.3317)
(0.346315 0.451117 0.3492)
(0.346315 0.451117 0.3667)
(0.346315 0.451117 0.3737)
(0.346315 0.451117 0.39505)
(0.346315 0.451117 0.40005)
(0.346315 0.467783 0.2667)
(0.346315 0.467783 0.2717)
(0.346315 0.467783 0.2917)
(0.346315 0.467783 0.2967)
(0.346315 0.467783 0.3142)
(0.346315 0.467783 0.3317)
(0.346315 0.467783 0.3492)
(0.346315 0.467783 0.3667)
(0.346315 0.467783 0.3737)
(0.346315 0.467783 0.39505)
(0.346315 0.467783 0.40005)
(0.346315 0.48445 0.2667)
(0.346315 0.48445 0.2717)
(0.346315 0.48445 0.2917)
(0.346315 0.48445 0.2967)
(0.346315 0.48445 0.3142)
(0.346315 0.48445 0.3317)
(0.346315 0.48445 0.3492)
(0.346315 0.48445 0.3667)
(0.346315 0.48445 0.3737)
(0.346315 0.48445 0.39505)
(0.346315 0.48445 0.40005)
(0.346315 0.49445 0.2667)
(0.346315 0.49445 0.2717)
(0.346315 0.49445 0.2917)
(0.346315 0.49445 0.2967)
(0.346315 0.49445 0.3142)
(0.346315 0.49445 0.3317)
(0.346315 0.49445 0.3492)
(0.346315 0.49445 0.3667)
(0.346315 0.49445 0.3737)
(0.346315 0.49445 0.39505)
(0.346315 0.49445 0.40005)
(0.346315 0.50445 0.2667)
(0.346315 0.50445 0.2717)
(0.346315 0.50445 0.2917)
(0.346315 0.50445 0.2967)
(0.346315 0.50445 0.3142)
(0.346315 0.50445 0.3317)
(0.346315 0.50445 0.3492)
(0.346315 0.50445 0.3667)
(0.346315 0.50445 0.3737)
(0.346315 0.50445 0.39505)
(0.346315 0.50445 0.40005)
(0.346315 0.50945 0.2667)
(0.346315 0.50945 0.2717)
(0.346315 0.50945 0.2917)
(0.346315 0.50945 0.2967)
(0.346315 0.50945 0.3142)
(0.346315 0.50945 0.3317)
(0.346315 0.50945 0.3492)
(0.346315 0.50945 0.3667)
(0.346315 0.50945 0.3737)
(0.346315 0.50945 0.39505)
(0.346315 0.50945 0.40005)
(0.346315 0.52445 0.2667)
(0.346315 0.52445 0.2717)
(0.346315 0.52445 0.39505)
(0.346315 0.52445 0.40005)
(0.346315 0.53945 0.2667)
(0.346315 0.53945 0.2717)
(0.346315 0.53945 0.2817)
(0.346315 0.53945 0.38505)
(0.346315 0.53945 0.39505)
(0.346315 0.53945 0.40005)
(0.346315 0.54445 0.2667)
(0.346315 0.54445 0.2717)
(0.346315 0.54445 0.2817)
(0.346315 0.54445 0.38505)
(0.346315 0.54445 0.39505)
(0.346315 0.54445 0.40005)
(0.347915 0.04445 0.2667)
(0.347915 0.04445 0.2717)
(0.347915 0.04445 0.2817)
(0.347915 0.04445 0.2847)
(0.347915 0.04445 0.38205)
(0.347915 0.04445 0.38505)
(0.347915 0.04445 0.39505)
(0.347915 0.04445 0.40005)
(0.347915 0.04945 0.2667)
(0.347915 0.04945 0.2717)
(0.347915 0.04945 0.2817)
(0.347915 0.04945 0.2847)
(0.347915 0.04945 0.38205)
(0.347915 0.04945 0.38505)
(0.347915 0.04945 0.39505)
(0.347915 0.04945 0.40005)
(0.347915 0.06445 0.2667)
(0.347915 0.06445 0.2717)
(0.347915 0.06445 0.39505)
(0.347915 0.06445 0.40005)
(0.347915 0.07945 0.2667)
(0.347915 0.07945 0.2717)
(0.347915 0.07945 0.39505)
(0.347915 0.07945 0.40005)
(0.347915 0.08945 0.2667)
(0.347915 0.08945 0.2717)
(0.347915 0.08945 0.39505)
(0.347915 0.08945 0.40005)
(0.347915 0.09945 0.2667)
(0.347915 0.09945 0.2717)
(0.347915 0.09945 0.39505)
(0.347915 0.09945 0.40005)
(0.347915 0.11445 0.2667)
(0.347915 0.11445 0.2717)
(0.347915 0.11445 0.39505)
(0.347915 0.11445 0.40005)
(0.347915 0.12945 0.2667)
(0.347915 0.12945 0.2717)
(0.347915 0.12945 0.39505)
(0.347915 0.12945 0.40005)
(0.347915 0.14445 0.2667)
(0.347915 0.14445 0.2717)
(0.347915 0.14445 0.2887)
(0.347915 0.14445 0.2917)
(0.347915 0.14445 0.2967)
(0.347915 0.14445 0.3142)
(0.347915 0.14445 0.3317)
(0.347915 0.14445 0.3492)
(0.347915 0.14445 0.3667)
(0.347915 0.14445 0.3737)
(0.347915 0.14445 0.3767)
(0.347915 0.14445 0.39505)
(0.347915 0.14445 0.40005)
(0.347915 0.15945 0.2667)
(0.347915 0.15945 0.2717)
(0.347915 0.15945 0.2887)
(0.347915 0.15945 0.2917)
(0.347915 0.15945 0.2967)
(0.347915 0.15945 0.3142)
(0.347915 0.15945 0.3317)
(0.347915 0.15945 0.3492)
(0.347915 0.15945 0.3667)
(0.347915 0.15945 0.3737)
(0.347915 0.15945 0.3767)
(0.347915 0.15945 0.39505)
(0.347915 0.15945 0.40005)
(0.347915 0.16445 0.2667)
(0.347915 0.16445 0.2717)
(0.347915 0.16445 0.2887)
(0.347915 0.16445 0.2917)
(0.347915 0.16445 0.2967)
(0.347915 0.16445 0.3142)
(0.347915 0.16445 0.3317)
(0.347915 0.16445 0.3492)
(0.347915 0.16445 0.3667)
(0.347915 0.16445 0.3737)
(0.347915 0.16445 0.3767)
(0.347915 0.16445 0.39505)
(0.347915 0.16445 0.40005)
(0.347915 0.17445 0.2667)
(0.347915 0.17445 0.2717)
(0.347915 0.17445 0.2887)
(0.347915 0.17445 0.2917)
(0.347915 0.17445 0.2967)
(0.347915 0.17445 0.3142)
(0.347915 0.17445 0.3317)
(0.347915 0.17445 0.3492)
(0.347915 0.17445 0.3667)
(0.347915 0.17445 0.3737)
(0.347915 0.17445 0.3767)
(0.347915 0.17445 0.39505)
(0.347915 0.17445 0.40005)
(0.347915 0.18445 0.2667)
(0.347915 0.18445 0.2717)
(0.347915 0.18445 0.2887)
(0.347915 0.18445 0.2917)
(0.347915 0.18445 0.2967)
(0.347915 0.18445 0.3142)
(0.347915 0.18445 0.3317)
(0.347915 0.18445 0.3492)
(0.347915 0.18445 0.3667)
(0.347915 0.18445 0.3737)
(0.347915 0.18445 0.3767)
(0.347915 0.18445 0.39505)
(0.347915 0.18445 0.40005)
(0.347915 0.19695 0.2667)
(0.347915 0.19695 0.2717)
(0.347915 0.19695 0.2887)
(0.347915 0.19695 0.2917)
(0.347915 0.19695 0.2967)
(0.347915 0.19695 0.3142)
(0.347915 0.19695 0.3317)
(0.347915 0.19695 0.3492)
(0.347915 0.19695 0.3667)
(0.347915 0.19695 0.3737)
(0.347915 0.19695 0.3767)
(0.347915 0.19695 0.39505)
(0.347915 0.19695 0.40005)
(0.347915 0.20945 0.2667)
(0.347915 0.20945 0.2717)
(0.347915 0.20945 0.2887)
(0.347915 0.20945 0.2917)
(0.347915 0.20945 0.2967)
(0.347915 0.20945 0.3142)
(0.347915 0.20945 0.3317)
(0.347915 0.20945 0.3492)
(0.347915 0.20945 0.3667)
(0.347915 0.20945 0.3737)
(0.347915 0.20945 0.3767)
(0.347915 0.20945 0.39505)
(0.347915 0.20945 0.40005)
(0.347915 0.22645 0.2667)
(0.347915 0.22645 0.2717)
(0.347915 0.22645 0.2887)
(0.347915 0.22645 0.2917)
(0.347915 0.22645 0.2967)
(0.347915 0.22645 0.3142)
(0.347915 0.22645 0.3317)
(0.347915 0.22645 0.3492)
(0.347915 0.22645 0.3667)
(0.347915 0.22645 0.3737)
(0.347915 0.22645 0.3767)
(0.347915 0.22645 0.39505)
(0.347915 0.22645 0.40005)
(0.347915 0.24345 0.2667)
(0.347915 0.24345 0.2717)
(0.347915 0.24345 0.2887)
(0.347915 0.24345 0.2917)
(0.347915 0.24345 0.2967)
(0.347915 0.24345 0.3142)
(0.347915 0.24345 0.3317)
(0.347915 0.24345 0.3492)
(0.347915 0.24345 0.3667)
(0.347915 0.24345 0.3737)
(0.347915 0.24345 0.3767)
(0.347915 0.24345 0.39505)
(0.347915 0.24345 0.40005)
(0.347915 0.26045 0.2667)
(0.347915 0.26045 0.2717)
(0.347915 0.26045 0.2887)
(0.347915 0.26045 0.2917)
(0.347915 0.26045 0.2967)
(0.347915 0.26045 0.3142)
(0.347915 0.26045 0.3317)
(0.347915 0.26045 0.3492)
(0.347915 0.26045 0.3667)
(0.347915 0.26045 0.3737)
(0.347915 0.26045 0.3767)
(0.347915 0.26045 0.39505)
(0.347915 0.26045 0.40005)
(0.347915 0.27745 0.2667)
(0.347915 0.27745 0.2717)
(0.347915 0.27745 0.2887)
(0.347915 0.27745 0.2917)
(0.347915 0.27745 0.2967)
(0.347915 0.27745 0.3142)
(0.347915 0.27745 0.3317)
(0.347915 0.27745 0.3492)
(0.347915 0.27745 0.3667)
(0.347915 0.27745 0.3737)
(0.347915 0.27745 0.3767)
(0.347915 0.27745 0.39505)
(0.347915 0.27745 0.40005)
(0.347915 0.29445 0.2667)
(0.347915 0.29445 0.2717)
(0.347915 0.29445 0.2887)
(0.347915 0.29445 0.2917)
(0.347915 0.29445 0.2967)
(0.347915 0.29445 0.3142)
(0.347915 0.29445 0.3317)
(0.347915 0.29445 0.3492)
(0.347915 0.29445 0.3667)
(0.347915 0.29445 0.3737)
(0.347915 0.29445 0.3767)
(0.347915 0.29445 0.39505)
(0.347915 0.29445 0.40005)
(0.347915 0.30945 0.2667)
(0.347915 0.30945 0.2717)
(0.347915 0.30945 0.2887)
(0.347915 0.30945 0.2917)
(0.347915 0.30945 0.2967)
(0.347915 0.30945 0.3142)
(0.347915 0.30945 0.3317)
(0.347915 0.30945 0.3492)
(0.347915 0.30945 0.3667)
(0.347915 0.30945 0.3737)
(0.347915 0.30945 0.3767)
(0.347915 0.30945 0.39505)
(0.347915 0.30945 0.40005)
(0.347915 0.32445 0.2667)
(0.347915 0.32445 0.2717)
(0.347915 0.32445 0.2887)
(0.347915 0.32445 0.2917)
(0.347915 0.32445 0.2967)
(0.347915 0.32445 0.3142)
(0.347915 0.32445 0.3317)
(0.347915 0.32445 0.3492)
(0.347915 0.32445 0.3667)
(0.347915 0.32445 0.3737)
(0.347915 0.32445 0.3767)
(0.347915 0.32445 0.39505)
(0.347915 0.32445 0.40005)
(0.347915 0.34195 0.2667)
(0.347915 0.34195 0.2717)
(0.347915 0.34195 0.2887)
(0.347915 0.34195 0.2917)
(0.347915 0.34195 0.2967)
(0.347915 0.34195 0.3142)
(0.347915 0.34195 0.3317)
(0.347915 0.34195 0.3492)
(0.347915 0.34195 0.3667)
(0.347915 0.34195 0.3737)
(0.347915 0.34195 0.3767)
(0.347915 0.34195 0.39505)
(0.347915 0.34195 0.40005)
(0.347915 0.35945 0.2667)
(0.347915 0.35945 0.2717)
(0.347915 0.35945 0.2887)
(0.347915 0.35945 0.2917)
(0.347915 0.35945 0.2967)
(0.347915 0.35945 0.3142)
(0.347915 0.35945 0.3317)
(0.347915 0.35945 0.3492)
(0.347915 0.35945 0.3667)
(0.347915 0.35945 0.3737)
(0.347915 0.35945 0.3767)
(0.347915 0.35945 0.39505)
(0.347915 0.35945 0.40005)
(0.347915 0.37695 0.2667)
(0.347915 0.37695 0.2717)
(0.347915 0.37695 0.2887)
(0.347915 0.37695 0.2917)
(0.347915 0.37695 0.2967)
(0.347915 0.37695 0.3142)
(0.347915 0.37695 0.3317)
(0.347915 0.37695 0.3492)
(0.347915 0.37695 0.3667)
(0.347915 0.37695 0.3737)
(0.347915 0.37695 0.3767)
(0.347915 0.37695 0.39505)
(0.347915 0.37695 0.40005)
(0.347915 0.39445 0.2667)
(0.347915 0.39445 0.2717)
(0.347915 0.39445 0.2887)
(0.347915 0.39445 0.2917)
(0.347915 0.39445 0.2967)
(0.347915 0.39445 0.3142)
(0.347915 0.39445 0.3317)
(0.347915 0.39445 0.3492)
(0.347915 0.39445 0.3667)
(0.347915 0.39445 0.3737)
(0.347915 0.39445 0.3767)
(0.347915 0.39445 0.39505)
(0.347915 0.39445 0.40005)
(0.347915 0.40445 0.2667)
(0.347915 0.40445 0.2717)
(0.347915 0.40445 0.2887)
(0.347915 0.40445 0.2917)
(0.347915 0.40445 0.2967)
(0.347915 0.40445 0.3142)
(0.347915 0.40445 0.3317)
(0.347915 0.40445 0.3492)
(0.347915 0.40445 0.3667)
(0.347915 0.40445 0.3737)
(0.347915 0.40445 0.3767)
(0.347915 0.40445 0.39505)
(0.347915 0.40445 0.40005)
(0.347915 0.41945 0.2667)
(0.347915 0.41945 0.2717)
(0.347915 0.41945 0.2887)
(0.347915 0.41945 0.2917)
(0.347915 0.41945 0.2967)
(0.347915 0.41945 0.3142)
(0.347915 0.41945 0.3317)
(0.347915 0.41945 0.3492)
(0.347915 0.41945 0.3667)
(0.347915 0.41945 0.3737)
(0.347915 0.41945 0.3767)
(0.347915 0.41945 0.39505)
(0.347915 0.41945 0.40005)
(0.347915 0.42945 0.2667)
(0.347915 0.42945 0.2717)
(0.347915 0.42945 0.2917)
(0.347915 0.42945 0.2967)
(0.347915 0.42945 0.3142)
(0.347915 0.42945 0.3317)
(0.347915 0.42945 0.3492)
(0.347915 0.42945 0.3667)
(0.347915 0.42945 0.3737)
(0.347915 0.42945 0.39505)
(0.347915 0.42945 0.40005)
(0.347915 0.43445 0.2667)
(0.347915 0.43445 0.2717)
(0.347915 0.43445 0.2917)
(0.347915 0.43445 0.2967)
(0.347915 0.43445 0.3142)
(0.347915 0.43445 0.3317)
(0.347915 0.43445 0.3492)
(0.347915 0.43445 0.3667)
(0.347915 0.43445 0.3737)
(0.347915 0.43445 0.39505)
(0.347915 0.43445 0.40005)
(0.347915 0.451117 0.2667)
(0.347915 0.451117 0.2717)
(0.347915 0.451117 0.2917)
(0.347915 0.451117 0.2967)
(0.347915 0.451117 0.3142)
(0.347915 0.451117 0.3317)
(0.347915 0.451117 0.3492)
(0.347915 0.451117 0.3667)
(0.347915 0.451117 0.3737)
(0.347915 0.451117 0.39505)
(0.347915 0.451117 0.40005)
(0.347915 0.467783 0.2667)
(0.347915 0.467783 0.2717)
(0.347915 0.467783 0.2917)
(0.347915 0.467783 0.2967)
(0.347915 0.467783 0.3142)
(0.347915 0.467783 0.3317)
(0.347915 0.467783 0.3492)
(0.347915 0.467783 0.3667)
(0.347915 0.467783 0.3737)
(0.347915 0.467783 0.39505)
(0.347915 0.467783 0.40005)
(0.347915 0.48445 0.2667)
(0.347915 0.48445 0.2717)
(0.347915 0.48445 0.2917)
(0.347915 0.48445 0.2967)
(0.347915 0.48445 0.3142)
(0.347915 0.48445 0.3317)
(0.347915 0.48445 0.3492)
(0.347915 0.48445 0.3667)
(0.347915 0.48445 0.3737)
(0.347915 0.48445 0.39505)
(0.347915 0.48445 0.40005)
(0.347915 0.49445 0.2667)
(0.347915 0.49445 0.2717)
(0.347915 0.49445 0.2917)
(0.347915 0.49445 0.2967)
(0.347915 0.49445 0.3142)
(0.347915 0.49445 0.3317)
(0.347915 0.49445 0.3492)
(0.347915 0.49445 0.3667)
(0.347915 0.49445 0.3737)
(0.347915 0.49445 0.39505)
(0.347915 0.49445 0.40005)
(0.347915 0.50445 0.2667)
(0.347915 0.50445 0.2717)
(0.347915 0.50445 0.2917)
(0.347915 0.50445 0.2967)
(0.347915 0.50445 0.3142)
(0.347915 0.50445 0.3317)
(0.347915 0.50445 0.3492)
(0.347915 0.50445 0.3667)
(0.347915 0.50445 0.3737)
(0.347915 0.50445 0.39505)
(0.347915 0.50445 0.40005)
(0.347915 0.50945 0.2667)
(0.347915 0.50945 0.2717)
(0.347915 0.50945 0.2917)
(0.347915 0.50945 0.2967)
(0.347915 0.50945 0.3142)
(0.347915 0.50945 0.3317)
(0.347915 0.50945 0.3492)
(0.347915 0.50945 0.3667)
(0.347915 0.50945 0.3737)
(0.347915 0.50945 0.39505)
(0.347915 0.50945 0.40005)
(0.347915 0.52445 0.2667)
(0.347915 0.52445 0.2717)
(0.347915 0.52445 0.39505)
(0.347915 0.52445 0.40005)
(0.347915 0.53945 0.2667)
(0.347915 0.53945 0.2717)
(0.347915 0.53945 0.2817)
(0.347915 0.53945 0.38505)
(0.347915 0.53945 0.39505)
(0.347915 0.53945 0.40005)
(0.347915 0.54445 0.2667)
(0.347915 0.54445 0.2717)
(0.347915 0.54445 0.2817)
(0.347915 0.54445 0.38505)
(0.347915 0.54445 0.39505)
(0.347915 0.54445 0.40005)
(0.350645 0.04445 0.2667)
(0.350645 0.04445 0.2717)
(0.350645 0.04445 0.2817)
(0.350645 0.04445 0.2847)
(0.350645 0.04445 0.38205)
(0.350645 0.04445 0.38505)
(0.350645 0.04445 0.39505)
(0.350645 0.04445 0.40005)
(0.350645 0.04945 0.2667)
(0.350645 0.04945 0.2717)
(0.350645 0.04945 0.2817)
(0.350645 0.04945 0.2847)
(0.350645 0.04945 0.38205)
(0.350645 0.04945 0.38505)
(0.350645 0.04945 0.39505)
(0.350645 0.04945 0.40005)
(0.350645 0.06445 0.2667)
(0.350645 0.06445 0.2717)
(0.350645 0.06445 0.39505)
(0.350645 0.06445 0.40005)
(0.350645 0.07945 0.2667)
(0.350645 0.07945 0.2717)
(0.350645 0.07945 0.39505)
(0.350645 0.07945 0.40005)
(0.350645 0.08945 0.2667)
(0.350645 0.08945 0.2717)
(0.350645 0.08945 0.39505)
(0.350645 0.08945 0.40005)
(0.350645 0.09945 0.2667)
(0.350645 0.09945 0.2717)
(0.350645 0.09945 0.39505)
(0.350645 0.09945 0.40005)
(0.350645 0.11445 0.2667)
(0.350645 0.11445 0.2717)
(0.350645 0.11445 0.39505)
(0.350645 0.11445 0.40005)
(0.350645 0.12945 0.2667)
(0.350645 0.12945 0.2717)
(0.350645 0.12945 0.39505)
(0.350645 0.12945 0.40005)
(0.350645 0.14445 0.2667)
(0.350645 0.14445 0.2717)
(0.350645 0.14445 0.2887)
(0.350645 0.14445 0.2917)
(0.350645 0.14445 0.2967)
(0.350645 0.14445 0.3142)
(0.350645 0.14445 0.3317)
(0.350645 0.14445 0.3492)
(0.350645 0.14445 0.3667)
(0.350645 0.14445 0.3737)
(0.350645 0.14445 0.3767)
(0.350645 0.14445 0.39505)
(0.350645 0.14445 0.40005)
(0.350645 0.15945 0.2667)
(0.350645 0.15945 0.2717)
(0.350645 0.15945 0.2887)
(0.350645 0.15945 0.2917)
(0.350645 0.15945 0.2967)
(0.350645 0.15945 0.3142)
(0.350645 0.15945 0.3317)
(0.350645 0.15945 0.3492)
(0.350645 0.15945 0.3667)
(0.350645 0.15945 0.3737)
(0.350645 0.15945 0.3767)
(0.350645 0.15945 0.39505)
(0.350645 0.15945 0.40005)
(0.350645 0.16445 0.2667)
(0.350645 0.16445 0.2717)
(0.350645 0.16445 0.2887)
(0.350645 0.16445 0.2917)
(0.350645 0.16445 0.2967)
(0.350645 0.16445 0.3142)
(0.350645 0.16445 0.3317)
(0.350645 0.16445 0.3492)
(0.350645 0.16445 0.3667)
(0.350645 0.16445 0.3737)
(0.350645 0.16445 0.3767)
(0.350645 0.16445 0.39505)
(0.350645 0.16445 0.40005)
(0.350645 0.17445 0.2667)
(0.350645 0.17445 0.2717)
(0.350645 0.17445 0.2887)
(0.350645 0.17445 0.2917)
(0.350645 0.17445 0.2967)
(0.350645 0.17445 0.3142)
(0.350645 0.17445 0.3317)
(0.350645 0.17445 0.3492)
(0.350645 0.17445 0.3667)
(0.350645 0.17445 0.3737)
(0.350645 0.17445 0.3767)
(0.350645 0.17445 0.39505)
(0.350645 0.17445 0.40005)
(0.350645 0.18445 0.2667)
(0.350645 0.18445 0.2717)
(0.350645 0.18445 0.2887)
(0.350645 0.18445 0.2917)
(0.350645 0.18445 0.2967)
(0.350645 0.18445 0.3142)
(0.350645 0.18445 0.3317)
(0.350645 0.18445 0.3492)
(0.350645 0.18445 0.3667)
(0.350645 0.18445 0.3737)
(0.350645 0.18445 0.3767)
(0.350645 0.18445 0.39505)
(0.350645 0.18445 0.40005)
(0.350645 0.19695 0.2667)
(0.350645 0.19695 0.2717)
(0.350645 0.19695 0.2887)
(0.350645 0.19695 0.2917)
(0.350645 0.19695 0.2967)
(0.350645 0.19695 0.3142)
(0.350645 0.19695 0.3317)
(0.350645 0.19695 0.3492)
(0.350645 0.19695 0.3667)
(0.350645 0.19695 0.3737)
(0.350645 0.19695 0.3767)
(0.350645 0.19695 0.39505)
(0.350645 0.19695 0.40005)
(0.350645 0.20945 0.2667)
(0.350645 0.20945 0.2717)
(0.350645 0.20945 0.2887)
(0.350645 0.20945 0.2917)
(0.350645 0.20945 0.2967)
(0.350645 0.20945 0.3142)
(0.350645 0.20945 0.3317)
(0.350645 0.20945 0.3492)
(0.350645 0.20945 0.3667)
(0.350645 0.20945 0.3737)
(0.350645 0.20945 0.3767)
(0.350645 0.20945 0.39505)
(0.350645 0.20945 0.40005)
(0.350645 0.22645 0.2667)
(0.350645 0.22645 0.2717)
(0.350645 0.22645 0.2887)
(0.350645 0.22645 0.2917)
(0.350645 0.22645 0.2967)
(0.350645 0.22645 0.3142)
(0.350645 0.22645 0.3317)
(0.350645 0.22645 0.3492)
(0.350645 0.22645 0.3667)
(0.350645 0.22645 0.3737)
(0.350645 0.22645 0.3767)
(0.350645 0.22645 0.39505)
(0.350645 0.22645 0.40005)
(0.350645 0.24345 0.2667)
(0.350645 0.24345 0.2717)
(0.350645 0.24345 0.2887)
(0.350645 0.24345 0.2917)
(0.350645 0.24345 0.2967)
(0.350645 0.24345 0.3142)
(0.350645 0.24345 0.3317)
(0.350645 0.24345 0.3492)
(0.350645 0.24345 0.3667)
(0.350645 0.24345 0.3737)
(0.350645 0.24345 0.3767)
(0.350645 0.24345 0.39505)
(0.350645 0.24345 0.40005)
(0.350645 0.26045 0.2667)
(0.350645 0.26045 0.2717)
(0.350645 0.26045 0.2887)
(0.350645 0.26045 0.2917)
(0.350645 0.26045 0.2967)
(0.350645 0.26045 0.3142)
(0.350645 0.26045 0.3317)
(0.350645 0.26045 0.3492)
(0.350645 0.26045 0.3667)
(0.350645 0.26045 0.3737)
(0.350645 0.26045 0.3767)
(0.350645 0.26045 0.39505)
(0.350645 0.26045 0.40005)
(0.350645 0.27745 0.2667)
(0.350645 0.27745 0.2717)
(0.350645 0.27745 0.2887)
(0.350645 0.27745 0.2917)
(0.350645 0.27745 0.2967)
(0.350645 0.27745 0.3142)
(0.350645 0.27745 0.3317)
(0.350645 0.27745 0.3492)
(0.350645 0.27745 0.3667)
(0.350645 0.27745 0.3737)
(0.350645 0.27745 0.3767)
(0.350645 0.27745 0.39505)
(0.350645 0.27745 0.40005)
(0.350645 0.29445 0.2667)
(0.350645 0.29445 0.2717)
(0.350645 0.29445 0.2887)
(0.350645 0.29445 0.2917)
(0.350645 0.29445 0.2967)
(0.350645 0.29445 0.3142)
(0.350645 0.29445 0.3317)
(0.350645 0.29445 0.3492)
(0.350645 0.29445 0.3667)
(0.350645 0.29445 0.3737)
(0.350645 0.29445 0.3767)
(0.350645 0.29445 0.39505)
(0.350645 0.29445 0.40005)
(0.350645 0.30945 0.2667)
(0.350645 0.30945 0.2717)
(0.350645 0.30945 0.2887)
(0.350645 0.30945 0.2917)
(0.350645 0.30945 0.2967)
(0.350645 0.30945 0.3142)
(0.350645 0.30945 0.3317)
(0.350645 0.30945 0.3492)
(0.350645 0.30945 0.3667)
(0.350645 0.30945 0.3737)
(0.350645 0.30945 0.3767)
(0.350645 0.30945 0.39505)
(0.350645 0.30945 0.40005)
(0.350645 0.32445 0.2667)
(0.350645 0.32445 0.2717)
(0.350645 0.32445 0.2887)
(0.350645 0.32445 0.2917)
(0.350645 0.32445 0.2967)
(0.350645 0.32445 0.3142)
(0.350645 0.32445 0.3317)
(0.350645 0.32445 0.3492)
(0.350645 0.32445 0.3667)
(0.350645 0.32445 0.3737)
(0.350645 0.32445 0.3767)
(0.350645 0.32445 0.39505)
(0.350645 0.32445 0.40005)
(0.350645 0.34195 0.2667)
(0.350645 0.34195 0.2717)
(0.350645 0.34195 0.2887)
(0.350645 0.34195 0.2917)
(0.350645 0.34195 0.2967)
(0.350645 0.34195 0.3142)
(0.350645 0.34195 0.3317)
(0.350645 0.34195 0.3492)
(0.350645 0.34195 0.3667)
(0.350645 0.34195 0.3737)
(0.350645 0.34195 0.3767)
(0.350645 0.34195 0.39505)
(0.350645 0.34195 0.40005)
(0.350645 0.35945 0.2667)
(0.350645 0.35945 0.2717)
(0.350645 0.35945 0.2887)
(0.350645 0.35945 0.2917)
(0.350645 0.35945 0.2967)
(0.350645 0.35945 0.3142)
(0.350645 0.35945 0.3317)
(0.350645 0.35945 0.3492)
(0.350645 0.35945 0.3667)
(0.350645 0.35945 0.3737)
(0.350645 0.35945 0.3767)
(0.350645 0.35945 0.39505)
(0.350645 0.35945 0.40005)
(0.350645 0.37695 0.2667)
(0.350645 0.37695 0.2717)
(0.350645 0.37695 0.2887)
(0.350645 0.37695 0.2917)
(0.350645 0.37695 0.2967)
(0.350645 0.37695 0.3142)
(0.350645 0.37695 0.3317)
(0.350645 0.37695 0.3492)
(0.350645 0.37695 0.3667)
(0.350645 0.37695 0.3737)
(0.350645 0.37695 0.3767)
(0.350645 0.37695 0.39505)
(0.350645 0.37695 0.40005)
(0.350645 0.39445 0.2667)
(0.350645 0.39445 0.2717)
(0.350645 0.39445 0.2887)
(0.350645 0.39445 0.2917)
(0.350645 0.39445 0.2967)
(0.350645 0.39445 0.3142)
(0.350645 0.39445 0.3317)
(0.350645 0.39445 0.3492)
(0.350645 0.39445 0.3667)
(0.350645 0.39445 0.3737)
(0.350645 0.39445 0.3767)
(0.350645 0.39445 0.39505)
(0.350645 0.39445 0.40005)
(0.350645 0.40445 0.2667)
(0.350645 0.40445 0.2717)
(0.350645 0.40445 0.2887)
(0.350645 0.40445 0.2917)
(0.350645 0.40445 0.2967)
(0.350645 0.40445 0.3142)
(0.350645 0.40445 0.3317)
(0.350645 0.40445 0.3492)
(0.350645 0.40445 0.3667)
(0.350645 0.40445 0.3737)
(0.350645 0.40445 0.3767)
(0.350645 0.40445 0.39505)
(0.350645 0.40445 0.40005)
(0.350645 0.41945 0.2667)
(0.350645 0.41945 0.2717)
(0.350645 0.41945 0.2887)
(0.350645 0.41945 0.2917)
(0.350645 0.41945 0.2967)
(0.350645 0.41945 0.3142)
(0.350645 0.41945 0.3317)
(0.350645 0.41945 0.3492)
(0.350645 0.41945 0.3667)
(0.350645 0.41945 0.3737)
(0.350645 0.41945 0.3767)
(0.350645 0.41945 0.39505)
(0.350645 0.41945 0.40005)
(0.350645 0.42945 0.2667)
(0.350645 0.42945 0.2717)
(0.350645 0.42945 0.2917)
(0.350645 0.42945 0.2967)
(0.350645 0.42945 0.3142)
(0.350645 0.42945 0.3317)
(0.350645 0.42945 0.3492)
(0.350645 0.42945 0.3667)
(0.350645 0.42945 0.3737)
(0.350645 0.42945 0.39505)
(0.350645 0.42945 0.40005)
(0.350645 0.43445 0.2667)
(0.350645 0.43445 0.2717)
(0.350645 0.43445 0.2917)
(0.350645 0.43445 0.2967)
(0.350645 0.43445 0.3142)
(0.350645 0.43445 0.3317)
(0.350645 0.43445 0.3492)
(0.350645 0.43445 0.3667)
(0.350645 0.43445 0.3737)
(0.350645 0.43445 0.39505)
(0.350645 0.43445 0.40005)
(0.350645 0.451117 0.2667)
(0.350645 0.451117 0.2717)
(0.350645 0.451117 0.2917)
(0.350645 0.451117 0.2967)
(0.350645 0.451117 0.3142)
(0.350645 0.451117 0.3317)
(0.350645 0.451117 0.3492)
(0.350645 0.451117 0.3667)
(0.350645 0.451117 0.3737)
(0.350645 0.451117 0.39505)
(0.350645 0.451117 0.40005)
(0.350645 0.467783 0.2667)
(0.350645 0.467783 0.2717)
(0.350645 0.467783 0.2917)
(0.350645 0.467783 0.2967)
(0.350645 0.467783 0.3142)
(0.350645 0.467783 0.3317)
(0.350645 0.467783 0.3492)
(0.350645 0.467783 0.3667)
(0.350645 0.467783 0.3737)
(0.350645 0.467783 0.39505)
(0.350645 0.467783 0.40005)
(0.350645 0.48445 0.2667)
(0.350645 0.48445 0.2717)
(0.350645 0.48445 0.2917)
(0.350645 0.48445 0.2967)
(0.350645 0.48445 0.3142)
(0.350645 0.48445 0.3317)
(0.350645 0.48445 0.3492)
(0.350645 0.48445 0.3667)
(0.350645 0.48445 0.3737)
(0.350645 0.48445 0.39505)
(0.350645 0.48445 0.40005)
(0.350645 0.49445 0.2667)
(0.350645 0.49445 0.2717)
(0.350645 0.49445 0.2917)
(0.350645 0.49445 0.2967)
(0.350645 0.49445 0.3142)
(0.350645 0.49445 0.3317)
(0.350645 0.49445 0.3492)
(0.350645 0.49445 0.3667)
(0.350645 0.49445 0.3737)
(0.350645 0.49445 0.39505)
(0.350645 0.49445 0.40005)
(0.350645 0.50445 0.2667)
(0.350645 0.50445 0.2717)
(0.350645 0.50445 0.2917)
(0.350645 0.50445 0.2967)
(0.350645 0.50445 0.3142)
(0.350645 0.50445 0.3317)
(0.350645 0.50445 0.3492)
(0.350645 0.50445 0.3667)
(0.350645 0.50445 0.3737)
(0.350645 0.50445 0.39505)
(0.350645 0.50445 0.40005)
(0.350645 0.50945 0.2667)
(0.350645 0.50945 0.2717)
(0.350645 0.50945 0.2917)
(0.350645 0.50945 0.2967)
(0.350645 0.50945 0.3142)
(0.350645 0.50945 0.3317)
(0.350645 0.50945 0.3492)
(0.350645 0.50945 0.3667)
(0.350645 0.50945 0.3737)
(0.350645 0.50945 0.39505)
(0.350645 0.50945 0.40005)
(0.350645 0.52445 0.2667)
(0.350645 0.52445 0.2717)
(0.350645 0.52445 0.39505)
(0.350645 0.52445 0.40005)
(0.350645 0.53945 0.2667)
(0.350645 0.53945 0.2717)
(0.350645 0.53945 0.2817)
(0.350645 0.53945 0.38505)
(0.350645 0.53945 0.39505)
(0.350645 0.53945 0.40005)
(0.350645 0.54445 0.2667)
(0.350645 0.54445 0.2717)
(0.350645 0.54445 0.2817)
(0.350645 0.54445 0.38505)
(0.350645 0.54445 0.39505)
(0.350645 0.54445 0.40005)
(0.362915 0.04445 0.2667)
(0.362915 0.04445 0.2717)
(0.362915 0.04445 0.2817)
(0.362915 0.04445 0.2847)
(0.362915 0.04445 0.38205)
(0.362915 0.04445 0.38505)
(0.362915 0.04445 0.39505)
(0.362915 0.04445 0.40005)
(0.362915 0.04945 0.2667)
(0.362915 0.04945 0.2717)
(0.362915 0.04945 0.2817)
(0.362915 0.04945 0.2847)
(0.362915 0.04945 0.38205)
(0.362915 0.04945 0.38505)
(0.362915 0.04945 0.39505)
(0.362915 0.04945 0.40005)
(0.362915 0.06445 0.2667)
(0.362915 0.06445 0.2717)
(0.362915 0.06445 0.39505)
(0.362915 0.06445 0.40005)
(0.362915 0.07945 0.2667)
(0.362915 0.07945 0.2717)
(0.362915 0.07945 0.39505)
(0.362915 0.07945 0.40005)
(0.362915 0.08945 0.2667)
(0.362915 0.08945 0.2717)
(0.362915 0.08945 0.39505)
(0.362915 0.08945 0.40005)
(0.362915 0.09945 0.2667)
(0.362915 0.09945 0.2717)
(0.362915 0.09945 0.39505)
(0.362915 0.09945 0.40005)
(0.362915 0.11445 0.2667)
(0.362915 0.11445 0.2717)
(0.362915 0.11445 0.39505)
(0.362915 0.11445 0.40005)
(0.362915 0.12945 0.2667)
(0.362915 0.12945 0.2717)
(0.362915 0.12945 0.39505)
(0.362915 0.12945 0.40005)
(0.362915 0.14445 0.2667)
(0.362915 0.14445 0.2717)
(0.362915 0.14445 0.2887)
(0.362915 0.14445 0.2917)
(0.362915 0.14445 0.2967)
(0.362915 0.14445 0.3142)
(0.362915 0.14445 0.3317)
(0.362915 0.14445 0.3492)
(0.362915 0.14445 0.3667)
(0.362915 0.14445 0.3737)
(0.362915 0.14445 0.3767)
(0.362915 0.14445 0.39505)
(0.362915 0.14445 0.40005)
(0.362915 0.15945 0.2667)
(0.362915 0.15945 0.2717)
(0.362915 0.15945 0.2887)
(0.362915 0.15945 0.2917)
(0.362915 0.15945 0.2967)
(0.362915 0.15945 0.3142)
(0.362915 0.15945 0.3317)
(0.362915 0.15945 0.3492)
(0.362915 0.15945 0.3667)
(0.362915 0.15945 0.3737)
(0.362915 0.15945 0.3767)
(0.362915 0.15945 0.39505)
(0.362915 0.15945 0.40005)
(0.362915 0.16445 0.2667)
(0.362915 0.16445 0.2717)
(0.362915 0.16445 0.2887)
(0.362915 0.16445 0.2917)
(0.362915 0.16445 0.2967)
(0.362915 0.16445 0.3142)
(0.362915 0.16445 0.3317)
(0.362915 0.16445 0.3492)
(0.362915 0.16445 0.3667)
(0.362915 0.16445 0.3737)
(0.362915 0.16445 0.3767)
(0.362915 0.16445 0.39505)
(0.362915 0.16445 0.40005)
(0.362915 0.17445 0.2667)
(0.362915 0.17445 0.2717)
(0.362915 0.17445 0.2887)
(0.362915 0.17445 0.2917)
(0.362915 0.17445 0.2967)
(0.362915 0.17445 0.3142)
(0.362915 0.17445 0.3317)
(0.362915 0.17445 0.3492)
(0.362915 0.17445 0.3667)
(0.362915 0.17445 0.3737)
(0.362915 0.17445 0.3767)
(0.362915 0.17445 0.39505)
(0.362915 0.17445 0.40005)
(0.362915 0.18445 0.2667)
(0.362915 0.18445 0.2717)
(0.362915 0.18445 0.2887)
(0.362915 0.18445 0.2917)
(0.362915 0.18445 0.2967)
(0.362915 0.18445 0.3142)
(0.362915 0.18445 0.3317)
(0.362915 0.18445 0.3492)
(0.362915 0.18445 0.3667)
(0.362915 0.18445 0.3737)
(0.362915 0.18445 0.3767)
(0.362915 0.18445 0.39505)
(0.362915 0.18445 0.40005)
(0.362915 0.19695 0.2667)
(0.362915 0.19695 0.2717)
(0.362915 0.19695 0.2887)
(0.362915 0.19695 0.2917)
(0.362915 0.19695 0.2967)
(0.362915 0.19695 0.3142)
(0.362915 0.19695 0.3317)
(0.362915 0.19695 0.3492)
(0.362915 0.19695 0.3667)
(0.362915 0.19695 0.3737)
(0.362915 0.19695 0.3767)
(0.362915 0.19695 0.39505)
(0.362915 0.19695 0.40005)
(0.362915 0.20945 0.2667)
(0.362915 0.20945 0.2717)
(0.362915 0.20945 0.2887)
(0.362915 0.20945 0.2917)
(0.362915 0.20945 0.2967)
(0.362915 0.20945 0.3142)
(0.362915 0.20945 0.3317)
(0.362915 0.20945 0.3492)
(0.362915 0.20945 0.3667)
(0.362915 0.20945 0.3737)
(0.362915 0.20945 0.3767)
(0.362915 0.20945 0.39505)
(0.362915 0.20945 0.40005)
(0.362915 0.22645 0.2667)
(0.362915 0.22645 0.2717)
(0.362915 0.22645 0.2887)
(0.362915 0.22645 0.2917)
(0.362915 0.22645 0.2967)
(0.362915 0.22645 0.3142)
(0.362915 0.22645 0.3317)
(0.362915 0.22645 0.3492)
(0.362915 0.22645 0.3667)
(0.362915 0.22645 0.3737)
(0.362915 0.22645 0.3767)
(0.362915 0.22645 0.39505)
(0.362915 0.22645 0.40005)
(0.362915 0.24345 0.2667)
(0.362915 0.24345 0.2717)
(0.362915 0.24345 0.2887)
(0.362915 0.24345 0.2917)
(0.362915 0.24345 0.2967)
(0.362915 0.24345 0.3142)
(0.362915 0.24345 0.3317)
(0.362915 0.24345 0.3492)
(0.362915 0.24345 0.3667)
(0.362915 0.24345 0.3737)
(0.362915 0.24345 0.3767)
(0.362915 0.24345 0.39505)
(0.362915 0.24345 0.40005)
(0.362915 0.26045 0.2667)
(0.362915 0.26045 0.2717)
(0.362915 0.26045 0.2887)
(0.362915 0.26045 0.2917)
(0.362915 0.26045 0.2967)
(0.362915 0.26045 0.3142)
(0.362915 0.26045 0.3317)
(0.362915 0.26045 0.3492)
(0.362915 0.26045 0.3667)
(0.362915 0.26045 0.3737)
(0.362915 0.26045 0.3767)
(0.362915 0.26045 0.39505)
(0.362915 0.26045 0.40005)
(0.362915 0.27745 0.2667)
(0.362915 0.27745 0.2717)
(0.362915 0.27745 0.2887)
(0.362915 0.27745 0.2917)
(0.362915 0.27745 0.2967)
(0.362915 0.27745 0.3142)
(0.362915 0.27745 0.3317)
(0.362915 0.27745 0.3492)
(0.362915 0.27745 0.3667)
(0.362915 0.27745 0.3737)
(0.362915 0.27745 0.3767)
(0.362915 0.27745 0.39505)
(0.362915 0.27745 0.40005)
(0.362915 0.29445 0.2667)
(0.362915 0.29445 0.2717)
(0.362915 0.29445 0.2887)
(0.362915 0.29445 0.2917)
(0.362915 0.29445 0.2967)
(0.362915 0.29445 0.3142)
(0.362915 0.29445 0.3317)
(0.362915 0.29445 0.3492)
(0.362915 0.29445 0.3667)
(0.362915 0.29445 0.3737)
(0.362915 0.29445 0.3767)
(0.362915 0.29445 0.39505)
(0.362915 0.29445 0.40005)
(0.362915 0.30945 0.2667)
(0.362915 0.30945 0.2717)
(0.362915 0.30945 0.2887)
(0.362915 0.30945 0.2917)
(0.362915 0.30945 0.2967)
(0.362915 0.30945 0.3142)
(0.362915 0.30945 0.3317)
(0.362915 0.30945 0.3492)
(0.362915 0.30945 0.3667)
(0.362915 0.30945 0.3737)
(0.362915 0.30945 0.3767)
(0.362915 0.30945 0.39505)
(0.362915 0.30945 0.40005)
(0.362915 0.32445 0.2667)
(0.362915 0.32445 0.2717)
(0.362915 0.32445 0.2887)
(0.362915 0.32445 0.2917)
(0.362915 0.32445 0.2967)
(0.362915 0.32445 0.3142)
(0.362915 0.32445 0.3317)
(0.362915 0.32445 0.3492)
(0.362915 0.32445 0.3667)
(0.362915 0.32445 0.3737)
(0.362915 0.32445 0.3767)
(0.362915 0.32445 0.39505)
(0.362915 0.32445 0.40005)
(0.362915 0.34195 0.2667)
(0.362915 0.34195 0.2717)
(0.362915 0.34195 0.2887)
(0.362915 0.34195 0.2917)
(0.362915 0.34195 0.2967)
(0.362915 0.34195 0.3142)
(0.362915 0.34195 0.3317)
(0.362915 0.34195 0.3492)
(0.362915 0.34195 0.3667)
(0.362915 0.34195 0.3737)
(0.362915 0.34195 0.3767)
(0.362915 0.34195 0.39505)
(0.362915 0.34195 0.40005)
(0.362915 0.35945 0.2667)
(0.362915 0.35945 0.2717)
(0.362915 0.35945 0.2887)
(0.362915 0.35945 0.2917)
(0.362915 0.35945 0.2967)
(0.362915 0.35945 0.3142)
(0.362915 0.35945 0.3317)
(0.362915 0.35945 0.3492)
(0.362915 0.35945 0.3667)
(0.362915 0.35945 0.3737)
(0.362915 0.35945 0.3767)
(0.362915 0.35945 0.39505)
(0.362915 0.35945 0.40005)
(0.362915 0.37695 0.2667)
(0.362915 0.37695 0.2717)
(0.362915 0.37695 0.2887)
(0.362915 0.37695 0.2917)
(0.362915 0.37695 0.2967)
(0.362915 0.37695 0.3142)
(0.362915 0.37695 0.3317)
(0.362915 0.37695 0.3492)
(0.362915 0.37695 0.3667)
(0.362915 0.37695 0.3737)
(0.362915 0.37695 0.3767)
(0.362915 0.37695 0.39505)
(0.362915 0.37695 0.40005)
(0.362915 0.39445 0.2667)
(0.362915 0.39445 0.2717)
(0.362915 0.39445 0.2887)
(0.362915 0.39445 0.2917)
(0.362915 0.39445 0.2967)
(0.362915 0.39445 0.3142)
(0.362915 0.39445 0.3317)
(0.362915 0.39445 0.3492)
(0.362915 0.39445 0.3667)
(0.362915 0.39445 0.3737)
(0.362915 0.39445 0.3767)
(0.362915 0.39445 0.39505)
(0.362915 0.39445 0.40005)
(0.362915 0.40445 0.2667)
(0.362915 0.40445 0.2717)
(0.362915 0.40445 0.2887)
(0.362915 0.40445 0.2917)
(0.362915 0.40445 0.2967)
(0.362915 0.40445 0.3142)
(0.362915 0.40445 0.3317)
(0.362915 0.40445 0.3492)
(0.362915 0.40445 0.3667)
(0.362915 0.40445 0.3737)
(0.362915 0.40445 0.3767)
(0.362915 0.40445 0.39505)
(0.362915 0.40445 0.40005)
(0.362915 0.41945 0.2667)
(0.362915 0.41945 0.2717)
(0.362915 0.41945 0.2887)
(0.362915 0.41945 0.2917)
(0.362915 0.41945 0.2967)
(0.362915 0.41945 0.3142)
(0.362915 0.41945 0.3317)
(0.362915 0.41945 0.3492)
(0.362915 0.41945 0.3667)
(0.362915 0.41945 0.3737)
(0.362915 0.41945 0.3767)
(0.362915 0.41945 0.39505)
(0.362915 0.41945 0.40005)
(0.362915 0.42945 0.2667)
(0.362915 0.42945 0.2717)
(0.362915 0.42945 0.2917)
(0.362915 0.42945 0.2967)
(0.362915 0.42945 0.3142)
(0.362915 0.42945 0.3317)
(0.362915 0.42945 0.3492)
(0.362915 0.42945 0.3667)
(0.362915 0.42945 0.3737)
(0.362915 0.42945 0.39505)
(0.362915 0.42945 0.40005)
(0.362915 0.43445 0.2667)
(0.362915 0.43445 0.2717)
(0.362915 0.43445 0.2917)
(0.362915 0.43445 0.2967)
(0.362915 0.43445 0.3142)
(0.362915 0.43445 0.3317)
(0.362915 0.43445 0.3492)
(0.362915 0.43445 0.3667)
(0.362915 0.43445 0.3737)
(0.362915 0.43445 0.39505)
(0.362915 0.43445 0.40005)
(0.362915 0.451117 0.2667)
(0.362915 0.451117 0.2717)
(0.362915 0.451117 0.2917)
(0.362915 0.451117 0.2967)
(0.362915 0.451117 0.3142)
(0.362915 0.451117 0.3317)
(0.362915 0.451117 0.3492)
(0.362915 0.451117 0.3667)
(0.362915 0.451117 0.3737)
(0.362915 0.451117 0.39505)
(0.362915 0.451117 0.40005)
(0.362915 0.467783 0.2667)
(0.362915 0.467783 0.2717)
(0.362915 0.467783 0.2917)
(0.362915 0.467783 0.2967)
(0.362915 0.467783 0.3142)
(0.362915 0.467783 0.3317)
(0.362915 0.467783 0.3492)
(0.362915 0.467783 0.3667)
(0.362915 0.467783 0.3737)
(0.362915 0.467783 0.39505)
(0.362915 0.467783 0.40005)
(0.362915 0.48445 0.2667)
(0.362915 0.48445 0.2717)
(0.362915 0.48445 0.2917)
(0.362915 0.48445 0.2967)
(0.362915 0.48445 0.3142)
(0.362915 0.48445 0.3317)
(0.362915 0.48445 0.3492)
(0.362915 0.48445 0.3667)
(0.362915 0.48445 0.3737)
(0.362915 0.48445 0.39505)
(0.362915 0.48445 0.40005)
(0.362915 0.49445 0.2667)
(0.362915 0.49445 0.2717)
(0.362915 0.49445 0.2917)
(0.362915 0.49445 0.2967)
(0.362915 0.49445 0.3142)
(0.362915 0.49445 0.3317)
(0.362915 0.49445 0.3492)
(0.362915 0.49445 0.3667)
(0.362915 0.49445 0.3737)
(0.362915 0.49445 0.39505)
(0.362915 0.49445 0.40005)
(0.362915 0.50445 0.2667)
(0.362915 0.50445 0.2717)
(0.362915 0.50445 0.2917)
(0.362915 0.50445 0.2967)
(0.362915 0.50445 0.3142)
(0.362915 0.50445 0.3317)
(0.362915 0.50445 0.3492)
(0.362915 0.50445 0.3667)
(0.362915 0.50445 0.3737)
(0.362915 0.50445 0.39505)
(0.362915 0.50445 0.40005)
(0.362915 0.50945 0.2667)
(0.362915 0.50945 0.2717)
(0.362915 0.50945 0.2917)
(0.362915 0.50945 0.2967)
(0.362915 0.50945 0.3142)
(0.362915 0.50945 0.3317)
(0.362915 0.50945 0.3492)
(0.362915 0.50945 0.3667)
(0.362915 0.50945 0.3737)
(0.362915 0.50945 0.39505)
(0.362915 0.50945 0.40005)
(0.362915 0.52445 0.2667)
(0.362915 0.52445 0.2717)
(0.362915 0.52445 0.39505)
(0.362915 0.52445 0.40005)
(0.362915 0.53945 0.2667)
(0.362915 0.53945 0.2717)
(0.362915 0.53945 0.2817)
(0.362915 0.53945 0.38505)
(0.362915 0.53945 0.39505)
(0.362915 0.53945 0.40005)
(0.362915 0.54445 0.2667)
(0.362915 0.54445 0.2717)
(0.362915 0.54445 0.2817)
(0.362915 0.54445 0.38505)
(0.362915 0.54445 0.39505)
(0.362915 0.54445 0.40005)
(0.377381 0.04445 0.2667)
(0.377381 0.04445 0.2717)
(0.377381 0.04445 0.2817)
(0.377381 0.04445 0.2847)
(0.377381 0.04445 0.38205)
(0.377381 0.04445 0.38505)
(0.377381 0.04445 0.39505)
(0.377381 0.04445 0.40005)
(0.377381 0.04945 0.2667)
(0.377381 0.04945 0.2717)
(0.377381 0.04945 0.2817)
(0.377381 0.04945 0.2847)
(0.377381 0.04945 0.38205)
(0.377381 0.04945 0.38505)
(0.377381 0.04945 0.39505)
(0.377381 0.04945 0.40005)
(0.377381 0.06445 0.2667)
(0.377381 0.06445 0.2717)
(0.377381 0.06445 0.39505)
(0.377381 0.06445 0.40005)
(0.377381 0.07945 0.2667)
(0.377381 0.07945 0.2717)
(0.377381 0.07945 0.39505)
(0.377381 0.07945 0.40005)
(0.377381 0.08945 0.2667)
(0.377381 0.08945 0.2717)
(0.377381 0.08945 0.39505)
(0.377381 0.08945 0.40005)
(0.377381 0.09945 0.2667)
(0.377381 0.09945 0.2717)
(0.377381 0.09945 0.39505)
(0.377381 0.09945 0.40005)
(0.377381 0.11445 0.2667)
(0.377381 0.11445 0.2717)
(0.377381 0.11445 0.39505)
(0.377381 0.11445 0.40005)
(0.377381 0.12945 0.2667)
(0.377381 0.12945 0.2717)
(0.377381 0.12945 0.39505)
(0.377381 0.12945 0.40005)
(0.377381 0.14445 0.2667)
(0.377381 0.14445 0.2717)
(0.377381 0.14445 0.2887)
(0.377381 0.14445 0.2917)
(0.377381 0.14445 0.2967)
(0.377381 0.14445 0.3142)
(0.377381 0.14445 0.3317)
(0.377381 0.14445 0.3492)
(0.377381 0.14445 0.3667)
(0.377381 0.14445 0.3737)
(0.377381 0.14445 0.3767)
(0.377381 0.14445 0.39505)
(0.377381 0.14445 0.40005)
(0.377381 0.15945 0.2667)
(0.377381 0.15945 0.2717)
(0.377381 0.15945 0.2887)
(0.377381 0.15945 0.2917)
(0.377381 0.15945 0.2967)
(0.377381 0.15945 0.3142)
(0.377381 0.15945 0.3317)
(0.377381 0.15945 0.3492)
(0.377381 0.15945 0.3667)
(0.377381 0.15945 0.3737)
(0.377381 0.15945 0.3767)
(0.377381 0.15945 0.39505)
(0.377381 0.15945 0.40005)
(0.377381 0.16445 0.2667)
(0.377381 0.16445 0.2717)
(0.377381 0.16445 0.2887)
(0.377381 0.16445 0.2917)
(0.377381 0.16445 0.2967)
(0.377381 0.16445 0.3142)
(0.377381 0.16445 0.3317)
(0.377381 0.16445 0.3492)
(0.377381 0.16445 0.3667)
(0.377381 0.16445 0.3737)
(0.377381 0.16445 0.3767)
(0.377381 0.16445 0.39505)
(0.377381 0.16445 0.40005)
(0.377381 0.17445 0.2667)
(0.377381 0.17445 0.2717)
(0.377381 0.17445 0.2887)
(0.377381 0.17445 0.2917)
(0.377381 0.17445 0.2967)
(0.377381 0.17445 0.3142)
(0.377381 0.17445 0.3317)
(0.377381 0.17445 0.3492)
(0.377381 0.17445 0.3667)
(0.377381 0.17445 0.3737)
(0.377381 0.17445 0.3767)
(0.377381 0.17445 0.39505)
(0.377381 0.17445 0.40005)
(0.377381 0.18445 0.2667)
(0.377381 0.18445 0.2717)
(0.377381 0.18445 0.2887)
(0.377381 0.18445 0.2917)
(0.377381 0.18445 0.2967)
(0.377381 0.18445 0.3142)
(0.377381 0.18445 0.3317)
(0.377381 0.18445 0.3492)
(0.377381 0.18445 0.3667)
(0.377381 0.18445 0.3737)
(0.377381 0.18445 0.3767)
(0.377381 0.18445 0.39505)
(0.377381 0.18445 0.40005)
(0.377381 0.19695 0.2667)
(0.377381 0.19695 0.2717)
(0.377381 0.19695 0.2887)
(0.377381 0.19695 0.2917)
(0.377381 0.19695 0.2967)
(0.377381 0.19695 0.3142)
(0.377381 0.19695 0.3317)
(0.377381 0.19695 0.3492)
(0.377381 0.19695 0.3667)
(0.377381 0.19695 0.3737)
(0.377381 0.19695 0.3767)
(0.377381 0.19695 0.39505)
(0.377381 0.19695 0.40005)
(0.377381 0.20945 0.2667)
(0.377381 0.20945 0.2717)
(0.377381 0.20945 0.2887)
(0.377381 0.20945 0.2917)
(0.377381 0.20945 0.2967)
(0.377381 0.20945 0.3142)
(0.377381 0.20945 0.3317)
(0.377381 0.20945 0.3492)
(0.377381 0.20945 0.3667)
(0.377381 0.20945 0.3737)
(0.377381 0.20945 0.3767)
(0.377381 0.20945 0.39505)
(0.377381 0.20945 0.40005)
(0.377381 0.22645 0.2667)
(0.377381 0.22645 0.2717)
(0.377381 0.22645 0.2887)
(0.377381 0.22645 0.2917)
(0.377381 0.22645 0.2967)
(0.377381 0.22645 0.3142)
(0.377381 0.22645 0.3317)
(0.377381 0.22645 0.3492)
(0.377381 0.22645 0.3667)
(0.377381 0.22645 0.3737)
(0.377381 0.22645 0.3767)
(0.377381 0.22645 0.39505)
(0.377381 0.22645 0.40005)
(0.377381 0.24345 0.2667)
(0.377381 0.24345 0.2717)
(0.377381 0.24345 0.2887)
(0.377381 0.24345 0.2917)
(0.377381 0.24345 0.2967)
(0.377381 0.24345 0.3142)
(0.377381 0.24345 0.3317)
(0.377381 0.24345 0.3492)
(0.377381 0.24345 0.3667)
(0.377381 0.24345 0.3737)
(0.377381 0.24345 0.3767)
(0.377381 0.24345 0.39505)
(0.377381 0.24345 0.40005)
(0.377381 0.26045 0.2667)
(0.377381 0.26045 0.2717)
(0.377381 0.26045 0.2887)
(0.377381 0.26045 0.2917)
(0.377381 0.26045 0.2967)
(0.377381 0.26045 0.3142)
(0.377381 0.26045 0.3317)
(0.377381 0.26045 0.3492)
(0.377381 0.26045 0.3667)
(0.377381 0.26045 0.3737)
(0.377381 0.26045 0.3767)
(0.377381 0.26045 0.39505)
(0.377381 0.26045 0.40005)
(0.377381 0.27745 0.2667)
(0.377381 0.27745 0.2717)
(0.377381 0.27745 0.2887)
(0.377381 0.27745 0.2917)
(0.377381 0.27745 0.2967)
(0.377381 0.27745 0.3142)
(0.377381 0.27745 0.3317)
(0.377381 0.27745 0.3492)
(0.377381 0.27745 0.3667)
(0.377381 0.27745 0.3737)
(0.377381 0.27745 0.3767)
(0.377381 0.27745 0.39505)
(0.377381 0.27745 0.40005)
(0.377381 0.29445 0.2667)
(0.377381 0.29445 0.2717)
(0.377381 0.29445 0.2887)
(0.377381 0.29445 0.2917)
(0.377381 0.29445 0.2967)
(0.377381 0.29445 0.3142)
(0.377381 0.29445 0.3317)
(0.377381 0.29445 0.3492)
(0.377381 0.29445 0.3667)
(0.377381 0.29445 0.3737)
(0.377381 0.29445 0.3767)
(0.377381 0.29445 0.39505)
(0.377381 0.29445 0.40005)
(0.377381 0.30945 0.2667)
(0.377381 0.30945 0.2717)
(0.377381 0.30945 0.2887)
(0.377381 0.30945 0.2917)
(0.377381 0.30945 0.2967)
(0.377381 0.30945 0.3142)
(0.377381 0.30945 0.3317)
(0.377381 0.30945 0.3492)
(0.377381 0.30945 0.3667)
(0.377381 0.30945 0.3737)
(0.377381 0.30945 0.3767)
(0.377381 0.30945 0.39505)
(0.377381 0.30945 0.40005)
(0.377381 0.32445 0.2667)
(0.377381 0.32445 0.2717)
(0.377381 0.32445 0.2887)
(0.377381 0.32445 0.2917)
(0.377381 0.32445 0.2967)
(0.377381 0.32445 0.3142)
(0.377381 0.32445 0.3317)
(0.377381 0.32445 0.3492)
(0.377381 0.32445 0.3667)
(0.377381 0.32445 0.3737)
(0.377381 0.32445 0.3767)
(0.377381 0.32445 0.39505)
(0.377381 0.32445 0.40005)
(0.377381 0.34195 0.2667)
(0.377381 0.34195 0.2717)
(0.377381 0.34195 0.2887)
(0.377381 0.34195 0.2917)
(0.377381 0.34195 0.2967)
(0.377381 0.34195 0.3142)
(0.377381 0.34195 0.3317)
(0.377381 0.34195 0.3492)
(0.377381 0.34195 0.3667)
(0.377381 0.34195 0.3737)
(0.377381 0.34195 0.3767)
(0.377381 0.34195 0.39505)
(0.377381 0.34195 0.40005)
(0.377381 0.35945 0.2667)
(0.377381 0.35945 0.2717)
(0.377381 0.35945 0.2887)
(0.377381 0.35945 0.2917)
(0.377381 0.35945 0.2967)
(0.377381 0.35945 0.3142)
(0.377381 0.35945 0.3317)
(0.377381 0.35945 0.3492)
(0.377381 0.35945 0.3667)
(0.377381 0.35945 0.3737)
(0.377381 0.35945 0.3767)
(0.377381 0.35945 0.39505)
(0.377381 0.35945 0.40005)
(0.377381 0.37695 0.2667)
(0.377381 0.37695 0.2717)
(0.377381 0.37695 0.2887)
(0.377381 0.37695 0.2917)
(0.377381 0.37695 0.2967)
(0.377381 0.37695 0.3142)
(0.377381 0.37695 0.3317)
(0.377381 0.37695 0.3492)
(0.377381 0.37695 0.3667)
(0.377381 0.37695 0.3737)
(0.377381 0.37695 0.3767)
(0.377381 0.37695 0.39505)
(0.377381 0.37695 0.40005)
(0.377381 0.39445 0.2667)
(0.377381 0.39445 0.2717)
(0.377381 0.39445 0.2887)
(0.377381 0.39445 0.2917)
(0.377381 0.39445 0.2967)
(0.377381 0.39445 0.3142)
(0.377381 0.39445 0.3317)
(0.377381 0.39445 0.3492)
(0.377381 0.39445 0.3667)
(0.377381 0.39445 0.3737)
(0.377381 0.39445 0.3767)
(0.377381 0.39445 0.39505)
(0.377381 0.39445 0.40005)
(0.377381 0.40445 0.2667)
(0.377381 0.40445 0.2717)
(0.377381 0.40445 0.2887)
(0.377381 0.40445 0.2917)
(0.377381 0.40445 0.2967)
(0.377381 0.40445 0.3142)
(0.377381 0.40445 0.3317)
(0.377381 0.40445 0.3492)
(0.377381 0.40445 0.3667)
(0.377381 0.40445 0.3737)
(0.377381 0.40445 0.3767)
(0.377381 0.40445 0.39505)
(0.377381 0.40445 0.40005)
(0.377381 0.41945 0.2667)
(0.377381 0.41945 0.2717)
(0.377381 0.41945 0.2887)
(0.377381 0.41945 0.2917)
(0.377381 0.41945 0.2967)
(0.377381 0.41945 0.3142)
(0.377381 0.41945 0.3317)
(0.377381 0.41945 0.3492)
(0.377381 0.41945 0.3667)
(0.377381 0.41945 0.3737)
(0.377381 0.41945 0.3767)
(0.377381 0.41945 0.39505)
(0.377381 0.41945 0.40005)
(0.377381 0.42945 0.2667)
(0.377381 0.42945 0.2717)
(0.377381 0.42945 0.2917)
(0.377381 0.42945 0.2967)
(0.377381 0.42945 0.3142)
(0.377381 0.42945 0.3317)
(0.377381 0.42945 0.3492)
(0.377381 0.42945 0.3667)
(0.377381 0.42945 0.3737)
(0.377381 0.42945 0.39505)
(0.377381 0.42945 0.40005)
(0.377381 0.43445 0.2667)
(0.377381 0.43445 0.2717)
(0.377381 0.43445 0.2917)
(0.377381 0.43445 0.2967)
(0.377381 0.43445 0.3142)
(0.377381 0.43445 0.3317)
(0.377381 0.43445 0.3492)
(0.377381 0.43445 0.3667)
(0.377381 0.43445 0.3737)
(0.377381 0.43445 0.39505)
(0.377381 0.43445 0.40005)
(0.377381 0.451117 0.2667)
(0.377381 0.451117 0.2717)
(0.377381 0.451117 0.2917)
(0.377381 0.451117 0.2967)
(0.377381 0.451117 0.3142)
(0.377381 0.451117 0.3317)
(0.377381 0.451117 0.3492)
(0.377381 0.451117 0.3667)
(0.377381 0.451117 0.3737)
(0.377381 0.451117 0.39505)
(0.377381 0.451117 0.40005)
(0.377381 0.467783 0.2667)
(0.377381 0.467783 0.2717)
(0.377381 0.467783 0.2917)
(0.377381 0.467783 0.2967)
(0.377381 0.467783 0.3142)
(0.377381 0.467783 0.3317)
(0.377381 0.467783 0.3492)
(0.377381 0.467783 0.3667)
(0.377381 0.467783 0.3737)
(0.377381 0.467783 0.39505)
(0.377381 0.467783 0.40005)
(0.377381 0.48445 0.2667)
(0.377381 0.48445 0.2717)
(0.377381 0.48445 0.2917)
(0.377381 0.48445 0.2967)
(0.377381 0.48445 0.3142)
(0.377381 0.48445 0.3317)
(0.377381 0.48445 0.3492)
(0.377381 0.48445 0.3667)
(0.377381 0.48445 0.3737)
(0.377381 0.48445 0.39505)
(0.377381 0.48445 0.40005)
(0.377381 0.49445 0.2667)
(0.377381 0.49445 0.2717)
(0.377381 0.49445 0.2917)
(0.377381 0.49445 0.2967)
(0.377381 0.49445 0.3142)
(0.377381 0.49445 0.3317)
(0.377381 0.49445 0.3492)
(0.377381 0.49445 0.3667)
(0.377381 0.49445 0.3737)
(0.377381 0.49445 0.39505)
(0.377381 0.49445 0.40005)
(0.377381 0.50445 0.2667)
(0.377381 0.50445 0.2717)
(0.377381 0.50445 0.2917)
(0.377381 0.50445 0.2967)
(0.377381 0.50445 0.3142)
(0.377381 0.50445 0.3317)
(0.377381 0.50445 0.3492)
(0.377381 0.50445 0.3667)
(0.377381 0.50445 0.3737)
(0.377381 0.50445 0.39505)
(0.377381 0.50445 0.40005)
(0.377381 0.50945 0.2667)
(0.377381 0.50945 0.2717)
(0.377381 0.50945 0.2917)
(0.377381 0.50945 0.2967)
(0.377381 0.50945 0.3142)
(0.377381 0.50945 0.3317)
(0.377381 0.50945 0.3492)
(0.377381 0.50945 0.3667)
(0.377381 0.50945 0.3737)
(0.377381 0.50945 0.39505)
(0.377381 0.50945 0.40005)
(0.377381 0.52445 0.2667)
(0.377381 0.52445 0.2717)
(0.377381 0.52445 0.39505)
(0.377381 0.52445 0.40005)
(0.377381 0.53945 0.2667)
(0.377381 0.53945 0.2717)
(0.377381 0.53945 0.2817)
(0.377381 0.53945 0.38505)
(0.377381 0.53945 0.39505)
(0.377381 0.53945 0.40005)
(0.377381 0.54445 0.2667)
(0.377381 0.54445 0.2717)
(0.377381 0.54445 0.2817)
(0.377381 0.54445 0.38505)
(0.377381 0.54445 0.39505)
(0.377381 0.54445 0.40005)
(0.391848 0.04445 0.2667)
(0.391848 0.04445 0.2717)
(0.391848 0.04445 0.2817)
(0.391848 0.04445 0.2847)
(0.391848 0.04445 0.38205)
(0.391848 0.04445 0.38505)
(0.391848 0.04445 0.39505)
(0.391848 0.04445 0.40005)
(0.391848 0.04945 0.2667)
(0.391848 0.04945 0.2717)
(0.391848 0.04945 0.2817)
(0.391848 0.04945 0.2847)
(0.391848 0.04945 0.38205)
(0.391848 0.04945 0.38505)
(0.391848 0.04945 0.39505)
(0.391848 0.04945 0.40005)
(0.391848 0.06445 0.2667)
(0.391848 0.06445 0.2717)
(0.391848 0.06445 0.39505)
(0.391848 0.06445 0.40005)
(0.391848 0.07945 0.2667)
(0.391848 0.07945 0.2717)
(0.391848 0.07945 0.39505)
(0.391848 0.07945 0.40005)
(0.391848 0.08945 0.2667)
(0.391848 0.08945 0.2717)
(0.391848 0.08945 0.39505)
(0.391848 0.08945 0.40005)
(0.391848 0.09945 0.2667)
(0.391848 0.09945 0.2717)
(0.391848 0.09945 0.39505)
(0.391848 0.09945 0.40005)
(0.391848 0.11445 0.2667)
(0.391848 0.11445 0.2717)
(0.391848 0.11445 0.39505)
(0.391848 0.11445 0.40005)
(0.391848 0.12945 0.2667)
(0.391848 0.12945 0.2717)
(0.391848 0.12945 0.39505)
(0.391848 0.12945 0.40005)
(0.391848 0.14445 0.2667)
(0.391848 0.14445 0.2717)
(0.391848 0.14445 0.2887)
(0.391848 0.14445 0.2917)
(0.391848 0.14445 0.2967)
(0.391848 0.14445 0.3142)
(0.391848 0.14445 0.3317)
(0.391848 0.14445 0.3492)
(0.391848 0.14445 0.3667)
(0.391848 0.14445 0.3737)
(0.391848 0.14445 0.3767)
(0.391848 0.14445 0.39505)
(0.391848 0.14445 0.40005)
(0.391848 0.15945 0.2667)
(0.391848 0.15945 0.2717)
(0.391848 0.15945 0.2887)
(0.391848 0.15945 0.2917)
(0.391848 0.15945 0.2967)
(0.391848 0.15945 0.3142)
(0.391848 0.15945 0.3317)
(0.391848 0.15945 0.3492)
(0.391848 0.15945 0.3667)
(0.391848 0.15945 0.3737)
(0.391848 0.15945 0.3767)
(0.391848 0.15945 0.39505)
(0.391848 0.15945 0.40005)
(0.391848 0.16445 0.2667)
(0.391848 0.16445 0.2717)
(0.391848 0.16445 0.2887)
(0.391848 0.16445 0.2917)
(0.391848 0.16445 0.2967)
(0.391848 0.16445 0.3142)
(0.391848 0.16445 0.3317)
(0.391848 0.16445 0.3492)
(0.391848 0.16445 0.3667)
(0.391848 0.16445 0.3737)
(0.391848 0.16445 0.3767)
(0.391848 0.16445 0.39505)
(0.391848 0.16445 0.40005)
(0.391848 0.17445 0.2667)
(0.391848 0.17445 0.2717)
(0.391848 0.17445 0.2887)
(0.391848 0.17445 0.2917)
(0.391848 0.17445 0.2967)
(0.391848 0.17445 0.3142)
(0.391848 0.17445 0.3317)
(0.391848 0.17445 0.3492)
(0.391848 0.17445 0.3667)
(0.391848 0.17445 0.3737)
(0.391848 0.17445 0.3767)
(0.391848 0.17445 0.39505)
(0.391848 0.17445 0.40005)
(0.391848 0.18445 0.2667)
(0.391848 0.18445 0.2717)
(0.391848 0.18445 0.2887)
(0.391848 0.18445 0.2917)
(0.391848 0.18445 0.2967)
(0.391848 0.18445 0.3142)
(0.391848 0.18445 0.3317)
(0.391848 0.18445 0.3492)
(0.391848 0.18445 0.3667)
(0.391848 0.18445 0.3737)
(0.391848 0.18445 0.3767)
(0.391848 0.18445 0.39505)
(0.391848 0.18445 0.40005)
(0.391848 0.19695 0.2667)
(0.391848 0.19695 0.2717)
(0.391848 0.19695 0.2887)
(0.391848 0.19695 0.2917)
(0.391848 0.19695 0.2967)
(0.391848 0.19695 0.3142)
(0.391848 0.19695 0.3317)
(0.391848 0.19695 0.3492)
(0.391848 0.19695 0.3667)
(0.391848 0.19695 0.3737)
(0.391848 0.19695 0.3767)
(0.391848 0.19695 0.39505)
(0.391848 0.19695 0.40005)
(0.391848 0.20945 0.2667)
(0.391848 0.20945 0.2717)
(0.391848 0.20945 0.2887)
(0.391848 0.20945 0.2917)
(0.391848 0.20945 0.2967)
(0.391848 0.20945 0.3142)
(0.391848 0.20945 0.3317)
(0.391848 0.20945 0.3492)
(0.391848 0.20945 0.3667)
(0.391848 0.20945 0.3737)
(0.391848 0.20945 0.3767)
(0.391848 0.20945 0.39505)
(0.391848 0.20945 0.40005)
(0.391848 0.22645 0.2667)
(0.391848 0.22645 0.2717)
(0.391848 0.22645 0.2887)
(0.391848 0.22645 0.2917)
(0.391848 0.22645 0.2967)
(0.391848 0.22645 0.3142)
(0.391848 0.22645 0.3317)
(0.391848 0.22645 0.3492)
(0.391848 0.22645 0.3667)
(0.391848 0.22645 0.3737)
(0.391848 0.22645 0.3767)
(0.391848 0.22645 0.39505)
(0.391848 0.22645 0.40005)
(0.391848 0.24345 0.2667)
(0.391848 0.24345 0.2717)
(0.391848 0.24345 0.2887)
(0.391848 0.24345 0.2917)
(0.391848 0.24345 0.2967)
(0.391848 0.24345 0.3142)
(0.391848 0.24345 0.3317)
(0.391848 0.24345 0.3492)
(0.391848 0.24345 0.3667)
(0.391848 0.24345 0.3737)
(0.391848 0.24345 0.3767)
(0.391848 0.24345 0.39505)
(0.391848 0.24345 0.40005)
(0.391848 0.26045 0.2667)
(0.391848 0.26045 0.2717)
(0.391848 0.26045 0.2887)
(0.391848 0.26045 0.2917)
(0.391848 0.26045 0.2967)
(0.391848 0.26045 0.3142)
(0.391848 0.26045 0.3317)
(0.391848 0.26045 0.3492)
(0.391848 0.26045 0.3667)
(0.391848 0.26045 0.3737)
(0.391848 0.26045 0.3767)
(0.391848 0.26045 0.39505)
(0.391848 0.26045 0.40005)
(0.391848 0.27745 0.2667)
(0.391848 0.27745 0.2717)
(0.391848 0.27745 0.2887)
(0.391848 0.27745 0.2917)
(0.391848 0.27745 0.2967)
(0.391848 0.27745 0.3142)
(0.391848 0.27745 0.3317)
(0.391848 0.27745 0.3492)
(0.391848 0.27745 0.3667)
(0.391848 0.27745 0.3737)
(0.391848 0.27745 0.3767)
(0.391848 0.27745 0.39505)
(0.391848 0.27745 0.40005)
(0.391848 0.29445 0.2667)
(0.391848 0.29445 0.2717)
(0.391848 0.29445 0.2887)
(0.391848 0.29445 0.2917)
(0.391848 0.29445 0.2967)
(0.391848 0.29445 0.3142)
(0.391848 0.29445 0.3317)
(0.391848 0.29445 0.3492)
(0.391848 0.29445 0.3667)
(0.391848 0.29445 0.3737)
(0.391848 0.29445 0.3767)
(0.391848 0.29445 0.39505)
(0.391848 0.29445 0.40005)
(0.391848 0.30945 0.2667)
(0.391848 0.30945 0.2717)
(0.391848 0.30945 0.2887)
(0.391848 0.30945 0.2917)
(0.391848 0.30945 0.2967)
(0.391848 0.30945 0.3142)
(0.391848 0.30945 0.3317)
(0.391848 0.30945 0.3492)
(0.391848 0.30945 0.3667)
(0.391848 0.30945 0.3737)
(0.391848 0.30945 0.3767)
(0.391848 0.30945 0.39505)
(0.391848 0.30945 0.40005)
(0.391848 0.32445 0.2667)
(0.391848 0.32445 0.2717)
(0.391848 0.32445 0.2887)
(0.391848 0.32445 0.2917)
(0.391848 0.32445 0.2967)
(0.391848 0.32445 0.3142)
(0.391848 0.32445 0.3317)
(0.391848 0.32445 0.3492)
(0.391848 0.32445 0.3667)
(0.391848 0.32445 0.3737)
(0.391848 0.32445 0.3767)
(0.391848 0.32445 0.39505)
(0.391848 0.32445 0.40005)
(0.391848 0.34195 0.2667)
(0.391848 0.34195 0.2717)
(0.391848 0.34195 0.2887)
(0.391848 0.34195 0.2917)
(0.391848 0.34195 0.2967)
(0.391848 0.34195 0.3142)
(0.391848 0.34195 0.3317)
(0.391848 0.34195 0.3492)
(0.391848 0.34195 0.3667)
(0.391848 0.34195 0.3737)
(0.391848 0.34195 0.3767)
(0.391848 0.34195 0.39505)
(0.391848 0.34195 0.40005)
(0.391848 0.35945 0.2667)
(0.391848 0.35945 0.2717)
(0.391848 0.35945 0.2887)
(0.391848 0.35945 0.2917)
(0.391848 0.35945 0.2967)
(0.391848 0.35945 0.3142)
(0.391848 0.35945 0.3317)
(0.391848 0.35945 0.3492)
(0.391848 0.35945 0.3667)
(0.391848 0.35945 0.3737)
(0.391848 0.35945 0.3767)
(0.391848 0.35945 0.39505)
(0.391848 0.35945 0.40005)
(0.391848 0.37695 0.2667)
(0.391848 0.37695 0.2717)
(0.391848 0.37695 0.2887)
(0.391848 0.37695 0.2917)
(0.391848 0.37695 0.2967)
(0.391848 0.37695 0.3142)
(0.391848 0.37695 0.3317)
(0.391848 0.37695 0.3492)
(0.391848 0.37695 0.3667)
(0.391848 0.37695 0.3737)
(0.391848 0.37695 0.3767)
(0.391848 0.37695 0.39505)
(0.391848 0.37695 0.40005)
(0.391848 0.39445 0.2667)
(0.391848 0.39445 0.2717)
(0.391848 0.39445 0.2887)
(0.391848 0.39445 0.2917)
(0.391848 0.39445 0.2967)
(0.391848 0.39445 0.3142)
(0.391848 0.39445 0.3317)
(0.391848 0.39445 0.3492)
(0.391848 0.39445 0.3667)
(0.391848 0.39445 0.3737)
(0.391848 0.39445 0.3767)
(0.391848 0.39445 0.39505)
(0.391848 0.39445 0.40005)
(0.391848 0.40445 0.2667)
(0.391848 0.40445 0.2717)
(0.391848 0.40445 0.2887)
(0.391848 0.40445 0.2917)
(0.391848 0.40445 0.2967)
(0.391848 0.40445 0.3142)
(0.391848 0.40445 0.3317)
(0.391848 0.40445 0.3492)
(0.391848 0.40445 0.3667)
(0.391848 0.40445 0.3737)
(0.391848 0.40445 0.3767)
(0.391848 0.40445 0.39505)
(0.391848 0.40445 0.40005)
(0.391848 0.41945 0.2667)
(0.391848 0.41945 0.2717)
(0.391848 0.41945 0.2887)
(0.391848 0.41945 0.2917)
(0.391848 0.41945 0.2967)
(0.391848 0.41945 0.3142)
(0.391848 0.41945 0.3317)
(0.391848 0.41945 0.3492)
(0.391848 0.41945 0.3667)
(0.391848 0.41945 0.3737)
(0.391848 0.41945 0.3767)
(0.391848 0.41945 0.39505)
(0.391848 0.41945 0.40005)
(0.391848 0.42945 0.2667)
(0.391848 0.42945 0.2717)
(0.391848 0.42945 0.2917)
(0.391848 0.42945 0.2967)
(0.391848 0.42945 0.3142)
(0.391848 0.42945 0.3317)
(0.391848 0.42945 0.3492)
(0.391848 0.42945 0.3667)
(0.391848 0.42945 0.3737)
(0.391848 0.42945 0.39505)
(0.391848 0.42945 0.40005)
(0.391848 0.43445 0.2667)
(0.391848 0.43445 0.2717)
(0.391848 0.43445 0.2917)
(0.391848 0.43445 0.2967)
(0.391848 0.43445 0.3142)
(0.391848 0.43445 0.3317)
(0.391848 0.43445 0.3492)
(0.391848 0.43445 0.3667)
(0.391848 0.43445 0.3737)
(0.391848 0.43445 0.39505)
(0.391848 0.43445 0.40005)
(0.391848 0.451117 0.2667)
(0.391848 0.451117 0.2717)
(0.391848 0.451117 0.2917)
(0.391848 0.451117 0.2967)
(0.391848 0.451117 0.3142)
(0.391848 0.451117 0.3317)
(0.391848 0.451117 0.3492)
(0.391848 0.451117 0.3667)
(0.391848 0.451117 0.3737)
(0.391848 0.451117 0.39505)
(0.391848 0.451117 0.40005)
(0.391848 0.467783 0.2667)
(0.391848 0.467783 0.2717)
(0.391848 0.467783 0.2917)
(0.391848 0.467783 0.2967)
(0.391848 0.467783 0.3142)
(0.391848 0.467783 0.3317)
(0.391848 0.467783 0.3492)
(0.391848 0.467783 0.3667)
(0.391848 0.467783 0.3737)
(0.391848 0.467783 0.39505)
(0.391848 0.467783 0.40005)
(0.391848 0.48445 0.2667)
(0.391848 0.48445 0.2717)
(0.391848 0.48445 0.2917)
(0.391848 0.48445 0.2967)
(0.391848 0.48445 0.3142)
(0.391848 0.48445 0.3317)
(0.391848 0.48445 0.3492)
(0.391848 0.48445 0.3667)
(0.391848 0.48445 0.3737)
(0.391848 0.48445 0.39505)
(0.391848 0.48445 0.40005)
(0.391848 0.49445 0.2667)
(0.391848 0.49445 0.2717)
(0.391848 0.49445 0.2917)
(0.391848 0.49445 0.2967)
(0.391848 0.49445 0.3142)
(0.391848 0.49445 0.3317)
(0.391848 0.49445 0.3492)
(0.391848 0.49445 0.3667)
(0.391848 0.49445 0.3737)
(0.391848 0.49445 0.39505)
(0.391848 0.49445 0.40005)
(0.391848 0.50445 0.2667)
(0.391848 0.50445 0.2717)
(0.391848 0.50445 0.2917)
(0.391848 0.50445 0.2967)
(0.391848 0.50445 0.3142)
(0.391848 0.50445 0.3317)
(0.391848 0.50445 0.3492)
(0.391848 0.50445 0.3667)
(0.391848 0.50445 0.3737)
(0.391848 0.50445 0.39505)
(0.391848 0.50445 0.40005)
(0.391848 0.50945 0.2667)
(0.391848 0.50945 0.2717)
(0.391848 0.50945 0.2917)
(0.391848 0.50945 0.2967)
(0.391848 0.50945 0.3142)
(0.391848 0.50945 0.3317)
(0.391848 0.50945 0.3492)
(0.391848 0.50945 0.3667)
(0.391848 0.50945 0.3737)
(0.391848 0.50945 0.39505)
(0.391848 0.50945 0.40005)
(0.391848 0.52445 0.2667)
(0.391848 0.52445 0.2717)
(0.391848 0.52445 0.39505)
(0.391848 0.52445 0.40005)
(0.391848 0.53945 0.2667)
(0.391848 0.53945 0.2717)
(0.391848 0.53945 0.2817)
(0.391848 0.53945 0.38505)
(0.391848 0.53945 0.39505)
(0.391848 0.53945 0.40005)
(0.391848 0.54445 0.2667)
(0.391848 0.54445 0.2717)
(0.391848 0.54445 0.2817)
(0.391848 0.54445 0.38505)
(0.391848 0.54445 0.39505)
(0.391848 0.54445 0.40005)
(0.406315 0.04445 0.2667)
(0.406315 0.04445 0.2717)
(0.406315 0.04445 0.2817)
(0.406315 0.04445 0.2847)
(0.406315 0.04445 0.38205)
(0.406315 0.04445 0.38505)
(0.406315 0.04445 0.39505)
(0.406315 0.04445 0.40005)
(0.406315 0.04945 0.2667)
(0.406315 0.04945 0.2717)
(0.406315 0.04945 0.2817)
(0.406315 0.04945 0.2847)
(0.406315 0.04945 0.38205)
(0.406315 0.04945 0.38505)
(0.406315 0.04945 0.39505)
(0.406315 0.04945 0.40005)
(0.406315 0.06445 0.2667)
(0.406315 0.06445 0.2717)
(0.406315 0.06445 0.39505)
(0.406315 0.06445 0.40005)
(0.406315 0.07945 0.2667)
(0.406315 0.07945 0.2717)
(0.406315 0.07945 0.39505)
(0.406315 0.07945 0.40005)
(0.406315 0.08945 0.2667)
(0.406315 0.08945 0.2717)
(0.406315 0.08945 0.39505)
(0.406315 0.08945 0.40005)
(0.406315 0.09945 0.2667)
(0.406315 0.09945 0.2717)
(0.406315 0.09945 0.39505)
(0.406315 0.09945 0.40005)
(0.406315 0.11445 0.2667)
(0.406315 0.11445 0.2717)
(0.406315 0.11445 0.39505)
(0.406315 0.11445 0.40005)
(0.406315 0.12945 0.2667)
(0.406315 0.12945 0.2717)
(0.406315 0.12945 0.39505)
(0.406315 0.12945 0.40005)
(0.406315 0.14445 0.2667)
(0.406315 0.14445 0.2717)
(0.406315 0.14445 0.2887)
(0.406315 0.14445 0.2917)
(0.406315 0.14445 0.2967)
(0.406315 0.14445 0.3142)
(0.406315 0.14445 0.3317)
(0.406315 0.14445 0.3492)
(0.406315 0.14445 0.3667)
(0.406315 0.14445 0.3737)
(0.406315 0.14445 0.3767)
(0.406315 0.14445 0.39505)
(0.406315 0.14445 0.40005)
(0.406315 0.15945 0.2667)
(0.406315 0.15945 0.2717)
(0.406315 0.15945 0.2887)
(0.406315 0.15945 0.2917)
(0.406315 0.15945 0.2967)
(0.406315 0.15945 0.3142)
(0.406315 0.15945 0.3317)
(0.406315 0.15945 0.3492)
(0.406315 0.15945 0.3667)
(0.406315 0.15945 0.3737)
(0.406315 0.15945 0.3767)
(0.406315 0.15945 0.39505)
(0.406315 0.15945 0.40005)
(0.406315 0.16445 0.2667)
(0.406315 0.16445 0.2717)
(0.406315 0.16445 0.2887)
(0.406315 0.16445 0.2917)
(0.406315 0.16445 0.2967)
(0.406315 0.16445 0.3142)
(0.406315 0.16445 0.3317)
(0.406315 0.16445 0.3492)
(0.406315 0.16445 0.3667)
(0.406315 0.16445 0.3737)
(0.406315 0.16445 0.3767)
(0.406315 0.16445 0.39505)
(0.406315 0.16445 0.40005)
(0.406315 0.17445 0.2667)
(0.406315 0.17445 0.2717)
(0.406315 0.17445 0.2887)
(0.406315 0.17445 0.2917)
(0.406315 0.17445 0.2967)
(0.406315 0.17445 0.3142)
(0.406315 0.17445 0.3317)
(0.406315 0.17445 0.3492)
(0.406315 0.17445 0.3667)
(0.406315 0.17445 0.3737)
(0.406315 0.17445 0.3767)
(0.406315 0.17445 0.39505)
(0.406315 0.17445 0.40005)
(0.406315 0.18445 0.2667)
(0.406315 0.18445 0.2717)
(0.406315 0.18445 0.2887)
(0.406315 0.18445 0.2917)
(0.406315 0.18445 0.2967)
(0.406315 0.18445 0.3142)
(0.406315 0.18445 0.3317)
(0.406315 0.18445 0.3492)
(0.406315 0.18445 0.3667)
(0.406315 0.18445 0.3737)
(0.406315 0.18445 0.3767)
(0.406315 0.18445 0.39505)
(0.406315 0.18445 0.40005)
(0.406315 0.19695 0.2667)
(0.406315 0.19695 0.2717)
(0.406315 0.19695 0.2887)
(0.406315 0.19695 0.2917)
(0.406315 0.19695 0.2967)
(0.406315 0.19695 0.3142)
(0.406315 0.19695 0.3317)
(0.406315 0.19695 0.3492)
(0.406315 0.19695 0.3667)
(0.406315 0.19695 0.3737)
(0.406315 0.19695 0.3767)
(0.406315 0.19695 0.39505)
(0.406315 0.19695 0.40005)
(0.406315 0.20945 0.2667)
(0.406315 0.20945 0.2717)
(0.406315 0.20945 0.2887)
(0.406315 0.20945 0.2917)
(0.406315 0.20945 0.2967)
(0.406315 0.20945 0.3142)
(0.406315 0.20945 0.3317)
(0.406315 0.20945 0.3492)
(0.406315 0.20945 0.3667)
(0.406315 0.20945 0.3737)
(0.406315 0.20945 0.3767)
(0.406315 0.20945 0.39505)
(0.406315 0.20945 0.40005)
(0.406315 0.22645 0.2667)
(0.406315 0.22645 0.2717)
(0.406315 0.22645 0.2887)
(0.406315 0.22645 0.2917)
(0.406315 0.22645 0.2967)
(0.406315 0.22645 0.3142)
(0.406315 0.22645 0.3317)
(0.406315 0.22645 0.3492)
(0.406315 0.22645 0.3667)
(0.406315 0.22645 0.3737)
(0.406315 0.22645 0.3767)
(0.406315 0.22645 0.39505)
(0.406315 0.22645 0.40005)
(0.406315 0.24345 0.2667)
(0.406315 0.24345 0.2717)
(0.406315 0.24345 0.2887)
(0.406315 0.24345 0.2917)
(0.406315 0.24345 0.2967)
(0.406315 0.24345 0.3142)
(0.406315 0.24345 0.3317)
(0.406315 0.24345 0.3492)
(0.406315 0.24345 0.3667)
(0.406315 0.24345 0.3737)
(0.406315 0.24345 0.3767)
(0.406315 0.24345 0.39505)
(0.406315 0.24345 0.40005)
(0.406315 0.26045 0.2667)
(0.406315 0.26045 0.2717)
(0.406315 0.26045 0.2887)
(0.406315 0.26045 0.2917)
(0.406315 0.26045 0.2967)
(0.406315 0.26045 0.3142)
(0.406315 0.26045 0.3317)
(0.406315 0.26045 0.3492)
(0.406315 0.26045 0.3667)
(0.406315 0.26045 0.3737)
(0.406315 0.26045 0.3767)
(0.406315 0.26045 0.39505)
(0.406315 0.26045 0.40005)
(0.406315 0.27745 0.2667)
(0.406315 0.27745 0.2717)
(0.406315 0.27745 0.2887)
(0.406315 0.27745 0.2917)
(0.406315 0.27745 0.2967)
(0.406315 0.27745 0.3142)
(0.406315 0.27745 0.3317)
(0.406315 0.27745 0.3492)
(0.406315 0.27745 0.3667)
(0.406315 0.27745 0.3737)
(0.406315 0.27745 0.3767)
(0.406315 0.27745 0.39505)
(0.406315 0.27745 0.40005)
(0.406315 0.29445 0.2667)
(0.406315 0.29445 0.2717)
(0.406315 0.29445 0.2887)
(0.406315 0.29445 0.2917)
(0.406315 0.29445 0.2967)
(0.406315 0.29445 0.3142)
(0.406315 0.29445 0.3317)
(0.406315 0.29445 0.3492)
(0.406315 0.29445 0.3667)
(0.406315 0.29445 0.3737)
(0.406315 0.29445 0.3767)
(0.406315 0.29445 0.39505)
(0.406315 0.29445 0.40005)
(0.406315 0.30945 0.2667)
(0.406315 0.30945 0.2717)
(0.406315 0.30945 0.2887)
(0.406315 0.30945 0.2917)
(0.406315 0.30945 0.2967)
(0.406315 0.30945 0.3142)
(0.406315 0.30945 0.3317)
(0.406315 0.30945 0.3492)
(0.406315 0.30945 0.3667)
(0.406315 0.30945 0.3737)
(0.406315 0.30945 0.3767)
(0.406315 0.30945 0.39505)
(0.406315 0.30945 0.40005)
(0.406315 0.32445 0.2667)
(0.406315 0.32445 0.2717)
(0.406315 0.32445 0.2887)
(0.406315 0.32445 0.2917)
(0.406315 0.32445 0.2967)
(0.406315 0.32445 0.3142)
(0.406315 0.32445 0.3317)
(0.406315 0.32445 0.3492)
(0.406315 0.32445 0.3667)
(0.406315 0.32445 0.3737)
(0.406315 0.32445 0.3767)
(0.406315 0.32445 0.39505)
(0.406315 0.32445 0.40005)
(0.406315 0.34195 0.2667)
(0.406315 0.34195 0.2717)
(0.406315 0.34195 0.2887)
(0.406315 0.34195 0.2917)
(0.406315 0.34195 0.2967)
(0.406315 0.34195 0.3142)
(0.406315 0.34195 0.3317)
(0.406315 0.34195 0.3492)
(0.406315 0.34195 0.3667)
(0.406315 0.34195 0.3737)
(0.406315 0.34195 0.3767)
(0.406315 0.34195 0.39505)
(0.406315 0.34195 0.40005)
(0.406315 0.35945 0.2667)
(0.406315 0.35945 0.2717)
(0.406315 0.35945 0.2887)
(0.406315 0.35945 0.2917)
(0.406315 0.35945 0.2967)
(0.406315 0.35945 0.3142)
(0.406315 0.35945 0.3317)
(0.406315 0.35945 0.3492)
(0.406315 0.35945 0.3667)
(0.406315 0.35945 0.3737)
(0.406315 0.35945 0.3767)
(0.406315 0.35945 0.39505)
(0.406315 0.35945 0.40005)
(0.406315 0.37695 0.2667)
(0.406315 0.37695 0.2717)
(0.406315 0.37695 0.2887)
(0.406315 0.37695 0.2917)
(0.406315 0.37695 0.2967)
(0.406315 0.37695 0.3142)
(0.406315 0.37695 0.3317)
(0.406315 0.37695 0.3492)
(0.406315 0.37695 0.3667)
(0.406315 0.37695 0.3737)
(0.406315 0.37695 0.3767)
(0.406315 0.37695 0.39505)
(0.406315 0.37695 0.40005)
(0.406315 0.39445 0.2667)
(0.406315 0.39445 0.2717)
(0.406315 0.39445 0.2887)
(0.406315 0.39445 0.2917)
(0.406315 0.39445 0.2967)
(0.406315 0.39445 0.3142)
(0.406315 0.39445 0.3317)
(0.406315 0.39445 0.3492)
(0.406315 0.39445 0.3667)
(0.406315 0.39445 0.3737)
(0.406315 0.39445 0.3767)
(0.406315 0.39445 0.39505)
(0.406315 0.39445 0.40005)
(0.406315 0.40445 0.2667)
(0.406315 0.40445 0.2717)
(0.406315 0.40445 0.2887)
(0.406315 0.40445 0.2917)
(0.406315 0.40445 0.2967)
(0.406315 0.40445 0.3142)
(0.406315 0.40445 0.3317)
(0.406315 0.40445 0.3492)
(0.406315 0.40445 0.3667)
(0.406315 0.40445 0.3737)
(0.406315 0.40445 0.3767)
(0.406315 0.40445 0.39505)
(0.406315 0.40445 0.40005)
(0.406315 0.41945 0.2667)
(0.406315 0.41945 0.2717)
(0.406315 0.41945 0.2887)
(0.406315 0.41945 0.2917)
(0.406315 0.41945 0.2967)
(0.406315 0.41945 0.3142)
(0.406315 0.41945 0.3317)
(0.406315 0.41945 0.3492)
(0.406315 0.41945 0.3667)
(0.406315 0.41945 0.3737)
(0.406315 0.41945 0.3767)
(0.406315 0.41945 0.39505)
(0.406315 0.41945 0.40005)
(0.406315 0.42945 0.2667)
(0.406315 0.42945 0.2717)
(0.406315 0.42945 0.2917)
(0.406315 0.42945 0.2967)
(0.406315 0.42945 0.3142)
(0.406315 0.42945 0.3317)
(0.406315 0.42945 0.3492)
(0.406315 0.42945 0.3667)
(0.406315 0.42945 0.3737)
(0.406315 0.42945 0.39505)
(0.406315 0.42945 0.40005)
(0.406315 0.43445 0.2667)
(0.406315 0.43445 0.2717)
(0.406315 0.43445 0.2917)
(0.406315 0.43445 0.2967)
(0.406315 0.43445 0.3142)
(0.406315 0.43445 0.3317)
(0.406315 0.43445 0.3492)
(0.406315 0.43445 0.3667)
(0.406315 0.43445 0.3737)
(0.406315 0.43445 0.39505)
(0.406315 0.43445 0.40005)
(0.406315 0.451117 0.2667)
(0.406315 0.451117 0.2717)
(0.406315 0.451117 0.2917)
(0.406315 0.451117 0.2967)
(0.406315 0.451117 0.3142)
(0.406315 0.451117 0.3317)
(0.406315 0.451117 0.3492)
(0.406315 0.451117 0.3667)
(0.406315 0.451117 0.3737)
(0.406315 0.451117 0.39505)
(0.406315 0.451117 0.40005)
(0.406315 0.467783 0.2667)
(0.406315 0.467783 0.2717)
(0.406315 0.467783 0.2917)
(0.406315 0.467783 0.2967)
(0.406315 0.467783 0.3142)
(0.406315 0.467783 0.3317)
(0.406315 0.467783 0.3492)
(0.406315 0.467783 0.3667)
(0.406315 0.467783 0.3737)
(0.406315 0.467783 0.39505)
(0.406315 0.467783 0.40005)
(0.406315 0.48445 0.2667)
(0.406315 0.48445 0.2717)
(0.406315 0.48445 0.2917)
(0.406315 0.48445 0.2967)
(0.406315 0.48445 0.3142)
(0.406315 0.48445 0.3317)
(0.406315 0.48445 0.3492)
(0.406315 0.48445 0.3667)
(0.406315 0.48445 0.3737)
(0.406315 0.48445 0.39505)
(0.406315 0.48445 0.40005)
(0.406315 0.49445 0.2667)
(0.406315 0.49445 0.2717)
(0.406315 0.49445 0.2917)
(0.406315 0.49445 0.2967)
(0.406315 0.49445 0.3142)
(0.406315 0.49445 0.3317)
(0.406315 0.49445 0.3492)
(0.406315 0.49445 0.3667)
(0.406315 0.49445 0.3737)
(0.406315 0.49445 0.39505)
(0.406315 0.49445 0.40005)
(0.406315 0.50445 0.2667)
(0.406315 0.50445 0.2717)
(0.406315 0.50445 0.2917)
(0.406315 0.50445 0.2967)
(0.406315 0.50445 0.3142)
(0.406315 0.50445 0.3317)
(0.406315 0.50445 0.3492)
(0.406315 0.50445 0.3667)
(0.406315 0.50445 0.3737)
(0.406315 0.50445 0.39505)
(0.406315 0.50445 0.40005)
(0.406315 0.50945 0.2667)
(0.406315 0.50945 0.2717)
(0.406315 0.50945 0.2917)
(0.406315 0.50945 0.2967)
(0.406315 0.50945 0.3142)
(0.406315 0.50945 0.3317)
(0.406315 0.50945 0.3492)
(0.406315 0.50945 0.3667)
(0.406315 0.50945 0.3737)
(0.406315 0.50945 0.39505)
(0.406315 0.50945 0.40005)
(0.406315 0.52445 0.2667)
(0.406315 0.52445 0.2717)
(0.406315 0.52445 0.39505)
(0.406315 0.52445 0.40005)
(0.406315 0.53945 0.2667)
(0.406315 0.53945 0.2717)
(0.406315 0.53945 0.2817)
(0.406315 0.53945 0.38505)
(0.406315 0.53945 0.39505)
(0.406315 0.53945 0.40005)
(0.406315 0.54445 0.2667)
(0.406315 0.54445 0.2717)
(0.406315 0.54445 0.2817)
(0.406315 0.54445 0.38505)
(0.406315 0.54445 0.39505)
(0.406315 0.54445 0.40005)
(0.417915 0.04445 0.2667)
(0.417915 0.04445 0.2717)
(0.417915 0.04445 0.2817)
(0.417915 0.04445 0.2847)
(0.417915 0.04445 0.38205)
(0.417915 0.04445 0.38505)
(0.417915 0.04445 0.39505)
(0.417915 0.04445 0.40005)
(0.417915 0.04945 0.2667)
(0.417915 0.04945 0.2717)
(0.417915 0.04945 0.2817)
(0.417915 0.04945 0.2847)
(0.417915 0.04945 0.38205)
(0.417915 0.04945 0.38505)
(0.417915 0.04945 0.39505)
(0.417915 0.04945 0.40005)
(0.417915 0.06445 0.2667)
(0.417915 0.06445 0.2717)
(0.417915 0.06445 0.39505)
(0.417915 0.06445 0.40005)
(0.417915 0.07945 0.2667)
(0.417915 0.07945 0.2717)
(0.417915 0.07945 0.39505)
(0.417915 0.07945 0.40005)
(0.417915 0.08945 0.2667)
(0.417915 0.08945 0.2717)
(0.417915 0.08945 0.39505)
(0.417915 0.08945 0.40005)
(0.417915 0.09945 0.2667)
(0.417915 0.09945 0.2717)
(0.417915 0.09945 0.39505)
(0.417915 0.09945 0.40005)
(0.417915 0.11445 0.2667)
(0.417915 0.11445 0.2717)
(0.417915 0.11445 0.39505)
(0.417915 0.11445 0.40005)
(0.417915 0.12945 0.2667)
(0.417915 0.12945 0.2717)
(0.417915 0.12945 0.39505)
(0.417915 0.12945 0.40005)
(0.417915 0.14445 0.2667)
(0.417915 0.14445 0.2717)
(0.417915 0.14445 0.2887)
(0.417915 0.14445 0.2917)
(0.417915 0.14445 0.2967)
(0.417915 0.14445 0.3142)
(0.417915 0.14445 0.3317)
(0.417915 0.14445 0.3492)
(0.417915 0.14445 0.3667)
(0.417915 0.14445 0.3737)
(0.417915 0.14445 0.3767)
(0.417915 0.14445 0.39505)
(0.417915 0.14445 0.40005)
(0.417915 0.15945 0.2667)
(0.417915 0.15945 0.2717)
(0.417915 0.15945 0.2887)
(0.417915 0.15945 0.2917)
(0.417915 0.15945 0.2967)
(0.417915 0.15945 0.3142)
(0.417915 0.15945 0.3317)
(0.417915 0.15945 0.3492)
(0.417915 0.15945 0.3667)
(0.417915 0.15945 0.3737)
(0.417915 0.15945 0.3767)
(0.417915 0.15945 0.39505)
(0.417915 0.15945 0.40005)
(0.417915 0.16445 0.2667)
(0.417915 0.16445 0.2717)
(0.417915 0.16445 0.2887)
(0.417915 0.16445 0.2917)
(0.417915 0.16445 0.2967)
(0.417915 0.16445 0.3142)
(0.417915 0.16445 0.3317)
(0.417915 0.16445 0.3492)
(0.417915 0.16445 0.3667)
(0.417915 0.16445 0.3737)
(0.417915 0.16445 0.3767)
(0.417915 0.16445 0.39505)
(0.417915 0.16445 0.40005)
(0.417915 0.17445 0.2667)
(0.417915 0.17445 0.2717)
(0.417915 0.17445 0.2887)
(0.417915 0.17445 0.2917)
(0.417915 0.17445 0.2967)
(0.417915 0.17445 0.3142)
(0.417915 0.17445 0.3317)
(0.417915 0.17445 0.3492)
(0.417915 0.17445 0.3667)
(0.417915 0.17445 0.3737)
(0.417915 0.17445 0.3767)
(0.417915 0.17445 0.39505)
(0.417915 0.17445 0.40005)
(0.417915 0.18445 0.2667)
(0.417915 0.18445 0.2717)
(0.417915 0.18445 0.2887)
(0.417915 0.18445 0.2917)
(0.417915 0.18445 0.2967)
(0.417915 0.18445 0.3142)
(0.417915 0.18445 0.3317)
(0.417915 0.18445 0.3492)
(0.417915 0.18445 0.3667)
(0.417915 0.18445 0.3737)
(0.417915 0.18445 0.3767)
(0.417915 0.18445 0.39505)
(0.417915 0.18445 0.40005)
(0.417915 0.19695 0.2667)
(0.417915 0.19695 0.2717)
(0.417915 0.19695 0.2887)
(0.417915 0.19695 0.2917)
(0.417915 0.19695 0.2967)
(0.417915 0.19695 0.3142)
(0.417915 0.19695 0.3317)
(0.417915 0.19695 0.3492)
(0.417915 0.19695 0.3667)
(0.417915 0.19695 0.3737)
(0.417915 0.19695 0.3767)
(0.417915 0.19695 0.39505)
(0.417915 0.19695 0.40005)
(0.417915 0.20945 0.2667)
(0.417915 0.20945 0.2717)
(0.417915 0.20945 0.2887)
(0.417915 0.20945 0.2917)
(0.417915 0.20945 0.2967)
(0.417915 0.20945 0.3142)
(0.417915 0.20945 0.3317)
(0.417915 0.20945 0.3492)
(0.417915 0.20945 0.3667)
(0.417915 0.20945 0.3737)
(0.417915 0.20945 0.3767)
(0.417915 0.20945 0.39505)
(0.417915 0.20945 0.40005)
(0.417915 0.22645 0.2667)
(0.417915 0.22645 0.2717)
(0.417915 0.22645 0.2887)
(0.417915 0.22645 0.2917)
(0.417915 0.22645 0.2967)
(0.417915 0.22645 0.3142)
(0.417915 0.22645 0.3317)
(0.417915 0.22645 0.3492)
(0.417915 0.22645 0.3667)
(0.417915 0.22645 0.3737)
(0.417915 0.22645 0.3767)
(0.417915 0.22645 0.39505)
(0.417915 0.22645 0.40005)
(0.417915 0.24345 0.2667)
(0.417915 0.24345 0.2717)
(0.417915 0.24345 0.2887)
(0.417915 0.24345 0.2917)
(0.417915 0.24345 0.2967)
(0.417915 0.24345 0.3142)
(0.417915 0.24345 0.3317)
(0.417915 0.24345 0.3492)
(0.417915 0.24345 0.3667)
(0.417915 0.24345 0.3737)
(0.417915 0.24345 0.3767)
(0.417915 0.24345 0.39505)
(0.417915 0.24345 0.40005)
(0.417915 0.26045 0.2667)
(0.417915 0.26045 0.2717)
(0.417915 0.26045 0.2887)
(0.417915 0.26045 0.2917)
(0.417915 0.26045 0.2967)
(0.417915 0.26045 0.3142)
(0.417915 0.26045 0.3317)
(0.417915 0.26045 0.3492)
(0.417915 0.26045 0.3667)
(0.417915 0.26045 0.3737)
(0.417915 0.26045 0.3767)
(0.417915 0.26045 0.39505)
(0.417915 0.26045 0.40005)
(0.417915 0.27745 0.2667)
(0.417915 0.27745 0.2717)
(0.417915 0.27745 0.2887)
(0.417915 0.27745 0.2917)
(0.417915 0.27745 0.2967)
(0.417915 0.27745 0.3142)
(0.417915 0.27745 0.3317)
(0.417915 0.27745 0.3492)
(0.417915 0.27745 0.3667)
(0.417915 0.27745 0.3737)
(0.417915 0.27745 0.3767)
(0.417915 0.27745 0.39505)
(0.417915 0.27745 0.40005)
(0.417915 0.29445 0.2667)
(0.417915 0.29445 0.2717)
(0.417915 0.29445 0.2887)
(0.417915 0.29445 0.2917)
(0.417915 0.29445 0.2967)
(0.417915 0.29445 0.3142)
(0.417915 0.29445 0.3317)
(0.417915 0.29445 0.3492)
(0.417915 0.29445 0.3667)
(0.417915 0.29445 0.3737)
(0.417915 0.29445 0.3767)
(0.417915 0.29445 0.39505)
(0.417915 0.29445 0.40005)
(0.417915 0.30945 0.2667)
(0.417915 0.30945 0.2717)
(0.417915 0.30945 0.2887)
(0.417915 0.30945 0.2917)
(0.417915 0.30945 0.2967)
(0.417915 0.30945 0.3142)
(0.417915 0.30945 0.3317)
(0.417915 0.30945 0.3492)
(0.417915 0.30945 0.3667)
(0.417915 0.30945 0.3737)
(0.417915 0.30945 0.3767)
(0.417915 0.30945 0.39505)
(0.417915 0.30945 0.40005)
(0.417915 0.32445 0.2667)
(0.417915 0.32445 0.2717)
(0.417915 0.32445 0.2887)
(0.417915 0.32445 0.2917)
(0.417915 0.32445 0.2967)
(0.417915 0.32445 0.3142)
(0.417915 0.32445 0.3317)
(0.417915 0.32445 0.3492)
(0.417915 0.32445 0.3667)
(0.417915 0.32445 0.3737)
(0.417915 0.32445 0.3767)
(0.417915 0.32445 0.39505)
(0.417915 0.32445 0.40005)
(0.417915 0.34195 0.2667)
(0.417915 0.34195 0.2717)
(0.417915 0.34195 0.2887)
(0.417915 0.34195 0.2917)
(0.417915 0.34195 0.2967)
(0.417915 0.34195 0.3142)
(0.417915 0.34195 0.3317)
(0.417915 0.34195 0.3492)
(0.417915 0.34195 0.3667)
(0.417915 0.34195 0.3737)
(0.417915 0.34195 0.3767)
(0.417915 0.34195 0.39505)
(0.417915 0.34195 0.40005)
(0.417915 0.35945 0.2667)
(0.417915 0.35945 0.2717)
(0.417915 0.35945 0.2887)
(0.417915 0.35945 0.2917)
(0.417915 0.35945 0.2967)
(0.417915 0.35945 0.3142)
(0.417915 0.35945 0.3317)
(0.417915 0.35945 0.3492)
(0.417915 0.35945 0.3667)
(0.417915 0.35945 0.3737)
(0.417915 0.35945 0.3767)
(0.417915 0.35945 0.39505)
(0.417915 0.35945 0.40005)
(0.417915 0.37695 0.2667)
(0.417915 0.37695 0.2717)
(0.417915 0.37695 0.2887)
(0.417915 0.37695 0.2917)
(0.417915 0.37695 0.2967)
(0.417915 0.37695 0.3142)
(0.417915 0.37695 0.3317)
(0.417915 0.37695 0.3492)
(0.417915 0.37695 0.3667)
(0.417915 0.37695 0.3737)
(0.417915 0.37695 0.3767)
(0.417915 0.37695 0.39505)
(0.417915 0.37695 0.40005)
(0.417915 0.39445 0.2667)
(0.417915 0.39445 0.2717)
(0.417915 0.39445 0.2887)
(0.417915 0.39445 0.2917)
(0.417915 0.39445 0.2967)
(0.417915 0.39445 0.3142)
(0.417915 0.39445 0.3317)
(0.417915 0.39445 0.3492)
(0.417915 0.39445 0.3667)
(0.417915 0.39445 0.3737)
(0.417915 0.39445 0.3767)
(0.417915 0.39445 0.39505)
(0.417915 0.39445 0.40005)
(0.417915 0.40445 0.2667)
(0.417915 0.40445 0.2717)
(0.417915 0.40445 0.2887)
(0.417915 0.40445 0.2917)
(0.417915 0.40445 0.2967)
(0.417915 0.40445 0.3142)
(0.417915 0.40445 0.3317)
(0.417915 0.40445 0.3492)
(0.417915 0.40445 0.3667)
(0.417915 0.40445 0.3737)
(0.417915 0.40445 0.3767)
(0.417915 0.40445 0.39505)
(0.417915 0.40445 0.40005)
(0.417915 0.41945 0.2667)
(0.417915 0.41945 0.2717)
(0.417915 0.41945 0.2887)
(0.417915 0.41945 0.2917)
(0.417915 0.41945 0.2967)
(0.417915 0.41945 0.3142)
(0.417915 0.41945 0.3317)
(0.417915 0.41945 0.3492)
(0.417915 0.41945 0.3667)
(0.417915 0.41945 0.3737)
(0.417915 0.41945 0.3767)
(0.417915 0.41945 0.39505)
(0.417915 0.41945 0.40005)
(0.417915 0.42945 0.2667)
(0.417915 0.42945 0.2717)
(0.417915 0.42945 0.2917)
(0.417915 0.42945 0.2967)
(0.417915 0.42945 0.3142)
(0.417915 0.42945 0.3317)
(0.417915 0.42945 0.3492)
(0.417915 0.42945 0.3667)
(0.417915 0.42945 0.3737)
(0.417915 0.42945 0.39505)
(0.417915 0.42945 0.40005)
(0.417915 0.43445 0.2667)
(0.417915 0.43445 0.2717)
(0.417915 0.43445 0.2917)
(0.417915 0.43445 0.2967)
(0.417915 0.43445 0.3142)
(0.417915 0.43445 0.3317)
(0.417915 0.43445 0.3492)
(0.417915 0.43445 0.3667)
(0.417915 0.43445 0.3737)
(0.417915 0.43445 0.39505)
(0.417915 0.43445 0.40005)
(0.417915 0.451117 0.2667)
(0.417915 0.451117 0.2717)
(0.417915 0.451117 0.2917)
(0.417915 0.451117 0.2967)
(0.417915 0.451117 0.3142)
(0.417915 0.451117 0.3317)
(0.417915 0.451117 0.3492)
(0.417915 0.451117 0.3667)
(0.417915 0.451117 0.3737)
(0.417915 0.451117 0.39505)
(0.417915 0.451117 0.40005)
(0.417915 0.467783 0.2667)
(0.417915 0.467783 0.2717)
(0.417915 0.467783 0.2917)
(0.417915 0.467783 0.2967)
(0.417915 0.467783 0.3142)
(0.417915 0.467783 0.3317)
(0.417915 0.467783 0.3492)
(0.417915 0.467783 0.3667)
(0.417915 0.467783 0.3737)
(0.417915 0.467783 0.39505)
(0.417915 0.467783 0.40005)
(0.417915 0.48445 0.2667)
(0.417915 0.48445 0.2717)
(0.417915 0.48445 0.2917)
(0.417915 0.48445 0.2967)
(0.417915 0.48445 0.3142)
(0.417915 0.48445 0.3317)
(0.417915 0.48445 0.3492)
(0.417915 0.48445 0.3667)
(0.417915 0.48445 0.3737)
(0.417915 0.48445 0.39505)
(0.417915 0.48445 0.40005)
(0.417915 0.49445 0.2667)
(0.417915 0.49445 0.2717)
(0.417915 0.49445 0.2917)
(0.417915 0.49445 0.2967)
(0.417915 0.49445 0.3142)
(0.417915 0.49445 0.3317)
(0.417915 0.49445 0.3492)
(0.417915 0.49445 0.3667)
(0.417915 0.49445 0.3737)
(0.417915 0.49445 0.39505)
(0.417915 0.49445 0.40005)
(0.417915 0.50445 0.2667)
(0.417915 0.50445 0.2717)
(0.417915 0.50445 0.2917)
(0.417915 0.50445 0.2967)
(0.417915 0.50445 0.3142)
(0.417915 0.50445 0.3317)
(0.417915 0.50445 0.3492)
(0.417915 0.50445 0.3667)
(0.417915 0.50445 0.3737)
(0.417915 0.50445 0.39505)
(0.417915 0.50445 0.40005)
(0.417915 0.50945 0.2667)
(0.417915 0.50945 0.2717)
(0.417915 0.50945 0.2917)
(0.417915 0.50945 0.2967)
(0.417915 0.50945 0.3142)
(0.417915 0.50945 0.3317)
(0.417915 0.50945 0.3492)
(0.417915 0.50945 0.3667)
(0.417915 0.50945 0.3737)
(0.417915 0.50945 0.39505)
(0.417915 0.50945 0.40005)
(0.417915 0.52445 0.2667)
(0.417915 0.52445 0.2717)
(0.417915 0.52445 0.39505)
(0.417915 0.52445 0.40005)
(0.417915 0.53945 0.2667)
(0.417915 0.53945 0.2717)
(0.417915 0.53945 0.2817)
(0.417915 0.53945 0.38505)
(0.417915 0.53945 0.39505)
(0.417915 0.53945 0.40005)
(0.417915 0.54445 0.2667)
(0.417915 0.54445 0.2717)
(0.417915 0.54445 0.2817)
(0.417915 0.54445 0.38505)
(0.417915 0.54445 0.39505)
(0.417915 0.54445 0.40005)
(0.427145 0.04445 0.2667)
(0.427145 0.04445 0.2717)
(0.427145 0.04445 0.2817)
(0.427145 0.04445 0.2847)
(0.427145 0.04445 0.38205)
(0.427145 0.04445 0.38505)
(0.427145 0.04445 0.39505)
(0.427145 0.04445 0.40005)
(0.427145 0.04945 0.2667)
(0.427145 0.04945 0.2717)
(0.427145 0.04945 0.2817)
(0.427145 0.04945 0.2847)
(0.427145 0.04945 0.38205)
(0.427145 0.04945 0.38505)
(0.427145 0.04945 0.39505)
(0.427145 0.04945 0.40005)
(0.427145 0.06445 0.2667)
(0.427145 0.06445 0.2717)
(0.427145 0.06445 0.39505)
(0.427145 0.06445 0.40005)
(0.427145 0.07945 0.2667)
(0.427145 0.07945 0.2717)
(0.427145 0.07945 0.39505)
(0.427145 0.07945 0.40005)
(0.427145 0.08945 0.2667)
(0.427145 0.08945 0.2717)
(0.427145 0.08945 0.39505)
(0.427145 0.08945 0.40005)
(0.427145 0.09945 0.2667)
(0.427145 0.09945 0.2717)
(0.427145 0.09945 0.39505)
(0.427145 0.09945 0.40005)
(0.427145 0.11445 0.2667)
(0.427145 0.11445 0.2717)
(0.427145 0.11445 0.39505)
(0.427145 0.11445 0.40005)
(0.427145 0.12945 0.2667)
(0.427145 0.12945 0.2717)
(0.427145 0.12945 0.39505)
(0.427145 0.12945 0.40005)
(0.427145 0.14445 0.2667)
(0.427145 0.14445 0.2717)
(0.427145 0.14445 0.2887)
(0.427145 0.14445 0.2917)
(0.427145 0.14445 0.2967)
(0.427145 0.14445 0.3142)
(0.427145 0.14445 0.3317)
(0.427145 0.14445 0.3492)
(0.427145 0.14445 0.3667)
(0.427145 0.14445 0.3737)
(0.427145 0.14445 0.3767)
(0.427145 0.14445 0.39505)
(0.427145 0.14445 0.40005)
(0.427145 0.15945 0.2667)
(0.427145 0.15945 0.2717)
(0.427145 0.15945 0.2887)
(0.427145 0.15945 0.2917)
(0.427145 0.15945 0.2967)
(0.427145 0.15945 0.3142)
(0.427145 0.15945 0.3317)
(0.427145 0.15945 0.3492)
(0.427145 0.15945 0.3667)
(0.427145 0.15945 0.3737)
(0.427145 0.15945 0.3767)
(0.427145 0.15945 0.39505)
(0.427145 0.15945 0.40005)
(0.427145 0.16445 0.2667)
(0.427145 0.16445 0.2717)
(0.427145 0.16445 0.2887)
(0.427145 0.16445 0.2917)
(0.427145 0.16445 0.2967)
(0.427145 0.16445 0.3142)
(0.427145 0.16445 0.3317)
(0.427145 0.16445 0.3492)
(0.427145 0.16445 0.3667)
(0.427145 0.16445 0.3737)
(0.427145 0.16445 0.3767)
(0.427145 0.16445 0.39505)
(0.427145 0.16445 0.40005)
(0.427145 0.17445 0.2667)
(0.427145 0.17445 0.2717)
(0.427145 0.17445 0.2887)
(0.427145 0.17445 0.2917)
(0.427145 0.17445 0.2967)
(0.427145 0.17445 0.3142)
(0.427145 0.17445 0.3317)
(0.427145 0.17445 0.3492)
(0.427145 0.17445 0.3667)
(0.427145 0.17445 0.3737)
(0.427145 0.17445 0.3767)
(0.427145 0.17445 0.39505)
(0.427145 0.17445 0.40005)
(0.427145 0.18445 0.2667)
(0.427145 0.18445 0.2717)
(0.427145 0.18445 0.2887)
(0.427145 0.18445 0.2917)
(0.427145 0.18445 0.2967)
(0.427145 0.18445 0.3142)
(0.427145 0.18445 0.3317)
(0.427145 0.18445 0.3492)
(0.427145 0.18445 0.3667)
(0.427145 0.18445 0.3737)
(0.427145 0.18445 0.3767)
(0.427145 0.18445 0.39505)
(0.427145 0.18445 0.40005)
(0.427145 0.19695 0.2667)
(0.427145 0.19695 0.2717)
(0.427145 0.19695 0.2887)
(0.427145 0.19695 0.2917)
(0.427145 0.19695 0.2967)
(0.427145 0.19695 0.3142)
(0.427145 0.19695 0.3317)
(0.427145 0.19695 0.3492)
(0.427145 0.19695 0.3667)
(0.427145 0.19695 0.3737)
(0.427145 0.19695 0.3767)
(0.427145 0.19695 0.39505)
(0.427145 0.19695 0.40005)
(0.427145 0.20945 0.2667)
(0.427145 0.20945 0.2717)
(0.427145 0.20945 0.2887)
(0.427145 0.20945 0.2917)
(0.427145 0.20945 0.2967)
(0.427145 0.20945 0.3142)
(0.427145 0.20945 0.3317)
(0.427145 0.20945 0.3492)
(0.427145 0.20945 0.3667)
(0.427145 0.20945 0.3737)
(0.427145 0.20945 0.3767)
(0.427145 0.20945 0.39505)
(0.427145 0.20945 0.40005)
(0.427145 0.22645 0.2667)
(0.427145 0.22645 0.2717)
(0.427145 0.22645 0.2887)
(0.427145 0.22645 0.2917)
(0.427145 0.22645 0.2967)
(0.427145 0.22645 0.3142)
(0.427145 0.22645 0.3317)
(0.427145 0.22645 0.3492)
(0.427145 0.22645 0.3667)
(0.427145 0.22645 0.3737)
(0.427145 0.22645 0.3767)
(0.427145 0.22645 0.39505)
(0.427145 0.22645 0.40005)
(0.427145 0.24345 0.2667)
(0.427145 0.24345 0.2717)
(0.427145 0.24345 0.2887)
(0.427145 0.24345 0.2917)
(0.427145 0.24345 0.2967)
(0.427145 0.24345 0.3142)
(0.427145 0.24345 0.3317)
(0.427145 0.24345 0.3492)
(0.427145 0.24345 0.3667)
(0.427145 0.24345 0.3737)
(0.427145 0.24345 0.3767)
(0.427145 0.24345 0.39505)
(0.427145 0.24345 0.40005)
(0.427145 0.26045 0.2667)
(0.427145 0.26045 0.2717)
(0.427145 0.26045 0.2887)
(0.427145 0.26045 0.2917)
(0.427145 0.26045 0.2967)
(0.427145 0.26045 0.3142)
(0.427145 0.26045 0.3317)
(0.427145 0.26045 0.3492)
(0.427145 0.26045 0.3667)
(0.427145 0.26045 0.3737)
(0.427145 0.26045 0.3767)
(0.427145 0.26045 0.39505)
(0.427145 0.26045 0.40005)
(0.427145 0.27745 0.2667)
(0.427145 0.27745 0.2717)
(0.427145 0.27745 0.2887)
(0.427145 0.27745 0.2917)
(0.427145 0.27745 0.2967)
(0.427145 0.27745 0.3142)
(0.427145 0.27745 0.3317)
(0.427145 0.27745 0.3492)
(0.427145 0.27745 0.3667)
(0.427145 0.27745 0.3737)
(0.427145 0.27745 0.3767)
(0.427145 0.27745 0.39505)
(0.427145 0.27745 0.40005)
(0.427145 0.29445 0.2667)
(0.427145 0.29445 0.2717)
(0.427145 0.29445 0.2887)
(0.427145 0.29445 0.2917)
(0.427145 0.29445 0.2967)
(0.427145 0.29445 0.3142)
(0.427145 0.29445 0.3317)
(0.427145 0.29445 0.3492)
(0.427145 0.29445 0.3667)
(0.427145 0.29445 0.3737)
(0.427145 0.29445 0.3767)
(0.427145 0.29445 0.39505)
(0.427145 0.29445 0.40005)
(0.427145 0.30945 0.2667)
(0.427145 0.30945 0.2717)
(0.427145 0.30945 0.2887)
(0.427145 0.30945 0.2917)
(0.427145 0.30945 0.2967)
(0.427145 0.30945 0.3142)
(0.427145 0.30945 0.3317)
(0.427145 0.30945 0.3492)
(0.427145 0.30945 0.3667)
(0.427145 0.30945 0.3737)
(0.427145 0.30945 0.3767)
(0.427145 0.30945 0.39505)
(0.427145 0.30945 0.40005)
(0.427145 0.32445 0.2667)
(0.427145 0.32445 0.2717)
(0.427145 0.32445 0.2887)
(0.427145 0.32445 0.2917)
(0.427145 0.32445 0.2967)
(0.427145 0.32445 0.3142)
(0.427145 0.32445 0.3317)
(0.427145 0.32445 0.3492)
(0.427145 0.32445 0.3667)
(0.427145 0.32445 0.3737)
(0.427145 0.32445 0.3767)
(0.427145 0.32445 0.39505)
(0.427145 0.32445 0.40005)
(0.427145 0.34195 0.2667)
(0.427145 0.34195 0.2717)
(0.427145 0.34195 0.2887)
(0.427145 0.34195 0.2917)
(0.427145 0.34195 0.2967)
(0.427145 0.34195 0.3142)
(0.427145 0.34195 0.3317)
(0.427145 0.34195 0.3492)
(0.427145 0.34195 0.3667)
(0.427145 0.34195 0.3737)
(0.427145 0.34195 0.3767)
(0.427145 0.34195 0.39505)
(0.427145 0.34195 0.40005)
(0.427145 0.35945 0.2667)
(0.427145 0.35945 0.2717)
(0.427145 0.35945 0.2887)
(0.427145 0.35945 0.2917)
(0.427145 0.35945 0.2967)
(0.427145 0.35945 0.3142)
(0.427145 0.35945 0.3317)
(0.427145 0.35945 0.3492)
(0.427145 0.35945 0.3667)
(0.427145 0.35945 0.3737)
(0.427145 0.35945 0.3767)
(0.427145 0.35945 0.39505)
(0.427145 0.35945 0.40005)
(0.427145 0.37695 0.2667)
(0.427145 0.37695 0.2717)
(0.427145 0.37695 0.2887)
(0.427145 0.37695 0.2917)
(0.427145 0.37695 0.2967)
(0.427145 0.37695 0.3142)
(0.427145 0.37695 0.3317)
(0.427145 0.37695 0.3492)
(0.427145 0.37695 0.3667)
(0.427145 0.37695 0.3737)
(0.427145 0.37695 0.3767)
(0.427145 0.37695 0.39505)
(0.427145 0.37695 0.40005)
(0.427145 0.39445 0.2667)
(0.427145 0.39445 0.2717)
(0.427145 0.39445 0.2887)
(0.427145 0.39445 0.2917)
(0.427145 0.39445 0.2967)
(0.427145 0.39445 0.3142)
(0.427145 0.39445 0.3317)
(0.427145 0.39445 0.3492)
(0.427145 0.39445 0.3667)
(0.427145 0.39445 0.3737)
(0.427145 0.39445 0.3767)
(0.427145 0.39445 0.39505)
(0.427145 0.39445 0.40005)
(0.427145 0.40445 0.2667)
(0.427145 0.40445 0.2717)
(0.427145 0.40445 0.2887)
(0.427145 0.40445 0.2917)
(0.427145 0.40445 0.2967)
(0.427145 0.40445 0.3142)
(0.427145 0.40445 0.3317)
(0.427145 0.40445 0.3492)
(0.427145 0.40445 0.3667)
(0.427145 0.40445 0.3737)
(0.427145 0.40445 0.3767)
(0.427145 0.40445 0.39505)
(0.427145 0.40445 0.40005)
(0.427145 0.41945 0.2667)
(0.427145 0.41945 0.2717)
(0.427145 0.41945 0.2887)
(0.427145 0.41945 0.2917)
(0.427145 0.41945 0.2967)
(0.427145 0.41945 0.3142)
(0.427145 0.41945 0.3317)
(0.427145 0.41945 0.3492)
(0.427145 0.41945 0.3667)
(0.427145 0.41945 0.3737)
(0.427145 0.41945 0.3767)
(0.427145 0.41945 0.39505)
(0.427145 0.41945 0.40005)
(0.427145 0.42945 0.2667)
(0.427145 0.42945 0.2717)
(0.427145 0.42945 0.2917)
(0.427145 0.42945 0.2967)
(0.427145 0.42945 0.3142)
(0.427145 0.42945 0.3317)
(0.427145 0.42945 0.3492)
(0.427145 0.42945 0.3667)
(0.427145 0.42945 0.3737)
(0.427145 0.42945 0.39505)
(0.427145 0.42945 0.40005)
(0.427145 0.43445 0.2667)
(0.427145 0.43445 0.2717)
(0.427145 0.43445 0.2917)
(0.427145 0.43445 0.2967)
(0.427145 0.43445 0.3142)
(0.427145 0.43445 0.3317)
(0.427145 0.43445 0.3492)
(0.427145 0.43445 0.3667)
(0.427145 0.43445 0.3737)
(0.427145 0.43445 0.39505)
(0.427145 0.43445 0.40005)
(0.427145 0.451117 0.2667)
(0.427145 0.451117 0.2717)
(0.427145 0.451117 0.2917)
(0.427145 0.451117 0.2967)
(0.427145 0.451117 0.3142)
(0.427145 0.451117 0.3317)
(0.427145 0.451117 0.3492)
(0.427145 0.451117 0.3667)
(0.427145 0.451117 0.3737)
(0.427145 0.451117 0.39505)
(0.427145 0.451117 0.40005)
(0.427145 0.467783 0.2667)
(0.427145 0.467783 0.2717)
(0.427145 0.467783 0.2917)
(0.427145 0.467783 0.2967)
(0.427145 0.467783 0.3142)
(0.427145 0.467783 0.3317)
(0.427145 0.467783 0.3492)
(0.427145 0.467783 0.3667)
(0.427145 0.467783 0.3737)
(0.427145 0.467783 0.39505)
(0.427145 0.467783 0.40005)
(0.427145 0.48445 0.2667)
(0.427145 0.48445 0.2717)
(0.427145 0.48445 0.2917)
(0.427145 0.48445 0.2967)
(0.427145 0.48445 0.3142)
(0.427145 0.48445 0.3317)
(0.427145 0.48445 0.3492)
(0.427145 0.48445 0.3667)
(0.427145 0.48445 0.3737)
(0.427145 0.48445 0.39505)
(0.427145 0.48445 0.40005)
(0.427145 0.49445 0.2667)
(0.427145 0.49445 0.2717)
(0.427145 0.49445 0.2917)
(0.427145 0.49445 0.2967)
(0.427145 0.49445 0.3142)
(0.427145 0.49445 0.3317)
(0.427145 0.49445 0.3492)
(0.427145 0.49445 0.3667)
(0.427145 0.49445 0.3737)
(0.427145 0.49445 0.39505)
(0.427145 0.49445 0.40005)
(0.427145 0.50445 0.2667)
(0.427145 0.50445 0.2717)
(0.427145 0.50445 0.2917)
(0.427145 0.50445 0.2967)
(0.427145 0.50445 0.3142)
(0.427145 0.50445 0.3317)
(0.427145 0.50445 0.3492)
(0.427145 0.50445 0.3667)
(0.427145 0.50445 0.3737)
(0.427145 0.50445 0.39505)
(0.427145 0.50445 0.40005)
(0.427145 0.50945 0.2667)
(0.427145 0.50945 0.2717)
(0.427145 0.50945 0.2917)
(0.427145 0.50945 0.2967)
(0.427145 0.50945 0.3142)
(0.427145 0.50945 0.3317)
(0.427145 0.50945 0.3492)
(0.427145 0.50945 0.3667)
(0.427145 0.50945 0.3737)
(0.427145 0.50945 0.39505)
(0.427145 0.50945 0.40005)
(0.427145 0.52445 0.2667)
(0.427145 0.52445 0.2717)
(0.427145 0.52445 0.39505)
(0.427145 0.52445 0.40005)
(0.427145 0.53945 0.2667)
(0.427145 0.53945 0.2717)
(0.427145 0.53945 0.2817)
(0.427145 0.53945 0.38505)
(0.427145 0.53945 0.39505)
(0.427145 0.53945 0.40005)
(0.427145 0.54445 0.2667)
(0.427145 0.54445 0.2717)
(0.427145 0.54445 0.2817)
(0.427145 0.54445 0.38505)
(0.427145 0.54445 0.39505)
(0.427145 0.54445 0.40005)
(0.435 0.04445 0.2667)
(0.435 0.04445 0.2717)
(0.435 0.04445 0.2817)
(0.435 0.04445 0.2847)
(0.435 0.04445 0.38205)
(0.435 0.04445 0.38505)
(0.435 0.04445 0.39505)
(0.435 0.04445 0.40005)
(0.435 0.04945 0.2667)
(0.435 0.04945 0.2717)
(0.435 0.04945 0.2817)
(0.435 0.04945 0.2847)
(0.435 0.04945 0.38205)
(0.435 0.04945 0.38505)
(0.435 0.04945 0.39505)
(0.435 0.04945 0.40005)
(0.435 0.06445 0.2667)
(0.435 0.06445 0.2717)
(0.435 0.06445 0.39505)
(0.435 0.06445 0.40005)
(0.435 0.07945 0.2667)
(0.435 0.07945 0.2717)
(0.435 0.07945 0.39505)
(0.435 0.07945 0.40005)
(0.435 0.08945 0.2667)
(0.435 0.08945 0.2717)
(0.435 0.08945 0.39505)
(0.435 0.08945 0.40005)
(0.435 0.09945 0.2667)
(0.435 0.09945 0.2717)
(0.435 0.09945 0.39505)
(0.435 0.09945 0.40005)
(0.435 0.11445 0.2667)
(0.435 0.11445 0.2717)
(0.435 0.11445 0.39505)
(0.435 0.11445 0.40005)
(0.435 0.12945 0.2667)
(0.435 0.12945 0.2717)
(0.435 0.12945 0.39505)
(0.435 0.12945 0.40005)
(0.435 0.14445 0.2667)
(0.435 0.14445 0.2717)
(0.435 0.14445 0.2887)
(0.435 0.14445 0.2917)
(0.435 0.14445 0.2967)
(0.435 0.14445 0.3142)
(0.435 0.14445 0.3317)
(0.435 0.14445 0.3492)
(0.435 0.14445 0.3667)
(0.435 0.14445 0.3737)
(0.435 0.14445 0.3767)
(0.435 0.14445 0.39505)
(0.435 0.14445 0.40005)
(0.435 0.15945 0.2667)
(0.435 0.15945 0.2717)
(0.435 0.15945 0.2887)
(0.435 0.15945 0.2917)
(0.435 0.15945 0.2967)
(0.435 0.15945 0.3142)
(0.435 0.15945 0.3317)
(0.435 0.15945 0.3492)
(0.435 0.15945 0.3667)
(0.435 0.15945 0.3737)
(0.435 0.15945 0.3767)
(0.435 0.15945 0.39505)
(0.435 0.15945 0.40005)
(0.435 0.16445 0.2667)
(0.435 0.16445 0.2717)
(0.435 0.16445 0.2887)
(0.435 0.16445 0.2917)
(0.435 0.16445 0.2967)
(0.435 0.16445 0.3142)
(0.435 0.16445 0.3317)
(0.435 0.16445 0.3492)
(0.435 0.16445 0.3667)
(0.435 0.16445 0.3737)
(0.435 0.16445 0.3767)
(0.435 0.16445 0.39505)
(0.435 0.16445 0.40005)
(0.435 0.17445 0.2667)
(0.435 0.17445 0.2717)
(0.435 0.17445 0.2887)
(0.435 0.17445 0.2917)
(0.435 0.17445 0.2967)
(0.435 0.17445 0.3142)
(0.435 0.17445 0.3317)
(0.435 0.17445 0.3492)
(0.435 0.17445 0.3667)
(0.435 0.17445 0.3737)
(0.435 0.17445 0.3767)
(0.435 0.17445 0.39505)
(0.435 0.17445 0.40005)
(0.435 0.18445 0.2667)
(0.435 0.18445 0.2717)
(0.435 0.18445 0.2887)
(0.435 0.18445 0.2917)
(0.435 0.18445 0.2967)
(0.435 0.18445 0.3142)
(0.435 0.18445 0.3317)
(0.435 0.18445 0.3492)
(0.435 0.18445 0.3667)
(0.435 0.18445 0.3737)
(0.435 0.18445 0.3767)
(0.435 0.18445 0.39505)
(0.435 0.18445 0.40005)
(0.435 0.19695 0.2667)
(0.435 0.19695 0.2717)
(0.435 0.19695 0.2887)
(0.435 0.19695 0.2917)
(0.435 0.19695 0.2967)
(0.435 0.19695 0.3142)
(0.435 0.19695 0.3317)
(0.435 0.19695 0.3492)
(0.435 0.19695 0.3667)
(0.435 0.19695 0.3737)
(0.435 0.19695 0.3767)
(0.435 0.19695 0.39505)
(0.435 0.19695 0.40005)
(0.435 0.20945 0.2667)
(0.435 0.20945 0.2717)
(0.435 0.20945 0.2887)
(0.435 0.20945 0.2917)
(0.435 0.20945 0.2967)
(0.435 0.20945 0.3142)
(0.435 0.20945 0.3317)
(0.435 0.20945 0.3492)
(0.435 0.20945 0.3667)
(0.435 0.20945 0.3737)
(0.435 0.20945 0.3767)
(0.435 0.20945 0.39505)
(0.435 0.20945 0.40005)
(0.435 0.22645 0.2667)
(0.435 0.22645 0.2717)
(0.435 0.22645 0.2887)
(0.435 0.22645 0.2917)
(0.435 0.22645 0.2967)
(0.435 0.22645 0.3142)
(0.435 0.22645 0.3317)
(0.435 0.22645 0.3492)
(0.435 0.22645 0.3667)
(0.435 0.22645 0.3737)
(0.435 0.22645 0.3767)
(0.435 0.22645 0.39505)
(0.435 0.22645 0.40005)
(0.435 0.24345 0.2667)
(0.435 0.24345 0.2717)
(0.435 0.24345 0.2887)
(0.435 0.24345 0.2917)
(0.435 0.24345 0.2967)
(0.435 0.24345 0.3142)
(0.435 0.24345 0.3317)
(0.435 0.24345 0.3492)
(0.435 0.24345 0.3667)
(0.435 0.24345 0.3737)
(0.435 0.24345 0.3767)
(0.435 0.24345 0.39505)
(0.435 0.24345 0.40005)
(0.435 0.26045 0.2667)
(0.435 0.26045 0.2717)
(0.435 0.26045 0.2887)
(0.435 0.26045 0.2917)
(0.435 0.26045 0.2967)
(0.435 0.26045 0.3142)
(0.435 0.26045 0.3317)
(0.435 0.26045 0.3492)
(0.435 0.26045 0.3667)
(0.435 0.26045 0.3737)
(0.435 0.26045 0.3767)
(0.435 0.26045 0.39505)
(0.435 0.26045 0.40005)
(0.435 0.27745 0.2667)
(0.435 0.27745 0.2717)
(0.435 0.27745 0.2887)
(0.435 0.27745 0.2917)
(0.435 0.27745 0.2967)
(0.435 0.27745 0.3142)
(0.435 0.27745 0.3317)
(0.435 0.27745 0.3492)
(0.435 0.27745 0.3667)
(0.435 0.27745 0.3737)
(0.435 0.27745 0.3767)
(0.435 0.27745 0.39505)
(0.435 0.27745 0.40005)
(0.435 0.29445 0.2667)
(0.435 0.29445 0.2717)
(0.435 0.29445 0.2887)
(0.435 0.29445 0.2917)
(0.435 0.29445 0.2967)
(0.435 0.29445 0.3142)
(0.435 0.29445 0.3317)
(0.435 0.29445 0.3492)
(0.435 0.29445 0.3667)
(0.435 0.29445 0.3737)
(0.435 0.29445 0.3767)
(0.435 0.29445 0.39505)
(0.435 0.29445 0.40005)
(0.435 0.30945 0.2667)
(0.435 0.30945 0.2717)
(0.435 0.30945 0.2887)
(0.435 0.30945 0.2917)
(0.435 0.30945 0.2967)
(0.435 0.30945 0.3142)
(0.435 0.30945 0.3317)
(0.435 0.30945 0.3492)
(0.435 0.30945 0.3667)
(0.435 0.30945 0.3737)
(0.435 0.30945 0.3767)
(0.435 0.30945 0.39505)
(0.435 0.30945 0.40005)
(0.435 0.32445 0.2667)
(0.435 0.32445 0.2717)
(0.435 0.32445 0.2887)
(0.435 0.32445 0.2917)
(0.435 0.32445 0.2967)
(0.435 0.32445 0.3142)
(0.435 0.32445 0.3317)
(0.435 0.32445 0.3492)
(0.435 0.32445 0.3667)
(0.435 0.32445 0.3737)
(0.435 0.32445 0.3767)
(0.435 0.32445 0.39505)
(0.435 0.32445 0.40005)
(0.435 0.34195 0.2667)
(0.435 0.34195 0.2717)
(0.435 0.34195 0.2887)
(0.435 0.34195 0.2917)
(0.435 0.34195 0.2967)
(0.435 0.34195 0.3142)
(0.435 0.34195 0.3317)
(0.435 0.34195 0.3492)
(0.435 0.34195 0.3667)
(0.435 0.34195 0.3737)
(0.435 0.34195 0.3767)
(0.435 0.34195 0.39505)
(0.435 0.34195 0.40005)
(0.435 0.35945 0.2667)
(0.435 0.35945 0.2717)
(0.435 0.35945 0.2887)
(0.435 0.35945 0.2917)
(0.435 0.35945 0.2967)
(0.435 0.35945 0.3142)
(0.435 0.35945 0.3317)
(0.435 0.35945 0.3492)
(0.435 0.35945 0.3667)
(0.435 0.35945 0.3737)
(0.435 0.35945 0.3767)
(0.435 0.35945 0.39505)
(0.435 0.35945 0.40005)
(0.435 0.37695 0.2667)
(0.435 0.37695 0.2717)
(0.435 0.37695 0.2887)
(0.435 0.37695 0.2917)
(0.435 0.37695 0.2967)
(0.435 0.37695 0.3142)
(0.435 0.37695 0.3317)
(0.435 0.37695 0.3492)
(0.435 0.37695 0.3667)
(0.435 0.37695 0.3737)
(0.435 0.37695 0.3767)
(0.435 0.37695 0.39505)
(0.435 0.37695 0.40005)
(0.435 0.39445 0.2667)
(0.435 0.39445 0.2717)
(0.435 0.39445 0.2887)
(0.435 0.39445 0.2917)
(0.435 0.39445 0.2967)
(0.435 0.39445 0.3142)
(0.435 0.39445 0.3317)
(0.435 0.39445 0.3492)
(0.435 0.39445 0.3667)
(0.435 0.39445 0.3737)
(0.435 0.39445 0.3767)
(0.435 0.39445 0.39505)
(0.435 0.39445 0.40005)
(0.435 0.40445 0.2667)
(0.435 0.40445 0.2717)
(0.435 0.40445 0.2887)
(0.435 0.40445 0.2917)
(0.435 0.40445 0.2967)
(0.435 0.40445 0.3142)
(0.435 0.40445 0.3317)
(0.435 0.40445 0.3492)
(0.435 0.40445 0.3667)
(0.435 0.40445 0.3737)
(0.435 0.40445 0.3767)
(0.435 0.40445 0.39505)
(0.435 0.40445 0.40005)
(0.435 0.41945 0.2667)
(0.435 0.41945 0.2717)
(0.435 0.41945 0.2887)
(0.435 0.41945 0.2917)
(0.435 0.41945 0.2967)
(0.435 0.41945 0.3142)
(0.435 0.41945 0.3317)
(0.435 0.41945 0.3492)
(0.435 0.41945 0.3667)
(0.435 0.41945 0.3737)
(0.435 0.41945 0.3767)
(0.435 0.41945 0.39505)
(0.435 0.41945 0.40005)
(0.435 0.42945 0.2667)
(0.435 0.42945 0.2717)
(0.435 0.42945 0.2917)
(0.435 0.42945 0.2967)
(0.435 0.42945 0.3142)
(0.435 0.42945 0.3317)
(0.435 0.42945 0.3492)
(0.435 0.42945 0.3667)
(0.435 0.42945 0.3737)
(0.435 0.42945 0.39505)
(0.435 0.42945 0.40005)
(0.435 0.43445 0.2667)
(0.435 0.43445 0.2717)
(0.435 0.43445 0.2917)
(0.435 0.43445 0.2967)
(0.435 0.43445 0.3142)
(0.435 0.43445 0.3317)
(0.435 0.43445 0.3492)
(0.435 0.43445 0.3667)
(0.435 0.43445 0.3737)
(0.435 0.43445 0.39505)
(0.435 0.43445 0.40005)
(0.435 0.451117 0.2667)
(0.435 0.451117 0.2717)
(0.435 0.451117 0.2917)
(0.435 0.451117 0.2967)
(0.435 0.451117 0.3142)
(0.435 0.451117 0.3317)
(0.435 0.451117 0.3492)
(0.435 0.451117 0.3667)
(0.435 0.451117 0.3737)
(0.435 0.451117 0.39505)
(0.435 0.451117 0.40005)
(0.435 0.467783 0.2667)
(0.435 0.467783 0.2717)
(0.435 0.467783 0.2917)
(0.435 0.467783 0.2967)
(0.435 0.467783 0.3142)
(0.435 0.467783 0.3317)
(0.435 0.467783 0.3492)
(0.435 0.467783 0.3667)
(0.435 0.467783 0.3737)
(0.435 0.467783 0.39505)
(0.435 0.467783 0.40005)
(0.435 0.48445 0.2667)
(0.435 0.48445 0.2717)
(0.435 0.48445 0.2917)
(0.435 0.48445 0.2967)
(0.435 0.48445 0.3142)
(0.435 0.48445 0.3317)
(0.435 0.48445 0.3492)
(0.435 0.48445 0.3667)
(0.435 0.48445 0.3737)
(0.435 0.48445 0.39505)
(0.435 0.48445 0.40005)
(0.435 0.49445 0.2667)
(0.435 0.49445 0.2717)
(0.435 0.49445 0.2917)
(0.435 0.49445 0.2967)
(0.435 0.49445 0.3142)
(0.435 0.49445 0.3317)
(0.435 0.49445 0.3492)
(0.435 0.49445 0.3667)
(0.435 0.49445 0.3737)
(0.435 0.49445 0.39505)
(0.435 0.49445 0.40005)
(0.435 0.50445 0.2667)
(0.435 0.50445 0.2717)
(0.435 0.50445 0.2917)
(0.435 0.50445 0.2967)
(0.435 0.50445 0.3142)
(0.435 0.50445 0.3317)
(0.435 0.50445 0.3492)
(0.435 0.50445 0.3667)
(0.435 0.50445 0.3737)
(0.435 0.50445 0.39505)
(0.435 0.50445 0.40005)
(0.435 0.50945 0.2667)
(0.435 0.50945 0.2717)
(0.435 0.50945 0.2917)
(0.435 0.50945 0.2967)
(0.435 0.50945 0.3142)
(0.435 0.50945 0.3317)
(0.435 0.50945 0.3492)
(0.435 0.50945 0.3667)
(0.435 0.50945 0.3737)
(0.435 0.50945 0.39505)
(0.435 0.50945 0.40005)
(0.435 0.52445 0.2667)
(0.435 0.52445 0.2717)
(0.435 0.52445 0.39505)
(0.435 0.52445 0.40005)
(0.435 0.53945 0.2667)
(0.435 0.53945 0.2717)
(0.435 0.53945 0.2817)
(0.435 0.53945 0.38505)
(0.435 0.53945 0.39505)
(0.435 0.53945 0.40005)
(0.435 0.54445 0.2667)
(0.435 0.54445 0.2717)
(0.435 0.54445 0.2817)
(0.435 0.54445 0.38505)
(0.435 0.54445 0.39505)
(0.435 0.54445 0.40005)
(0.444915 0.04445 0.2667)
(0.444915 0.04445 0.2717)
(0.444915 0.04445 0.2817)
(0.444915 0.04445 0.2847)
(0.444915 0.04445 0.38205)
(0.444915 0.04445 0.38505)
(0.444915 0.04445 0.39505)
(0.444915 0.04445 0.40005)
(0.444915 0.04945 0.2667)
(0.444915 0.04945 0.2717)
(0.444915 0.04945 0.2817)
(0.444915 0.04945 0.2847)
(0.444915 0.04945 0.38205)
(0.444915 0.04945 0.38505)
(0.444915 0.04945 0.39505)
(0.444915 0.04945 0.40005)
(0.444915 0.06445 0.2667)
(0.444915 0.06445 0.2717)
(0.444915 0.06445 0.39505)
(0.444915 0.06445 0.40005)
(0.444915 0.07945 0.2667)
(0.444915 0.07945 0.2717)
(0.444915 0.07945 0.39505)
(0.444915 0.07945 0.40005)
(0.444915 0.08945 0.2667)
(0.444915 0.08945 0.2717)
(0.444915 0.08945 0.39505)
(0.444915 0.08945 0.40005)
(0.444915 0.09945 0.2667)
(0.444915 0.09945 0.2717)
(0.444915 0.09945 0.39505)
(0.444915 0.09945 0.40005)
(0.444915 0.11445 0.2667)
(0.444915 0.11445 0.2717)
(0.444915 0.11445 0.39505)
(0.444915 0.11445 0.40005)
(0.444915 0.12945 0.2667)
(0.444915 0.12945 0.2717)
(0.444915 0.12945 0.39505)
(0.444915 0.12945 0.40005)
(0.444915 0.14445 0.2667)
(0.444915 0.14445 0.2717)
(0.444915 0.14445 0.2887)
(0.444915 0.14445 0.2917)
(0.444915 0.14445 0.2967)
(0.444915 0.14445 0.3142)
(0.444915 0.14445 0.3317)
(0.444915 0.14445 0.3492)
(0.444915 0.14445 0.3667)
(0.444915 0.14445 0.3737)
(0.444915 0.14445 0.3767)
(0.444915 0.14445 0.39505)
(0.444915 0.14445 0.40005)
(0.444915 0.15945 0.2667)
(0.444915 0.15945 0.2717)
(0.444915 0.15945 0.2887)
(0.444915 0.15945 0.2917)
(0.444915 0.15945 0.2967)
(0.444915 0.15945 0.3142)
(0.444915 0.15945 0.3317)
(0.444915 0.15945 0.3492)
(0.444915 0.15945 0.3667)
(0.444915 0.15945 0.3737)
(0.444915 0.15945 0.3767)
(0.444915 0.15945 0.39505)
(0.444915 0.15945 0.40005)
(0.444915 0.16445 0.2667)
(0.444915 0.16445 0.2717)
(0.444915 0.16445 0.2887)
(0.444915 0.16445 0.2917)
(0.444915 0.16445 0.2967)
(0.444915 0.16445 0.3142)
(0.444915 0.16445 0.3317)
(0.444915 0.16445 0.3492)
(0.444915 0.16445 0.3667)
(0.444915 0.16445 0.3737)
(0.444915 0.16445 0.3767)
(0.444915 0.16445 0.39505)
(0.444915 0.16445 0.40005)
(0.444915 0.17445 0.2667)
(0.444915 0.17445 0.2717)
(0.444915 0.17445 0.2887)
(0.444915 0.17445 0.2917)
(0.444915 0.17445 0.2967)
(0.444915 0.17445 0.3142)
(0.444915 0.17445 0.3317)
(0.444915 0.17445 0.3492)
(0.444915 0.17445 0.3667)
(0.444915 0.17445 0.3737)
(0.444915 0.17445 0.3767)
(0.444915 0.17445 0.39505)
(0.444915 0.17445 0.40005)
(0.444915 0.18445 0.2667)
(0.444915 0.18445 0.2717)
(0.444915 0.18445 0.2887)
(0.444915 0.18445 0.2917)
(0.444915 0.18445 0.2967)
(0.444915 0.18445 0.3142)
(0.444915 0.18445 0.3317)
(0.444915 0.18445 0.3492)
(0.444915 0.18445 0.3667)
(0.444915 0.18445 0.3737)
(0.444915 0.18445 0.3767)
(0.444915 0.18445 0.39505)
(0.444915 0.18445 0.40005)
(0.444915 0.19695 0.2667)
(0.444915 0.19695 0.2717)
(0.444915 0.19695 0.2887)
(0.444915 0.19695 0.2917)
(0.444915 0.19695 0.2967)
(0.444915 0.19695 0.3142)
(0.444915 0.19695 0.3317)
(0.444915 0.19695 0.3492)
(0.444915 0.19695 0.3667)
(0.444915 0.19695 0.3737)
(0.444915 0.19695 0.3767)
(0.444915 0.19695 0.39505)
(0.444915 0.19695 0.40005)
(0.444915 0.20945 0.2667)
(0.444915 0.20945 0.2717)
(0.444915 0.20945 0.2887)
(0.444915 0.20945 0.2917)
(0.444915 0.20945 0.2967)
(0.444915 0.20945 0.3142)
(0.444915 0.20945 0.3317)
(0.444915 0.20945 0.3492)
(0.444915 0.20945 0.3667)
(0.444915 0.20945 0.3737)
(0.444915 0.20945 0.3767)
(0.444915 0.20945 0.39505)
(0.444915 0.20945 0.40005)
(0.444915 0.22645 0.2667)
(0.444915 0.22645 0.2717)
(0.444915 0.22645 0.2887)
(0.444915 0.22645 0.2917)
(0.444915 0.22645 0.2967)
(0.444915 0.22645 0.3142)
(0.444915 0.22645 0.3317)
(0.444915 0.22645 0.3492)
(0.444915 0.22645 0.3667)
(0.444915 0.22645 0.3737)
(0.444915 0.22645 0.3767)
(0.444915 0.22645 0.39505)
(0.444915 0.22645 0.40005)
(0.444915 0.24345 0.2667)
(0.444915 0.24345 0.2717)
(0.444915 0.24345 0.2887)
(0.444915 0.24345 0.2917)
(0.444915 0.24345 0.2967)
(0.444915 0.24345 0.3142)
(0.444915 0.24345 0.3317)
(0.444915 0.24345 0.3492)
(0.444915 0.24345 0.3667)
(0.444915 0.24345 0.3737)
(0.444915 0.24345 0.3767)
(0.444915 0.24345 0.39505)
(0.444915 0.24345 0.40005)
(0.444915 0.26045 0.2667)
(0.444915 0.26045 0.2717)
(0.444915 0.26045 0.2887)
(0.444915 0.26045 0.2917)
(0.444915 0.26045 0.2967)
(0.444915 0.26045 0.3142)
(0.444915 0.26045 0.3317)
(0.444915 0.26045 0.3492)
(0.444915 0.26045 0.3667)
(0.444915 0.26045 0.3737)
(0.444915 0.26045 0.3767)
(0.444915 0.26045 0.39505)
(0.444915 0.26045 0.40005)
(0.444915 0.27745 0.2667)
(0.444915 0.27745 0.2717)
(0.444915 0.27745 0.2887)
(0.444915 0.27745 0.2917)
(0.444915 0.27745 0.2967)
(0.444915 0.27745 0.3142)
(0.444915 0.27745 0.3317)
(0.444915 0.27745 0.3492)
(0.444915 0.27745 0.3667)
(0.444915 0.27745 0.3737)
(0.444915 0.27745 0.3767)
(0.444915 0.27745 0.39505)
(0.444915 0.27745 0.40005)
(0.444915 0.29445 0.2667)
(0.444915 0.29445 0.2717)
(0.444915 0.29445 0.2887)
(0.444915 0.29445 0.2917)
(0.444915 0.29445 0.2967)
(0.444915 0.29445 0.3142)
(0.444915 0.29445 0.3317)
(0.444915 0.29445 0.3492)
(0.444915 0.29445 0.3667)
(0.444915 0.29445 0.3737)
(0.444915 0.29445 0.3767)
(0.444915 0.29445 0.39505)
(0.444915 0.29445 0.40005)
(0.444915 0.30945 0.2667)
(0.444915 0.30945 0.2717)
(0.444915 0.30945 0.2887)
(0.444915 0.30945 0.2917)
(0.444915 0.30945 0.2967)
(0.444915 0.30945 0.3142)
(0.444915 0.30945 0.3317)
(0.444915 0.30945 0.3492)
(0.444915 0.30945 0.3667)
(0.444915 0.30945 0.3737)
(0.444915 0.30945 0.3767)
(0.444915 0.30945 0.39505)
(0.444915 0.30945 0.40005)
(0.444915 0.32445 0.2667)
(0.444915 0.32445 0.2717)
(0.444915 0.32445 0.2887)
(0.444915 0.32445 0.2917)
(0.444915 0.32445 0.2967)
(0.444915 0.32445 0.3142)
(0.444915 0.32445 0.3317)
(0.444915 0.32445 0.3492)
(0.444915 0.32445 0.3667)
(0.444915 0.32445 0.3737)
(0.444915 0.32445 0.3767)
(0.444915 0.32445 0.39505)
(0.444915 0.32445 0.40005)
(0.444915 0.34195 0.2667)
(0.444915 0.34195 0.2717)
(0.444915 0.34195 0.2887)
(0.444915 0.34195 0.2917)
(0.444915 0.34195 0.2967)
(0.444915 0.34195 0.3142)
(0.444915 0.34195 0.3317)
(0.444915 0.34195 0.3492)
(0.444915 0.34195 0.3667)
(0.444915 0.34195 0.3737)
(0.444915 0.34195 0.3767)
(0.444915 0.34195 0.39505)
(0.444915 0.34195 0.40005)
(0.444915 0.35945 0.2667)
(0.444915 0.35945 0.2717)
(0.444915 0.35945 0.2887)
(0.444915 0.35945 0.2917)
(0.444915 0.35945 0.2967)
(0.444915 0.35945 0.3142)
(0.444915 0.35945 0.3317)
(0.444915 0.35945 0.3492)
(0.444915 0.35945 0.3667)
(0.444915 0.35945 0.3737)
(0.444915 0.35945 0.3767)
(0.444915 0.35945 0.39505)
(0.444915 0.35945 0.40005)
(0.444915 0.37695 0.2667)
(0.444915 0.37695 0.2717)
(0.444915 0.37695 0.2887)
(0.444915 0.37695 0.2917)
(0.444915 0.37695 0.2967)
(0.444915 0.37695 0.3142)
(0.444915 0.37695 0.3317)
(0.444915 0.37695 0.3492)
(0.444915 0.37695 0.3667)
(0.444915 0.37695 0.3737)
(0.444915 0.37695 0.3767)
(0.444915 0.37695 0.39505)
(0.444915 0.37695 0.40005)
(0.444915 0.39445 0.2667)
(0.444915 0.39445 0.2717)
(0.444915 0.39445 0.2887)
(0.444915 0.39445 0.2917)
(0.444915 0.39445 0.2967)
(0.444915 0.39445 0.3142)
(0.444915 0.39445 0.3317)
(0.444915 0.39445 0.3492)
(0.444915 0.39445 0.3667)
(0.444915 0.39445 0.3737)
(0.444915 0.39445 0.3767)
(0.444915 0.39445 0.39505)
(0.444915 0.39445 0.40005)
(0.444915 0.40445 0.2667)
(0.444915 0.40445 0.2717)
(0.444915 0.40445 0.2887)
(0.444915 0.40445 0.2917)
(0.444915 0.40445 0.2967)
(0.444915 0.40445 0.3142)
(0.444915 0.40445 0.3317)
(0.444915 0.40445 0.3492)
(0.444915 0.40445 0.3667)
(0.444915 0.40445 0.3737)
(0.444915 0.40445 0.3767)
(0.444915 0.40445 0.39505)
(0.444915 0.40445 0.40005)
(0.444915 0.41945 0.2667)
(0.444915 0.41945 0.2717)
(0.444915 0.41945 0.2887)
(0.444915 0.41945 0.2917)
(0.444915 0.41945 0.2967)
(0.444915 0.41945 0.3142)
(0.444915 0.41945 0.3317)
(0.444915 0.41945 0.3492)
(0.444915 0.41945 0.3667)
(0.444915 0.41945 0.3737)
(0.444915 0.41945 0.3767)
(0.444915 0.41945 0.39505)
(0.444915 0.41945 0.40005)
(0.444915 0.42945 0.2667)
(0.444915 0.42945 0.2717)
(0.444915 0.42945 0.2917)
(0.444915 0.42945 0.2967)
(0.444915 0.42945 0.3142)
(0.444915 0.42945 0.3317)
(0.444915 0.42945 0.3492)
(0.444915 0.42945 0.3667)
(0.444915 0.42945 0.3737)
(0.444915 0.42945 0.39505)
(0.444915 0.42945 0.40005)
(0.444915 0.43445 0.2667)
(0.444915 0.43445 0.2717)
(0.444915 0.43445 0.2917)
(0.444915 0.43445 0.2967)
(0.444915 0.43445 0.3142)
(0.444915 0.43445 0.3317)
(0.444915 0.43445 0.3492)
(0.444915 0.43445 0.3667)
(0.444915 0.43445 0.3737)
(0.444915 0.43445 0.39505)
(0.444915 0.43445 0.40005)
(0.444915 0.451117 0.2667)
(0.444915 0.451117 0.2717)
(0.444915 0.451117 0.2917)
(0.444915 0.451117 0.2967)
(0.444915 0.451117 0.3142)
(0.444915 0.451117 0.3317)
(0.444915 0.451117 0.3492)
(0.444915 0.451117 0.3667)
(0.444915 0.451117 0.3737)
(0.444915 0.451117 0.39505)
(0.444915 0.451117 0.40005)
(0.444915 0.467783 0.2667)
(0.444915 0.467783 0.2717)
(0.444915 0.467783 0.2917)
(0.444915 0.467783 0.2967)
(0.444915 0.467783 0.3142)
(0.444915 0.467783 0.3317)
(0.444915 0.467783 0.3492)
(0.444915 0.467783 0.3667)
(0.444915 0.467783 0.3737)
(0.444915 0.467783 0.39505)
(0.444915 0.467783 0.40005)
(0.444915 0.48445 0.2667)
(0.444915 0.48445 0.2717)
(0.444915 0.48445 0.2917)
(0.444915 0.48445 0.2967)
(0.444915 0.48445 0.3142)
(0.444915 0.48445 0.3317)
(0.444915 0.48445 0.3492)
(0.444915 0.48445 0.3667)
(0.444915 0.48445 0.3737)
(0.444915 0.48445 0.39505)
(0.444915 0.48445 0.40005)
(0.444915 0.49445 0.2667)
(0.444915 0.49445 0.2717)
(0.444915 0.49445 0.2917)
(0.444915 0.49445 0.2967)
(0.444915 0.49445 0.3142)
(0.444915 0.49445 0.3317)
(0.444915 0.49445 0.3492)
(0.444915 0.49445 0.3667)
(0.444915 0.49445 0.3737)
(0.444915 0.49445 0.39505)
(0.444915 0.49445 0.40005)
(0.444915 0.50445 0.2667)
(0.444915 0.50445 0.2717)
(0.444915 0.50445 0.2917)
(0.444915 0.50445 0.2967)
(0.444915 0.50445 0.3142)
(0.444915 0.50445 0.3317)
(0.444915 0.50445 0.3492)
(0.444915 0.50445 0.3667)
(0.444915 0.50445 0.3737)
(0.444915 0.50445 0.39505)
(0.444915 0.50445 0.40005)
(0.444915 0.50945 0.2667)
(0.444915 0.50945 0.2717)
(0.444915 0.50945 0.2917)
(0.444915 0.50945 0.2967)
(0.444915 0.50945 0.3142)
(0.444915 0.50945 0.3317)
(0.444915 0.50945 0.3492)
(0.444915 0.50945 0.3667)
(0.444915 0.50945 0.3737)
(0.444915 0.50945 0.39505)
(0.444915 0.50945 0.40005)
(0.444915 0.52445 0.2667)
(0.444915 0.52445 0.2717)
(0.444915 0.52445 0.39505)
(0.444915 0.52445 0.40005)
(0.444915 0.53945 0.2667)
(0.444915 0.53945 0.2717)
(0.444915 0.53945 0.2817)
(0.444915 0.53945 0.38505)
(0.444915 0.53945 0.39505)
(0.444915 0.53945 0.40005)
(0.444915 0.54445 0.2667)
(0.444915 0.54445 0.2717)
(0.444915 0.54445 0.2817)
(0.444915 0.54445 0.38505)
(0.444915 0.54445 0.39505)
(0.444915 0.54445 0.40005)
(0.4576 0.04445 0.2667)
(0.4576 0.04445 0.2717)
(0.4576 0.04445 0.2817)
(0.4576 0.04445 0.2847)
(0.4576 0.04445 0.38205)
(0.4576 0.04445 0.38505)
(0.4576 0.04445 0.39505)
(0.4576 0.04445 0.40005)
(0.4576 0.04945 0.2667)
(0.4576 0.04945 0.2717)
(0.4576 0.04945 0.2817)
(0.4576 0.04945 0.2847)
(0.4576 0.04945 0.38205)
(0.4576 0.04945 0.38505)
(0.4576 0.04945 0.39505)
(0.4576 0.04945 0.40005)
(0.4576 0.06445 0.2667)
(0.4576 0.06445 0.2717)
(0.4576 0.06445 0.39505)
(0.4576 0.06445 0.40005)
(0.4576 0.07945 0.2667)
(0.4576 0.07945 0.2717)
(0.4576 0.07945 0.39505)
(0.4576 0.07945 0.40005)
(0.4576 0.08945 0.2667)
(0.4576 0.08945 0.2717)
(0.4576 0.08945 0.39505)
(0.4576 0.08945 0.40005)
(0.4576 0.09945 0.2667)
(0.4576 0.09945 0.2717)
(0.4576 0.09945 0.39505)
(0.4576 0.09945 0.40005)
(0.4576 0.11445 0.2667)
(0.4576 0.11445 0.2717)
(0.4576 0.11445 0.39505)
(0.4576 0.11445 0.40005)
(0.4576 0.12945 0.2667)
(0.4576 0.12945 0.2717)
(0.4576 0.12945 0.39505)
(0.4576 0.12945 0.40005)
(0.4576 0.14445 0.2667)
(0.4576 0.14445 0.2717)
(0.4576 0.14445 0.39505)
(0.4576 0.14445 0.40005)
(0.4576 0.15945 0.2667)
(0.4576 0.15945 0.2717)
(0.4576 0.15945 0.39505)
(0.4576 0.15945 0.40005)
(0.4576 0.16445 0.2667)
(0.4576 0.16445 0.2717)
(0.4576 0.16445 0.39505)
(0.4576 0.16445 0.40005)
(0.4576 0.17445 0.2667)
(0.4576 0.17445 0.2717)
(0.4576 0.17445 0.39505)
(0.4576 0.17445 0.40005)
(0.4576 0.18445 0.2667)
(0.4576 0.18445 0.2717)
(0.4576 0.18445 0.39505)
(0.4576 0.18445 0.40005)
(0.4576 0.19695 0.2667)
(0.4576 0.19695 0.2717)
(0.4576 0.19695 0.39505)
(0.4576 0.19695 0.40005)
(0.4576 0.20945 0.2667)
(0.4576 0.20945 0.2717)
(0.4576 0.20945 0.39505)
(0.4576 0.20945 0.40005)
(0.4576 0.22645 0.2667)
(0.4576 0.22645 0.2717)
(0.4576 0.22645 0.39505)
(0.4576 0.22645 0.40005)
(0.4576 0.24345 0.2667)
(0.4576 0.24345 0.2717)
(0.4576 0.24345 0.39505)
(0.4576 0.24345 0.40005)
(0.4576 0.26045 0.2667)
(0.4576 0.26045 0.2717)
(0.4576 0.26045 0.39505)
(0.4576 0.26045 0.40005)
(0.4576 0.27745 0.2667)
(0.4576 0.27745 0.2717)
(0.4576 0.27745 0.39505)
(0.4576 0.27745 0.40005)
(0.4576 0.29445 0.2667)
(0.4576 0.29445 0.2717)
(0.4576 0.29445 0.39505)
(0.4576 0.29445 0.40005)
(0.4576 0.30945 0.2667)
(0.4576 0.30945 0.2717)
(0.4576 0.30945 0.39505)
(0.4576 0.30945 0.40005)
(0.4576 0.32445 0.2667)
(0.4576 0.32445 0.2717)
(0.4576 0.32445 0.39505)
(0.4576 0.32445 0.40005)
(0.4576 0.34195 0.2667)
(0.4576 0.34195 0.2717)
(0.4576 0.34195 0.39505)
(0.4576 0.34195 0.40005)
(0.4576 0.35945 0.2667)
(0.4576 0.35945 0.2717)
(0.4576 0.35945 0.39505)
(0.4576 0.35945 0.40005)
(0.4576 0.37695 0.2667)
(0.4576 0.37695 0.2717)
(0.4576 0.37695 0.39505)
(0.4576 0.37695 0.40005)
(0.4576 0.39445 0.2667)
(0.4576 0.39445 0.2717)
(0.4576 0.39445 0.39505)
(0.4576 0.39445 0.40005)
(0.4576 0.40445 0.2667)
(0.4576 0.40445 0.2717)
(0.4576 0.40445 0.39505)
(0.4576 0.40445 0.40005)
(0.4576 0.41945 0.2667)
(0.4576 0.41945 0.2717)
(0.4576 0.41945 0.39505)
(0.4576 0.41945 0.40005)
(0.4576 0.42945 0.2667)
(0.4576 0.42945 0.2717)
(0.4576 0.42945 0.39505)
(0.4576 0.42945 0.40005)
(0.4576 0.43445 0.2667)
(0.4576 0.43445 0.2717)
(0.4576 0.43445 0.39505)
(0.4576 0.43445 0.40005)
(0.4576 0.451117 0.2667)
(0.4576 0.451117 0.2717)
(0.4576 0.451117 0.39505)
(0.4576 0.451117 0.40005)
(0.4576 0.467783 0.2667)
(0.4576 0.467783 0.2717)
(0.4576 0.467783 0.39505)
(0.4576 0.467783 0.40005)
(0.4576 0.48445 0.2667)
(0.4576 0.48445 0.2717)
(0.4576 0.48445 0.39505)
(0.4576 0.48445 0.40005)
(0.4576 0.49445 0.2667)
(0.4576 0.49445 0.2717)
(0.4576 0.49445 0.39505)
(0.4576 0.49445 0.40005)
(0.4576 0.50445 0.2667)
(0.4576 0.50445 0.2717)
(0.4576 0.50445 0.39505)
(0.4576 0.50445 0.40005)
(0.4576 0.50945 0.2667)
(0.4576 0.50945 0.2717)
(0.4576 0.50945 0.39505)
(0.4576 0.50945 0.40005)
(0.4576 0.52445 0.2667)
(0.4576 0.52445 0.2717)
(0.4576 0.52445 0.39505)
(0.4576 0.52445 0.40005)
(0.4576 0.53945 0.2667)
(0.4576 0.53945 0.2717)
(0.4576 0.53945 0.2817)
(0.4576 0.53945 0.38505)
(0.4576 0.53945 0.39505)
(0.4576 0.53945 0.40005)
(0.4576 0.54445 0.2667)
(0.4576 0.54445 0.2717)
(0.4576 0.54445 0.2817)
(0.4576 0.54445 0.38505)
(0.4576 0.54445 0.39505)
(0.4576 0.54445 0.40005)
(0.458895 0.04445 0.2667)
(0.458895 0.04445 0.2717)
(0.458895 0.04445 0.2817)
(0.458895 0.04445 0.2847)
(0.458895 0.04445 0.2887)
(0.458895 0.04445 0.2917)
(0.458895 0.04445 0.2967)
(0.458895 0.04445 0.3142)
(0.458895 0.04445 0.3317)
(0.458895 0.04445 0.3492)
(0.458895 0.04445 0.3667)
(0.458895 0.04445 0.3737)
(0.458895 0.04445 0.3767)
(0.458895 0.04445 0.38205)
(0.458895 0.04445 0.38505)
(0.458895 0.04445 0.39505)
(0.458895 0.04445 0.40005)
(0.458895 0.04945 0.2667)
(0.458895 0.04945 0.2717)
(0.458895 0.04945 0.2817)
(0.458895 0.04945 0.2847)
(0.458895 0.04945 0.2887)
(0.458895 0.04945 0.2917)
(0.458895 0.04945 0.2967)
(0.458895 0.04945 0.3142)
(0.458895 0.04945 0.3317)
(0.458895 0.04945 0.3492)
(0.458895 0.04945 0.3667)
(0.458895 0.04945 0.3737)
(0.458895 0.04945 0.3767)
(0.458895 0.04945 0.38205)
(0.458895 0.04945 0.38505)
(0.458895 0.04945 0.39505)
(0.458895 0.04945 0.40005)
(0.458895 0.06445 0.2667)
(0.458895 0.06445 0.2717)
(0.458895 0.06445 0.39505)
(0.458895 0.06445 0.40005)
(0.458895 0.07945 0.2667)
(0.458895 0.07945 0.2717)
(0.458895 0.07945 0.39505)
(0.458895 0.07945 0.40005)
(0.458895 0.08945 0.2667)
(0.458895 0.08945 0.2717)
(0.458895 0.08945 0.39505)
(0.458895 0.08945 0.40005)
(0.458895 0.09945 0.2667)
(0.458895 0.09945 0.2717)
(0.458895 0.09945 0.39505)
(0.458895 0.09945 0.40005)
(0.458895 0.11445 0.2667)
(0.458895 0.11445 0.2717)
(0.458895 0.11445 0.39505)
(0.458895 0.11445 0.40005)
(0.458895 0.12945 0.2667)
(0.458895 0.12945 0.2717)
(0.458895 0.12945 0.39505)
(0.458895 0.12945 0.40005)
(0.458895 0.14445 0.2667)
(0.458895 0.14445 0.2717)
(0.458895 0.14445 0.39505)
(0.458895 0.14445 0.40005)
(0.458895 0.15945 0.2667)
(0.458895 0.15945 0.2717)
(0.458895 0.15945 0.39505)
(0.458895 0.15945 0.40005)
(0.458895 0.16445 0.2667)
(0.458895 0.16445 0.2717)
(0.458895 0.16445 0.39505)
(0.458895 0.16445 0.40005)
(0.458895 0.17445 0.2667)
(0.458895 0.17445 0.2717)
(0.458895 0.17445 0.39505)
(0.458895 0.17445 0.40005)
(0.458895 0.18445 0.2667)
(0.458895 0.18445 0.2717)
(0.458895 0.18445 0.39505)
(0.458895 0.18445 0.40005)
(0.458895 0.19695 0.2667)
(0.458895 0.19695 0.2717)
(0.458895 0.19695 0.39505)
(0.458895 0.19695 0.40005)
(0.458895 0.20945 0.2667)
(0.458895 0.20945 0.2717)
(0.458895 0.20945 0.39505)
(0.458895 0.20945 0.40005)
(0.458895 0.22645 0.2667)
(0.458895 0.22645 0.2717)
(0.458895 0.22645 0.39505)
(0.458895 0.22645 0.40005)
(0.458895 0.24345 0.2667)
(0.458895 0.24345 0.2717)
(0.458895 0.24345 0.39505)
(0.458895 0.24345 0.40005)
(0.458895 0.26045 0.2667)
(0.458895 0.26045 0.2717)
(0.458895 0.26045 0.39505)
(0.458895 0.26045 0.40005)
(0.458895 0.27745 0.2667)
(0.458895 0.27745 0.2717)
(0.458895 0.27745 0.39505)
(0.458895 0.27745 0.40005)
(0.458895 0.29445 0.2667)
(0.458895 0.29445 0.2717)
(0.458895 0.29445 0.39505)
(0.458895 0.29445 0.40005)
(0.458895 0.30945 0.2667)
(0.458895 0.30945 0.2717)
(0.458895 0.30945 0.39505)
(0.458895 0.30945 0.40005)
(0.458895 0.32445 0.2667)
(0.458895 0.32445 0.2717)
(0.458895 0.32445 0.39505)
(0.458895 0.32445 0.40005)
(0.458895 0.34195 0.2667)
(0.458895 0.34195 0.2717)
(0.458895 0.34195 0.39505)
(0.458895 0.34195 0.40005)
(0.458895 0.35945 0.2667)
(0.458895 0.35945 0.2717)
(0.458895 0.35945 0.39505)
(0.458895 0.35945 0.40005)
(0.458895 0.37695 0.2667)
(0.458895 0.37695 0.2717)
(0.458895 0.37695 0.39505)
(0.458895 0.37695 0.40005)
(0.458895 0.39445 0.2667)
(0.458895 0.39445 0.2717)
(0.458895 0.39445 0.39505)
(0.458895 0.39445 0.40005)
(0.458895 0.40445 0.2667)
(0.458895 0.40445 0.2717)
(0.458895 0.40445 0.39505)
(0.458895 0.40445 0.40005)
(0.458895 0.41945 0.2667)
(0.458895 0.41945 0.2717)
(0.458895 0.41945 0.39505)
(0.458895 0.41945 0.40005)
(0.458895 0.42945 0.2667)
(0.458895 0.42945 0.2717)
(0.458895 0.42945 0.39505)
(0.458895 0.42945 0.40005)
(0.458895 0.43445 0.2667)
(0.458895 0.43445 0.2717)
(0.458895 0.43445 0.39505)
(0.458895 0.43445 0.40005)
(0.458895 0.451117 0.2667)
(0.458895 0.451117 0.2717)
(0.458895 0.451117 0.39505)
(0.458895 0.451117 0.40005)
(0.458895 0.467783 0.2667)
(0.458895 0.467783 0.2717)
(0.458895 0.467783 0.39505)
(0.458895 0.467783 0.40005)
(0.458895 0.48445 0.2667)
(0.458895 0.48445 0.2717)
(0.458895 0.48445 0.39505)
(0.458895 0.48445 0.40005)
(0.458895 0.49445 0.2667)
(0.458895 0.49445 0.2717)
(0.458895 0.49445 0.39505)
(0.458895 0.49445 0.40005)
(0.458895 0.50445 0.2667)
(0.458895 0.50445 0.2717)
(0.458895 0.50445 0.39505)
(0.458895 0.50445 0.40005)
(0.458895 0.50945 0.2667)
(0.458895 0.50945 0.2717)
(0.458895 0.50945 0.39505)
(0.458895 0.50945 0.40005)
(0.458895 0.52445 0.2667)
(0.458895 0.52445 0.2717)
(0.458895 0.52445 0.39505)
(0.458895 0.52445 0.40005)
(0.458895 0.53945 0.2667)
(0.458895 0.53945 0.2717)
(0.458895 0.53945 0.2817)
(0.458895 0.53945 0.2847)
(0.458895 0.53945 0.2887)
(0.458895 0.53945 0.2917)
(0.458895 0.53945 0.2967)
(0.458895 0.53945 0.3142)
(0.458895 0.53945 0.3317)
(0.458895 0.53945 0.3492)
(0.458895 0.53945 0.3667)
(0.458895 0.53945 0.3737)
(0.458895 0.53945 0.3767)
(0.458895 0.53945 0.38205)
(0.458895 0.53945 0.38505)
(0.458895 0.53945 0.39505)
(0.458895 0.53945 0.40005)
(0.458895 0.54445 0.2667)
(0.458895 0.54445 0.2717)
(0.458895 0.54445 0.2817)
(0.458895 0.54445 0.2847)
(0.458895 0.54445 0.2887)
(0.458895 0.54445 0.2917)
(0.458895 0.54445 0.2967)
(0.458895 0.54445 0.3142)
(0.458895 0.54445 0.3317)
(0.458895 0.54445 0.3492)
(0.458895 0.54445 0.3667)
(0.458895 0.54445 0.3737)
(0.458895 0.54445 0.3767)
(0.458895 0.54445 0.38205)
(0.458895 0.54445 0.38505)
(0.458895 0.54445 0.39505)
(0.458895 0.54445 0.40005)
(0.461962 0.04445 0.2667)
(0.461962 0.04445 0.2717)
(0.461962 0.04445 0.2817)
(0.461962 0.04445 0.2847)
(0.461962 0.04445 0.2887)
(0.461962 0.04445 0.2917)
(0.461962 0.04445 0.2967)
(0.461962 0.04445 0.3142)
(0.461962 0.04445 0.3317)
(0.461962 0.04445 0.3492)
(0.461962 0.04445 0.3667)
(0.461962 0.04445 0.3737)
(0.461962 0.04445 0.3767)
(0.461962 0.04445 0.38205)
(0.461962 0.04445 0.38505)
(0.461962 0.04445 0.39505)
(0.461962 0.04445 0.40005)
(0.461962 0.04945 0.2667)
(0.461962 0.04945 0.2717)
(0.461962 0.04945 0.2817)
(0.461962 0.04945 0.2847)
(0.461962 0.04945 0.2887)
(0.461962 0.04945 0.2917)
(0.461962 0.04945 0.2967)
(0.461962 0.04945 0.3142)
(0.461962 0.04945 0.3317)
(0.461962 0.04945 0.3492)
(0.461962 0.04945 0.3667)
(0.461962 0.04945 0.3737)
(0.461962 0.04945 0.3767)
(0.461962 0.04945 0.38205)
(0.461962 0.04945 0.38505)
(0.461962 0.04945 0.39505)
(0.461962 0.04945 0.40005)
(0.461962 0.06445 0.2667)
(0.461962 0.06445 0.2717)
(0.461962 0.06445 0.39505)
(0.461962 0.06445 0.40005)
(0.461962 0.07945 0.2667)
(0.461962 0.07945 0.2717)
(0.461962 0.07945 0.39505)
(0.461962 0.07945 0.40005)
(0.461962 0.08945 0.2667)
(0.461962 0.08945 0.2717)
(0.461962 0.08945 0.39505)
(0.461962 0.08945 0.40005)
(0.461962 0.09945 0.2667)
(0.461962 0.09945 0.2717)
(0.461962 0.09945 0.39505)
(0.461962 0.09945 0.40005)
(0.461962 0.11445 0.2667)
(0.461962 0.11445 0.2717)
(0.461962 0.11445 0.39505)
(0.461962 0.11445 0.40005)
(0.461962 0.12945 0.2667)
(0.461962 0.12945 0.2717)
(0.461962 0.12945 0.39505)
(0.461962 0.12945 0.40005)
(0.461962 0.14445 0.2667)
(0.461962 0.14445 0.2717)
(0.461962 0.14445 0.39505)
(0.461962 0.14445 0.40005)
(0.461962 0.15945 0.2667)
(0.461962 0.15945 0.2717)
(0.461962 0.15945 0.39505)
(0.461962 0.15945 0.40005)
(0.461962 0.16445 0.2667)
(0.461962 0.16445 0.2717)
(0.461962 0.16445 0.39505)
(0.461962 0.16445 0.40005)
(0.461962 0.17445 0.2667)
(0.461962 0.17445 0.2717)
(0.461962 0.17445 0.39505)
(0.461962 0.17445 0.40005)
(0.461962 0.18445 0.2667)
(0.461962 0.18445 0.2717)
(0.461962 0.18445 0.39505)
(0.461962 0.18445 0.40005)
(0.461962 0.19695 0.2667)
(0.461962 0.19695 0.2717)
(0.461962 0.19695 0.39505)
(0.461962 0.19695 0.40005)
(0.461962 0.20945 0.2667)
(0.461962 0.20945 0.2717)
(0.461962 0.20945 0.39505)
(0.461962 0.20945 0.40005)
(0.461962 0.22645 0.2667)
(0.461962 0.22645 0.2717)
(0.461962 0.22645 0.39505)
(0.461962 0.22645 0.40005)
(0.461962 0.24345 0.2667)
(0.461962 0.24345 0.2717)
(0.461962 0.24345 0.39505)
(0.461962 0.24345 0.40005)
(0.461962 0.26045 0.2667)
(0.461962 0.26045 0.2717)
(0.461962 0.26045 0.39505)
(0.461962 0.26045 0.40005)
(0.461962 0.27745 0.2667)
(0.461962 0.27745 0.2717)
(0.461962 0.27745 0.39505)
(0.461962 0.27745 0.40005)
(0.461962 0.29445 0.2667)
(0.461962 0.29445 0.2717)
(0.461962 0.29445 0.39505)
(0.461962 0.29445 0.40005)
(0.461962 0.30945 0.2667)
(0.461962 0.30945 0.2717)
(0.461962 0.30945 0.39505)
(0.461962 0.30945 0.40005)
(0.461962 0.32445 0.2667)
(0.461962 0.32445 0.2717)
(0.461962 0.32445 0.39505)
(0.461962 0.32445 0.40005)
(0.461962 0.34195 0.2667)
(0.461962 0.34195 0.2717)
(0.461962 0.34195 0.39505)
(0.461962 0.34195 0.40005)
(0.461962 0.35945 0.2667)
(0.461962 0.35945 0.2717)
(0.461962 0.35945 0.39505)
(0.461962 0.35945 0.40005)
(0.461962 0.37695 0.2667)
(0.461962 0.37695 0.2717)
(0.461962 0.37695 0.39505)
(0.461962 0.37695 0.40005)
(0.461962 0.39445 0.2667)
(0.461962 0.39445 0.2717)
(0.461962 0.39445 0.39505)
(0.461962 0.39445 0.40005)
(0.461962 0.40445 0.2667)
(0.461962 0.40445 0.2717)
(0.461962 0.40445 0.39505)
(0.461962 0.40445 0.40005)
(0.461962 0.41945 0.2667)
(0.461962 0.41945 0.2717)
(0.461962 0.41945 0.39505)
(0.461962 0.41945 0.40005)
(0.461962 0.42945 0.2667)
(0.461962 0.42945 0.2717)
(0.461962 0.42945 0.39505)
(0.461962 0.42945 0.40005)
(0.461962 0.43445 0.2667)
(0.461962 0.43445 0.2717)
(0.461962 0.43445 0.39505)
(0.461962 0.43445 0.40005)
(0.461962 0.451117 0.2667)
(0.461962 0.451117 0.2717)
(0.461962 0.451117 0.39505)
(0.461962 0.451117 0.40005)
(0.461962 0.467783 0.2667)
(0.461962 0.467783 0.2717)
(0.461962 0.467783 0.39505)
(0.461962 0.467783 0.40005)
(0.461962 0.48445 0.2667)
(0.461962 0.48445 0.2717)
(0.461962 0.48445 0.39505)
(0.461962 0.48445 0.40005)
(0.461962 0.49445 0.2667)
(0.461962 0.49445 0.2717)
(0.461962 0.49445 0.39505)
(0.461962 0.49445 0.40005)
(0.461962 0.50445 0.2667)
(0.461962 0.50445 0.2717)
(0.461962 0.50445 0.39505)
(0.461962 0.50445 0.40005)
(0.461962 0.50945 0.2667)
(0.461962 0.50945 0.2717)
(0.461962 0.50945 0.39505)
(0.461962 0.50945 0.40005)
(0.461962 0.52445 0.2667)
(0.461962 0.52445 0.2717)
(0.461962 0.52445 0.39505)
(0.461962 0.52445 0.40005)
(0.461962 0.53945 0.2667)
(0.461962 0.53945 0.2717)
(0.461962 0.53945 0.2817)
(0.461962 0.53945 0.2847)
(0.461962 0.53945 0.2887)
(0.461962 0.53945 0.2917)
(0.461962 0.53945 0.2967)
(0.461962 0.53945 0.3142)
(0.461962 0.53945 0.3317)
(0.461962 0.53945 0.3492)
(0.461962 0.53945 0.3667)
(0.461962 0.53945 0.3737)
(0.461962 0.53945 0.3767)
(0.461962 0.53945 0.38205)
(0.461962 0.53945 0.38505)
(0.461962 0.53945 0.39505)
(0.461962 0.53945 0.40005)
(0.461962 0.54445 0.2667)
(0.461962 0.54445 0.2717)
(0.461962 0.54445 0.2817)
(0.461962 0.54445 0.2847)
(0.461962 0.54445 0.2887)
(0.461962 0.54445 0.2917)
(0.461962 0.54445 0.2967)
(0.461962 0.54445 0.3142)
(0.461962 0.54445 0.3317)
(0.461962 0.54445 0.3492)
(0.461962 0.54445 0.3667)
(0.461962 0.54445 0.3737)
(0.461962 0.54445 0.3767)
(0.461962 0.54445 0.38205)
(0.461962 0.54445 0.38505)
(0.461962 0.54445 0.39505)
(0.461962 0.54445 0.40005)
(0.474915 0.04445 0.2667)
(0.474915 0.04445 0.2717)
(0.474915 0.04445 0.2817)
(0.474915 0.04445 0.2847)
(0.474915 0.04445 0.2887)
(0.474915 0.04445 0.2917)
(0.474915 0.04445 0.2967)
(0.474915 0.04445 0.3142)
(0.474915 0.04445 0.3317)
(0.474915 0.04445 0.3492)
(0.474915 0.04445 0.3667)
(0.474915 0.04445 0.3737)
(0.474915 0.04445 0.3767)
(0.474915 0.04445 0.38205)
(0.474915 0.04445 0.38505)
(0.474915 0.04445 0.39505)
(0.474915 0.04445 0.40005)
(0.474915 0.04945 0.2667)
(0.474915 0.04945 0.2717)
(0.474915 0.04945 0.2817)
(0.474915 0.04945 0.2847)
(0.474915 0.04945 0.2887)
(0.474915 0.04945 0.2917)
(0.474915 0.04945 0.2967)
(0.474915 0.04945 0.3142)
(0.474915 0.04945 0.3317)
(0.474915 0.04945 0.3492)
(0.474915 0.04945 0.3667)
(0.474915 0.04945 0.3737)
(0.474915 0.04945 0.3767)
(0.474915 0.04945 0.38205)
(0.474915 0.04945 0.38505)
(0.474915 0.04945 0.39505)
(0.474915 0.04945 0.40005)
(0.474915 0.06445 0.2667)
(0.474915 0.06445 0.2717)
(0.474915 0.06445 0.39505)
(0.474915 0.06445 0.40005)
(0.474915 0.07945 0.2667)
(0.474915 0.07945 0.2717)
(0.474915 0.07945 0.39505)
(0.474915 0.07945 0.40005)
(0.474915 0.08945 0.2667)
(0.474915 0.08945 0.2717)
(0.474915 0.08945 0.39505)
(0.474915 0.08945 0.40005)
(0.474915 0.09945 0.2667)
(0.474915 0.09945 0.2717)
(0.474915 0.09945 0.39505)
(0.474915 0.09945 0.40005)
(0.474915 0.11445 0.2667)
(0.474915 0.11445 0.2717)
(0.474915 0.11445 0.39505)
(0.474915 0.11445 0.40005)
(0.474915 0.12945 0.2667)
(0.474915 0.12945 0.2717)
(0.474915 0.12945 0.39505)
(0.474915 0.12945 0.40005)
(0.474915 0.14445 0.2667)
(0.474915 0.14445 0.2717)
(0.474915 0.14445 0.39505)
(0.474915 0.14445 0.40005)
(0.474915 0.15945 0.2667)
(0.474915 0.15945 0.2717)
(0.474915 0.15945 0.39505)
(0.474915 0.15945 0.40005)
(0.474915 0.16445 0.2667)
(0.474915 0.16445 0.2717)
(0.474915 0.16445 0.39505)
(0.474915 0.16445 0.40005)
(0.474915 0.17445 0.2667)
(0.474915 0.17445 0.2717)
(0.474915 0.17445 0.39505)
(0.474915 0.17445 0.40005)
(0.474915 0.18445 0.2667)
(0.474915 0.18445 0.2717)
(0.474915 0.18445 0.39505)
(0.474915 0.18445 0.40005)
(0.474915 0.19695 0.2667)
(0.474915 0.19695 0.2717)
(0.474915 0.19695 0.39505)
(0.474915 0.19695 0.40005)
(0.474915 0.20945 0.2667)
(0.474915 0.20945 0.2717)
(0.474915 0.20945 0.39505)
(0.474915 0.20945 0.40005)
(0.474915 0.22645 0.2667)
(0.474915 0.22645 0.2717)
(0.474915 0.22645 0.39505)
(0.474915 0.22645 0.40005)
(0.474915 0.24345 0.2667)
(0.474915 0.24345 0.2717)
(0.474915 0.24345 0.39505)
(0.474915 0.24345 0.40005)
(0.474915 0.26045 0.2667)
(0.474915 0.26045 0.2717)
(0.474915 0.26045 0.39505)
(0.474915 0.26045 0.40005)
(0.474915 0.27745 0.2667)
(0.474915 0.27745 0.2717)
(0.474915 0.27745 0.39505)
(0.474915 0.27745 0.40005)
(0.474915 0.29445 0.2667)
(0.474915 0.29445 0.2717)
(0.474915 0.29445 0.39505)
(0.474915 0.29445 0.40005)
(0.474915 0.30945 0.2667)
(0.474915 0.30945 0.2717)
(0.474915 0.30945 0.39505)
(0.474915 0.30945 0.40005)
(0.474915 0.32445 0.2667)
(0.474915 0.32445 0.2717)
(0.474915 0.32445 0.39505)
(0.474915 0.32445 0.40005)
(0.474915 0.34195 0.2667)
(0.474915 0.34195 0.2717)
(0.474915 0.34195 0.39505)
(0.474915 0.34195 0.40005)
(0.474915 0.35945 0.2667)
(0.474915 0.35945 0.2717)
(0.474915 0.35945 0.39505)
(0.474915 0.35945 0.40005)
(0.474915 0.37695 0.2667)
(0.474915 0.37695 0.2717)
(0.474915 0.37695 0.39505)
(0.474915 0.37695 0.40005)
(0.474915 0.39445 0.2667)
(0.474915 0.39445 0.2717)
(0.474915 0.39445 0.39505)
(0.474915 0.39445 0.40005)
(0.474915 0.40445 0.2667)
(0.474915 0.40445 0.2717)
(0.474915 0.40445 0.39505)
(0.474915 0.40445 0.40005)
(0.474915 0.41945 0.2667)
(0.474915 0.41945 0.2717)
(0.474915 0.41945 0.39505)
(0.474915 0.41945 0.40005)
(0.474915 0.42945 0.2667)
(0.474915 0.42945 0.2717)
(0.474915 0.42945 0.39505)
(0.474915 0.42945 0.40005)
(0.474915 0.43445 0.2667)
(0.474915 0.43445 0.2717)
(0.474915 0.43445 0.39505)
(0.474915 0.43445 0.40005)
(0.474915 0.451117 0.2667)
(0.474915 0.451117 0.2717)
(0.474915 0.451117 0.39505)
(0.474915 0.451117 0.40005)
(0.474915 0.467783 0.2667)
(0.474915 0.467783 0.2717)
(0.474915 0.467783 0.39505)
(0.474915 0.467783 0.40005)
(0.474915 0.48445 0.2667)
(0.474915 0.48445 0.2717)
(0.474915 0.48445 0.39505)
(0.474915 0.48445 0.40005)
(0.474915 0.49445 0.2667)
(0.474915 0.49445 0.2717)
(0.474915 0.49445 0.39505)
(0.474915 0.49445 0.40005)
(0.474915 0.50445 0.2667)
(0.474915 0.50445 0.2717)
(0.474915 0.50445 0.39505)
(0.474915 0.50445 0.40005)
(0.474915 0.50945 0.2667)
(0.474915 0.50945 0.2717)
(0.474915 0.50945 0.39505)
(0.474915 0.50945 0.40005)
(0.474915 0.52445 0.2667)
(0.474915 0.52445 0.2717)
(0.474915 0.52445 0.39505)
(0.474915 0.52445 0.40005)
(0.474915 0.53945 0.2667)
(0.474915 0.53945 0.2717)
(0.474915 0.53945 0.2817)
(0.474915 0.53945 0.2847)
(0.474915 0.53945 0.2887)
(0.474915 0.53945 0.2917)
(0.474915 0.53945 0.2967)
(0.474915 0.53945 0.3142)
(0.474915 0.53945 0.3317)
(0.474915 0.53945 0.3492)
(0.474915 0.53945 0.3667)
(0.474915 0.53945 0.3737)
(0.474915 0.53945 0.3767)
(0.474915 0.53945 0.38205)
(0.474915 0.53945 0.38505)
(0.474915 0.53945 0.39505)
(0.474915 0.53945 0.40005)
(0.474915 0.54445 0.2667)
(0.474915 0.54445 0.2717)
(0.474915 0.54445 0.2817)
(0.474915 0.54445 0.2847)
(0.474915 0.54445 0.2887)
(0.474915 0.54445 0.2917)
(0.474915 0.54445 0.2967)
(0.474915 0.54445 0.3142)
(0.474915 0.54445 0.3317)
(0.474915 0.54445 0.3492)
(0.474915 0.54445 0.3667)
(0.474915 0.54445 0.3737)
(0.474915 0.54445 0.3767)
(0.474915 0.54445 0.38205)
(0.474915 0.54445 0.38505)
(0.474915 0.54445 0.39505)
(0.474915 0.54445 0.40005)
(0.4776 0.04445 0.2667)
(0.4776 0.04445 0.2717)
(0.4776 0.04445 0.2817)
(0.4776 0.04445 0.2847)
(0.4776 0.04445 0.2887)
(0.4776 0.04445 0.2917)
(0.4776 0.04445 0.2967)
(0.4776 0.04445 0.3142)
(0.4776 0.04445 0.3317)
(0.4776 0.04445 0.3492)
(0.4776 0.04445 0.3667)
(0.4776 0.04445 0.3737)
(0.4776 0.04445 0.3767)
(0.4776 0.04445 0.38205)
(0.4776 0.04445 0.38505)
(0.4776 0.04445 0.39505)
(0.4776 0.04445 0.40005)
(0.4776 0.04945 0.2667)
(0.4776 0.04945 0.2717)
(0.4776 0.04945 0.2817)
(0.4776 0.04945 0.2847)
(0.4776 0.04945 0.2887)
(0.4776 0.04945 0.2917)
(0.4776 0.04945 0.2967)
(0.4776 0.04945 0.3142)
(0.4776 0.04945 0.3317)
(0.4776 0.04945 0.3492)
(0.4776 0.04945 0.3667)
(0.4776 0.04945 0.3737)
(0.4776 0.04945 0.3767)
(0.4776 0.04945 0.38205)
(0.4776 0.04945 0.38505)
(0.4776 0.04945 0.39505)
(0.4776 0.04945 0.40005)
(0.4776 0.06445 0.2667)
(0.4776 0.06445 0.2717)
(0.4776 0.06445 0.39505)
(0.4776 0.06445 0.40005)
(0.4776 0.07945 0.2667)
(0.4776 0.07945 0.2717)
(0.4776 0.07945 0.39505)
(0.4776 0.07945 0.40005)
(0.4776 0.08945 0.2667)
(0.4776 0.08945 0.2717)
(0.4776 0.08945 0.39505)
(0.4776 0.08945 0.40005)
(0.4776 0.09945 0.2667)
(0.4776 0.09945 0.2717)
(0.4776 0.09945 0.39505)
(0.4776 0.09945 0.40005)
(0.4776 0.11445 0.2667)
(0.4776 0.11445 0.2717)
(0.4776 0.11445 0.39505)
(0.4776 0.11445 0.40005)
(0.4776 0.12945 0.2667)
(0.4776 0.12945 0.2717)
(0.4776 0.12945 0.39505)
(0.4776 0.12945 0.40005)
(0.4776 0.14445 0.2667)
(0.4776 0.14445 0.2717)
(0.4776 0.14445 0.39505)
(0.4776 0.14445 0.40005)
(0.4776 0.15945 0.2667)
(0.4776 0.15945 0.2717)
(0.4776 0.15945 0.39505)
(0.4776 0.15945 0.40005)
(0.4776 0.16445 0.2667)
(0.4776 0.16445 0.2717)
(0.4776 0.16445 0.39505)
(0.4776 0.16445 0.40005)
(0.4776 0.17445 0.2667)
(0.4776 0.17445 0.2717)
(0.4776 0.17445 0.39505)
(0.4776 0.17445 0.40005)
(0.4776 0.18445 0.2667)
(0.4776 0.18445 0.2717)
(0.4776 0.18445 0.39505)
(0.4776 0.18445 0.40005)
(0.4776 0.19695 0.2667)
(0.4776 0.19695 0.2717)
(0.4776 0.19695 0.39505)
(0.4776 0.19695 0.40005)
(0.4776 0.20945 0.2667)
(0.4776 0.20945 0.2717)
(0.4776 0.20945 0.39505)
(0.4776 0.20945 0.40005)
(0.4776 0.22645 0.2667)
(0.4776 0.22645 0.2717)
(0.4776 0.22645 0.39505)
(0.4776 0.22645 0.40005)
(0.4776 0.24345 0.2667)
(0.4776 0.24345 0.2717)
(0.4776 0.24345 0.39505)
(0.4776 0.24345 0.40005)
(0.4776 0.26045 0.2667)
(0.4776 0.26045 0.2717)
(0.4776 0.26045 0.39505)
(0.4776 0.26045 0.40005)
(0.4776 0.27745 0.2667)
(0.4776 0.27745 0.2717)
(0.4776 0.27745 0.39505)
(0.4776 0.27745 0.40005)
(0.4776 0.29445 0.2667)
(0.4776 0.29445 0.2717)
(0.4776 0.29445 0.39505)
(0.4776 0.29445 0.40005)
(0.4776 0.30945 0.2667)
(0.4776 0.30945 0.2717)
(0.4776 0.30945 0.39505)
(0.4776 0.30945 0.40005)
(0.4776 0.32445 0.2667)
(0.4776 0.32445 0.2717)
(0.4776 0.32445 0.39505)
(0.4776 0.32445 0.40005)
(0.4776 0.34195 0.2667)
(0.4776 0.34195 0.2717)
(0.4776 0.34195 0.39505)
(0.4776 0.34195 0.40005)
(0.4776 0.35945 0.2667)
(0.4776 0.35945 0.2717)
(0.4776 0.35945 0.39505)
(0.4776 0.35945 0.40005)
(0.4776 0.37695 0.2667)
(0.4776 0.37695 0.2717)
(0.4776 0.37695 0.39505)
(0.4776 0.37695 0.40005)
(0.4776 0.39445 0.2667)
(0.4776 0.39445 0.2717)
(0.4776 0.39445 0.39505)
(0.4776 0.39445 0.40005)
(0.4776 0.40445 0.2667)
(0.4776 0.40445 0.2717)
(0.4776 0.40445 0.39505)
(0.4776 0.40445 0.40005)
(0.4776 0.41945 0.2667)
(0.4776 0.41945 0.2717)
(0.4776 0.41945 0.39505)
(0.4776 0.41945 0.40005)
(0.4776 0.42945 0.2667)
(0.4776 0.42945 0.2717)
(0.4776 0.42945 0.39505)
(0.4776 0.42945 0.40005)
(0.4776 0.43445 0.2667)
(0.4776 0.43445 0.2717)
(0.4776 0.43445 0.39505)
(0.4776 0.43445 0.40005)
(0.4776 0.451117 0.2667)
(0.4776 0.451117 0.2717)
(0.4776 0.451117 0.39505)
(0.4776 0.451117 0.40005)
(0.4776 0.467783 0.2667)
(0.4776 0.467783 0.2717)
(0.4776 0.467783 0.39505)
(0.4776 0.467783 0.40005)
(0.4776 0.48445 0.2667)
(0.4776 0.48445 0.2717)
(0.4776 0.48445 0.39505)
(0.4776 0.48445 0.40005)
(0.4776 0.49445 0.2667)
(0.4776 0.49445 0.2717)
(0.4776 0.49445 0.39505)
(0.4776 0.49445 0.40005)
(0.4776 0.50445 0.2667)
(0.4776 0.50445 0.2717)
(0.4776 0.50445 0.39505)
(0.4776 0.50445 0.40005)
(0.4776 0.50945 0.2667)
(0.4776 0.50945 0.2717)
(0.4776 0.50945 0.39505)
(0.4776 0.50945 0.40005)
(0.4776 0.52445 0.2667)
(0.4776 0.52445 0.2717)
(0.4776 0.52445 0.39505)
(0.4776 0.52445 0.40005)
(0.4776 0.53945 0.2667)
(0.4776 0.53945 0.2717)
(0.4776 0.53945 0.2817)
(0.4776 0.53945 0.2847)
(0.4776 0.53945 0.2887)
(0.4776 0.53945 0.2917)
(0.4776 0.53945 0.2967)
(0.4776 0.53945 0.3142)
(0.4776 0.53945 0.3317)
(0.4776 0.53945 0.3492)
(0.4776 0.53945 0.3667)
(0.4776 0.53945 0.3737)
(0.4776 0.53945 0.3767)
(0.4776 0.53945 0.38205)
(0.4776 0.53945 0.38505)
(0.4776 0.53945 0.39505)
(0.4776 0.53945 0.40005)
(0.4776 0.54445 0.2667)
(0.4776 0.54445 0.2717)
(0.4776 0.54445 0.2817)
(0.4776 0.54445 0.2847)
(0.4776 0.54445 0.2887)
(0.4776 0.54445 0.2917)
(0.4776 0.54445 0.2967)
(0.4776 0.54445 0.3142)
(0.4776 0.54445 0.3317)
(0.4776 0.54445 0.3492)
(0.4776 0.54445 0.3667)
(0.4776 0.54445 0.3737)
(0.4776 0.54445 0.3767)
(0.4776 0.54445 0.38205)
(0.4776 0.54445 0.38505)
(0.4776 0.54445 0.39505)
(0.4776 0.54445 0.40005)
(0.4826 0.04445 0.2667)
(0.4826 0.04445 0.2717)
(0.4826 0.04445 0.2817)
(0.4826 0.04445 0.2847)
(0.4826 0.04445 0.2887)
(0.4826 0.04445 0.2917)
(0.4826 0.04445 0.2967)
(0.4826 0.04445 0.3142)
(0.4826 0.04445 0.3317)
(0.4826 0.04445 0.3492)
(0.4826 0.04445 0.3667)
(0.4826 0.04445 0.3737)
(0.4826 0.04445 0.3767)
(0.4826 0.04445 0.38205)
(0.4826 0.04445 0.38505)
(0.4826 0.04445 0.39505)
(0.4826 0.04445 0.40005)
(0.4826 0.04945 0.2667)
(0.4826 0.04945 0.2717)
(0.4826 0.04945 0.2817)
(0.4826 0.04945 0.2847)
(0.4826 0.04945 0.2887)
(0.4826 0.04945 0.2917)
(0.4826 0.04945 0.2967)
(0.4826 0.04945 0.3142)
(0.4826 0.04945 0.3317)
(0.4826 0.04945 0.3492)
(0.4826 0.04945 0.3667)
(0.4826 0.04945 0.3737)
(0.4826 0.04945 0.3767)
(0.4826 0.04945 0.38205)
(0.4826 0.04945 0.38505)
(0.4826 0.04945 0.39505)
(0.4826 0.04945 0.40005)
(0.4826 0.06445 0.2667)
(0.4826 0.06445 0.2717)
(0.4826 0.06445 0.2817)
(0.4826 0.06445 0.2847)
(0.4826 0.06445 0.2887)
(0.4826 0.06445 0.2917)
(0.4826 0.06445 0.2967)
(0.4826 0.06445 0.3142)
(0.4826 0.06445 0.3317)
(0.4826 0.06445 0.3492)
(0.4826 0.06445 0.3667)
(0.4826 0.06445 0.3737)
(0.4826 0.06445 0.3767)
(0.4826 0.06445 0.38205)
(0.4826 0.06445 0.38505)
(0.4826 0.06445 0.39505)
(0.4826 0.06445 0.40005)
(0.4826 0.07945 0.2667)
(0.4826 0.07945 0.2717)
(0.4826 0.07945 0.2817)
(0.4826 0.07945 0.2847)
(0.4826 0.07945 0.2887)
(0.4826 0.07945 0.2917)
(0.4826 0.07945 0.2967)
(0.4826 0.07945 0.3142)
(0.4826 0.07945 0.3317)
(0.4826 0.07945 0.3492)
(0.4826 0.07945 0.3667)
(0.4826 0.07945 0.3737)
(0.4826 0.07945 0.3767)
(0.4826 0.07945 0.38205)
(0.4826 0.07945 0.38505)
(0.4826 0.07945 0.39505)
(0.4826 0.07945 0.40005)
(0.4826 0.08945 0.2667)
(0.4826 0.08945 0.2717)
(0.4826 0.08945 0.2817)
(0.4826 0.08945 0.2847)
(0.4826 0.08945 0.2887)
(0.4826 0.08945 0.2917)
(0.4826 0.08945 0.2967)
(0.4826 0.08945 0.3142)
(0.4826 0.08945 0.3317)
(0.4826 0.08945 0.3492)
(0.4826 0.08945 0.3667)
(0.4826 0.08945 0.3737)
(0.4826 0.08945 0.3767)
(0.4826 0.08945 0.38205)
(0.4826 0.08945 0.38505)
(0.4826 0.08945 0.39505)
(0.4826 0.08945 0.40005)
(0.4826 0.09945 0.2667)
(0.4826 0.09945 0.2717)
(0.4826 0.09945 0.2817)
(0.4826 0.09945 0.2847)
(0.4826 0.09945 0.2887)
(0.4826 0.09945 0.2917)
(0.4826 0.09945 0.2967)
(0.4826 0.09945 0.3142)
(0.4826 0.09945 0.3317)
(0.4826 0.09945 0.3492)
(0.4826 0.09945 0.3667)
(0.4826 0.09945 0.3737)
(0.4826 0.09945 0.3767)
(0.4826 0.09945 0.38205)
(0.4826 0.09945 0.38505)
(0.4826 0.09945 0.39505)
(0.4826 0.09945 0.40005)
(0.4826 0.11445 0.2667)
(0.4826 0.11445 0.2717)
(0.4826 0.11445 0.2817)
(0.4826 0.11445 0.2847)
(0.4826 0.11445 0.2887)
(0.4826 0.11445 0.2917)
(0.4826 0.11445 0.2967)
(0.4826 0.11445 0.3142)
(0.4826 0.11445 0.3317)
(0.4826 0.11445 0.3492)
(0.4826 0.11445 0.3667)
(0.4826 0.11445 0.3737)
(0.4826 0.11445 0.3767)
(0.4826 0.11445 0.38205)
(0.4826 0.11445 0.38505)
(0.4826 0.11445 0.39505)
(0.4826 0.11445 0.40005)
(0.4826 0.12945 0.2667)
(0.4826 0.12945 0.2717)
(0.4826 0.12945 0.2817)
(0.4826 0.12945 0.2847)
(0.4826 0.12945 0.2887)
(0.4826 0.12945 0.2917)
(0.4826 0.12945 0.2967)
(0.4826 0.12945 0.3142)
(0.4826 0.12945 0.3317)
(0.4826 0.12945 0.3492)
(0.4826 0.12945 0.3667)
(0.4826 0.12945 0.3737)
(0.4826 0.12945 0.3767)
(0.4826 0.12945 0.38205)
(0.4826 0.12945 0.38505)
(0.4826 0.12945 0.39505)
(0.4826 0.12945 0.40005)
(0.4826 0.14445 0.2667)
(0.4826 0.14445 0.2717)
(0.4826 0.14445 0.2817)
(0.4826 0.14445 0.2847)
(0.4826 0.14445 0.2887)
(0.4826 0.14445 0.2917)
(0.4826 0.14445 0.2967)
(0.4826 0.14445 0.3142)
(0.4826 0.14445 0.3317)
(0.4826 0.14445 0.3492)
(0.4826 0.14445 0.3667)
(0.4826 0.14445 0.3737)
(0.4826 0.14445 0.3767)
(0.4826 0.14445 0.38205)
(0.4826 0.14445 0.38505)
(0.4826 0.14445 0.39505)
(0.4826 0.14445 0.40005)
(0.4826 0.15945 0.2667)
(0.4826 0.15945 0.2717)
(0.4826 0.15945 0.2817)
(0.4826 0.15945 0.2847)
(0.4826 0.15945 0.2887)
(0.4826 0.15945 0.2917)
(0.4826 0.15945 0.2967)
(0.4826 0.15945 0.3142)
(0.4826 0.15945 0.3317)
(0.4826 0.15945 0.3492)
(0.4826 0.15945 0.3667)
(0.4826 0.15945 0.3737)
(0.4826 0.15945 0.3767)
(0.4826 0.15945 0.38205)
(0.4826 0.15945 0.38505)
(0.4826 0.15945 0.39505)
(0.4826 0.15945 0.40005)
(0.4826 0.16445 0.2667)
(0.4826 0.16445 0.2717)
(0.4826 0.16445 0.2817)
(0.4826 0.16445 0.2847)
(0.4826 0.16445 0.2887)
(0.4826 0.16445 0.2917)
(0.4826 0.16445 0.2967)
(0.4826 0.16445 0.3142)
(0.4826 0.16445 0.3317)
(0.4826 0.16445 0.3492)
(0.4826 0.16445 0.3667)
(0.4826 0.16445 0.3737)
(0.4826 0.16445 0.3767)
(0.4826 0.16445 0.38205)
(0.4826 0.16445 0.38505)
(0.4826 0.16445 0.39505)
(0.4826 0.16445 0.40005)
(0.4826 0.17445 0.2667)
(0.4826 0.17445 0.2717)
(0.4826 0.17445 0.2817)
(0.4826 0.17445 0.2847)
(0.4826 0.17445 0.2887)
(0.4826 0.17445 0.2917)
(0.4826 0.17445 0.2967)
(0.4826 0.17445 0.3142)
(0.4826 0.17445 0.3317)
(0.4826 0.17445 0.3492)
(0.4826 0.17445 0.3667)
(0.4826 0.17445 0.3737)
(0.4826 0.17445 0.3767)
(0.4826 0.17445 0.38205)
(0.4826 0.17445 0.38505)
(0.4826 0.17445 0.39505)
(0.4826 0.17445 0.40005)
(0.4826 0.18445 0.2667)
(0.4826 0.18445 0.2717)
(0.4826 0.18445 0.2817)
(0.4826 0.18445 0.2847)
(0.4826 0.18445 0.2887)
(0.4826 0.18445 0.2917)
(0.4826 0.18445 0.2967)
(0.4826 0.18445 0.3142)
(0.4826 0.18445 0.3317)
(0.4826 0.18445 0.3492)
(0.4826 0.18445 0.3667)
(0.4826 0.18445 0.3737)
(0.4826 0.18445 0.3767)
(0.4826 0.18445 0.38205)
(0.4826 0.18445 0.38505)
(0.4826 0.18445 0.39505)
(0.4826 0.18445 0.40005)
(0.4826 0.19695 0.2667)
(0.4826 0.19695 0.2717)
(0.4826 0.19695 0.2817)
(0.4826 0.19695 0.2847)
(0.4826 0.19695 0.2887)
(0.4826 0.19695 0.2917)
(0.4826 0.19695 0.2967)
(0.4826 0.19695 0.3142)
(0.4826 0.19695 0.3317)
(0.4826 0.19695 0.3492)
(0.4826 0.19695 0.3667)
(0.4826 0.19695 0.3737)
(0.4826 0.19695 0.3767)
(0.4826 0.19695 0.38205)
(0.4826 0.19695 0.38505)
(0.4826 0.19695 0.39505)
(0.4826 0.19695 0.40005)
(0.4826 0.20945 0.2667)
(0.4826 0.20945 0.2717)
(0.4826 0.20945 0.2817)
(0.4826 0.20945 0.2847)
(0.4826 0.20945 0.2887)
(0.4826 0.20945 0.2917)
(0.4826 0.20945 0.2967)
(0.4826 0.20945 0.3142)
(0.4826 0.20945 0.3317)
(0.4826 0.20945 0.3492)
(0.4826 0.20945 0.3667)
(0.4826 0.20945 0.3737)
(0.4826 0.20945 0.3767)
(0.4826 0.20945 0.38205)
(0.4826 0.20945 0.38505)
(0.4826 0.20945 0.39505)
(0.4826 0.20945 0.40005)
(0.4826 0.22645 0.2667)
(0.4826 0.22645 0.2717)
(0.4826 0.22645 0.2817)
(0.4826 0.22645 0.2847)
(0.4826 0.22645 0.2887)
(0.4826 0.22645 0.2917)
(0.4826 0.22645 0.2967)
(0.4826 0.22645 0.3142)
(0.4826 0.22645 0.3317)
(0.4826 0.22645 0.3492)
(0.4826 0.22645 0.3667)
(0.4826 0.22645 0.3737)
(0.4826 0.22645 0.3767)
(0.4826 0.22645 0.38205)
(0.4826 0.22645 0.38505)
(0.4826 0.22645 0.39505)
(0.4826 0.22645 0.40005)
(0.4826 0.24345 0.2667)
(0.4826 0.24345 0.2717)
(0.4826 0.24345 0.2817)
(0.4826 0.24345 0.2847)
(0.4826 0.24345 0.2887)
(0.4826 0.24345 0.2917)
(0.4826 0.24345 0.2967)
(0.4826 0.24345 0.3142)
(0.4826 0.24345 0.3317)
(0.4826 0.24345 0.3492)
(0.4826 0.24345 0.3667)
(0.4826 0.24345 0.3737)
(0.4826 0.24345 0.3767)
(0.4826 0.24345 0.38205)
(0.4826 0.24345 0.38505)
(0.4826 0.24345 0.39505)
(0.4826 0.24345 0.40005)
(0.4826 0.26045 0.2667)
(0.4826 0.26045 0.2717)
(0.4826 0.26045 0.2817)
(0.4826 0.26045 0.2847)
(0.4826 0.26045 0.2887)
(0.4826 0.26045 0.2917)
(0.4826 0.26045 0.2967)
(0.4826 0.26045 0.3142)
(0.4826 0.26045 0.3317)
(0.4826 0.26045 0.3492)
(0.4826 0.26045 0.3667)
(0.4826 0.26045 0.3737)
(0.4826 0.26045 0.3767)
(0.4826 0.26045 0.38205)
(0.4826 0.26045 0.38505)
(0.4826 0.26045 0.39505)
(0.4826 0.26045 0.40005)
(0.4826 0.27745 0.2667)
(0.4826 0.27745 0.2717)
(0.4826 0.27745 0.2817)
(0.4826 0.27745 0.2847)
(0.4826 0.27745 0.2887)
(0.4826 0.27745 0.2917)
(0.4826 0.27745 0.2967)
(0.4826 0.27745 0.3142)
(0.4826 0.27745 0.3317)
(0.4826 0.27745 0.3492)
(0.4826 0.27745 0.3667)
(0.4826 0.27745 0.3737)
(0.4826 0.27745 0.3767)
(0.4826 0.27745 0.38205)
(0.4826 0.27745 0.38505)
(0.4826 0.27745 0.39505)
(0.4826 0.27745 0.40005)
(0.4826 0.29445 0.2667)
(0.4826 0.29445 0.2717)
(0.4826 0.29445 0.2817)
(0.4826 0.29445 0.2847)
(0.4826 0.29445 0.2887)
(0.4826 0.29445 0.2917)
(0.4826 0.29445 0.2967)
(0.4826 0.29445 0.3142)
(0.4826 0.29445 0.3317)
(0.4826 0.29445 0.3492)
(0.4826 0.29445 0.3667)
(0.4826 0.29445 0.3737)
(0.4826 0.29445 0.3767)
(0.4826 0.29445 0.38205)
(0.4826 0.29445 0.38505)
(0.4826 0.29445 0.39505)
(0.4826 0.29445 0.40005)
(0.4826 0.30945 0.2667)
(0.4826 0.30945 0.2717)
(0.4826 0.30945 0.2817)
(0.4826 0.30945 0.2847)
(0.4826 0.30945 0.2887)
(0.4826 0.30945 0.2917)
(0.4826 0.30945 0.2967)
(0.4826 0.30945 0.3142)
(0.4826 0.30945 0.3317)
(0.4826 0.30945 0.3492)
(0.4826 0.30945 0.3667)
(0.4826 0.30945 0.3737)
(0.4826 0.30945 0.3767)
(0.4826 0.30945 0.38205)
(0.4826 0.30945 0.38505)
(0.4826 0.30945 0.39505)
(0.4826 0.30945 0.40005)
(0.4826 0.32445 0.2667)
(0.4826 0.32445 0.2717)
(0.4826 0.32445 0.2817)
(0.4826 0.32445 0.2847)
(0.4826 0.32445 0.2887)
(0.4826 0.32445 0.2917)
(0.4826 0.32445 0.2967)
(0.4826 0.32445 0.3142)
(0.4826 0.32445 0.3317)
(0.4826 0.32445 0.3492)
(0.4826 0.32445 0.3667)
(0.4826 0.32445 0.3737)
(0.4826 0.32445 0.3767)
(0.4826 0.32445 0.38205)
(0.4826 0.32445 0.38505)
(0.4826 0.32445 0.39505)
(0.4826 0.32445 0.40005)
(0.4826 0.34195 0.2667)
(0.4826 0.34195 0.2717)
(0.4826 0.34195 0.2817)
(0.4826 0.34195 0.2847)
(0.4826 0.34195 0.2887)
(0.4826 0.34195 0.2917)
(0.4826 0.34195 0.2967)
(0.4826 0.34195 0.3142)
(0.4826 0.34195 0.3317)
(0.4826 0.34195 0.3492)
(0.4826 0.34195 0.3667)
(0.4826 0.34195 0.3737)
(0.4826 0.34195 0.3767)
(0.4826 0.34195 0.38205)
(0.4826 0.34195 0.38505)
(0.4826 0.34195 0.39505)
(0.4826 0.34195 0.40005)
(0.4826 0.35945 0.2667)
(0.4826 0.35945 0.2717)
(0.4826 0.35945 0.2817)
(0.4826 0.35945 0.2847)
(0.4826 0.35945 0.2887)
(0.4826 0.35945 0.2917)
(0.4826 0.35945 0.2967)
(0.4826 0.35945 0.3142)
(0.4826 0.35945 0.3317)
(0.4826 0.35945 0.3492)
(0.4826 0.35945 0.3667)
(0.4826 0.35945 0.3737)
(0.4826 0.35945 0.3767)
(0.4826 0.35945 0.38205)
(0.4826 0.35945 0.38505)
(0.4826 0.35945 0.39505)
(0.4826 0.35945 0.40005)
(0.4826 0.37695 0.2667)
(0.4826 0.37695 0.2717)
(0.4826 0.37695 0.2817)
(0.4826 0.37695 0.2847)
(0.4826 0.37695 0.2887)
(0.4826 0.37695 0.2917)
(0.4826 0.37695 0.2967)
(0.4826 0.37695 0.3142)
(0.4826 0.37695 0.3317)
(0.4826 0.37695 0.3492)
(0.4826 0.37695 0.3667)
(0.4826 0.37695 0.3737)
(0.4826 0.37695 0.3767)
(0.4826 0.37695 0.38205)
(0.4826 0.37695 0.38505)
(0.4826 0.37695 0.39505)
(0.4826 0.37695 0.40005)
(0.4826 0.39445 0.2667)
(0.4826 0.39445 0.2717)
(0.4826 0.39445 0.2817)
(0.4826 0.39445 0.2847)
(0.4826 0.39445 0.2887)
(0.4826 0.39445 0.2917)
(0.4826 0.39445 0.2967)
(0.4826 0.39445 0.3142)
(0.4826 0.39445 0.3317)
(0.4826 0.39445 0.3492)
(0.4826 0.39445 0.3667)
(0.4826 0.39445 0.3737)
(0.4826 0.39445 0.3767)
(0.4826 0.39445 0.38205)
(0.4826 0.39445 0.38505)
(0.4826 0.39445 0.39505)
(0.4826 0.39445 0.40005)
(0.4826 0.40445 0.2667)
(0.4826 0.40445 0.2717)
(0.4826 0.40445 0.2817)
(0.4826 0.40445 0.2847)
(0.4826 0.40445 0.2887)
(0.4826 0.40445 0.2917)
(0.4826 0.40445 0.2967)
(0.4826 0.40445 0.3142)
(0.4826 0.40445 0.3317)
(0.4826 0.40445 0.3492)
(0.4826 0.40445 0.3667)
(0.4826 0.40445 0.3737)
(0.4826 0.40445 0.3767)
(0.4826 0.40445 0.38205)
(0.4826 0.40445 0.38505)
(0.4826 0.40445 0.39505)
(0.4826 0.40445 0.40005)
(0.4826 0.41945 0.2667)
(0.4826 0.41945 0.2717)
(0.4826 0.41945 0.2817)
(0.4826 0.41945 0.2847)
(0.4826 0.41945 0.2887)
(0.4826 0.41945 0.2917)
(0.4826 0.41945 0.2967)
(0.4826 0.41945 0.3142)
(0.4826 0.41945 0.3317)
(0.4826 0.41945 0.3492)
(0.4826 0.41945 0.3667)
(0.4826 0.41945 0.3737)
(0.4826 0.41945 0.3767)
(0.4826 0.41945 0.38205)
(0.4826 0.41945 0.38505)
(0.4826 0.41945 0.39505)
(0.4826 0.41945 0.40005)
(0.4826 0.42945 0.2667)
(0.4826 0.42945 0.2717)
(0.4826 0.42945 0.2817)
(0.4826 0.42945 0.2847)
(0.4826 0.42945 0.2887)
(0.4826 0.42945 0.2917)
(0.4826 0.42945 0.2967)
(0.4826 0.42945 0.3142)
(0.4826 0.42945 0.3317)
(0.4826 0.42945 0.3492)
(0.4826 0.42945 0.3667)
(0.4826 0.42945 0.3737)
(0.4826 0.42945 0.3767)
(0.4826 0.42945 0.38205)
(0.4826 0.42945 0.38505)
(0.4826 0.42945 0.39505)
(0.4826 0.42945 0.40005)
(0.4826 0.43445 0.2667)
(0.4826 0.43445 0.2717)
(0.4826 0.43445 0.2817)
(0.4826 0.43445 0.2847)
(0.4826 0.43445 0.2887)
(0.4826 0.43445 0.2917)
(0.4826 0.43445 0.2967)
(0.4826 0.43445 0.3142)
(0.4826 0.43445 0.3317)
(0.4826 0.43445 0.3492)
(0.4826 0.43445 0.3667)
(0.4826 0.43445 0.3737)
(0.4826 0.43445 0.3767)
(0.4826 0.43445 0.38205)
(0.4826 0.43445 0.38505)
(0.4826 0.43445 0.39505)
(0.4826 0.43445 0.40005)
(0.4826 0.451117 0.2667)
(0.4826 0.451117 0.2717)
(0.4826 0.451117 0.2817)
(0.4826 0.451117 0.2847)
(0.4826 0.451117 0.2887)
(0.4826 0.451117 0.2917)
(0.4826 0.451117 0.2967)
(0.4826 0.451117 0.3142)
(0.4826 0.451117 0.3317)
(0.4826 0.451117 0.3492)
(0.4826 0.451117 0.3667)
(0.4826 0.451117 0.3737)
(0.4826 0.451117 0.3767)
(0.4826 0.451117 0.38205)
(0.4826 0.451117 0.38505)
(0.4826 0.451117 0.39505)
(0.4826 0.451117 0.40005)
(0.4826 0.467783 0.2667)
(0.4826 0.467783 0.2717)
(0.4826 0.467783 0.2817)
(0.4826 0.467783 0.2847)
(0.4826 0.467783 0.2887)
(0.4826 0.467783 0.2917)
(0.4826 0.467783 0.2967)
(0.4826 0.467783 0.3142)
(0.4826 0.467783 0.3317)
(0.4826 0.467783 0.3492)
(0.4826 0.467783 0.3667)
(0.4826 0.467783 0.3737)
(0.4826 0.467783 0.3767)
(0.4826 0.467783 0.38205)
(0.4826 0.467783 0.38505)
(0.4826 0.467783 0.39505)
(0.4826 0.467783 0.40005)
(0.4826 0.48445 0.2667)
(0.4826 0.48445 0.2717)
(0.4826 0.48445 0.2817)
(0.4826 0.48445 0.2847)
(0.4826 0.48445 0.2887)
(0.4826 0.48445 0.2917)
(0.4826 0.48445 0.2967)
(0.4826 0.48445 0.3142)
(0.4826 0.48445 0.3317)
(0.4826 0.48445 0.3492)
(0.4826 0.48445 0.3667)
(0.4826 0.48445 0.3737)
(0.4826 0.48445 0.3767)
(0.4826 0.48445 0.38205)
(0.4826 0.48445 0.38505)
(0.4826 0.48445 0.39505)
(0.4826 0.48445 0.40005)
(0.4826 0.49445 0.2667)
(0.4826 0.49445 0.2717)
(0.4826 0.49445 0.2817)
(0.4826 0.49445 0.2847)
(0.4826 0.49445 0.2887)
(0.4826 0.49445 0.2917)
(0.4826 0.49445 0.2967)
(0.4826 0.49445 0.3142)
(0.4826 0.49445 0.3317)
(0.4826 0.49445 0.3492)
(0.4826 0.49445 0.3667)
(0.4826 0.49445 0.3737)
(0.4826 0.49445 0.3767)
(0.4826 0.49445 0.38205)
(0.4826 0.49445 0.38505)
(0.4826 0.49445 0.39505)
(0.4826 0.49445 0.40005)
(0.4826 0.50445 0.2667)
(0.4826 0.50445 0.2717)
(0.4826 0.50445 0.2817)
(0.4826 0.50445 0.2847)
(0.4826 0.50445 0.2887)
(0.4826 0.50445 0.2917)
(0.4826 0.50445 0.2967)
(0.4826 0.50445 0.3142)
(0.4826 0.50445 0.3317)
(0.4826 0.50445 0.3492)
(0.4826 0.50445 0.3667)
(0.4826 0.50445 0.3737)
(0.4826 0.50445 0.3767)
(0.4826 0.50445 0.38205)
(0.4826 0.50445 0.38505)
(0.4826 0.50445 0.39505)
(0.4826 0.50445 0.40005)
(0.4826 0.50945 0.2667)
(0.4826 0.50945 0.2717)
(0.4826 0.50945 0.2817)
(0.4826 0.50945 0.2847)
(0.4826 0.50945 0.2887)
(0.4826 0.50945 0.2917)
(0.4826 0.50945 0.2967)
(0.4826 0.50945 0.3142)
(0.4826 0.50945 0.3317)
(0.4826 0.50945 0.3492)
(0.4826 0.50945 0.3667)
(0.4826 0.50945 0.3737)
(0.4826 0.50945 0.3767)
(0.4826 0.50945 0.38205)
(0.4826 0.50945 0.38505)
(0.4826 0.50945 0.39505)
(0.4826 0.50945 0.40005)
(0.4826 0.52445 0.2667)
(0.4826 0.52445 0.2717)
(0.4826 0.52445 0.2817)
(0.4826 0.52445 0.2847)
(0.4826 0.52445 0.2887)
(0.4826 0.52445 0.2917)
(0.4826 0.52445 0.2967)
(0.4826 0.52445 0.3142)
(0.4826 0.52445 0.3317)
(0.4826 0.52445 0.3492)
(0.4826 0.52445 0.3667)
(0.4826 0.52445 0.3737)
(0.4826 0.52445 0.3767)
(0.4826 0.52445 0.38205)
(0.4826 0.52445 0.38505)
(0.4826 0.52445 0.39505)
(0.4826 0.52445 0.40005)
(0.4826 0.53945 0.2667)
(0.4826 0.53945 0.2717)
(0.4826 0.53945 0.2817)
(0.4826 0.53945 0.2847)
(0.4826 0.53945 0.2887)
(0.4826 0.53945 0.2917)
(0.4826 0.53945 0.2967)
(0.4826 0.53945 0.3142)
(0.4826 0.53945 0.3317)
(0.4826 0.53945 0.3492)
(0.4826 0.53945 0.3667)
(0.4826 0.53945 0.3737)
(0.4826 0.53945 0.3767)
(0.4826 0.53945 0.38205)
(0.4826 0.53945 0.38505)
(0.4826 0.53945 0.39505)
(0.4826 0.53945 0.40005)
(0.4826 0.54445 0.2667)
(0.4826 0.54445 0.2717)
(0.4826 0.54445 0.2817)
(0.4826 0.54445 0.2847)
(0.4826 0.54445 0.2887)
(0.4826 0.54445 0.2917)
(0.4826 0.54445 0.2967)
(0.4826 0.54445 0.3142)
(0.4826 0.54445 0.3317)
(0.4826 0.54445 0.3492)
(0.4826 0.54445 0.3667)
(0.4826 0.54445 0.3737)
(0.4826 0.54445 0.3767)
(0.4826 0.54445 0.38205)
(0.4826 0.54445 0.38505)
(0.4826 0.54445 0.39505)
(0.4826 0.54445 0.40005)
(0.483895 0.04445 0.2667)
(0.483895 0.04445 0.2717)
(0.483895 0.04445 0.2817)
(0.483895 0.04445 0.2847)
(0.483895 0.04445 0.2887)
(0.483895 0.04445 0.2917)
(0.483895 0.04445 0.2967)
(0.483895 0.04445 0.3142)
(0.483895 0.04445 0.3317)
(0.483895 0.04445 0.3492)
(0.483895 0.04445 0.3667)
(0.483895 0.04445 0.3737)
(0.483895 0.04445 0.3767)
(0.483895 0.04445 0.38205)
(0.483895 0.04445 0.38505)
(0.483895 0.04445 0.39505)
(0.483895 0.04445 0.40005)
(0.483895 0.04945 0.2667)
(0.483895 0.04945 0.2717)
(0.483895 0.04945 0.2817)
(0.483895 0.04945 0.2847)
(0.483895 0.04945 0.2887)
(0.483895 0.04945 0.2917)
(0.483895 0.04945 0.2967)
(0.483895 0.04945 0.3142)
(0.483895 0.04945 0.3317)
(0.483895 0.04945 0.3492)
(0.483895 0.04945 0.3667)
(0.483895 0.04945 0.3737)
(0.483895 0.04945 0.3767)
(0.483895 0.04945 0.38205)
(0.483895 0.04945 0.38505)
(0.483895 0.04945 0.39505)
(0.483895 0.04945 0.40005)
(0.483895 0.06445 0.2667)
(0.483895 0.06445 0.2717)
(0.483895 0.06445 0.2817)
(0.483895 0.06445 0.2847)
(0.483895 0.06445 0.2887)
(0.483895 0.06445 0.2917)
(0.483895 0.06445 0.2967)
(0.483895 0.06445 0.3142)
(0.483895 0.06445 0.3317)
(0.483895 0.06445 0.3492)
(0.483895 0.06445 0.3667)
(0.483895 0.06445 0.3737)
(0.483895 0.06445 0.3767)
(0.483895 0.06445 0.38205)
(0.483895 0.06445 0.38505)
(0.483895 0.06445 0.39505)
(0.483895 0.06445 0.40005)
(0.483895 0.07945 0.2667)
(0.483895 0.07945 0.2717)
(0.483895 0.07945 0.2817)
(0.483895 0.07945 0.2847)
(0.483895 0.07945 0.2887)
(0.483895 0.07945 0.2917)
(0.483895 0.07945 0.2967)
(0.483895 0.07945 0.3142)
(0.483895 0.07945 0.3317)
(0.483895 0.07945 0.3492)
(0.483895 0.07945 0.3667)
(0.483895 0.07945 0.3737)
(0.483895 0.07945 0.3767)
(0.483895 0.07945 0.38205)
(0.483895 0.07945 0.38505)
(0.483895 0.07945 0.39505)
(0.483895 0.07945 0.40005)
(0.483895 0.08945 0.2667)
(0.483895 0.08945 0.2717)
(0.483895 0.08945 0.2817)
(0.483895 0.08945 0.2847)
(0.483895 0.08945 0.2887)
(0.483895 0.08945 0.2917)
(0.483895 0.08945 0.2967)
(0.483895 0.08945 0.3142)
(0.483895 0.08945 0.3317)
(0.483895 0.08945 0.3492)
(0.483895 0.08945 0.3667)
(0.483895 0.08945 0.3737)
(0.483895 0.08945 0.3767)
(0.483895 0.08945 0.38205)
(0.483895 0.08945 0.38505)
(0.483895 0.08945 0.39505)
(0.483895 0.08945 0.40005)
(0.483895 0.09945 0.2667)
(0.483895 0.09945 0.2717)
(0.483895 0.09945 0.2817)
(0.483895 0.09945 0.2847)
(0.483895 0.09945 0.2887)
(0.483895 0.09945 0.2917)
(0.483895 0.09945 0.2967)
(0.483895 0.09945 0.3142)
(0.483895 0.09945 0.3317)
(0.483895 0.09945 0.3492)
(0.483895 0.09945 0.3667)
(0.483895 0.09945 0.3737)
(0.483895 0.09945 0.3767)
(0.483895 0.09945 0.38205)
(0.483895 0.09945 0.38505)
(0.483895 0.09945 0.39505)
(0.483895 0.09945 0.40005)
(0.483895 0.11445 0.2667)
(0.483895 0.11445 0.2717)
(0.483895 0.11445 0.2817)
(0.483895 0.11445 0.2847)
(0.483895 0.11445 0.2887)
(0.483895 0.11445 0.2917)
(0.483895 0.11445 0.2967)
(0.483895 0.11445 0.3142)
(0.483895 0.11445 0.3317)
(0.483895 0.11445 0.3492)
(0.483895 0.11445 0.3667)
(0.483895 0.11445 0.3737)
(0.483895 0.11445 0.3767)
(0.483895 0.11445 0.38205)
(0.483895 0.11445 0.38505)
(0.483895 0.11445 0.39505)
(0.483895 0.11445 0.40005)
(0.483895 0.12945 0.2667)
(0.483895 0.12945 0.2717)
(0.483895 0.12945 0.2817)
(0.483895 0.12945 0.2847)
(0.483895 0.12945 0.2887)
(0.483895 0.12945 0.2917)
(0.483895 0.12945 0.2967)
(0.483895 0.12945 0.3142)
(0.483895 0.12945 0.3317)
(0.483895 0.12945 0.3492)
(0.483895 0.12945 0.3667)
(0.483895 0.12945 0.3737)
(0.483895 0.12945 0.3767)
(0.483895 0.12945 0.38205)
(0.483895 0.12945 0.38505)
(0.483895 0.12945 0.39505)
(0.483895 0.12945 0.40005)
(0.483895 0.14445 0.2667)
(0.483895 0.14445 0.2717)
(0.483895 0.14445 0.2817)
(0.483895 0.14445 0.2847)
(0.483895 0.14445 0.2887)
(0.483895 0.14445 0.2917)
(0.483895 0.14445 0.2967)
(0.483895 0.14445 0.3142)
(0.483895 0.14445 0.3317)
(0.483895 0.14445 0.3492)
(0.483895 0.14445 0.3667)
(0.483895 0.14445 0.3737)
(0.483895 0.14445 0.3767)
(0.483895 0.14445 0.38205)
(0.483895 0.14445 0.38505)
(0.483895 0.14445 0.39505)
(0.483895 0.14445 0.40005)
(0.483895 0.15945 0.2667)
(0.483895 0.15945 0.2717)
(0.483895 0.15945 0.2817)
(0.483895 0.15945 0.2847)
(0.483895 0.15945 0.2887)
(0.483895 0.15945 0.2917)
(0.483895 0.15945 0.2967)
(0.483895 0.15945 0.3142)
(0.483895 0.15945 0.3317)
(0.483895 0.15945 0.3492)
(0.483895 0.15945 0.3667)
(0.483895 0.15945 0.3737)
(0.483895 0.15945 0.3767)
(0.483895 0.15945 0.38205)
(0.483895 0.15945 0.38505)
(0.483895 0.15945 0.39505)
(0.483895 0.15945 0.40005)
(0.483895 0.16445 0.2667)
(0.483895 0.16445 0.2717)
(0.483895 0.16445 0.2817)
(0.483895 0.16445 0.2847)
(0.483895 0.16445 0.2887)
(0.483895 0.16445 0.2917)
(0.483895 0.16445 0.2967)
(0.483895 0.16445 0.3142)
(0.483895 0.16445 0.3317)
(0.483895 0.16445 0.3492)
(0.483895 0.16445 0.3667)
(0.483895 0.16445 0.3737)
(0.483895 0.16445 0.3767)
(0.483895 0.16445 0.38205)
(0.483895 0.16445 0.38505)
(0.483895 0.16445 0.39505)
(0.483895 0.16445 0.40005)
(0.483895 0.17445 0.2667)
(0.483895 0.17445 0.2717)
(0.483895 0.17445 0.2817)
(0.483895 0.17445 0.2847)
(0.483895 0.17445 0.2887)
(0.483895 0.17445 0.2917)
(0.483895 0.17445 0.2967)
(0.483895 0.17445 0.3142)
(0.483895 0.17445 0.3317)
(0.483895 0.17445 0.3492)
(0.483895 0.17445 0.3667)
(0.483895 0.17445 0.3737)
(0.483895 0.17445 0.3767)
(0.483895 0.17445 0.38205)
(0.483895 0.17445 0.38505)
(0.483895 0.17445 0.39505)
(0.483895 0.17445 0.40005)
(0.483895 0.18445 0.2667)
(0.483895 0.18445 0.2717)
(0.483895 0.18445 0.2817)
(0.483895 0.18445 0.2847)
(0.483895 0.18445 0.2887)
(0.483895 0.18445 0.2917)
(0.483895 0.18445 0.2967)
(0.483895 0.18445 0.3142)
(0.483895 0.18445 0.3317)
(0.483895 0.18445 0.3492)
(0.483895 0.18445 0.3667)
(0.483895 0.18445 0.3737)
(0.483895 0.18445 0.3767)
(0.483895 0.18445 0.38205)
(0.483895 0.18445 0.38505)
(0.483895 0.18445 0.39505)
(0.483895 0.18445 0.40005)
(0.483895 0.19695 0.2667)
(0.483895 0.19695 0.2717)
(0.483895 0.19695 0.2817)
(0.483895 0.19695 0.2847)
(0.483895 0.19695 0.2887)
(0.483895 0.19695 0.2917)
(0.483895 0.19695 0.2967)
(0.483895 0.19695 0.3142)
(0.483895 0.19695 0.3317)
(0.483895 0.19695 0.3492)
(0.483895 0.19695 0.3667)
(0.483895 0.19695 0.3737)
(0.483895 0.19695 0.3767)
(0.483895 0.19695 0.38205)
(0.483895 0.19695 0.38505)
(0.483895 0.19695 0.39505)
(0.483895 0.19695 0.40005)
(0.483895 0.20945 0.2667)
(0.483895 0.20945 0.2717)
(0.483895 0.20945 0.2817)
(0.483895 0.20945 0.2847)
(0.483895 0.20945 0.2887)
(0.483895 0.20945 0.2917)
(0.483895 0.20945 0.2967)
(0.483895 0.20945 0.3142)
(0.483895 0.20945 0.3317)
(0.483895 0.20945 0.3492)
(0.483895 0.20945 0.3667)
(0.483895 0.20945 0.3737)
(0.483895 0.20945 0.3767)
(0.483895 0.20945 0.38205)
(0.483895 0.20945 0.38505)
(0.483895 0.20945 0.39505)
(0.483895 0.20945 0.40005)
(0.483895 0.22645 0.2667)
(0.483895 0.22645 0.2717)
(0.483895 0.22645 0.2817)
(0.483895 0.22645 0.2847)
(0.483895 0.22645 0.2887)
(0.483895 0.22645 0.2917)
(0.483895 0.22645 0.2967)
(0.483895 0.22645 0.3142)
(0.483895 0.22645 0.3317)
(0.483895 0.22645 0.3492)
(0.483895 0.22645 0.3667)
(0.483895 0.22645 0.3737)
(0.483895 0.22645 0.3767)
(0.483895 0.22645 0.38205)
(0.483895 0.22645 0.38505)
(0.483895 0.22645 0.39505)
(0.483895 0.22645 0.40005)
(0.483895 0.24345 0.2667)
(0.483895 0.24345 0.2717)
(0.483895 0.24345 0.2817)
(0.483895 0.24345 0.2847)
(0.483895 0.24345 0.2887)
(0.483895 0.24345 0.2917)
(0.483895 0.24345 0.2967)
(0.483895 0.24345 0.3142)
(0.483895 0.24345 0.3317)
(0.483895 0.24345 0.3492)
(0.483895 0.24345 0.3667)
(0.483895 0.24345 0.3737)
(0.483895 0.24345 0.3767)
(0.483895 0.24345 0.38205)
(0.483895 0.24345 0.38505)
(0.483895 0.24345 0.39505)
(0.483895 0.24345 0.40005)
(0.483895 0.26045 0.2667)
(0.483895 0.26045 0.2717)
(0.483895 0.26045 0.2817)
(0.483895 0.26045 0.2847)
(0.483895 0.26045 0.2887)
(0.483895 0.26045 0.2917)
(0.483895 0.26045 0.2967)
(0.483895 0.26045 0.3142)
(0.483895 0.26045 0.3317)
(0.483895 0.26045 0.3492)
(0.483895 0.26045 0.3667)
(0.483895 0.26045 0.3737)
(0.483895 0.26045 0.3767)
(0.483895 0.26045 0.38205)
(0.483895 0.26045 0.38505)
(0.483895 0.26045 0.39505)
(0.483895 0.26045 0.40005)
(0.483895 0.27745 0.2667)
(0.483895 0.27745 0.2717)
(0.483895 0.27745 0.2817)
(0.483895 0.27745 0.2847)
(0.483895 0.27745 0.2887)
(0.483895 0.27745 0.2917)
(0.483895 0.27745 0.2967)
(0.483895 0.27745 0.3142)
(0.483895 0.27745 0.3317)
(0.483895 0.27745 0.3492)
(0.483895 0.27745 0.3667)
(0.483895 0.27745 0.3737)
(0.483895 0.27745 0.3767)
(0.483895 0.27745 0.38205)
(0.483895 0.27745 0.38505)
(0.483895 0.27745 0.39505)
(0.483895 0.27745 0.40005)
(0.483895 0.29445 0.2667)
(0.483895 0.29445 0.2717)
(0.483895 0.29445 0.2817)
(0.483895 0.29445 0.2847)
(0.483895 0.29445 0.2887)
(0.483895 0.29445 0.2917)
(0.483895 0.29445 0.2967)
(0.483895 0.29445 0.3142)
(0.483895 0.29445 0.3317)
(0.483895 0.29445 0.3492)
(0.483895 0.29445 0.3667)
(0.483895 0.29445 0.3737)
(0.483895 0.29445 0.3767)
(0.483895 0.29445 0.38205)
(0.483895 0.29445 0.38505)
(0.483895 0.29445 0.39505)
(0.483895 0.29445 0.40005)
(0.483895 0.30945 0.2667)
(0.483895 0.30945 0.2717)
(0.483895 0.30945 0.2817)
(0.483895 0.30945 0.2847)
(0.483895 0.30945 0.2887)
(0.483895 0.30945 0.2917)
(0.483895 0.30945 0.2967)
(0.483895 0.30945 0.3142)
(0.483895 0.30945 0.3317)
(0.483895 0.30945 0.3492)
(0.483895 0.30945 0.3667)
(0.483895 0.30945 0.3737)
(0.483895 0.30945 0.3767)
(0.483895 0.30945 0.38205)
(0.483895 0.30945 0.38505)
(0.483895 0.30945 0.39505)
(0.483895 0.30945 0.40005)
(0.483895 0.32445 0.2667)
(0.483895 0.32445 0.2717)
(0.483895 0.32445 0.2817)
(0.483895 0.32445 0.2847)
(0.483895 0.32445 0.2887)
(0.483895 0.32445 0.2917)
(0.483895 0.32445 0.2967)
(0.483895 0.32445 0.3142)
(0.483895 0.32445 0.3317)
(0.483895 0.32445 0.3492)
(0.483895 0.32445 0.3667)
(0.483895 0.32445 0.3737)
(0.483895 0.32445 0.3767)
(0.483895 0.32445 0.38205)
(0.483895 0.32445 0.38505)
(0.483895 0.32445 0.39505)
(0.483895 0.32445 0.40005)
(0.483895 0.34195 0.2667)
(0.483895 0.34195 0.2717)
(0.483895 0.34195 0.2817)
(0.483895 0.34195 0.2847)
(0.483895 0.34195 0.2887)
(0.483895 0.34195 0.2917)
(0.483895 0.34195 0.2967)
(0.483895 0.34195 0.3142)
(0.483895 0.34195 0.3317)
(0.483895 0.34195 0.3492)
(0.483895 0.34195 0.3667)
(0.483895 0.34195 0.3737)
(0.483895 0.34195 0.3767)
(0.483895 0.34195 0.38205)
(0.483895 0.34195 0.38505)
(0.483895 0.34195 0.39505)
(0.483895 0.34195 0.40005)
(0.483895 0.35945 0.2667)
(0.483895 0.35945 0.2717)
(0.483895 0.35945 0.2817)
(0.483895 0.35945 0.2847)
(0.483895 0.35945 0.2887)
(0.483895 0.35945 0.2917)
(0.483895 0.35945 0.2967)
(0.483895 0.35945 0.3142)
(0.483895 0.35945 0.3317)
(0.483895 0.35945 0.3492)
(0.483895 0.35945 0.3667)
(0.483895 0.35945 0.3737)
(0.483895 0.35945 0.3767)
(0.483895 0.35945 0.38205)
(0.483895 0.35945 0.38505)
(0.483895 0.35945 0.39505)
(0.483895 0.35945 0.40005)
(0.483895 0.37695 0.2667)
(0.483895 0.37695 0.2717)
(0.483895 0.37695 0.2817)
(0.483895 0.37695 0.2847)
(0.483895 0.37695 0.2887)
(0.483895 0.37695 0.2917)
(0.483895 0.37695 0.2967)
(0.483895 0.37695 0.3142)
(0.483895 0.37695 0.3317)
(0.483895 0.37695 0.3492)
(0.483895 0.37695 0.3667)
(0.483895 0.37695 0.3737)
(0.483895 0.37695 0.3767)
(0.483895 0.37695 0.38205)
(0.483895 0.37695 0.38505)
(0.483895 0.37695 0.39505)
(0.483895 0.37695 0.40005)
(0.483895 0.39445 0.2667)
(0.483895 0.39445 0.2717)
(0.483895 0.39445 0.2817)
(0.483895 0.39445 0.2847)
(0.483895 0.39445 0.2887)
(0.483895 0.39445 0.2917)
(0.483895 0.39445 0.2967)
(0.483895 0.39445 0.3142)
(0.483895 0.39445 0.3317)
(0.483895 0.39445 0.3492)
(0.483895 0.39445 0.3667)
(0.483895 0.39445 0.3737)
(0.483895 0.39445 0.3767)
(0.483895 0.39445 0.38205)
(0.483895 0.39445 0.38505)
(0.483895 0.39445 0.39505)
(0.483895 0.39445 0.40005)
(0.483895 0.40445 0.2667)
(0.483895 0.40445 0.2717)
(0.483895 0.40445 0.2817)
(0.483895 0.40445 0.2847)
(0.483895 0.40445 0.2887)
(0.483895 0.40445 0.2917)
(0.483895 0.40445 0.2967)
(0.483895 0.40445 0.3142)
(0.483895 0.40445 0.3317)
(0.483895 0.40445 0.3492)
(0.483895 0.40445 0.3667)
(0.483895 0.40445 0.3737)
(0.483895 0.40445 0.3767)
(0.483895 0.40445 0.38205)
(0.483895 0.40445 0.38505)
(0.483895 0.40445 0.39505)
(0.483895 0.40445 0.40005)
(0.483895 0.41945 0.2667)
(0.483895 0.41945 0.2717)
(0.483895 0.41945 0.2817)
(0.483895 0.41945 0.2847)
(0.483895 0.41945 0.2887)
(0.483895 0.41945 0.2917)
(0.483895 0.41945 0.2967)
(0.483895 0.41945 0.3142)
(0.483895 0.41945 0.3317)
(0.483895 0.41945 0.3492)
(0.483895 0.41945 0.3667)
(0.483895 0.41945 0.3737)
(0.483895 0.41945 0.3767)
(0.483895 0.41945 0.38205)
(0.483895 0.41945 0.38505)
(0.483895 0.41945 0.39505)
(0.483895 0.41945 0.40005)
(0.483895 0.42945 0.2667)
(0.483895 0.42945 0.2717)
(0.483895 0.42945 0.2817)
(0.483895 0.42945 0.2847)
(0.483895 0.42945 0.2887)
(0.483895 0.42945 0.2917)
(0.483895 0.42945 0.2967)
(0.483895 0.42945 0.3142)
(0.483895 0.42945 0.3317)
(0.483895 0.42945 0.3492)
(0.483895 0.42945 0.3667)
(0.483895 0.42945 0.3737)
(0.483895 0.42945 0.3767)
(0.483895 0.42945 0.38205)
(0.483895 0.42945 0.38505)
(0.483895 0.42945 0.39505)
(0.483895 0.42945 0.40005)
(0.483895 0.43445 0.2667)
(0.483895 0.43445 0.2717)
(0.483895 0.43445 0.2817)
(0.483895 0.43445 0.2847)
(0.483895 0.43445 0.2887)
(0.483895 0.43445 0.2917)
(0.483895 0.43445 0.2967)
(0.483895 0.43445 0.3142)
(0.483895 0.43445 0.3317)
(0.483895 0.43445 0.3492)
(0.483895 0.43445 0.3667)
(0.483895 0.43445 0.3737)
(0.483895 0.43445 0.3767)
(0.483895 0.43445 0.38205)
(0.483895 0.43445 0.38505)
(0.483895 0.43445 0.39505)
(0.483895 0.43445 0.40005)
(0.483895 0.451117 0.2667)
(0.483895 0.451117 0.2717)
(0.483895 0.451117 0.2817)
(0.483895 0.451117 0.2847)
(0.483895 0.451117 0.2887)
(0.483895 0.451117 0.2917)
(0.483895 0.451117 0.2967)
(0.483895 0.451117 0.3142)
(0.483895 0.451117 0.3317)
(0.483895 0.451117 0.3492)
(0.483895 0.451117 0.3667)
(0.483895 0.451117 0.3737)
(0.483895 0.451117 0.3767)
(0.483895 0.451117 0.38205)
(0.483895 0.451117 0.38505)
(0.483895 0.451117 0.39505)
(0.483895 0.451117 0.40005)
(0.483895 0.467783 0.2667)
(0.483895 0.467783 0.2717)
(0.483895 0.467783 0.2817)
(0.483895 0.467783 0.2847)
(0.483895 0.467783 0.2887)
(0.483895 0.467783 0.2917)
(0.483895 0.467783 0.2967)
(0.483895 0.467783 0.3142)
(0.483895 0.467783 0.3317)
(0.483895 0.467783 0.3492)
(0.483895 0.467783 0.3667)
(0.483895 0.467783 0.3737)
(0.483895 0.467783 0.3767)
(0.483895 0.467783 0.38205)
(0.483895 0.467783 0.38505)
(0.483895 0.467783 0.39505)
(0.483895 0.467783 0.40005)
(0.483895 0.48445 0.2667)
(0.483895 0.48445 0.2717)
(0.483895 0.48445 0.2817)
(0.483895 0.48445 0.2847)
(0.483895 0.48445 0.2887)
(0.483895 0.48445 0.2917)
(0.483895 0.48445 0.2967)
(0.483895 0.48445 0.3142)
(0.483895 0.48445 0.3317)
(0.483895 0.48445 0.3492)
(0.483895 0.48445 0.3667)
(0.483895 0.48445 0.3737)
(0.483895 0.48445 0.3767)
(0.483895 0.48445 0.38205)
(0.483895 0.48445 0.38505)
(0.483895 0.48445 0.39505)
(0.483895 0.48445 0.40005)
(0.483895 0.49445 0.2667)
(0.483895 0.49445 0.2717)
(0.483895 0.49445 0.2817)
(0.483895 0.49445 0.2847)
(0.483895 0.49445 0.2887)
(0.483895 0.49445 0.2917)
(0.483895 0.49445 0.2967)
(0.483895 0.49445 0.3142)
(0.483895 0.49445 0.3317)
(0.483895 0.49445 0.3492)
(0.483895 0.49445 0.3667)
(0.483895 0.49445 0.3737)
(0.483895 0.49445 0.3767)
(0.483895 0.49445 0.38205)
(0.483895 0.49445 0.38505)
(0.483895 0.49445 0.39505)
(0.483895 0.49445 0.40005)
(0.483895 0.50445 0.2667)
(0.483895 0.50445 0.2717)
(0.483895 0.50445 0.2817)
(0.483895 0.50445 0.2847)
(0.483895 0.50445 0.2887)
(0.483895 0.50445 0.2917)
(0.483895 0.50445 0.2967)
(0.483895 0.50445 0.3142)
(0.483895 0.50445 0.3317)
(0.483895 0.50445 0.3492)
(0.483895 0.50445 0.3667)
(0.483895 0.50445 0.3737)
(0.483895 0.50445 0.3767)
(0.483895 0.50445 0.38205)
(0.483895 0.50445 0.38505)
(0.483895 0.50445 0.39505)
(0.483895 0.50445 0.40005)
(0.483895 0.50945 0.2667)
(0.483895 0.50945 0.2717)
(0.483895 0.50945 0.2817)
(0.483895 0.50945 0.2847)
(0.483895 0.50945 0.2887)
(0.483895 0.50945 0.2917)
(0.483895 0.50945 0.2967)
(0.483895 0.50945 0.3142)
(0.483895 0.50945 0.3317)
(0.483895 0.50945 0.3492)
(0.483895 0.50945 0.3667)
(0.483895 0.50945 0.3737)
(0.483895 0.50945 0.3767)
(0.483895 0.50945 0.38205)
(0.483895 0.50945 0.38505)
(0.483895 0.50945 0.39505)
(0.483895 0.50945 0.40005)
(0.483895 0.52445 0.2667)
(0.483895 0.52445 0.2717)
(0.483895 0.52445 0.2817)
(0.483895 0.52445 0.2847)
(0.483895 0.52445 0.2887)
(0.483895 0.52445 0.2917)
(0.483895 0.52445 0.2967)
(0.483895 0.52445 0.3142)
(0.483895 0.52445 0.3317)
(0.483895 0.52445 0.3492)
(0.483895 0.52445 0.3667)
(0.483895 0.52445 0.3737)
(0.483895 0.52445 0.3767)
(0.483895 0.52445 0.38205)
(0.483895 0.52445 0.38505)
(0.483895 0.52445 0.39505)
(0.483895 0.52445 0.40005)
(0.483895 0.53945 0.2667)
(0.483895 0.53945 0.2717)
(0.483895 0.53945 0.2817)
(0.483895 0.53945 0.2847)
(0.483895 0.53945 0.2887)
(0.483895 0.53945 0.2917)
(0.483895 0.53945 0.2967)
(0.483895 0.53945 0.3142)
(0.483895 0.53945 0.3317)
(0.483895 0.53945 0.3492)
(0.483895 0.53945 0.3667)
(0.483895 0.53945 0.3737)
(0.483895 0.53945 0.3767)
(0.483895 0.53945 0.38205)
(0.483895 0.53945 0.38505)
(0.483895 0.53945 0.39505)
(0.483895 0.53945 0.40005)
(0.483895 0.54445 0.2667)
(0.483895 0.54445 0.2717)
(0.483895 0.54445 0.2817)
(0.483895 0.54445 0.2847)
(0.483895 0.54445 0.2887)
(0.483895 0.54445 0.2917)
(0.483895 0.54445 0.2967)
(0.483895 0.54445 0.3142)
(0.483895 0.54445 0.3317)
(0.483895 0.54445 0.3492)
(0.483895 0.54445 0.3667)
(0.483895 0.54445 0.3737)
(0.483895 0.54445 0.3767)
(0.483895 0.54445 0.38205)
(0.483895 0.54445 0.38505)
(0.483895 0.54445 0.39505)
(0.483895 0.54445 0.40005)
)


// ************************************************************************* //
