/*--------------------------------*- C++ -*----------------------------------*\
| =========                 |                                                 |
| \\      /  F ield         | OpenFOAM: The Open Source CFD Toolbox           |
|  \\    /   O peration     | Version:  2606                                  |
|   \\  /    A nd           | Website:  www.openfoam.com                      |
|    \\/     M anipulation  |                                                 |
\*---------------------------------------------------------------------------*/
FoamFile
{
    version     2.0;
    format      ascii;
    arch        "LSB;label=32;scalar=64";
    class       faceList;
    location    "constant/Eaton_SU3000RTXLCD2UTAA_UPS_0/polyMesh";
    object      faces;
}
// * * * * * * * * * * * * * * * * * * * * * * * * * * * * * * * * * * * * * //


31350
(
4(1 471 481 11)
4(10 11 481 480)
4(470 480 481 471)
4(2 472 482 12)
4(11 12 482 481)
4(3 473 483 13)
4(12 13 483 482)
4(4 474 484 14)
4(13 14 484 483)
4(5 475 485 15)
4(14 15 485 484)
4(6 476 486 16)
4(15 16 486 485)
4(7 477 487 17)
4(16 17 487 486)
4(8 478 488 18)
4(17 18 488 487)
4(18 19 489 488)
4(478 488 489 479)
4(11 481 491 21)
4(20 21 491 490)
4(480 490 491 481)
4(12 482 492 22)
4(21 22 492 491)
4(13 483 493 23)
4(22 23 493 492)
4(14 484 494 24)
4(23 24 494 493)
4(15 485 495 25)
4(24 25 495 494)
4(16 486 496 26)
4(25 26 496 495)
4(17 487 497 27)
4(26 27 497 496)
4(18 488 498 28)
4(27 28 498 497)
4(28 29 499 498)
4(488 498 499 489)
4(21 491 501 31)
4(30 31 501 500)
4(490 500 501 491)
4(22 492 502 32)
4(31 32 502 501)
4(23 493 503 33)
4(32 33 503 502)
4(24 494 504 34)
4(33 34 504 503)
4(25 495 505 35)
4(34 35 505 504)
4(26 496 506 36)
4(35 36 506 505)
4(27 497 507 37)
4(36 37 507 506)
4(28 498 508 38)
4(37 38 508 507)
4(38 39 509 508)
4(498 508 509 499)
4(31 501 511 41)
4(40 41 511 510)
4(500 510 511 501)
4(32 502 512 42)
4(41 42 512 511)
4(33 503 513 43)
4(42 43 513 512)
4(34 504 514 44)
4(43 44 514 513)
4(35 505 515 45)
4(44 45 515 514)
4(36 506 516 46)
4(45 46 516 515)
4(37 507 517 47)
4(46 47 517 516)
4(38 508 518 48)
4(47 48 518 517)
4(48 49 519 518)
4(508 518 519 509)
4(41 511 521 51)
4(50 51 521 520)
4(510 520 521 511)
4(42 512 522 52)
4(51 52 522 521)
4(43 513 523 53)
4(52 53 523 522)
4(44 514 524 54)
4(53 54 524 523)
4(45 515 525 55)
4(54 55 525 524)
4(46 516 526 56)
4(55 56 526 525)
4(47 517 527 57)
4(56 57 527 526)
4(48 518 528 58)
4(57 58 528 527)
4(58 59 529 528)
4(518 528 529 519)
4(51 521 531 61)
4(60 61 531 530)
4(520 530 531 521)
4(52 522 532 62)
4(61 62 532 531)
4(53 523 533 63)
4(62 63 533 532)
4(54 524 534 64)
4(63 64 534 533)
4(55 525 535 65)
4(64 65 535 534)
4(56 526 536 66)
4(65 66 536 535)
4(57 527 537 67)
4(66 67 537 536)
4(58 528 538 68)
4(67 68 538 537)
4(68 69 539 538)
4(528 538 539 529)
4(61 531 541 71)
4(70 71 541 540)
4(530 540 541 531)
4(62 532 542 72)
4(71 72 542 541)
4(63 533 543 73)
4(72 73 543 542)
4(64 534 544 74)
4(73 74 544 543)
4(65 535 545 75)
4(74 75 545 544)
4(66 536 546 76)
4(75 76 546 545)
4(67 537 547 77)
4(76 77 547 546)
4(68 538 548 78)
4(77 78 548 547)
4(78 79 549 548)
4(538 548 549 539)
4(71 541 551 81)
4(80 81 551 550)
4(540 550 551 541)
4(72 542 552 82)
4(81 82 552 551)
4(73 543 553 83)
4(82 83 553 552)
4(74 544 554 84)
4(83 84 554 553)
4(75 545 555 85)
4(84 85 555 554)
4(76 546 556 86)
4(85 86 556 555)
4(77 547 557 87)
4(86 87 557 556)
4(78 548 558 88)
4(87 88 558 557)
4(88 89 559 558)
4(548 558 559 549)
4(81 551 561 91)
4(90 91 561 560)
4(550 560 561 551)
4(82 552 562 92)
4(91 92 562 561)
4(83 553 563 93)
4(92 93 563 562)
4(84 554 564 94)
4(93 94 564 563)
4(85 555 565 95)
4(94 95 565 564)
4(86 556 566 96)
4(95 96 566 565)
4(87 557 567 97)
4(96 97 567 566)
4(88 558 568 98)
4(97 98 568 567)
4(98 99 569 568)
4(558 568 569 559)
4(91 561 571 101)
4(100 101 571 570)
4(560 570 571 561)
4(92 562 572 102)
4(101 102 572 571)
4(93 563 573 103)
4(102 103 573 572)
4(94 564 574 104)
4(103 104 574 573)
4(95 565 575 105)
4(104 105 575 574)
4(96 566 576 106)
4(105 106 576 575)
4(97 567 577 107)
4(106 107 577 576)
4(98 568 578 108)
4(107 108 578 577)
4(108 109 579 578)
4(568 578 579 569)
4(101 571 581 111)
4(110 111 581 580)
4(570 580 581 571)
4(102 572 582 112)
4(111 112 582 581)
4(103 573 583 113)
4(112 113 583 582)
4(104 574 584 114)
4(113 114 584 583)
4(105 575 585 115)
4(114 115 585 584)
4(106 576 586 116)
4(115 116 586 585)
4(107 577 587 117)
4(116 117 587 586)
4(108 578 588 118)
4(117 118 588 587)
4(118 119 589 588)
4(578 588 589 579)
4(111 581 591 121)
4(120 121 591 590)
4(580 590 591 581)
4(112 582 592 122)
4(121 122 592 591)
4(113 583 593 123)
4(122 123 593 592)
4(114 584 594 124)
4(123 124 594 593)
4(115 585 595 125)
4(124 125 595 594)
4(116 586 596 126)
4(125 126 596 595)
4(117 587 597 127)
4(126 127 597 596)
4(118 588 598 128)
4(127 128 598 597)
4(128 129 599 598)
4(588 598 599 589)
4(121 591 601 131)
4(130 131 601 600)
4(590 600 601 591)
4(122 592 602 132)
4(131 132 602 601)
4(123 593 603 133)
4(132 133 603 602)
4(124 594 604 134)
4(133 134 604 603)
4(125 595 605 135)
4(134 135 605 604)
4(126 596 606 136)
4(135 136 606 605)
4(127 597 607 137)
4(136 137 607 606)
4(128 598 608 138)
4(137 138 608 607)
4(138 139 609 608)
4(598 608 609 599)
4(131 601 611 141)
4(140 141 611 610)
4(600 610 611 601)
4(132 602 612 142)
4(141 142 612 611)
4(133 603 613 143)
4(142 143 613 612)
4(134 604 614 144)
4(143 144 614 613)
4(135 605 615 145)
4(144 145 615 614)
4(136 606 616 146)
4(145 146 616 615)
4(137 607 617 147)
4(146 147 617 616)
4(138 608 618 148)
4(147 148 618 617)
4(148 149 619 618)
4(608 618 619 609)
4(141 611 621 151)
4(150 151 621 620)
4(610 620 621 611)
4(142 612 622 152)
4(151 152 622 621)
4(143 613 623 153)
4(152 153 623 622)
4(144 614 624 154)
4(153 154 624 623)
4(145 615 625 155)
4(154 155 625 624)
4(146 616 626 156)
4(155 156 626 625)
4(147 617 627 157)
4(156 157 627 626)
4(148 618 628 158)
4(157 158 628 627)
4(158 159 629 628)
4(618 628 629 619)
4(151 621 631 161)
4(160 161 631 630)
4(620 630 631 621)
4(152 622 632 162)
4(161 162 632 631)
4(153 623 633 163)
4(162 163 633 632)
4(154 624 634 164)
4(163 164 634 633)
4(155 625 635 165)
4(164 165 635 634)
4(156 626 636 166)
4(165 166 636 635)
4(157 627 637 167)
4(166 167 637 636)
4(158 628 638 168)
4(167 168 638 637)
4(168 169 639 638)
4(628 638 639 629)
4(161 631 641 171)
4(170 171 641 640)
4(630 640 641 631)
4(162 632 642 172)
4(171 172 642 641)
4(163 633 643 173)
4(172 173 643 642)
4(164 634 644 174)
4(173 174 644 643)
4(165 635 645 175)
4(174 175 645 644)
4(166 636 646 176)
4(175 176 646 645)
4(167 637 647 177)
4(176 177 647 646)
4(168 638 648 178)
4(177 178 648 647)
4(178 179 649 648)
4(638 648 649 639)
4(171 641 651 181)
4(180 181 651 650)
4(640 650 651 641)
4(172 642 652 182)
4(181 182 652 651)
4(173 643 653 183)
4(182 183 653 652)
4(174 644 654 184)
4(183 184 654 653)
4(175 645 655 185)
4(184 185 655 654)
4(176 646 656 186)
4(185 186 656 655)
4(177 647 657 187)
4(186 187 657 656)
4(178 648 658 188)
4(187 188 658 657)
4(188 189 659 658)
4(648 658 659 649)
4(181 651 661 191)
4(190 191 661 660)
4(650 660 661 651)
4(182 652 662 192)
4(191 192 662 661)
4(183 653 663 193)
4(192 193 663 662)
4(184 654 664 194)
4(193 194 664 663)
4(185 655 665 195)
4(194 195 665 664)
4(186 656 666 196)
4(195 196 666 665)
4(187 657 667 197)
4(196 197 667 666)
4(188 658 668 198)
4(197 198 668 667)
4(198 199 669 668)
4(658 668 669 659)
4(191 661 671 201)
4(200 201 671 670)
4(660 670 671 661)
4(192 662 672 202)
4(201 202 672 671)
4(193 663 673 203)
4(202 203 673 672)
4(194 664 674 204)
4(203 204 674 673)
4(195 665 675 205)
4(204 205 675 674)
4(196 666 676 206)
4(205 206 676 675)
4(197 667 677 207)
4(206 207 677 676)
4(198 668 678 208)
4(207 208 678 677)
4(208 209 679 678)
4(668 678 679 669)
4(201 671 681 211)
4(210 211 681 680)
4(670 680 681 671)
4(202 672 682 212)
4(211 212 682 681)
4(203 673 683 213)
4(212 213 683 682)
4(204 674 684 214)
4(213 214 684 683)
4(205 675 685 215)
4(214 215 685 684)
4(206 676 686 216)
4(215 216 686 685)
4(207 677 687 217)
4(216 217 687 686)
4(208 678 688 218)
4(217 218 688 687)
4(218 219 689 688)
4(678 688 689 679)
4(211 681 691 221)
4(220 221 691 690)
4(680 690 691 681)
4(212 682 692 222)
4(221 222 692 691)
4(213 683 693 223)
4(222 223 693 692)
4(214 684 694 224)
4(223 224 694 693)
4(215 685 695 225)
4(224 225 695 694)
4(216 686 696 226)
4(225 226 696 695)
4(217 687 697 227)
4(226 227 697 696)
4(218 688 698 228)
4(227 228 698 697)
4(228 229 699 698)
4(688 698 699 689)
4(221 691 701 231)
4(230 231 701 700)
4(690 700 701 691)
4(222 692 702 232)
4(231 232 702 701)
4(223 693 703 233)
4(232 233 703 702)
4(224 694 704 234)
4(233 234 704 703)
4(225 695 705 235)
4(234 235 705 704)
4(226 696 706 236)
4(235 236 706 705)
4(227 697 707 237)
4(236 237 707 706)
4(228 698 708 238)
4(237 238 708 707)
4(238 239 709 708)
4(698 708 709 699)
4(231 701 711 241)
4(240 241 711 710)
4(700 710 711 701)
4(232 702 712 242)
4(241 242 712 711)
4(233 703 713 243)
4(242 243 713 712)
4(234 704 714 244)
4(243 244 714 713)
4(235 705 715 245)
4(244 245 715 714)
4(236 706 716 246)
4(245 246 716 715)
4(237 707 717 247)
4(246 247 717 716)
4(238 708 718 248)
4(247 248 718 717)
4(248 249 719 718)
4(708 718 719 709)
4(241 711 721 251)
4(250 251 721 720)
4(710 720 721 711)
4(242 712 722 252)
4(251 252 722 721)
4(243 713 723 253)
4(252 253 723 722)
4(244 714 724 254)
4(253 254 724 723)
4(245 715 725 255)
4(254 255 725 724)
4(246 716 726 256)
4(255 256 726 725)
4(247 717 727 257)
4(256 257 727 726)
4(248 718 728 258)
4(257 258 728 727)
4(258 259 729 728)
4(718 728 729 719)
4(251 721 731 261)
4(260 261 731 730)
4(720 730 731 721)
4(252 722 732 262)
4(261 262 732 731)
4(253 723 733 263)
4(262 263 733 732)
4(254 724 734 264)
4(263 264 734 733)
4(255 725 735 265)
4(264 265 735 734)
4(256 726 736 266)
4(265 266 736 735)
4(257 727 737 267)
4(266 267 737 736)
4(258 728 738 268)
4(267 268 738 737)
4(268 269 739 738)
4(728 738 739 729)
4(261 731 741 271)
4(270 271 741 740)
4(730 740 741 731)
4(262 732 742 272)
4(271 272 742 741)
4(263 733 743 273)
4(272 273 743 742)
4(264 734 744 274)
4(273 274 744 743)
4(265 735 745 275)
4(274 275 745 744)
4(266 736 746 276)
4(275 276 746 745)
4(267 737 747 277)
4(276 277 747 746)
4(268 738 748 278)
4(277 278 748 747)
4(278 279 749 748)
4(738 748 749 739)
4(271 741 751 281)
4(280 281 751 750)
4(740 750 751 741)
4(272 742 752 282)
4(281 282 752 751)
4(273 743 753 283)
4(282 283 753 752)
4(274 744 754 284)
4(283 284 754 753)
4(275 745 755 285)
4(284 285 755 754)
4(276 746 756 286)
4(285 286 756 755)
4(277 747 757 287)
4(286 287 757 756)
4(278 748 758 288)
4(287 288 758 757)
4(288 289 759 758)
4(748 758 759 749)
4(281 751 761 291)
4(290 291 761 760)
4(750 760 761 751)
4(282 752 762 292)
4(291 292 762 761)
4(283 753 763 293)
4(292 293 763 762)
4(284 754 764 294)
4(293 294 764 763)
4(285 755 765 295)
4(294 295 765 764)
4(286 756 766 296)
4(295 296 766 765)
4(287 757 767 297)
4(296 297 767 766)
4(288 758 768 298)
4(297 298 768 767)
4(298 299 769 768)
4(758 768 769 759)
4(291 761 771 301)
4(300 301 771 770)
4(760 770 771 761)
4(292 762 772 302)
4(301 302 772 771)
4(293 763 773 303)
4(302 303 773 772)
4(294 764 774 304)
4(303 304 774 773)
4(295 765 775 305)
4(304 305 775 774)
4(296 766 776 306)
4(305 306 776 775)
4(297 767 777 307)
4(306 307 777 776)
4(298 768 778 308)
4(307 308 778 777)
4(308 309 779 778)
4(768 778 779 769)
4(301 771 781 311)
4(310 311 781 780)
4(770 780 781 771)
4(302 772 782 312)
4(311 312 782 781)
4(303 773 783 313)
4(312 313 783 782)
4(304 774 784 314)
4(313 314 784 783)
4(305 775 785 315)
4(314 315 785 784)
4(306 776 786 316)
4(315 316 786 785)
4(307 777 787 317)
4(316 317 787 786)
4(308 778 788 318)
4(317 318 788 787)
4(318 319 789 788)
4(778 788 789 779)
4(311 781 791 321)
4(320 321 791 790)
4(780 790 791 781)
4(312 782 792 322)
4(321 322 792 791)
4(313 783 793 323)
4(322 323 793 792)
4(314 784 794 324)
4(323 324 794 793)
4(315 785 795 325)
4(324 325 795 794)
4(316 786 796 326)
4(325 326 796 795)
4(317 787 797 327)
4(326 327 797 796)
4(318 788 798 328)
4(327 328 798 797)
4(328 329 799 798)
4(788 798 799 789)
4(321 791 801 331)
4(330 331 801 800)
4(790 800 801 791)
4(322 792 802 332)
4(331 332 802 801)
4(323 793 803 333)
4(332 333 803 802)
4(324 794 804 334)
4(333 334 804 803)
4(325 795 805 335)
4(334 335 805 804)
4(326 796 806 336)
4(335 336 806 805)
4(327 797 807 337)
4(336 337 807 806)
4(328 798 808 338)
4(337 338 808 807)
4(338 339 809 808)
4(798 808 809 799)
4(331 801 811 341)
4(340 341 811 810)
4(800 810 811 801)
4(332 802 812 342)
4(341 342 812 811)
4(333 803 813 343)
4(342 343 813 812)
4(334 804 814 344)
4(343 344 814 813)
4(335 805 815 345)
4(344 345 815 814)
4(336 806 816 346)
4(345 346 816 815)
4(337 807 817 347)
4(346 347 817 816)
4(338 808 818 348)
4(347 348 818 817)
4(348 349 819 818)
4(808 818 819 809)
4(341 811 821 351)
4(350 351 821 820)
4(810 820 821 811)
4(342 812 822 352)
4(351 352 822 821)
4(343 813 823 353)
4(352 353 823 822)
4(344 814 824 354)
4(353 354 824 823)
4(345 815 825 355)
4(354 355 825 824)
4(346 816 826 356)
4(355 356 826 825)
4(347 817 827 357)
4(356 357 827 826)
4(348 818 828 358)
4(357 358 828 827)
4(358 359 829 828)
4(818 828 829 819)
4(351 821 831 361)
4(360 361 831 830)
4(820 830 831 821)
4(352 822 832 362)
4(361 362 832 831)
4(353 823 833 363)
4(362 363 833 832)
4(354 824 834 364)
4(363 364 834 833)
4(355 825 835 365)
4(364 365 835 834)
4(356 826 836 366)
4(365 366 836 835)
4(357 827 837 367)
4(366 367 837 836)
4(358 828 838 368)
4(367 368 838 837)
4(368 369 839 838)
4(828 838 839 829)
4(361 831 841 371)
4(370 371 841 840)
4(830 840 841 831)
4(362 832 842 372)
4(371 372 842 841)
4(363 833 843 373)
4(372 373 843 842)
4(364 834 844 374)
4(373 374 844 843)
4(365 835 845 375)
4(374 375 845 844)
4(366 836 846 376)
4(375 376 846 845)
4(367 837 847 377)
4(376 377 847 846)
4(368 838 848 378)
4(377 378 848 847)
4(378 379 849 848)
4(838 848 849 839)
4(371 841 851 381)
4(380 381 851 850)
4(840 850 851 841)
4(372 842 852 382)
4(381 382 852 851)
4(373 843 853 383)
4(382 383 853 852)
4(374 844 854 384)
4(383 384 854 853)
4(375 845 855 385)
4(384 385 855 854)
4(376 846 856 386)
4(385 386 856 855)
4(377 847 857 387)
4(386 387 857 856)
4(378 848 858 388)
4(387 388 858 857)
4(388 389 859 858)
4(848 858 859 849)
4(381 851 861 391)
4(390 391 861 860)
4(850 860 861 851)
4(382 852 862 392)
4(391 392 862 861)
4(383 853 863 393)
4(392 393 863 862)
4(384 854 864 394)
4(393 394 864 863)
4(385 855 865 395)
4(394 395 865 864)
4(386 856 866 396)
4(395 396 866 865)
4(387 857 867 397)
4(396 397 867 866)
4(388 858 868 398)
4(397 398 868 867)
4(398 399 869 868)
4(858 868 869 859)
4(391 861 871 401)
4(400 401 871 870)
4(860 870 871 861)
4(392 862 872 402)
4(401 402 872 871)
4(393 863 873 403)
4(402 403 873 872)
4(394 864 874 404)
4(403 404 874 873)
4(395 865 875 405)
4(404 405 875 874)
4(396 866 876 406)
4(405 406 876 875)
4(397 867 877 407)
4(406 407 877 876)
4(398 868 878 408)
4(407 408 878 877)
4(408 409 879 878)
4(868 878 879 869)
4(401 871 881 411)
4(410 411 881 880)
4(870 880 881 871)
4(402 872 882 412)
4(411 412 882 881)
4(403 873 883 413)
4(412 413 883 882)
4(404 874 884 414)
4(413 414 884 883)
4(405 875 885 415)
4(414 415 885 884)
4(406 876 886 416)
4(415 416 886 885)
4(407 877 887 417)
4(416 417 887 886)
4(408 878 888 418)
4(417 418 888 887)
4(418 419 889 888)
4(878 888 889 879)
4(411 881 891 421)
4(420 421 891 890)
4(880 890 891 881)
4(412 882 892 422)
4(421 422 892 891)
4(413 883 893 423)
4(422 423 893 892)
4(414 884 894 424)
4(423 424 894 893)
4(415 885 895 425)
4(424 425 895 894)
4(416 886 896 426)
4(425 426 896 895)
4(417 887 897 427)
4(426 427 897 896)
4(418 888 898 428)
4(427 428 898 897)
4(428 429 899 898)
4(888 898 899 889)
4(421 891 901 431)
4(430 431 901 900)
4(890 900 901 891)
4(422 892 902 432)
4(431 432 902 901)
4(423 893 903 433)
4(432 433 903 902)
4(424 894 904 434)
4(433 434 904 903)
4(425 895 905 435)
4(434 435 905 904)
4(426 896 906 436)
4(435 436 906 905)
4(427 897 907 437)
4(436 437 907 906)
4(428 898 908 438)
4(437 438 908 907)
4(438 439 909 908)
4(898 908 909 899)
4(431 901 911 441)
4(440 441 911 910)
4(900 910 911 901)
4(432 902 912 442)
4(441 442 912 911)
4(433 903 913 443)
4(442 443 913 912)
4(434 904 914 444)
4(443 444 914 913)
4(435 905 915 445)
4(444 445 915 914)
4(436 906 916 446)
4(445 446 916 915)
4(437 907 917 447)
4(446 447 917 916)
4(438 908 918 448)
4(447 448 918 917)
4(448 449 919 918)
4(908 918 919 909)
4(441 911 921 451)
4(450 451 921 920)
4(910 920 921 911)
4(442 912 922 452)
4(451 452 922 921)
4(443 913 923 453)
4(452 453 923 922)
4(444 914 924 454)
4(453 454 924 923)
4(445 915 925 455)
4(454 455 925 924)
4(446 916 926 456)
4(455 456 926 925)
4(447 917 927 457)
4(456 457 927 926)
4(448 918 928 458)
4(457 458 928 927)
4(458 459 929 928)
4(918 928 929 919)
4(451 921 931 461)
4(920 930 931 921)
4(452 922 932 462)
4(921 931 932 922)
4(453 923 933 463)
4(922 932 933 923)
4(454 924 934 464)
4(923 933 934 924)
4(455 925 935 465)
4(924 934 935 925)
4(456 926 936 466)
4(925 935 936 926)
4(457 927 937 467)
4(926 936 937 927)
4(458 928 938 468)
4(927 937 938 928)
4(928 938 939 929)
4(480 481 945 944)
4(940 944 945 941)
4(488 489 947 946)
4(942 946 947 943)
4(490 491 949 948)
4(944 948 949 945)
4(498 499 951 950)
4(946 950 951 947)
4(500 501 953 952)
4(948 952 953 949)
4(508 509 955 954)
4(950 954 955 951)
4(510 511 957 956)
4(952 956 957 953)
4(518 519 959 958)
4(954 958 959 955)
4(520 521 961 960)
4(956 960 961 957)
4(528 529 963 962)
4(958 962 963 959)
4(530 531 965 964)
4(960 964 965 961)
4(538 539 967 966)
4(962 966 967 963)
4(540 541 969 968)
4(964 968 969 965)
4(548 549 971 970)
4(966 970 971 967)
4(550 551 973 972)
4(968 972 973 969)
4(558 559 975 974)
4(970 974 975 971)
4(560 561 977 976)
4(972 976 977 973)
4(568 569 979 978)
4(974 978 979 975)
4(570 571 981 980)
4(976 980 981 977)
4(578 579 983 982)
4(978 982 983 979)
4(580 581 985 984)
4(980 984 985 981)
4(588 589 987 986)
4(982 986 987 983)
4(590 591 989 988)
4(984 988 989 985)
4(598 599 991 990)
4(986 990 991 987)
4(600 601 993 992)
4(988 992 993 989)
4(608 609 995 994)
4(990 994 995 991)
4(610 611 997 996)
4(992 996 997 993)
4(618 619 999 998)
4(994 998 999 995)
4(620 621 1001 1000)
4(996 1000 1001 997)
4(628 629 1003 1002)
4(998 1002 1003 999)
4(630 631 1005 1004)
4(1000 1004 1005 1001)
4(638 639 1007 1006)
4(1002 1006 1007 1003)
4(640 641 1009 1008)
4(1004 1008 1009 1005)
4(648 649 1011 1010)
4(1006 1010 1011 1007)
4(650 651 1013 1012)
4(1008 1012 1013 1009)
4(658 659 1015 1014)
4(1010 1014 1015 1011)
4(660 661 1017 1016)
4(1012 1016 1017 1013)
4(668 669 1019 1018)
4(1014 1018 1019 1015)
4(670 671 1021 1020)
4(1016 1020 1021 1017)
4(678 679 1023 1022)
4(1018 1022 1023 1019)
4(680 681 1025 1024)
4(1020 1024 1025 1021)
4(688 689 1027 1026)
4(1022 1026 1027 1023)
4(690 691 1029 1028)
4(1024 1028 1029 1025)
4(698 699 1031 1030)
4(1026 1030 1031 1027)
4(700 701 1033 1032)
4(1028 1032 1033 1029)
4(708 709 1035 1034)
4(1030 1034 1035 1031)
4(710 711 1037 1036)
4(1032 1036 1037 1033)
4(718 719 1039 1038)
4(1034 1038 1039 1035)
4(720 721 1041 1040)
4(1036 1040 1041 1037)
4(728 729 1043 1042)
4(1038 1042 1043 1039)
4(730 731 1045 1044)
4(1040 1044 1045 1041)
4(738 739 1047 1046)
4(1042 1046 1047 1043)
4(740 741 1049 1048)
4(1044 1048 1049 1045)
4(748 749 1051 1050)
4(1046 1050 1051 1047)
4(750 751 1053 1052)
4(1048 1052 1053 1049)
4(758 759 1055 1054)
4(1050 1054 1055 1051)
4(760 761 1057 1056)
4(1052 1056 1057 1053)
4(768 769 1059 1058)
4(1054 1058 1059 1055)
4(770 771 1061 1060)
4(1056 1060 1061 1057)
4(778 779 1063 1062)
4(1058 1062 1063 1059)
4(780 781 1065 1064)
4(1060 1064 1065 1061)
4(788 789 1067 1066)
4(1062 1066 1067 1063)
4(790 791 1069 1068)
4(1064 1068 1069 1065)
4(798 799 1071 1070)
4(1066 1070 1071 1067)
4(800 801 1073 1072)
4(1068 1072 1073 1069)
4(808 809 1075 1074)
4(1070 1074 1075 1071)
4(810 811 1077 1076)
4(1072 1076 1077 1073)
4(818 819 1079 1078)
4(1074 1078 1079 1075)
4(820 821 1081 1080)
4(1076 1080 1081 1077)
4(828 829 1083 1082)
4(1078 1082 1083 1079)
4(830 831 1085 1084)
4(1080 1084 1085 1081)
4(838 839 1087 1086)
4(1082 1086 1087 1083)
4(840 841 1089 1088)
4(1084 1088 1089 1085)
4(848 849 1091 1090)
4(1086 1090 1091 1087)
4(850 851 1093 1092)
4(1088 1092 1093 1089)
4(858 859 1095 1094)
4(1090 1094 1095 1091)
4(860 861 1097 1096)
4(1092 1096 1097 1093)
4(868 869 1099 1098)
4(1094 1098 1099 1095)
4(870 871 1101 1100)
4(1096 1100 1101 1097)
4(878 879 1103 1102)
4(1098 1102 1103 1099)
4(880 881 1105 1104)
4(1100 1104 1105 1101)
4(888 889 1107 1106)
4(1102 1106 1107 1103)
4(890 891 1109 1108)
4(1104 1108 1109 1105)
4(898 899 1111 1110)
4(1106 1110 1111 1107)
4(900 901 1113 1112)
4(1108 1112 1113 1109)
4(908 909 1115 1114)
4(1110 1114 1115 1111)
4(910 911 1117 1116)
4(1112 1116 1117 1113)
4(918 919 1119 1118)
4(1114 1118 1119 1115)
4(920 921 1121 1120)
4(1116 1120 1121 1117)
4(928 929 1129 1128)
4(1118 1128 1129 1119)
4(921 1121 1131 931)
4(1120 1130 1131 1121)
4(922 1122 1132 932)
4(1121 1131 1132 1122)
4(923 1123 1133 933)
4(1122 1132 1133 1123)
4(924 1124 1134 934)
4(1123 1133 1134 1124)
4(925 1125 1135 935)
4(1124 1134 1135 1125)
4(926 1126 1136 936)
4(1125 1135 1136 1126)
4(927 1127 1137 937)
4(1126 1136 1137 1127)
4(928 1128 1138 938)
4(1127 1137 1138 1128)
4(1128 1138 1139 1129)
4(944 945 1145 1144)
4(1140 1144 1145 1141)
4(946 947 1147 1146)
4(1142 1146 1147 1143)
4(948 949 1149 1148)
4(1144 1148 1149 1145)
4(950 951 1151 1150)
4(1146 1150 1151 1147)
4(952 953 1153 1152)
4(1148 1152 1153 1149)
4(954 955 1155 1154)
4(1150 1154 1155 1151)
4(956 957 1157 1156)
4(1152 1156 1157 1153)
4(958 959 1159 1158)
4(1154 1158 1159 1155)
4(960 961 1161 1160)
4(1156 1160 1161 1157)
4(962 963 1163 1162)
4(1158 1162 1163 1159)
4(964 965 1165 1164)
4(1160 1164 1165 1161)
4(966 967 1167 1166)
4(1162 1166 1167 1163)
4(968 969 1169 1168)
4(1164 1168 1169 1165)
4(970 971 1171 1170)
4(1166 1170 1171 1167)
4(972 973 1173 1172)
4(1168 1172 1173 1169)
4(974 975 1175 1174)
4(1170 1174 1175 1171)
4(976 977 1177 1176)
4(1172 1176 1177 1173)
4(978 979 1179 1178)
4(1174 1178 1179 1175)
4(980 981 1181 1180)
4(1176 1180 1181 1177)
4(982 983 1183 1182)
4(1178 1182 1183 1179)
4(984 985 1185 1184)
4(1180 1184 1185 1181)
4(986 987 1187 1186)
4(1182 1186 1187 1183)
4(988 989 1189 1188)
4(1184 1188 1189 1185)
4(990 991 1191 1190)
4(1186 1190 1191 1187)
4(992 993 1193 1192)
4(1188 1192 1193 1189)
4(994 995 1195 1194)
4(1190 1194 1195 1191)
4(996 997 1197 1196)
4(1192 1196 1197 1193)
4(998 999 1199 1198)
4(1194 1198 1199 1195)
4(1000 1001 1201 1200)
4(1196 1200 1201 1197)
4(1002 1003 1203 1202)
4(1198 1202 1203 1199)
4(1004 1005 1205 1204)
4(1200 1204 1205 1201)
4(1006 1007 1207 1206)
4(1202 1206 1207 1203)
4(1008 1009 1209 1208)
4(1204 1208 1209 1205)
4(1010 1011 1211 1210)
4(1206 1210 1211 1207)
4(1012 1013 1213 1212)
4(1208 1212 1213 1209)
4(1014 1015 1215 1214)
4(1210 1214 1215 1211)
4(1016 1017 1217 1216)
4(1212 1216 1217 1213)
4(1018 1019 1219 1218)
4(1214 1218 1219 1215)
4(1020 1021 1221 1220)
4(1216 1220 1221 1217)
4(1022 1023 1223 1222)
4(1218 1222 1223 1219)
4(1024 1025 1225 1224)
4(1220 1224 1225 1221)
4(1026 1027 1227 1226)
4(1222 1226 1227 1223)
4(1028 1029 1229 1228)
4(1224 1228 1229 1225)
4(1030 1031 1231 1230)
4(1226 1230 1231 1227)
4(1032 1033 1233 1232)
4(1228 1232 1233 1229)
4(1034 1035 1235 1234)
4(1230 1234 1235 1231)
4(1036 1037 1237 1236)
4(1232 1236 1237 1233)
4(1038 1039 1239 1238)
4(1234 1238 1239 1235)
4(1040 1041 1241 1240)
4(1236 1240 1241 1237)
4(1042 1043 1243 1242)
4(1238 1242 1243 1239)
4(1044 1045 1245 1244)
4(1240 1244 1245 1241)
4(1046 1047 1247 1246)
4(1242 1246 1247 1243)
4(1048 1049 1249 1248)
4(1244 1248 1249 1245)
4(1050 1051 1251 1250)
4(1246 1250 1251 1247)
4(1052 1053 1253 1252)
4(1248 1252 1253 1249)
4(1054 1055 1255 1254)
4(1250 1254 1255 1251)
4(1056 1057 1257 1256)
4(1252 1256 1257 1253)
4(1058 1059 1259 1258)
4(1254 1258 1259 1255)
4(1060 1061 1261 1260)
4(1256 1260 1261 1257)
4(1062 1063 1263 1262)
4(1258 1262 1263 1259)
4(1064 1065 1265 1264)
4(1260 1264 1265 1261)
4(1066 1067 1267 1266)
4(1262 1266 1267 1263)
4(1068 1069 1269 1268)
4(1264 1268 1269 1265)
4(1070 1071 1271 1270)
4(1266 1270 1271 1267)
4(1072 1073 1273 1272)
4(1268 1272 1273 1269)
4(1074 1075 1275 1274)
4(1270 1274 1275 1271)
4(1076 1077 1277 1276)
4(1272 1276 1277 1273)
4(1078 1079 1279 1278)
4(1274 1278 1279 1275)
4(1080 1081 1281 1280)
4(1276 1280 1281 1277)
4(1082 1083 1283 1282)
4(1278 1282 1283 1279)
4(1084 1085 1285 1284)
4(1280 1284 1285 1281)
4(1086 1087 1287 1286)
4(1282 1286 1287 1283)
4(1088 1089 1289 1288)
4(1284 1288 1289 1285)
4(1090 1091 1291 1290)
4(1286 1290 1291 1287)
4(1092 1093 1293 1292)
4(1288 1292 1293 1289)
4(1094 1095 1295 1294)
4(1290 1294 1295 1291)
4(1096 1097 1297 1296)
4(1292 1296 1297 1293)
4(1098 1099 1299 1298)
4(1294 1298 1299 1295)
4(1100 1101 1301 1300)
4(1296 1300 1301 1297)
4(1102 1103 1303 1302)
4(1298 1302 1303 1299)
4(1104 1105 1305 1304)
4(1300 1304 1305 1301)
4(1106 1107 1307 1306)
4(1302 1306 1307 1303)
4(1108 1109 1309 1308)
4(1304 1308 1309 1305)
4(1110 1111 1311 1310)
4(1306 1310 1311 1307)
4(1112 1113 1313 1312)
4(1308 1312 1313 1309)
4(1114 1115 1315 1314)
4(1310 1314 1315 1311)
4(1116 1117 1317 1316)
4(1312 1316 1317 1313)
4(1118 1119 1319 1318)
4(1314 1318 1319 1315)
4(1120 1121 1321 1320)
4(1316 1320 1321 1317)
4(1128 1129 1329 1328)
4(1318 1328 1329 1319)
4(1121 1321 1331 1131)
4(1320 1330 1331 1321)
4(1122 1322 1332 1132)
4(1321 1331 1332 1322)
4(1123 1323 1333 1133)
4(1322 1332 1333 1323)
4(1124 1324 1334 1134)
4(1323 1333 1334 1324)
4(1125 1325 1335 1135)
4(1324 1334 1335 1325)
4(1126 1326 1336 1136)
4(1325 1335 1336 1326)
4(1127 1327 1337 1137)
4(1326 1336 1337 1327)
4(1128 1328 1338 1138)
4(1327 1337 1338 1328)
4(1328 1338 1339 1329)
4(1144 1145 1345 1344)
4(1340 1344 1345 1341)
4(1146 1147 1347 1346)
4(1342 1346 1347 1343)
4(1148 1149 1349 1348)
4(1344 1348 1349 1345)
4(1150 1151 1351 1350)
4(1346 1350 1351 1347)
4(1152 1153 1353 1352)
4(1348 1352 1353 1349)
4(1154 1155 1355 1354)
4(1350 1354 1355 1351)
4(1156 1157 1357 1356)
4(1352 1356 1357 1353)
4(1158 1159 1359 1358)
4(1354 1358 1359 1355)
4(1160 1161 1361 1360)
4(1356 1360 1361 1357)
4(1162 1163 1363 1362)
4(1358 1362 1363 1359)
4(1164 1165 1365 1364)
4(1360 1364 1365 1361)
4(1166 1167 1367 1366)
4(1362 1366 1367 1363)
4(1168 1169 1369 1368)
4(1364 1368 1369 1365)
4(1170 1171 1371 1370)
4(1366 1370 1371 1367)
4(1172 1173 1373 1372)
4(1368 1372 1373 1369)
4(1174 1175 1375 1374)
4(1370 1374 1375 1371)
4(1176 1177 1377 1376)
4(1372 1376 1377 1373)
4(1178 1179 1379 1378)
4(1374 1378 1379 1375)
4(1180 1181 1381 1380)
4(1376 1380 1381 1377)
4(1182 1183 1383 1382)
4(1378 1382 1383 1379)
4(1184 1185 1385 1384)
4(1380 1384 1385 1381)
4(1186 1187 1387 1386)
4(1382 1386 1387 1383)
4(1188 1189 1389 1388)
4(1384 1388 1389 1385)
4(1190 1191 1391 1390)
4(1386 1390 1391 1387)
4(1192 1193 1393 1392)
4(1388 1392 1393 1389)
4(1194 1195 1395 1394)
4(1390 1394 1395 1391)
4(1196 1197 1397 1396)
4(1392 1396 1397 1393)
4(1198 1199 1399 1398)
4(1394 1398 1399 1395)
4(1200 1201 1401 1400)
4(1396 1400 1401 1397)
4(1202 1203 1403 1402)
4(1398 1402 1403 1399)
4(1204 1205 1405 1404)
4(1400 1404 1405 1401)
4(1206 1207 1407 1406)
4(1402 1406 1407 1403)
4(1208 1209 1409 1408)
4(1404 1408 1409 1405)
4(1210 1211 1411 1410)
4(1406 1410 1411 1407)
4(1212 1213 1413 1412)
4(1408 1412 1413 1409)
4(1214 1215 1415 1414)
4(1410 1414 1415 1411)
4(1216 1217 1417 1416)
4(1412 1416 1417 1413)
4(1218 1219 1419 1418)
4(1414 1418 1419 1415)
4(1220 1221 1421 1420)
4(1416 1420 1421 1417)
4(1222 1223 1423 1422)
4(1418 1422 1423 1419)
4(1224 1225 1425 1424)
4(1420 1424 1425 1421)
4(1226 1227 1427 1426)
4(1422 1426 1427 1423)
4(1228 1229 1429 1428)
4(1424 1428 1429 1425)
4(1230 1231 1431 1430)
4(1426 1430 1431 1427)
4(1232 1233 1433 1432)
4(1428 1432 1433 1429)
4(1234 1235 1435 1434)
4(1430 1434 1435 1431)
4(1236 1237 1437 1436)
4(1432 1436 1437 1433)
4(1238 1239 1439 1438)
4(1434 1438 1439 1435)
4(1240 1241 1441 1440)
4(1436 1440 1441 1437)
4(1242 1243 1443 1442)
4(1438 1442 1443 1439)
4(1244 1245 1445 1444)
4(1440 1444 1445 1441)
4(1246 1247 1447 1446)
4(1442 1446 1447 1443)
4(1248 1249 1449 1448)
4(1444 1448 1449 1445)
4(1250 1251 1451 1450)
4(1446 1450 1451 1447)
4(1252 1253 1453 1452)
4(1448 1452 1453 1449)
4(1254 1255 1455 1454)
4(1450 1454 1455 1451)
4(1256 1257 1457 1456)
4(1452 1456 1457 1453)
4(1258 1259 1459 1458)
4(1454 1458 1459 1455)
4(1260 1261 1461 1460)
4(1456 1460 1461 1457)
4(1262 1263 1463 1462)
4(1458 1462 1463 1459)
4(1264 1265 1465 1464)
4(1460 1464 1465 1461)
4(1266 1267 1467 1466)
4(1462 1466 1467 1463)
4(1268 1269 1469 1468)
4(1464 1468 1469 1465)
4(1270 1271 1471 1470)
4(1466 1470 1471 1467)
4(1272 1273 1473 1472)
4(1468 1472 1473 1469)
4(1274 1275 1475 1474)
4(1470 1474 1475 1471)
4(1276 1277 1477 1476)
4(1472 1476 1477 1473)
4(1278 1279 1479 1478)
4(1474 1478 1479 1475)
4(1280 1281 1481 1480)
4(1476 1480 1481 1477)
4(1282 1283 1483 1482)
4(1478 1482 1483 1479)
4(1284 1285 1485 1484)
4(1480 1484 1485 1481)
4(1286 1287 1487 1486)
4(1482 1486 1487 1483)
4(1288 1289 1489 1488)
4(1484 1488 1489 1485)
4(1290 1291 1491 1490)
4(1486 1490 1491 1487)
4(1292 1293 1493 1492)
4(1488 1492 1493 1489)
4(1294 1295 1495 1494)
4(1490 1494 1495 1491)
4(1296 1297 1497 1496)
4(1492 1496 1497 1493)
4(1298 1299 1499 1498)
4(1494 1498 1499 1495)
4(1300 1301 1501 1500)
4(1496 1500 1501 1497)
4(1302 1303 1503 1502)
4(1498 1502 1503 1499)
4(1304 1305 1505 1504)
4(1500 1504 1505 1501)
4(1306 1307 1507 1506)
4(1502 1506 1507 1503)
4(1308 1309 1509 1508)
4(1504 1508 1509 1505)
4(1310 1311 1511 1510)
4(1506 1510 1511 1507)
4(1312 1313 1513 1512)
4(1508 1512 1513 1509)
4(1314 1315 1515 1514)
4(1510 1514 1515 1511)
4(1316 1317 1517 1516)
4(1512 1516 1517 1513)
4(1318 1319 1519 1518)
4(1514 1518 1519 1515)
4(1320 1321 1521 1520)
4(1516 1520 1521 1517)
4(1328 1329 1529 1528)
4(1518 1528 1529 1519)
4(1321 1521 1531 1331)
4(1520 1530 1531 1521)
4(1322 1522 1532 1332)
4(1521 1531 1532 1522)
4(1323 1523 1533 1333)
4(1522 1532 1533 1523)
4(1324 1524 1534 1334)
4(1523 1533 1534 1524)
4(1325 1525 1535 1335)
4(1524 1534 1535 1525)
4(1326 1526 1536 1336)
4(1525 1535 1536 1526)
4(1327 1527 1537 1337)
4(1526 1536 1537 1527)
4(1328 1528 1538 1338)
4(1527 1537 1538 1528)
4(1528 1538 1539 1529)
4(1344 1345 1545 1544)
4(1540 1544 1545 1541)
4(1346 1347 1547 1546)
4(1542 1546 1547 1543)
4(1348 1349 1549 1548)
4(1544 1548 1549 1545)
4(1350 1351 1551 1550)
4(1546 1550 1551 1547)
4(1352 1353 1553 1552)
4(1548 1552 1553 1549)
4(1354 1355 1555 1554)
4(1550 1554 1555 1551)
4(1356 1357 1557 1556)
4(1552 1556 1557 1553)
4(1358 1359 1559 1558)
4(1554 1558 1559 1555)
4(1360 1361 1561 1560)
4(1556 1560 1561 1557)
4(1362 1363 1563 1562)
4(1558 1562 1563 1559)
4(1364 1365 1565 1564)
4(1560 1564 1565 1561)
4(1366 1367 1567 1566)
4(1562 1566 1567 1563)
4(1368 1369 1569 1568)
4(1564 1568 1569 1565)
4(1370 1371 1571 1570)
4(1566 1570 1571 1567)
4(1372 1373 1573 1572)
4(1568 1572 1573 1569)
4(1374 1375 1575 1574)
4(1570 1574 1575 1571)
4(1376 1377 1577 1576)
4(1572 1576 1577 1573)
4(1378 1379 1579 1578)
4(1574 1578 1579 1575)
4(1380 1381 1581 1580)
4(1576 1580 1581 1577)
4(1382 1383 1583 1582)
4(1578 1582 1583 1579)
4(1384 1385 1585 1584)
4(1580 1584 1585 1581)
4(1386 1387 1593 1592)
4(1582 1592 1593 1583)
4(1388 1389 1595 1594)
4(1584 1594 1595 1585)
4(1390 1391 1603 1602)
4(1592 1602 1603 1593)
4(1392 1393 1605 1604)
4(1594 1604 1605 1595)
4(1394 1395 1613 1612)
4(1602 1612 1613 1603)
4(1396 1397 1615 1614)
4(1604 1614 1615 1605)
4(1398 1399 1623 1622)
4(1612 1622 1623 1613)
4(1400 1401 1625 1624)
4(1614 1624 1625 1615)
4(1402 1403 1633 1632)
4(1622 1632 1633 1623)
4(1404 1405 1635 1634)
4(1624 1634 1635 1625)
4(1406 1407 1643 1642)
4(1632 1642 1643 1633)
4(1408 1409 1645 1644)
4(1634 1644 1645 1635)
4(1410 1411 1653 1652)
4(1642 1652 1653 1643)
4(1412 1413 1655 1654)
4(1644 1654 1655 1645)
4(1414 1415 1663 1662)
4(1652 1662 1663 1653)
4(1416 1417 1665 1664)
4(1654 1664 1665 1655)
4(1418 1419 1673 1672)
4(1662 1672 1673 1663)
4(1420 1421 1675 1674)
4(1664 1674 1675 1665)
4(1422 1423 1683 1682)
4(1672 1682 1683 1673)
4(1424 1425 1685 1684)
4(1674 1684 1685 1675)
4(1426 1427 1693 1692)
4(1682 1692 1693 1683)
4(1428 1429 1695 1694)
4(1684 1694 1695 1685)
4(1430 1431 1703 1702)
4(1692 1702 1703 1693)
4(1432 1433 1705 1704)
4(1694 1704 1705 1695)
4(1434 1435 1713 1712)
4(1702 1712 1713 1703)
4(1436 1437 1715 1714)
4(1704 1714 1715 1705)
4(1438 1439 1723 1722)
4(1712 1722 1723 1713)
4(1440 1441 1725 1724)
4(1714 1724 1725 1715)
4(1442 1443 1733 1732)
4(1722 1732 1733 1723)
4(1444 1445 1735 1734)
4(1724 1734 1735 1725)
4(1446 1447 1743 1742)
4(1732 1742 1743 1733)
4(1448 1449 1745 1744)
4(1734 1744 1745 1735)
4(1450 1451 1753 1752)
4(1742 1752 1753 1743)
4(1452 1453 1755 1754)
4(1744 1754 1755 1745)
4(1454 1455 1763 1762)
4(1752 1762 1763 1753)
4(1456 1457 1765 1764)
4(1754 1764 1765 1755)
4(1458 1459 1773 1772)
4(1762 1772 1773 1763)
4(1460 1461 1775 1774)
4(1764 1774 1775 1765)
4(1462 1463 1783 1782)
4(1772 1782 1783 1773)
4(1464 1465 1785 1784)
4(1774 1784 1785 1775)
4(1466 1467 1793 1792)
4(1782 1792 1793 1783)
4(1468 1469 1795 1794)
4(1784 1794 1795 1785)
4(1470 1471 1803 1802)
4(1792 1802 1803 1793)
4(1472 1473 1805 1804)
4(1794 1804 1805 1795)
4(1474 1475 1807 1806)
4(1802 1806 1807 1803)
4(1476 1477 1809 1808)
4(1804 1808 1809 1805)
4(1478 1479 1811 1810)
4(1806 1810 1811 1807)
4(1480 1481 1813 1812)
4(1808 1812 1813 1809)
4(1482 1483 1815 1814)
4(1810 1814 1815 1811)
4(1484 1485 1817 1816)
4(1812 1816 1817 1813)
4(1486 1487 1819 1818)
4(1814 1818 1819 1815)
4(1488 1489 1821 1820)
4(1816 1820 1821 1817)
4(1490 1491 1823 1822)
4(1818 1822 1823 1819)
4(1492 1493 1825 1824)
4(1820 1824 1825 1821)
4(1494 1495 1827 1826)
4(1822 1826 1827 1823)
4(1496 1497 1829 1828)
4(1824 1828 1829 1825)
4(1498 1499 1831 1830)
4(1826 1830 1831 1827)
4(1500 1501 1833 1832)
4(1828 1832 1833 1829)
4(1502 1503 1835 1834)
4(1830 1834 1835 1831)
4(1504 1505 1837 1836)
4(1832 1836 1837 1833)
4(1506 1507 1839 1838)
4(1834 1838 1839 1835)
4(1508 1509 1841 1840)
4(1836 1840 1841 1837)
4(1510 1511 1843 1842)
4(1838 1842 1843 1839)
4(1512 1513 1845 1844)
4(1840 1844 1845 1841)
4(1514 1515 1847 1846)
4(1842 1846 1847 1843)
4(1516 1517 1849 1848)
4(1844 1848 1849 1845)
4(1518 1519 1851 1850)
4(1846 1850 1851 1847)
4(1520 1521 1853 1852)
4(1848 1852 1853 1849)
4(1528 1529 1861 1860)
4(1850 1860 1861 1851)
4(1521 1853 1863 1531)
4(1852 1862 1863 1853)
4(1522 1854 1864 1532)
4(1853 1863 1864 1854)
4(1523 1855 1865 1533)
4(1854 1864 1865 1855)
4(1524 1856 1866 1534)
4(1855 1865 1866 1856)
4(1525 1857 1867 1535)
4(1856 1866 1867 1857)
4(1526 1858 1868 1536)
4(1857 1867 1868 1858)
4(1527 1859 1869 1537)
4(1858 1868 1869 1859)
4(1528 1860 1870 1538)
4(1859 1869 1870 1860)
4(1860 1870 1871 1861)
4(1544 1545 1877 1876)
4(1872 1876 1877 1873)
4(1546 1547 1879 1878)
4(1874 1878 1879 1875)
4(1548 1549 1881 1880)
4(1876 1880 1881 1877)
4(1550 1551 1883 1882)
4(1878 1882 1883 1879)
4(1552 1553 1885 1884)
4(1880 1884 1885 1881)
4(1554 1555 1887 1886)
4(1882 1886 1887 1883)
4(1556 1557 1889 1888)
4(1884 1888 1889 1885)
4(1558 1559 1891 1890)
4(1886 1890 1891 1887)
4(1560 1561 1893 1892)
4(1888 1892 1893 1889)
4(1562 1563 1895 1894)
4(1890 1894 1895 1891)
4(1564 1565 1897 1896)
4(1892 1896 1897 1893)
4(1566 1567 1899 1898)
4(1894 1898 1899 1895)
4(1568 1569 1901 1900)
4(1896 1900 1901 1897)
4(1570 1571 1903 1902)
4(1898 1902 1903 1899)
4(1572 1573 1905 1904)
4(1900 1904 1905 1901)
4(1574 1575 1907 1906)
4(1902 1906 1907 1903)
4(1576 1577 1909 1908)
4(1904 1908 1909 1905)
4(1578 1579 1911 1910)
4(1906 1910 1911 1907)
4(1580 1581 1913 1912)
4(1908 1912 1913 1909)
4(1582 1583 1915 1914)
4(1910 1914 1915 1911)
4(1584 1585 1917 1916)
4(1912 1916 1917 1913)
4(1592 1593 1925 1924)
4(1914 1924 1925 1915)
4(1594 1595 1927 1926)
4(1916 1926 1927 1917)
4(1587 1919 1929 1597)
4(1596 1597 1929 1928)
4(1918 1928 1929 1919)
4(1588 1920 1930 1598)
4(1597 1598 1930 1929)
4(1919 1929 1930 1920)
4(1589 1921 1931 1599)
4(1598 1599 1931 1930)
4(1920 1930 1931 1921)
4(1590 1922 1932 1600)
4(1599 1600 1932 1931)
4(1921 1931 1932 1922)
4(1600 1601 1933 1932)
4(1922 1932 1933 1923)
4(1602 1603 1935 1934)
4(1924 1934 1935 1925)
4(1604 1605 1937 1936)
4(1926 1936 1937 1927)
4(1597 1929 1939 1607)
4(1606 1607 1939 1938)
4(1928 1938 1939 1929)
4(1598 1930 1940 1608)
4(1607 1608 1940 1939)
4(1929 1939 1940 1930)
4(1599 1931 1941 1609)
4(1608 1609 1941 1940)
4(1930 1940 1941 1931)
4(1600 1932 1942 1610)
4(1609 1610 1942 1941)
4(1931 1941 1942 1932)
4(1610 1611 1943 1942)
4(1932 1942 1943 1933)
4(1612 1613 1945 1944)
4(1934 1944 1945 1935)
4(1614 1615 1947 1946)
4(1936 1946 1947 1937)
4(1607 1939 1949 1617)
4(1616 1617 1949 1948)
4(1938 1948 1949 1939)
4(1608 1940 1950 1618)
4(1617 1618 1950 1949)
4(1939 1949 1950 1940)
4(1609 1941 1951 1619)
4(1618 1619 1951 1950)
4(1940 1950 1951 1941)
4(1610 1942 1952 1620)
4(1619 1620 1952 1951)
4(1941 1951 1952 1942)
4(1620 1621 1953 1952)
4(1942 1952 1953 1943)
4(1622 1623 1955 1954)
4(1944 1954 1955 1945)
4(1624 1625 1957 1956)
4(1946 1956 1957 1947)
4(1617 1949 1959 1627)
4(1626 1627 1959 1958)
4(1948 1958 1959 1949)
4(1618 1950 1960 1628)
4(1627 1628 1960 1959)
4(1949 1959 1960 1950)
4(1619 1951 1961 1629)
4(1628 1629 1961 1960)
4(1950 1960 1961 1951)
4(1620 1952 1962 1630)
4(1629 1630 1962 1961)
4(1951 1961 1962 1952)
4(1630 1631 1963 1962)
4(1952 1962 1963 1953)
4(1632 1633 1965 1964)
4(1954 1964 1965 1955)
4(1634 1635 1967 1966)
4(1956 1966 1967 1957)
4(1627 1959 1969 1637)
4(1636 1637 1969 1968)
4(1958 1968 1969 1959)
4(1628 1960 1970 1638)
4(1637 1638 1970 1969)
4(1959 1969 1970 1960)
4(1629 1961 1971 1639)
4(1638 1639 1971 1970)
4(1960 1970 1971 1961)
4(1630 1962 1972 1640)
4(1639 1640 1972 1971)
4(1961 1971 1972 1962)
4(1640 1641 1973 1972)
4(1962 1972 1973 1963)
4(1642 1643 1975 1974)
4(1964 1974 1975 1965)
4(1644 1645 1977 1976)
4(1966 1976 1977 1967)
4(1637 1969 1979 1647)
4(1646 1647 1979 1978)
4(1968 1978 1979 1969)
4(1638 1970 1980 1648)
4(1647 1648 1980 1979)
4(1969 1979 1980 1970)
4(1639 1971 1981 1649)
4(1648 1649 1981 1980)
4(1970 1980 1981 1971)
4(1640 1972 1982 1650)
4(1649 1650 1982 1981)
4(1971 1981 1982 1972)
4(1650 1651 1983 1982)
4(1972 1982 1983 1973)
4(1652 1653 1985 1984)
4(1974 1984 1985 1975)
4(1654 1655 1987 1986)
4(1976 1986 1987 1977)
4(1647 1979 1989 1657)
4(1656 1657 1989 1988)
4(1978 1988 1989 1979)
4(1648 1980 1990 1658)
4(1657 1658 1990 1989)
4(1979 1989 1990 1980)
4(1649 1981 1991 1659)
4(1658 1659 1991 1990)
4(1980 1990 1991 1981)
4(1650 1982 1992 1660)
4(1659 1660 1992 1991)
4(1981 1991 1992 1982)
4(1660 1661 1993 1992)
4(1982 1992 1993 1983)
4(1662 1663 1995 1994)
4(1984 1994 1995 1985)
4(1664 1665 1997 1996)
4(1986 1996 1997 1987)
4(1657 1989 1999 1667)
4(1666 1667 1999 1998)
4(1988 1998 1999 1989)
4(1658 1990 2000 1668)
4(1667 1668 2000 1999)
4(1989 1999 2000 1990)
4(1659 1991 2001 1669)
4(1668 1669 2001 2000)
4(1990 2000 2001 1991)
4(1660 1992 2002 1670)
4(1669 1670 2002 2001)
4(1991 2001 2002 1992)
4(1670 1671 2003 2002)
4(1992 2002 2003 1993)
4(1672 1673 2005 2004)
4(1994 2004 2005 1995)
4(1674 1675 2007 2006)
4(1996 2006 2007 1997)
4(1667 1999 2009 1677)
4(1676 1677 2009 2008)
4(1998 2008 2009 1999)
4(1668 2000 2010 1678)
4(1677 1678 2010 2009)
4(1999 2009 2010 2000)
4(1669 2001 2011 1679)
4(1678 1679 2011 2010)
4(2000 2010 2011 2001)
4(1670 2002 2012 1680)
4(1679 1680 2012 2011)
4(2001 2011 2012 2002)
4(1680 1681 2013 2012)
4(2002 2012 2013 2003)
4(1682 1683 2015 2014)
4(2004 2014 2015 2005)
4(1684 1685 2017 2016)
4(2006 2016 2017 2007)
4(1677 2009 2019 1687)
4(1686 1687 2019 2018)
4(2008 2018 2019 2009)
4(1678 2010 2020 1688)
4(1687 1688 2020 2019)
4(2009 2019 2020 2010)
4(1679 2011 2021 1689)
4(1688 1689 2021 2020)
4(2010 2020 2021 2011)
4(1680 2012 2022 1690)
4(1689 1690 2022 2021)
4(2011 2021 2022 2012)
4(1690 1691 2023 2022)
4(2012 2022 2023 2013)
4(1692 1693 2025 2024)
4(2014 2024 2025 2015)
4(1694 1695 2027 2026)
4(2016 2026 2027 2017)
4(1687 2019 2029 1697)
4(1696 1697 2029 2028)
4(2018 2028 2029 2019)
4(1688 2020 2030 1698)
4(1697 1698 2030 2029)
4(2019 2029 2030 2020)
4(1689 2021 2031 1699)
4(1698 1699 2031 2030)
4(2020 2030 2031 2021)
4(1690 2022 2032 1700)
4(1699 1700 2032 2031)
4(2021 2031 2032 2022)
4(1700 1701 2033 2032)
4(2022 2032 2033 2023)
4(1702 1703 2035 2034)
4(2024 2034 2035 2025)
4(1704 1705 2037 2036)
4(2026 2036 2037 2027)
4(1697 2029 2039 1707)
4(1706 1707 2039 2038)
4(2028 2038 2039 2029)
4(1698 2030 2040 1708)
4(1707 1708 2040 2039)
4(2029 2039 2040 2030)
4(1699 2031 2041 1709)
4(1708 1709 2041 2040)
4(2030 2040 2041 2031)
4(1700 2032 2042 1710)
4(1709 1710 2042 2041)
4(2031 2041 2042 2032)
4(1710 1711 2043 2042)
4(2032 2042 2043 2033)
4(1712 1713 2045 2044)
4(2034 2044 2045 2035)
4(1714 1715 2047 2046)
4(2036 2046 2047 2037)
4(1707 2039 2049 1717)
4(1716 1717 2049 2048)
4(2038 2048 2049 2039)
4(1708 2040 2050 1718)
4(1717 1718 2050 2049)
4(2039 2049 2050 2040)
4(1709 2041 2051 1719)
4(1718 1719 2051 2050)
4(2040 2050 2051 2041)
4(1710 2042 2052 1720)
4(1719 1720 2052 2051)
4(2041 2051 2052 2042)
4(1720 1721 2053 2052)
4(2042 2052 2053 2043)
4(1722 1723 2055 2054)
4(2044 2054 2055 2045)
4(1724 1725 2057 2056)
4(2046 2056 2057 2047)
4(1717 2049 2059 1727)
4(1726 1727 2059 2058)
4(2048 2058 2059 2049)
4(1718 2050 2060 1728)
4(1727 1728 2060 2059)
4(2049 2059 2060 2050)
4(1719 2051 2061 1729)
4(1728 1729 2061 2060)
4(2050 2060 2061 2051)
4(1720 2052 2062 1730)
4(1729 1730 2062 2061)
4(2051 2061 2062 2052)
4(1730 1731 2063 2062)
4(2052 2062 2063 2053)
4(1732 1733 2065 2064)
4(2054 2064 2065 2055)
4(1734 1735 2067 2066)
4(2056 2066 2067 2057)
4(1727 2059 2069 1737)
4(1736 1737 2069 2068)
4(2058 2068 2069 2059)
4(1728 2060 2070 1738)
4(1737 1738 2070 2069)
4(2059 2069 2070 2060)
4(1729 2061 2071 1739)
4(1738 1739 2071 2070)
4(2060 2070 2071 2061)
4(1730 2062 2072 1740)
4(1739 1740 2072 2071)
4(2061 2071 2072 2062)
4(1740 1741 2073 2072)
4(2062 2072 2073 2063)
4(1742 1743 2075 2074)
4(2064 2074 2075 2065)
4(1744 1745 2077 2076)
4(2066 2076 2077 2067)
4(1737 2069 2079 1747)
4(1746 1747 2079 2078)
4(2068 2078 2079 2069)
4(1738 2070 2080 1748)
4(1747 1748 2080 2079)
4(2069 2079 2080 2070)
4(1739 2071 2081 1749)
4(1748 1749 2081 2080)
4(2070 2080 2081 2071)
4(1740 2072 2082 1750)
4(1749 1750 2082 2081)
4(2071 2081 2082 2072)
4(1750 1751 2083 2082)
4(2072 2082 2083 2073)
4(1752 1753 2085 2084)
4(2074 2084 2085 2075)
4(1754 1755 2087 2086)
4(2076 2086 2087 2077)
4(1747 2079 2089 1757)
4(1756 1757 2089 2088)
4(2078 2088 2089 2079)
4(1748 2080 2090 1758)
4(1757 1758 2090 2089)
4(2079 2089 2090 2080)
4(1749 2081 2091 1759)
4(1758 1759 2091 2090)
4(2080 2090 2091 2081)
4(1750 2082 2092 1760)
4(1759 1760 2092 2091)
4(2081 2091 2092 2082)
4(1760 1761 2093 2092)
4(2082 2092 2093 2083)
4(1762 1763 2095 2094)
4(2084 2094 2095 2085)
4(1764 1765 2097 2096)
4(2086 2096 2097 2087)
4(1757 2089 2099 1767)
4(1766 1767 2099 2098)
4(2088 2098 2099 2089)
4(1758 2090 2100 1768)
4(1767 1768 2100 2099)
4(2089 2099 2100 2090)
4(1759 2091 2101 1769)
4(1768 1769 2101 2100)
4(2090 2100 2101 2091)
4(1760 2092 2102 1770)
4(1769 1770 2102 2101)
4(2091 2101 2102 2092)
4(1770 1771 2103 2102)
4(2092 2102 2103 2093)
4(1772 1773 2105 2104)
4(2094 2104 2105 2095)
4(1774 1775 2107 2106)
4(2096 2106 2107 2097)
4(1767 2099 2109 1777)
4(1776 1777 2109 2108)
4(2098 2108 2109 2099)
4(1768 2100 2110 1778)
4(1777 1778 2110 2109)
4(2099 2109 2110 2100)
4(1769 2101 2111 1779)
4(1778 1779 2111 2110)
4(2100 2110 2111 2101)
4(1770 2102 2112 1780)
4(1779 1780 2112 2111)
4(2101 2111 2112 2102)
4(1780 1781 2113 2112)
4(2102 2112 2113 2103)
4(1782 1783 2115 2114)
4(2104 2114 2115 2105)
4(1784 1785 2117 2116)
4(2106 2116 2117 2107)
4(1777 2109 2119 1787)
4(1786 1787 2119 2118)
4(2108 2118 2119 2109)
4(1778 2110 2120 1788)
4(1787 1788 2120 2119)
4(2109 2119 2120 2110)
4(1779 2111 2121 1789)
4(1788 1789 2121 2120)
4(2110 2120 2121 2111)
4(1780 2112 2122 1790)
4(1789 1790 2122 2121)
4(2111 2121 2122 2112)
4(1790 1791 2123 2122)
4(2112 2122 2123 2113)
4(1792 1793 2125 2124)
4(2114 2124 2125 2115)
4(1794 1795 2127 2126)
4(2116 2126 2127 2117)
4(1787 2119 2129 1797)
4(2118 2128 2129 2119)
4(1788 2120 2130 1798)
4(2119 2129 2130 2120)
4(1789 2121 2131 1799)
4(2120 2130 2131 2121)
4(1790 2122 2132 1800)
4(2121 2131 2132 2122)
4(2122 2132 2133 2123)
4(1802 1803 2135 2134)
4(2124 2134 2135 2125)
4(1804 1805 2137 2136)
4(2126 2136 2137 2127)
4(1806 1807 2139 2138)
4(2134 2138 2139 2135)
4(1808 1809 2141 2140)
4(2136 2140 2141 2137)
4(1810 1811 2143 2142)
4(2138 2142 2143 2139)
4(1812 1813 2145 2144)
4(2140 2144 2145 2141)
4(1814 1815 2147 2146)
4(2142 2146 2147 2143)
4(1816 1817 2149 2148)
4(2144 2148 2149 2145)
4(1818 1819 2151 2150)
4(2146 2150 2151 2147)
4(1820 1821 2153 2152)
4(2148 2152 2153 2149)
4(1822 1823 2155 2154)
4(2150 2154 2155 2151)
4(1824 1825 2157 2156)
4(2152 2156 2157 2153)
4(1826 1827 2159 2158)
4(2154 2158 2159 2155)
4(1828 1829 2161 2160)
4(2156 2160 2161 2157)
4(1830 1831 2163 2162)
4(2158 2162 2163 2159)
4(1832 1833 2165 2164)
4(2160 2164 2165 2161)
4(1834 1835 2167 2166)
4(2162 2166 2167 2163)
4(1836 1837 2169 2168)
4(2164 2168 2169 2165)
4(1838 1839 2171 2170)
4(2166 2170 2171 2167)
4(1840 1841 2173 2172)
4(2168 2172 2173 2169)
4(1842 1843 2175 2174)
4(2170 2174 2175 2171)
4(1844 1845 2177 2176)
4(2172 2176 2177 2173)
4(1846 1847 2179 2178)
4(2174 2178 2179 2175)
4(1848 1849 2181 2180)
4(2176 2180 2181 2177)
4(1850 1851 2183 2182)
4(2178 2182 2183 2179)
4(1852 1853 2185 2184)
4(2180 2184 2185 2181)
4(1860 1861 2193 2192)
4(2182 2192 2193 2183)
4(1853 2185 2195 1863)
4(2184 2194 2195 2185)
4(1854 2186 2196 1864)
4(2185 2195 2196 2186)
4(1855 2187 2197 1865)
4(2186 2196 2197 2187)
4(1856 2188 2198 1866)
4(2187 2197 2198 2188)
4(1857 2189 2199 1867)
4(2188 2198 2199 2189)
4(1858 2190 2200 1868)
4(2189 2199 2200 2190)
4(1859 2191 2201 1869)
4(2190 2200 2201 2191)
4(1860 2192 2202 1870)
4(2191 2201 2202 2192)
4(2192 2202 2203 2193)
4(1876 1877 2209 2208)
4(2204 2208 2209 2205)
4(1878 1879 2211 2210)
4(2206 2210 2211 2207)
4(1880 1881 2213 2212)
4(2208 2212 2213 2209)
4(1882 1883 2215 2214)
4(2210 2214 2215 2211)
4(1884 1885 2217 2216)
4(2212 2216 2217 2213)
4(1886 1887 2219 2218)
4(2214 2218 2219 2215)
4(1888 1889 2221 2220)
4(2216 2220 2221 2217)
4(1890 1891 2223 2222)
4(2218 2222 2223 2219)
4(1892 1893 2225 2224)
4(2220 2224 2225 2221)
4(1894 1895 2227 2226)
4(2222 2226 2227 2223)
4(1896 1897 2229 2228)
4(2224 2228 2229 2225)
4(1898 1899 2231 2230)
4(2226 2230 2231 2227)
4(1900 1901 2233 2232)
4(2228 2232 2233 2229)
4(1902 1903 2235 2234)
4(2230 2234 2235 2231)
4(1904 1905 2237 2236)
4(2232 2236 2237 2233)
4(1906 1907 2239 2238)
4(2234 2238 2239 2235)
4(1908 1909 2241 2240)
4(2236 2240 2241 2237)
4(1910 1911 2243 2242)
4(2238 2242 2243 2239)
4(1912 1913 2245 2244)
4(2240 2244 2245 2241)
4(1914 1915 2247 2246)
4(2242 2246 2247 2243)
4(1916 1917 2249 2248)
4(2244 2248 2249 2245)
4(1924 1925 2257 2256)
4(2246 2256 2257 2247)
4(1926 1927 2259 2258)
4(2248 2258 2259 2249)
4(1919 2251 2261 1929)
4(1928 1929 2261 2260)
4(2250 2260 2261 2251)
4(1920 2252 2262 1930)
4(1929 1930 2262 2261)
4(2251 2261 2262 2252)
4(1921 2253 2263 1931)
4(1930 1931 2263 2262)
4(2252 2262 2263 2253)
4(1922 2254 2264 1932)
4(1931 1932 2264 2263)
4(2253 2263 2264 2254)
4(1932 1933 2265 2264)
4(2254 2264 2265 2255)
4(1934 1935 2267 2266)
4(2256 2266 2267 2257)
4(1936 1937 2269 2268)
4(2258 2268 2269 2259)
4(1929 2261 2271 1939)
4(1938 1939 2271 2270)
4(2260 2270 2271 2261)
4(1930 2262 2272 1940)
4(1939 1940 2272 2271)
4(2261 2271 2272 2262)
4(1931 2263 2273 1941)
4(1940 1941 2273 2272)
4(2262 2272 2273 2263)
4(1932 2264 2274 1942)
4(1941 1942 2274 2273)
4(2263 2273 2274 2264)
4(1942 1943 2275 2274)
4(2264 2274 2275 2265)
4(1944 1945 2277 2276)
4(2266 2276 2277 2267)
4(1946 1947 2279 2278)
4(2268 2278 2279 2269)
4(1939 2271 2281 1949)
4(1948 1949 2281 2280)
4(2270 2280 2281 2271)
4(1940 2272 2282 1950)
4(1949 1950 2282 2281)
4(2271 2281 2282 2272)
4(1941 2273 2283 1951)
4(1950 1951 2283 2282)
4(2272 2282 2283 2273)
4(1942 2274 2284 1952)
4(1951 1952 2284 2283)
4(2273 2283 2284 2274)
4(1952 1953 2285 2284)
4(2274 2284 2285 2275)
4(1954 1955 2287 2286)
4(2276 2286 2287 2277)
4(1956 1957 2289 2288)
4(2278 2288 2289 2279)
4(1949 2281 2291 1959)
4(1958 1959 2291 2290)
4(2280 2290 2291 2281)
4(1950 2282 2292 1960)
4(1959 1960 2292 2291)
4(2281 2291 2292 2282)
4(1951 2283 2293 1961)
4(1960 1961 2293 2292)
4(2282 2292 2293 2283)
4(1952 2284 2294 1962)
4(1961 1962 2294 2293)
4(2283 2293 2294 2284)
4(1962 1963 2295 2294)
4(2284 2294 2295 2285)
4(1964 1965 2297 2296)
4(2286 2296 2297 2287)
4(1966 1967 2299 2298)
4(2288 2298 2299 2289)
4(1959 2291 2301 1969)
4(1968 1969 2301 2300)
4(2290 2300 2301 2291)
4(1960 2292 2302 1970)
4(1969 1970 2302 2301)
4(2291 2301 2302 2292)
4(1961 2293 2303 1971)
4(1970 1971 2303 2302)
4(2292 2302 2303 2293)
4(1962 2294 2304 1972)
4(1971 1972 2304 2303)
4(2293 2303 2304 2294)
4(1972 1973 2305 2304)
4(2294 2304 2305 2295)
4(1974 1975 2307 2306)
4(2296 2306 2307 2297)
4(1976 1977 2309 2308)
4(2298 2308 2309 2299)
4(1969 2301 2311 1979)
4(1978 1979 2311 2310)
4(2300 2310 2311 2301)
4(1970 2302 2312 1980)
4(1979 1980 2312 2311)
4(2301 2311 2312 2302)
4(1971 2303 2313 1981)
4(1980 1981 2313 2312)
4(2302 2312 2313 2303)
4(1972 2304 2314 1982)
4(1981 1982 2314 2313)
4(2303 2313 2314 2304)
4(1982 1983 2315 2314)
4(2304 2314 2315 2305)
4(1984 1985 2317 2316)
4(2306 2316 2317 2307)
4(1986 1987 2319 2318)
4(2308 2318 2319 2309)
4(1979 2311 2321 1989)
4(1988 1989 2321 2320)
4(2310 2320 2321 2311)
4(1980 2312 2322 1990)
4(1989 1990 2322 2321)
4(2311 2321 2322 2312)
4(1981 2313 2323 1991)
4(1990 1991 2323 2322)
4(2312 2322 2323 2313)
4(1982 2314 2324 1992)
4(1991 1992 2324 2323)
4(2313 2323 2324 2314)
4(1992 1993 2325 2324)
4(2314 2324 2325 2315)
4(1994 1995 2327 2326)
4(2316 2326 2327 2317)
4(1996 1997 2329 2328)
4(2318 2328 2329 2319)
4(1989 2321 2331 1999)
4(1998 1999 2331 2330)
4(2320 2330 2331 2321)
4(1990 2322 2332 2000)
4(1999 2000 2332 2331)
4(2321 2331 2332 2322)
4(1991 2323 2333 2001)
4(2000 2001 2333 2332)
4(2322 2332 2333 2323)
4(1992 2324 2334 2002)
4(2001 2002 2334 2333)
4(2323 2333 2334 2324)
4(2002 2003 2335 2334)
4(2324 2334 2335 2325)
4(2004 2005 2337 2336)
4(2326 2336 2337 2327)
4(2006 2007 2339 2338)
4(2328 2338 2339 2329)
4(1999 2331 2341 2009)
4(2008 2009 2341 2340)
4(2330 2340 2341 2331)
4(2000 2332 2342 2010)
4(2009 2010 2342 2341)
4(2331 2341 2342 2332)
4(2001 2333 2343 2011)
4(2010 2011 2343 2342)
4(2332 2342 2343 2333)
4(2002 2334 2344 2012)
4(2011 2012 2344 2343)
4(2333 2343 2344 2334)
4(2012 2013 2345 2344)
4(2334 2344 2345 2335)
4(2014 2015 2347 2346)
4(2336 2346 2347 2337)
4(2016 2017 2349 2348)
4(2338 2348 2349 2339)
4(2009 2341 2351 2019)
4(2018 2019 2351 2350)
4(2340 2350 2351 2341)
4(2010 2342 2352 2020)
4(2019 2020 2352 2351)
4(2341 2351 2352 2342)
4(2011 2343 2353 2021)
4(2020 2021 2353 2352)
4(2342 2352 2353 2343)
4(2012 2344 2354 2022)
4(2021 2022 2354 2353)
4(2343 2353 2354 2344)
4(2022 2023 2355 2354)
4(2344 2354 2355 2345)
4(2024 2025 2357 2356)
4(2346 2356 2357 2347)
4(2026 2027 2359 2358)
4(2348 2358 2359 2349)
4(2019 2351 2361 2029)
4(2028 2029 2361 2360)
4(2350 2360 2361 2351)
4(2020 2352 2362 2030)
4(2029 2030 2362 2361)
4(2351 2361 2362 2352)
4(2021 2353 2363 2031)
4(2030 2031 2363 2362)
4(2352 2362 2363 2353)
4(2022 2354 2364 2032)
4(2031 2032 2364 2363)
4(2353 2363 2364 2354)
4(2032 2033 2365 2364)
4(2354 2364 2365 2355)
4(2034 2035 2367 2366)
4(2356 2366 2367 2357)
4(2036 2037 2369 2368)
4(2358 2368 2369 2359)
4(2029 2361 2371 2039)
4(2038 2039 2371 2370)
4(2360 2370 2371 2361)
4(2030 2362 2372 2040)
4(2039 2040 2372 2371)
4(2361 2371 2372 2362)
4(2031 2363 2373 2041)
4(2040 2041 2373 2372)
4(2362 2372 2373 2363)
4(2032 2364 2374 2042)
4(2041 2042 2374 2373)
4(2363 2373 2374 2364)
4(2042 2043 2375 2374)
4(2364 2374 2375 2365)
4(2044 2045 2377 2376)
4(2366 2376 2377 2367)
4(2046 2047 2379 2378)
4(2368 2378 2379 2369)
4(2039 2371 2381 2049)
4(2048 2049 2381 2380)
4(2370 2380 2381 2371)
4(2040 2372 2382 2050)
4(2049 2050 2382 2381)
4(2371 2381 2382 2372)
4(2041 2373 2383 2051)
4(2050 2051 2383 2382)
4(2372 2382 2383 2373)
4(2042 2374 2384 2052)
4(2051 2052 2384 2383)
4(2373 2383 2384 2374)
4(2052 2053 2385 2384)
4(2374 2384 2385 2375)
4(2054 2055 2387 2386)
4(2376 2386 2387 2377)
4(2056 2057 2389 2388)
4(2378 2388 2389 2379)
4(2049 2381 2391 2059)
4(2058 2059 2391 2390)
4(2380 2390 2391 2381)
4(2050 2382 2392 2060)
4(2059 2060 2392 2391)
4(2381 2391 2392 2382)
4(2051 2383 2393 2061)
4(2060 2061 2393 2392)
4(2382 2392 2393 2383)
4(2052 2384 2394 2062)
4(2061 2062 2394 2393)
4(2383 2393 2394 2384)
4(2062 2063 2395 2394)
4(2384 2394 2395 2385)
4(2064 2065 2397 2396)
4(2386 2396 2397 2387)
4(2066 2067 2399 2398)
4(2388 2398 2399 2389)
4(2059 2391 2401 2069)
4(2068 2069 2401 2400)
4(2390 2400 2401 2391)
4(2060 2392 2402 2070)
4(2069 2070 2402 2401)
4(2391 2401 2402 2392)
4(2061 2393 2403 2071)
4(2070 2071 2403 2402)
4(2392 2402 2403 2393)
4(2062 2394 2404 2072)
4(2071 2072 2404 2403)
4(2393 2403 2404 2394)
4(2072 2073 2405 2404)
4(2394 2404 2405 2395)
4(2074 2075 2407 2406)
4(2396 2406 2407 2397)
4(2076 2077 2409 2408)
4(2398 2408 2409 2399)
4(2069 2401 2411 2079)
4(2078 2079 2411 2410)
4(2400 2410 2411 2401)
4(2070 2402 2412 2080)
4(2079 2080 2412 2411)
4(2401 2411 2412 2402)
4(2071 2403 2413 2081)
4(2080 2081 2413 2412)
4(2402 2412 2413 2403)
4(2072 2404 2414 2082)
4(2081 2082 2414 2413)
4(2403 2413 2414 2404)
4(2082 2083 2415 2414)
4(2404 2414 2415 2405)
4(2084 2085 2417 2416)
4(2406 2416 2417 2407)
4(2086 2087 2419 2418)
4(2408 2418 2419 2409)
4(2079 2411 2421 2089)
4(2088 2089 2421 2420)
4(2410 2420 2421 2411)
4(2080 2412 2422 2090)
4(2089 2090 2422 2421)
4(2411 2421 2422 2412)
4(2081 2413 2423 2091)
4(2090 2091 2423 2422)
4(2412 2422 2423 2413)
4(2082 2414 2424 2092)
4(2091 2092 2424 2423)
4(2413 2423 2424 2414)
4(2092 2093 2425 2424)
4(2414 2424 2425 2415)
4(2094 2095 2427 2426)
4(2416 2426 2427 2417)
4(2096 2097 2429 2428)
4(2418 2428 2429 2419)
4(2089 2421 2431 2099)
4(2098 2099 2431 2430)
4(2420 2430 2431 2421)
4(2090 2422 2432 2100)
4(2099 2100 2432 2431)
4(2421 2431 2432 2422)
4(2091 2423 2433 2101)
4(2100 2101 2433 2432)
4(2422 2432 2433 2423)
4(2092 2424 2434 2102)
4(2101 2102 2434 2433)
4(2423 2433 2434 2424)
4(2102 2103 2435 2434)
4(2424 2434 2435 2425)
4(2104 2105 2437 2436)
4(2426 2436 2437 2427)
4(2106 2107 2439 2438)
4(2428 2438 2439 2429)
4(2099 2431 2441 2109)
4(2108 2109 2441 2440)
4(2430 2440 2441 2431)
4(2100 2432 2442 2110)
4(2109 2110 2442 2441)
4(2431 2441 2442 2432)
4(2101 2433 2443 2111)
4(2110 2111 2443 2442)
4(2432 2442 2443 2433)
4(2102 2434 2444 2112)
4(2111 2112 2444 2443)
4(2433 2443 2444 2434)
4(2112 2113 2445 2444)
4(2434 2444 2445 2435)
4(2114 2115 2447 2446)
4(2436 2446 2447 2437)
4(2116 2117 2449 2448)
4(2438 2448 2449 2439)
4(2109 2441 2451 2119)
4(2118 2119 2451 2450)
4(2440 2450 2451 2441)
4(2110 2442 2452 2120)
4(2119 2120 2452 2451)
4(2441 2451 2452 2442)
4(2111 2443 2453 2121)
4(2120 2121 2453 2452)
4(2442 2452 2453 2443)
4(2112 2444 2454 2122)
4(2121 2122 2454 2453)
4(2443 2453 2454 2444)
4(2122 2123 2455 2454)
4(2444 2454 2455 2445)
4(2124 2125 2457 2456)
4(2446 2456 2457 2447)
4(2126 2127 2459 2458)
4(2448 2458 2459 2449)
4(2119 2451 2461 2129)
4(2450 2460 2461 2451)
4(2120 2452 2462 2130)
4(2451 2461 2462 2452)
4(2121 2453 2463 2131)
4(2452 2462 2463 2453)
4(2122 2454 2464 2132)
4(2453 2463 2464 2454)
4(2454 2464 2465 2455)
4(2134 2135 2467 2466)
4(2456 2466 2467 2457)
4(2136 2137 2469 2468)
4(2458 2468 2469 2459)
4(2138 2139 2471 2470)
4(2466 2470 2471 2467)
4(2140 2141 2473 2472)
4(2468 2472 2473 2469)
4(2142 2143 2475 2474)
4(2470 2474 2475 2471)
4(2144 2145 2477 2476)
4(2472 2476 2477 2473)
4(2146 2147 2479 2478)
4(2474 2478 2479 2475)
4(2148 2149 2481 2480)
4(2476 2480 2481 2477)
4(2150 2151 2483 2482)
4(2478 2482 2483 2479)
4(2152 2153 2485 2484)
4(2480 2484 2485 2481)
4(2154 2155 2487 2486)
4(2482 2486 2487 2483)
4(2156 2157 2489 2488)
4(2484 2488 2489 2485)
4(2158 2159 2491 2490)
4(2486 2490 2491 2487)
4(2160 2161 2493 2492)
4(2488 2492 2493 2489)
4(2162 2163 2495 2494)
4(2490 2494 2495 2491)
4(2164 2165 2497 2496)
4(2492 2496 2497 2493)
4(2166 2167 2499 2498)
4(2494 2498 2499 2495)
4(2168 2169 2501 2500)
4(2496 2500 2501 2497)
4(2170 2171 2503 2502)
4(2498 2502 2503 2499)
4(2172 2173 2505 2504)
4(2500 2504 2505 2501)
4(2174 2175 2507 2506)
4(2502 2506 2507 2503)
4(2176 2177 2509 2508)
4(2504 2508 2509 2505)
4(2178 2179 2511 2510)
4(2506 2510 2511 2507)
4(2180 2181 2513 2512)
4(2508 2512 2513 2509)
4(2182 2183 2515 2514)
4(2510 2514 2515 2511)
4(2184 2185 2517 2516)
4(2512 2516 2517 2513)
4(2192 2193 2525 2524)
4(2514 2524 2525 2515)
4(2185 2517 2527 2195)
4(2516 2526 2527 2517)
4(2186 2518 2528 2196)
4(2517 2527 2528 2518)
4(2187 2519 2529 2197)
4(2518 2528 2529 2519)
4(2188 2520 2530 2198)
4(2519 2529 2530 2520)
4(2189 2521 2531 2199)
4(2520 2530 2531 2521)
4(2190 2522 2532 2200)
4(2521 2531 2532 2522)
4(2191 2523 2533 2201)
4(2522 2532 2533 2523)
4(2192 2524 2534 2202)
4(2523 2533 2534 2524)
4(2524 2534 2535 2525)
4(2208 2209 2541 2540)
4(2536 2540 2541 2537)
4(2210 2211 2543 2542)
4(2538 2542 2543 2539)
4(2212 2213 2545 2544)
4(2540 2544 2545 2541)
4(2214 2215 2547 2546)
4(2542 2546 2547 2543)
4(2216 2217 2549 2548)
4(2544 2548 2549 2545)
4(2218 2219 2551 2550)
4(2546 2550 2551 2547)
4(2220 2221 2553 2552)
4(2548 2552 2553 2549)
4(2222 2223 2555 2554)
4(2550 2554 2555 2551)
4(2224 2225 2557 2556)
4(2552 2556 2557 2553)
4(2226 2227 2559 2558)
4(2554 2558 2559 2555)
4(2228 2229 2561 2560)
4(2556 2560 2561 2557)
4(2230 2231 2563 2562)
4(2558 2562 2563 2559)
4(2232 2233 2565 2564)
4(2560 2564 2565 2561)
4(2234 2235 2567 2566)
4(2562 2566 2567 2563)
4(2236 2237 2569 2568)
4(2564 2568 2569 2565)
4(2238 2239 2571 2570)
4(2566 2570 2571 2567)
4(2240 2241 2573 2572)
4(2568 2572 2573 2569)
4(2242 2243 2575 2574)
4(2570 2574 2575 2571)
4(2244 2245 2577 2576)
4(2572 2576 2577 2573)
4(2246 2247 2579 2578)
4(2574 2578 2579 2575)
4(2248 2249 2581 2580)
4(2576 2580 2581 2577)
4(2256 2257 2589 2588)
4(2578 2588 2589 2579)
4(2258 2259 2591 2590)
4(2580 2590 2591 2581)
4(2251 2583 2593 2261)
4(2260 2261 2593 2592)
4(2582 2592 2593 2583)
4(2252 2584 2594 2262)
4(2261 2262 2594 2593)
4(2583 2593 2594 2584)
4(2253 2585 2595 2263)
4(2262 2263 2595 2594)
4(2584 2594 2595 2585)
4(2254 2586 2596 2264)
4(2263 2264 2596 2595)
4(2585 2595 2596 2586)
4(2264 2265 2597 2596)
4(2586 2596 2597 2587)
4(2266 2267 2599 2598)
4(2588 2598 2599 2589)
4(2268 2269 2601 2600)
4(2590 2600 2601 2591)
4(2261 2593 2603 2271)
4(2270 2271 2603 2602)
4(2592 2602 2603 2593)
4(2262 2594 2604 2272)
4(2271 2272 2604 2603)
4(2593 2603 2604 2594)
4(2263 2595 2605 2273)
4(2272 2273 2605 2604)
4(2594 2604 2605 2595)
4(2264 2596 2606 2274)
4(2273 2274 2606 2605)
4(2595 2605 2606 2596)
4(2274 2275 2607 2606)
4(2596 2606 2607 2597)
4(2276 2277 2609 2608)
4(2598 2608 2609 2599)
4(2278 2279 2611 2610)
4(2600 2610 2611 2601)
4(2271 2603 2613 2281)
4(2280 2281 2613 2612)
4(2602 2612 2613 2603)
4(2272 2604 2614 2282)
4(2281 2282 2614 2613)
4(2603 2613 2614 2604)
4(2273 2605 2615 2283)
4(2282 2283 2615 2614)
4(2604 2614 2615 2605)
4(2274 2606 2616 2284)
4(2283 2284 2616 2615)
4(2605 2615 2616 2606)
4(2284 2285 2617 2616)
4(2606 2616 2617 2607)
4(2286 2287 2619 2618)
4(2608 2618 2619 2609)
4(2288 2289 2621 2620)
4(2610 2620 2621 2611)
4(2281 2613 2623 2291)
4(2290 2291 2623 2622)
4(2612 2622 2623 2613)
4(2282 2614 2624 2292)
4(2291 2292 2624 2623)
4(2613 2623 2624 2614)
4(2283 2615 2625 2293)
4(2292 2293 2625 2624)
4(2614 2624 2625 2615)
4(2284 2616 2626 2294)
4(2293 2294 2626 2625)
4(2615 2625 2626 2616)
4(2294 2295 2627 2626)
4(2616 2626 2627 2617)
4(2296 2297 2629 2628)
4(2618 2628 2629 2619)
4(2298 2299 2631 2630)
4(2620 2630 2631 2621)
4(2291 2623 2633 2301)
4(2300 2301 2633 2632)
4(2622 2632 2633 2623)
4(2292 2624 2634 2302)
4(2301 2302 2634 2633)
4(2623 2633 2634 2624)
4(2293 2625 2635 2303)
4(2302 2303 2635 2634)
4(2624 2634 2635 2625)
4(2294 2626 2636 2304)
4(2303 2304 2636 2635)
4(2625 2635 2636 2626)
4(2304 2305 2637 2636)
4(2626 2636 2637 2627)
4(2306 2307 2639 2638)
4(2628 2638 2639 2629)
4(2308 2309 2641 2640)
4(2630 2640 2641 2631)
4(2301 2633 2643 2311)
4(2310 2311 2643 2642)
4(2632 2642 2643 2633)
4(2302 2634 2644 2312)
4(2311 2312 2644 2643)
4(2633 2643 2644 2634)
4(2303 2635 2645 2313)
4(2312 2313 2645 2644)
4(2634 2644 2645 2635)
4(2304 2636 2646 2314)
4(2313 2314 2646 2645)
4(2635 2645 2646 2636)
4(2314 2315 2647 2646)
4(2636 2646 2647 2637)
4(2316 2317 2649 2648)
4(2638 2648 2649 2639)
4(2318 2319 2651 2650)
4(2640 2650 2651 2641)
4(2311 2643 2653 2321)
4(2320 2321 2653 2652)
4(2642 2652 2653 2643)
4(2312 2644 2654 2322)
4(2321 2322 2654 2653)
4(2643 2653 2654 2644)
4(2313 2645 2655 2323)
4(2322 2323 2655 2654)
4(2644 2654 2655 2645)
4(2314 2646 2656 2324)
4(2323 2324 2656 2655)
4(2645 2655 2656 2646)
4(2324 2325 2657 2656)
4(2646 2656 2657 2647)
4(2326 2327 2659 2658)
4(2648 2658 2659 2649)
4(2328 2329 2661 2660)
4(2650 2660 2661 2651)
4(2321 2653 2663 2331)
4(2330 2331 2663 2662)
4(2652 2662 2663 2653)
4(2322 2654 2664 2332)
4(2331 2332 2664 2663)
4(2653 2663 2664 2654)
4(2323 2655 2665 2333)
4(2332 2333 2665 2664)
4(2654 2664 2665 2655)
4(2324 2656 2666 2334)
4(2333 2334 2666 2665)
4(2655 2665 2666 2656)
4(2334 2335 2667 2666)
4(2656 2666 2667 2657)
4(2336 2337 2669 2668)
4(2658 2668 2669 2659)
4(2338 2339 2671 2670)
4(2660 2670 2671 2661)
4(2331 2663 2673 2341)
4(2340 2341 2673 2672)
4(2662 2672 2673 2663)
4(2332 2664 2674 2342)
4(2341 2342 2674 2673)
4(2663 2673 2674 2664)
4(2333 2665 2675 2343)
4(2342 2343 2675 2674)
4(2664 2674 2675 2665)
4(2334 2666 2676 2344)
4(2343 2344 2676 2675)
4(2665 2675 2676 2666)
4(2344 2345 2677 2676)
4(2666 2676 2677 2667)
4(2346 2347 2679 2678)
4(2668 2678 2679 2669)
4(2348 2349 2681 2680)
4(2670 2680 2681 2671)
4(2341 2673 2683 2351)
4(2350 2351 2683 2682)
4(2672 2682 2683 2673)
4(2342 2674 2684 2352)
4(2351 2352 2684 2683)
4(2673 2683 2684 2674)
4(2343 2675 2685 2353)
4(2352 2353 2685 2684)
4(2674 2684 2685 2675)
4(2344 2676 2686 2354)
4(2353 2354 2686 2685)
4(2675 2685 2686 2676)
4(2354 2355 2687 2686)
4(2676 2686 2687 2677)
4(2356 2357 2689 2688)
4(2678 2688 2689 2679)
4(2358 2359 2691 2690)
4(2680 2690 2691 2681)
4(2351 2683 2693 2361)
4(2360 2361 2693 2692)
4(2682 2692 2693 2683)
4(2352 2684 2694 2362)
4(2361 2362 2694 2693)
4(2683 2693 2694 2684)
4(2353 2685 2695 2363)
4(2362 2363 2695 2694)
4(2684 2694 2695 2685)
4(2354 2686 2696 2364)
4(2363 2364 2696 2695)
4(2685 2695 2696 2686)
4(2364 2365 2697 2696)
4(2686 2696 2697 2687)
4(2366 2367 2699 2698)
4(2688 2698 2699 2689)
4(2368 2369 2701 2700)
4(2690 2700 2701 2691)
4(2361 2693 2703 2371)
4(2370 2371 2703 2702)
4(2692 2702 2703 2693)
4(2362 2694 2704 2372)
4(2371 2372 2704 2703)
4(2693 2703 2704 2694)
4(2363 2695 2705 2373)
4(2372 2373 2705 2704)
4(2694 2704 2705 2695)
4(2364 2696 2706 2374)
4(2373 2374 2706 2705)
4(2695 2705 2706 2696)
4(2374 2375 2707 2706)
4(2696 2706 2707 2697)
4(2376 2377 2709 2708)
4(2698 2708 2709 2699)
4(2378 2379 2711 2710)
4(2700 2710 2711 2701)
4(2371 2703 2713 2381)
4(2380 2381 2713 2712)
4(2702 2712 2713 2703)
4(2372 2704 2714 2382)
4(2381 2382 2714 2713)
4(2703 2713 2714 2704)
4(2373 2705 2715 2383)
4(2382 2383 2715 2714)
4(2704 2714 2715 2705)
4(2374 2706 2716 2384)
4(2383 2384 2716 2715)
4(2705 2715 2716 2706)
4(2384 2385 2717 2716)
4(2706 2716 2717 2707)
4(2386 2387 2719 2718)
4(2708 2718 2719 2709)
4(2388 2389 2721 2720)
4(2710 2720 2721 2711)
4(2381 2713 2723 2391)
4(2390 2391 2723 2722)
4(2712 2722 2723 2713)
4(2382 2714 2724 2392)
4(2391 2392 2724 2723)
4(2713 2723 2724 2714)
4(2383 2715 2725 2393)
4(2392 2393 2725 2724)
4(2714 2724 2725 2715)
4(2384 2716 2726 2394)
4(2393 2394 2726 2725)
4(2715 2725 2726 2716)
4(2394 2395 2727 2726)
4(2716 2726 2727 2717)
4(2396 2397 2729 2728)
4(2718 2728 2729 2719)
4(2398 2399 2731 2730)
4(2720 2730 2731 2721)
4(2391 2723 2733 2401)
4(2400 2401 2733 2732)
4(2722 2732 2733 2723)
4(2392 2724 2734 2402)
4(2401 2402 2734 2733)
4(2723 2733 2734 2724)
4(2393 2725 2735 2403)
4(2402 2403 2735 2734)
4(2724 2734 2735 2725)
4(2394 2726 2736 2404)
4(2403 2404 2736 2735)
4(2725 2735 2736 2726)
4(2404 2405 2737 2736)
4(2726 2736 2737 2727)
4(2406 2407 2739 2738)
4(2728 2738 2739 2729)
4(2408 2409 2741 2740)
4(2730 2740 2741 2731)
4(2401 2733 2743 2411)
4(2410 2411 2743 2742)
4(2732 2742 2743 2733)
4(2402 2734 2744 2412)
4(2411 2412 2744 2743)
4(2733 2743 2744 2734)
4(2403 2735 2745 2413)
4(2412 2413 2745 2744)
4(2734 2744 2745 2735)
4(2404 2736 2746 2414)
4(2413 2414 2746 2745)
4(2735 2745 2746 2736)
4(2414 2415 2747 2746)
4(2736 2746 2747 2737)
4(2416 2417 2749 2748)
4(2738 2748 2749 2739)
4(2418 2419 2751 2750)
4(2740 2750 2751 2741)
4(2411 2743 2753 2421)
4(2420 2421 2753 2752)
4(2742 2752 2753 2743)
4(2412 2744 2754 2422)
4(2421 2422 2754 2753)
4(2743 2753 2754 2744)
4(2413 2745 2755 2423)
4(2422 2423 2755 2754)
4(2744 2754 2755 2745)
4(2414 2746 2756 2424)
4(2423 2424 2756 2755)
4(2745 2755 2756 2746)
4(2424 2425 2757 2756)
4(2746 2756 2757 2747)
4(2426 2427 2759 2758)
4(2748 2758 2759 2749)
4(2428 2429 2761 2760)
4(2750 2760 2761 2751)
4(2421 2753 2763 2431)
4(2430 2431 2763 2762)
4(2752 2762 2763 2753)
4(2422 2754 2764 2432)
4(2431 2432 2764 2763)
4(2753 2763 2764 2754)
4(2423 2755 2765 2433)
4(2432 2433 2765 2764)
4(2754 2764 2765 2755)
4(2424 2756 2766 2434)
4(2433 2434 2766 2765)
4(2755 2765 2766 2756)
4(2434 2435 2767 2766)
4(2756 2766 2767 2757)
4(2436 2437 2769 2768)
4(2758 2768 2769 2759)
4(2438 2439 2771 2770)
4(2760 2770 2771 2761)
4(2431 2763 2773 2441)
4(2440 2441 2773 2772)
4(2762 2772 2773 2763)
4(2432 2764 2774 2442)
4(2441 2442 2774 2773)
4(2763 2773 2774 2764)
4(2433 2765 2775 2443)
4(2442 2443 2775 2774)
4(2764 2774 2775 2765)
4(2434 2766 2776 2444)
4(2443 2444 2776 2775)
4(2765 2775 2776 2766)
4(2444 2445 2777 2776)
4(2766 2776 2777 2767)
4(2446 2447 2779 2778)
4(2768 2778 2779 2769)
4(2448 2449 2781 2780)
4(2770 2780 2781 2771)
4(2441 2773 2783 2451)
4(2450 2451 2783 2782)
4(2772 2782 2783 2773)
4(2442 2774 2784 2452)
4(2451 2452 2784 2783)
4(2773 2783 2784 2774)
4(2443 2775 2785 2453)
4(2452 2453 2785 2784)
4(2774 2784 2785 2775)
4(2444 2776 2786 2454)
4(2453 2454 2786 2785)
4(2775 2785 2786 2776)
4(2454 2455 2787 2786)
4(2776 2786 2787 2777)
4(2456 2457 2789 2788)
4(2778 2788 2789 2779)
4(2458 2459 2791 2790)
4(2780 2790 2791 2781)
4(2451 2783 2793 2461)
4(2782 2792 2793 2783)
4(2452 2784 2794 2462)
4(2783 2793 2794 2784)
4(2453 2785 2795 2463)
4(2784 2794 2795 2785)
4(2454 2786 2796 2464)
4(2785 2795 2796 2786)
4(2786 2796 2797 2787)
4(2466 2467 2799 2798)
4(2788 2798 2799 2789)
4(2468 2469 2801 2800)
4(2790 2800 2801 2791)
4(2470 2471 2803 2802)
4(2798 2802 2803 2799)
4(2472 2473 2805 2804)
4(2800 2804 2805 2801)
4(2474 2475 2807 2806)
4(2802 2806 2807 2803)
4(2476 2477 2809 2808)
4(2804 2808 2809 2805)
4(2478 2479 2811 2810)
4(2806 2810 2811 2807)
4(2480 2481 2813 2812)
4(2808 2812 2813 2809)
4(2482 2483 2815 2814)
4(2810 2814 2815 2811)
4(2484 2485 2817 2816)
4(2812 2816 2817 2813)
4(2486 2487 2819 2818)
4(2814 2818 2819 2815)
4(2488 2489 2821 2820)
4(2816 2820 2821 2817)
4(2490 2491 2823 2822)
4(2818 2822 2823 2819)
4(2492 2493 2825 2824)
4(2820 2824 2825 2821)
4(2494 2495 2827 2826)
4(2822 2826 2827 2823)
4(2496 2497 2829 2828)
4(2824 2828 2829 2825)
4(2498 2499 2831 2830)
4(2826 2830 2831 2827)
4(2500 2501 2833 2832)
4(2828 2832 2833 2829)
4(2502 2503 2835 2834)
4(2830 2834 2835 2831)
4(2504 2505 2837 2836)
4(2832 2836 2837 2833)
4(2506 2507 2839 2838)
4(2834 2838 2839 2835)
4(2508 2509 2841 2840)
4(2836 2840 2841 2837)
4(2510 2511 2843 2842)
4(2838 2842 2843 2839)
4(2512 2513 2845 2844)
4(2840 2844 2845 2841)
4(2514 2515 2847 2846)
4(2842 2846 2847 2843)
4(2516 2517 2849 2848)
4(2844 2848 2849 2845)
4(2524 2525 2857 2856)
4(2846 2856 2857 2847)
4(2517 2849 2859 2527)
4(2848 2858 2859 2849)
4(2518 2850 2860 2528)
4(2849 2859 2860 2850)
4(2519 2851 2861 2529)
4(2850 2860 2861 2851)
4(2520 2852 2862 2530)
4(2851 2861 2862 2852)
4(2521 2853 2863 2531)
4(2852 2862 2863 2853)
4(2522 2854 2864 2532)
4(2853 2863 2864 2854)
4(2523 2855 2865 2533)
4(2854 2864 2865 2855)
4(2524 2856 2866 2534)
4(2855 2865 2866 2856)
4(2856 2866 2867 2857)
4(2540 2541 2873 2872)
4(2868 2872 2873 2869)
4(2542 2543 2875 2874)
4(2870 2874 2875 2871)
4(2544 2545 2877 2876)
4(2872 2876 2877 2873)
4(2546 2547 2879 2878)
4(2874 2878 2879 2875)
4(2548 2549 2881 2880)
4(2876 2880 2881 2877)
4(2550 2551 2883 2882)
4(2878 2882 2883 2879)
4(2552 2553 2885 2884)
4(2880 2884 2885 2881)
4(2554 2555 2887 2886)
4(2882 2886 2887 2883)
4(2556 2557 2889 2888)
4(2884 2888 2889 2885)
4(2558 2559 2891 2890)
4(2886 2890 2891 2887)
4(2560 2561 2893 2892)
4(2888 2892 2893 2889)
4(2562 2563 2895 2894)
4(2890 2894 2895 2891)
4(2564 2565 2897 2896)
4(2892 2896 2897 2893)
4(2566 2567 2899 2898)
4(2894 2898 2899 2895)
4(2568 2569 2901 2900)
4(2896 2900 2901 2897)
4(2570 2571 2903 2902)
4(2898 2902 2903 2899)
4(2572 2573 2905 2904)
4(2900 2904 2905 2901)
4(2574 2575 2907 2906)
4(2902 2906 2907 2903)
4(2576 2577 2909 2908)
4(2904 2908 2909 2905)
4(2578 2579 2911 2910)
4(2906 2910 2911 2907)
4(2580 2581 2913 2912)
4(2908 2912 2913 2909)
4(2588 2589 2921 2920)
4(2910 2920 2921 2911)
4(2590 2591 2923 2922)
4(2912 2922 2923 2913)
4(2583 2915 2925 2593)
4(2592 2593 2925 2924)
4(2914 2924 2925 2915)
4(2584 2916 2926 2594)
4(2593 2594 2926 2925)
4(2915 2925 2926 2916)
4(2585 2917 2927 2595)
4(2594 2595 2927 2926)
4(2916 2926 2927 2917)
4(2586 2918 2928 2596)
4(2595 2596 2928 2927)
4(2917 2927 2928 2918)
4(2596 2597 2929 2928)
4(2918 2928 2929 2919)
4(2598 2599 2931 2930)
4(2920 2930 2931 2921)
4(2600 2601 2933 2932)
4(2922 2932 2933 2923)
4(2593 2925 2935 2603)
4(2602 2603 2935 2934)
4(2924 2934 2935 2925)
4(2594 2926 2936 2604)
4(2603 2604 2936 2935)
4(2925 2935 2936 2926)
4(2595 2927 2937 2605)
4(2604 2605 2937 2936)
4(2926 2936 2937 2927)
4(2596 2928 2938 2606)
4(2605 2606 2938 2937)
4(2927 2937 2938 2928)
4(2606 2607 2939 2938)
4(2928 2938 2939 2929)
4(2608 2609 2941 2940)
4(2930 2940 2941 2931)
4(2610 2611 2943 2942)
4(2932 2942 2943 2933)
4(2603 2935 2945 2613)
4(2612 2613 2945 2944)
4(2934 2944 2945 2935)
4(2604 2936 2946 2614)
4(2613 2614 2946 2945)
4(2935 2945 2946 2936)
4(2605 2937 2947 2615)
4(2614 2615 2947 2946)
4(2936 2946 2947 2937)
4(2606 2938 2948 2616)
4(2615 2616 2948 2947)
4(2937 2947 2948 2938)
4(2616 2617 2949 2948)
4(2938 2948 2949 2939)
4(2618 2619 2951 2950)
4(2940 2950 2951 2941)
4(2620 2621 2953 2952)
4(2942 2952 2953 2943)
4(2613 2945 2955 2623)
4(2622 2623 2955 2954)
4(2944 2954 2955 2945)
4(2614 2946 2956 2624)
4(2623 2624 2956 2955)
4(2945 2955 2956 2946)
4(2615 2947 2957 2625)
4(2624 2625 2957 2956)
4(2946 2956 2957 2947)
4(2616 2948 2958 2626)
4(2625 2626 2958 2957)
4(2947 2957 2958 2948)
4(2626 2627 2959 2958)
4(2948 2958 2959 2949)
4(2628 2629 2961 2960)
4(2950 2960 2961 2951)
4(2630 2631 2963 2962)
4(2952 2962 2963 2953)
4(2623 2955 2965 2633)
4(2632 2633 2965 2964)
4(2954 2964 2965 2955)
4(2624 2956 2966 2634)
4(2633 2634 2966 2965)
4(2955 2965 2966 2956)
4(2625 2957 2967 2635)
4(2634 2635 2967 2966)
4(2956 2966 2967 2957)
4(2626 2958 2968 2636)
4(2635 2636 2968 2967)
4(2957 2967 2968 2958)
4(2636 2637 2969 2968)
4(2958 2968 2969 2959)
4(2638 2639 2971 2970)
4(2960 2970 2971 2961)
4(2640 2641 2973 2972)
4(2962 2972 2973 2963)
4(2633 2965 2975 2643)
4(2642 2643 2975 2974)
4(2964 2974 2975 2965)
4(2634 2966 2976 2644)
4(2643 2644 2976 2975)
4(2965 2975 2976 2966)
4(2635 2967 2977 2645)
4(2644 2645 2977 2976)
4(2966 2976 2977 2967)
4(2636 2968 2978 2646)
4(2645 2646 2978 2977)
4(2967 2977 2978 2968)
4(2646 2647 2979 2978)
4(2968 2978 2979 2969)
4(2648 2649 2981 2980)
4(2970 2980 2981 2971)
4(2650 2651 2983 2982)
4(2972 2982 2983 2973)
4(2643 2975 2985 2653)
4(2652 2653 2985 2984)
4(2974 2984 2985 2975)
4(2644 2976 2986 2654)
4(2653 2654 2986 2985)
4(2975 2985 2986 2976)
4(2645 2977 2987 2655)
4(2654 2655 2987 2986)
4(2976 2986 2987 2977)
4(2646 2978 2988 2656)
4(2655 2656 2988 2987)
4(2977 2987 2988 2978)
4(2656 2657 2989 2988)
4(2978 2988 2989 2979)
4(2658 2659 2991 2990)
4(2980 2990 2991 2981)
4(2660 2661 2993 2992)
4(2982 2992 2993 2983)
4(2653 2985 2995 2663)
4(2662 2663 2995 2994)
4(2984 2994 2995 2985)
4(2654 2986 2996 2664)
4(2663 2664 2996 2995)
4(2985 2995 2996 2986)
4(2655 2987 2997 2665)
4(2664 2665 2997 2996)
4(2986 2996 2997 2987)
4(2656 2988 2998 2666)
4(2665 2666 2998 2997)
4(2987 2997 2998 2988)
4(2666 2667 2999 2998)
4(2988 2998 2999 2989)
4(2668 2669 3001 3000)
4(2990 3000 3001 2991)
4(2670 2671 3003 3002)
4(2992 3002 3003 2993)
4(2663 2995 3005 2673)
4(2672 2673 3005 3004)
4(2994 3004 3005 2995)
4(2664 2996 3006 2674)
4(2673 2674 3006 3005)
4(2995 3005 3006 2996)
4(2665 2997 3007 2675)
4(2674 2675 3007 3006)
4(2996 3006 3007 2997)
4(2666 2998 3008 2676)
4(2675 2676 3008 3007)
4(2997 3007 3008 2998)
4(2676 2677 3009 3008)
4(2998 3008 3009 2999)
4(2678 2679 3011 3010)
4(3000 3010 3011 3001)
4(2680 2681 3013 3012)
4(3002 3012 3013 3003)
4(2673 3005 3015 2683)
4(2682 2683 3015 3014)
4(3004 3014 3015 3005)
4(2674 3006 3016 2684)
4(2683 2684 3016 3015)
4(3005 3015 3016 3006)
4(2675 3007 3017 2685)
4(2684 2685 3017 3016)
4(3006 3016 3017 3007)
4(2676 3008 3018 2686)
4(2685 2686 3018 3017)
4(3007 3017 3018 3008)
4(2686 2687 3019 3018)
4(3008 3018 3019 3009)
4(2688 2689 3021 3020)
4(3010 3020 3021 3011)
4(2690 2691 3023 3022)
4(3012 3022 3023 3013)
4(2683 3015 3025 2693)
4(2692 2693 3025 3024)
4(3014 3024 3025 3015)
4(2684 3016 3026 2694)
4(2693 2694 3026 3025)
4(3015 3025 3026 3016)
4(2685 3017 3027 2695)
4(2694 2695 3027 3026)
4(3016 3026 3027 3017)
4(2686 3018 3028 2696)
4(2695 2696 3028 3027)
4(3017 3027 3028 3018)
4(2696 2697 3029 3028)
4(3018 3028 3029 3019)
4(2698 2699 3031 3030)
4(3020 3030 3031 3021)
4(2700 2701 3033 3032)
4(3022 3032 3033 3023)
4(2693 3025 3035 2703)
4(2702 2703 3035 3034)
4(3024 3034 3035 3025)
4(2694 3026 3036 2704)
4(2703 2704 3036 3035)
4(3025 3035 3036 3026)
4(2695 3027 3037 2705)
4(2704 2705 3037 3036)
4(3026 3036 3037 3027)
4(2696 3028 3038 2706)
4(2705 2706 3038 3037)
4(3027 3037 3038 3028)
4(2706 2707 3039 3038)
4(3028 3038 3039 3029)
4(2708 2709 3041 3040)
4(3030 3040 3041 3031)
4(2710 2711 3043 3042)
4(3032 3042 3043 3033)
4(2703 3035 3045 2713)
4(2712 2713 3045 3044)
4(3034 3044 3045 3035)
4(2704 3036 3046 2714)
4(2713 2714 3046 3045)
4(3035 3045 3046 3036)
4(2705 3037 3047 2715)
4(2714 2715 3047 3046)
4(3036 3046 3047 3037)
4(2706 3038 3048 2716)
4(2715 2716 3048 3047)
4(3037 3047 3048 3038)
4(2716 2717 3049 3048)
4(3038 3048 3049 3039)
4(2718 2719 3051 3050)
4(3040 3050 3051 3041)
4(2720 2721 3053 3052)
4(3042 3052 3053 3043)
4(2713 3045 3055 2723)
4(2722 2723 3055 3054)
4(3044 3054 3055 3045)
4(2714 3046 3056 2724)
4(2723 2724 3056 3055)
4(3045 3055 3056 3046)
4(2715 3047 3057 2725)
4(2724 2725 3057 3056)
4(3046 3056 3057 3047)
4(2716 3048 3058 2726)
4(2725 2726 3058 3057)
4(3047 3057 3058 3048)
4(2726 2727 3059 3058)
4(3048 3058 3059 3049)
4(2728 2729 3061 3060)
4(3050 3060 3061 3051)
4(2730 2731 3063 3062)
4(3052 3062 3063 3053)
4(2723 3055 3065 2733)
4(2732 2733 3065 3064)
4(3054 3064 3065 3055)
4(2724 3056 3066 2734)
4(2733 2734 3066 3065)
4(3055 3065 3066 3056)
4(2725 3057 3067 2735)
4(2734 2735 3067 3066)
4(3056 3066 3067 3057)
4(2726 3058 3068 2736)
4(2735 2736 3068 3067)
4(3057 3067 3068 3058)
4(2736 2737 3069 3068)
4(3058 3068 3069 3059)
4(2738 2739 3071 3070)
4(3060 3070 3071 3061)
4(2740 2741 3073 3072)
4(3062 3072 3073 3063)
4(2733 3065 3075 2743)
4(2742 2743 3075 3074)
4(3064 3074 3075 3065)
4(2734 3066 3076 2744)
4(2743 2744 3076 3075)
4(3065 3075 3076 3066)
4(2735 3067 3077 2745)
4(2744 2745 3077 3076)
4(3066 3076 3077 3067)
4(2736 3068 3078 2746)
4(2745 2746 3078 3077)
4(3067 3077 3078 3068)
4(2746 2747 3079 3078)
4(3068 3078 3079 3069)
4(2748 2749 3081 3080)
4(3070 3080 3081 3071)
4(2750 2751 3083 3082)
4(3072 3082 3083 3073)
4(2743 3075 3085 2753)
4(2752 2753 3085 3084)
4(3074 3084 3085 3075)
4(2744 3076 3086 2754)
4(2753 2754 3086 3085)
4(3075 3085 3086 3076)
4(2745 3077 3087 2755)
4(2754 2755 3087 3086)
4(3076 3086 3087 3077)
4(2746 3078 3088 2756)
4(2755 2756 3088 3087)
4(3077 3087 3088 3078)
4(2756 2757 3089 3088)
4(3078 3088 3089 3079)
4(2758 2759 3091 3090)
4(3080 3090 3091 3081)
4(2760 2761 3093 3092)
4(3082 3092 3093 3083)
4(2753 3085 3095 2763)
4(2762 2763 3095 3094)
4(3084 3094 3095 3085)
4(2754 3086 3096 2764)
4(2763 2764 3096 3095)
4(3085 3095 3096 3086)
4(2755 3087 3097 2765)
4(2764 2765 3097 3096)
4(3086 3096 3097 3087)
4(2756 3088 3098 2766)
4(2765 2766 3098 3097)
4(3087 3097 3098 3088)
4(2766 2767 3099 3098)
4(3088 3098 3099 3089)
4(2768 2769 3101 3100)
4(3090 3100 3101 3091)
4(2770 2771 3103 3102)
4(3092 3102 3103 3093)
4(2763 3095 3105 2773)
4(2772 2773 3105 3104)
4(3094 3104 3105 3095)
4(2764 3096 3106 2774)
4(2773 2774 3106 3105)
4(3095 3105 3106 3096)
4(2765 3097 3107 2775)
4(2774 2775 3107 3106)
4(3096 3106 3107 3097)
4(2766 3098 3108 2776)
4(2775 2776 3108 3107)
4(3097 3107 3108 3098)
4(2776 2777 3109 3108)
4(3098 3108 3109 3099)
4(2778 2779 3111 3110)
4(3100 3110 3111 3101)
4(2780 2781 3113 3112)
4(3102 3112 3113 3103)
4(2773 3105 3115 2783)
4(2782 2783 3115 3114)
4(3104 3114 3115 3105)
4(2774 3106 3116 2784)
4(2783 2784 3116 3115)
4(3105 3115 3116 3106)
4(2775 3107 3117 2785)
4(2784 2785 3117 3116)
4(3106 3116 3117 3107)
4(2776 3108 3118 2786)
4(2785 2786 3118 3117)
4(3107 3117 3118 3108)
4(2786 2787 3119 3118)
4(3108 3118 3119 3109)
4(2788 2789 3121 3120)
4(3110 3120 3121 3111)
4(2790 2791 3123 3122)
4(3112 3122 3123 3113)
4(2783 3115 3125 2793)
4(3114 3124 3125 3115)
4(2784 3116 3126 2794)
4(3115 3125 3126 3116)
4(2785 3117 3127 2795)
4(3116 3126 3127 3117)
4(2786 3118 3128 2796)
4(3117 3127 3128 3118)
4(3118 3128 3129 3119)
4(2798 2799 3131 3130)
4(3120 3130 3131 3121)
4(2800 2801 3133 3132)
4(3122 3132 3133 3123)
4(2802 2803 3135 3134)
4(3130 3134 3135 3131)
4(2804 2805 3137 3136)
4(3132 3136 3137 3133)
4(2806 2807 3139 3138)
4(3134 3138 3139 3135)
4(2808 2809 3141 3140)
4(3136 3140 3141 3137)
4(2810 2811 3143 3142)
4(3138 3142 3143 3139)
4(2812 2813 3145 3144)
4(3140 3144 3145 3141)
4(2814 2815 3147 3146)
4(3142 3146 3147 3143)
4(2816 2817 3149 3148)
4(3144 3148 3149 3145)
4(2818 2819 3151 3150)
4(3146 3150 3151 3147)
4(2820 2821 3153 3152)
4(3148 3152 3153 3149)
4(2822 2823 3155 3154)
4(3150 3154 3155 3151)
4(2824 2825 3157 3156)
4(3152 3156 3157 3153)
4(2826 2827 3159 3158)
4(3154 3158 3159 3155)
4(2828 2829 3161 3160)
4(3156 3160 3161 3157)
4(2830 2831 3163 3162)
4(3158 3162 3163 3159)
4(2832 2833 3165 3164)
4(3160 3164 3165 3161)
4(2834 2835 3167 3166)
4(3162 3166 3167 3163)
4(2836 2837 3169 3168)
4(3164 3168 3169 3165)
4(2838 2839 3171 3170)
4(3166 3170 3171 3167)
4(2840 2841 3173 3172)
4(3168 3172 3173 3169)
4(2842 2843 3175 3174)
4(3170 3174 3175 3171)
4(2844 2845 3177 3176)
4(3172 3176 3177 3173)
4(2846 2847 3179 3178)
4(3174 3178 3179 3175)
4(2848 2849 3181 3180)
4(3176 3180 3181 3177)
4(2856 2857 3189 3188)
4(3178 3188 3189 3179)
4(2849 3181 3191 2859)
4(3180 3190 3191 3181)
4(2850 3182 3192 2860)
4(3181 3191 3192 3182)
4(2851 3183 3193 2861)
4(3182 3192 3193 3183)
4(2852 3184 3194 2862)
4(3183 3193 3194 3184)
4(2853 3185 3195 2863)
4(3184 3194 3195 3185)
4(2854 3186 3196 2864)
4(3185 3195 3196 3186)
4(2855 3187 3197 2865)
4(3186 3196 3197 3187)
4(2856 3188 3198 2866)
4(3187 3197 3198 3188)
4(3188 3198 3199 3189)
4(2872 2873 3205 3204)
4(3200 3204 3205 3201)
4(2874 2875 3207 3206)
4(3202 3206 3207 3203)
4(2876 2877 3209 3208)
4(3204 3208 3209 3205)
4(2878 2879 3211 3210)
4(3206 3210 3211 3207)
4(2880 2881 3213 3212)
4(3208 3212 3213 3209)
4(2882 2883 3215 3214)
4(3210 3214 3215 3211)
4(2884 2885 3217 3216)
4(3212 3216 3217 3213)
4(2886 2887 3219 3218)
4(3214 3218 3219 3215)
4(2888 2889 3221 3220)
4(3216 3220 3221 3217)
4(2890 2891 3223 3222)
4(3218 3222 3223 3219)
4(2892 2893 3225 3224)
4(3220 3224 3225 3221)
4(2894 2895 3227 3226)
4(3222 3226 3227 3223)
4(2896 2897 3229 3228)
4(3224 3228 3229 3225)
4(2898 2899 3231 3230)
4(3226 3230 3231 3227)
4(2900 2901 3233 3232)
4(3228 3232 3233 3229)
4(2902 2903 3235 3234)
4(3230 3234 3235 3231)
4(2904 2905 3237 3236)
4(3232 3236 3237 3233)
4(2906 2907 3239 3238)
4(3234 3238 3239 3235)
4(2908 2909 3241 3240)
4(3236 3240 3241 3237)
4(2910 2911 3243 3242)
4(3238 3242 3243 3239)
4(2912 2913 3245 3244)
4(3240 3244 3245 3241)
4(2920 2921 3253 3252)
4(3242 3252 3253 3243)
4(2922 2923 3255 3254)
4(3244 3254 3255 3245)
4(2915 3247 3257 2925)
4(2924 2925 3257 3256)
4(3246 3256 3257 3247)
4(2916 3248 3258 2926)
4(2925 2926 3258 3257)
4(3247 3257 3258 3248)
4(2917 3249 3259 2927)
4(2926 2927 3259 3258)
4(3248 3258 3259 3249)
4(2918 3250 3260 2928)
4(2927 2928 3260 3259)
4(3249 3259 3260 3250)
4(2928 2929 3261 3260)
4(3250 3260 3261 3251)
4(2930 2931 3263 3262)
4(3252 3262 3263 3253)
4(2932 2933 3265 3264)
4(3254 3264 3265 3255)
4(2925 3257 3267 2935)
4(2934 2935 3267 3266)
4(3256 3266 3267 3257)
4(2926 3258 3268 2936)
4(2935 2936 3268 3267)
4(3257 3267 3268 3258)
4(2927 3259 3269 2937)
4(2936 2937 3269 3268)
4(3258 3268 3269 3259)
4(2928 3260 3270 2938)
4(2937 2938 3270 3269)
4(3259 3269 3270 3260)
4(2938 2939 3271 3270)
4(3260 3270 3271 3261)
4(2940 2941 3273 3272)
4(3262 3272 3273 3263)
4(2942 2943 3275 3274)
4(3264 3274 3275 3265)
4(2935 3267 3277 2945)
4(2944 2945 3277 3276)
4(3266 3276 3277 3267)
4(2936 3268 3278 2946)
4(2945 2946 3278 3277)
4(3267 3277 3278 3268)
4(2937 3269 3279 2947)
4(2946 2947 3279 3278)
4(3268 3278 3279 3269)
4(2938 3270 3280 2948)
4(2947 2948 3280 3279)
4(3269 3279 3280 3270)
4(2948 2949 3281 3280)
4(3270 3280 3281 3271)
4(2950 2951 3283 3282)
4(3272 3282 3283 3273)
4(2952 2953 3285 3284)
4(3274 3284 3285 3275)
4(2945 3277 3287 2955)
4(2954 2955 3287 3286)
4(3276 3286 3287 3277)
4(2946 3278 3288 2956)
4(2955 2956 3288 3287)
4(3277 3287 3288 3278)
4(2947 3279 3289 2957)
4(2956 2957 3289 3288)
4(3278 3288 3289 3279)
4(2948 3280 3290 2958)
4(2957 2958 3290 3289)
4(3279 3289 3290 3280)
4(2958 2959 3291 3290)
4(3280 3290 3291 3281)
4(2960 2961 3293 3292)
4(3282 3292 3293 3283)
4(2962 2963 3295 3294)
4(3284 3294 3295 3285)
4(2955 3287 3297 2965)
4(2964 2965 3297 3296)
4(3286 3296 3297 3287)
4(2956 3288 3298 2966)
4(2965 2966 3298 3297)
4(3287 3297 3298 3288)
4(2957 3289 3299 2967)
4(2966 2967 3299 3298)
4(3288 3298 3299 3289)
4(2958 3290 3300 2968)
4(2967 2968 3300 3299)
4(3289 3299 3300 3290)
4(2968 2969 3301 3300)
4(3290 3300 3301 3291)
4(2970 2971 3303 3302)
4(3292 3302 3303 3293)
4(2972 2973 3305 3304)
4(3294 3304 3305 3295)
4(2965 3297 3307 2975)
4(2974 2975 3307 3306)
4(3296 3306 3307 3297)
4(2966 3298 3308 2976)
4(2975 2976 3308 3307)
4(3297 3307 3308 3298)
4(2967 3299 3309 2977)
4(2976 2977 3309 3308)
4(3298 3308 3309 3299)
4(2968 3300 3310 2978)
4(2977 2978 3310 3309)
4(3299 3309 3310 3300)
4(2978 2979 3311 3310)
4(3300 3310 3311 3301)
4(2980 2981 3313 3312)
4(3302 3312 3313 3303)
4(2982 2983 3315 3314)
4(3304 3314 3315 3305)
4(2975 3307 3317 2985)
4(2984 2985 3317 3316)
4(3306 3316 3317 3307)
4(2976 3308 3318 2986)
4(2985 2986 3318 3317)
4(3307 3317 3318 3308)
4(2977 3309 3319 2987)
4(2986 2987 3319 3318)
4(3308 3318 3319 3309)
4(2978 3310 3320 2988)
4(2987 2988 3320 3319)
4(3309 3319 3320 3310)
4(2988 2989 3321 3320)
4(3310 3320 3321 3311)
4(2990 2991 3323 3322)
4(3312 3322 3323 3313)
4(2992 2993 3325 3324)
4(3314 3324 3325 3315)
4(2985 3317 3327 2995)
4(2994 2995 3327 3326)
4(3316 3326 3327 3317)
4(2986 3318 3328 2996)
4(2995 2996 3328 3327)
4(3317 3327 3328 3318)
4(2987 3319 3329 2997)
4(2996 2997 3329 3328)
4(3318 3328 3329 3319)
4(2988 3320 3330 2998)
4(2997 2998 3330 3329)
4(3319 3329 3330 3320)
4(2998 2999 3331 3330)
4(3320 3330 3331 3321)
4(3000 3001 3333 3332)
4(3322 3332 3333 3323)
4(3002 3003 3335 3334)
4(3324 3334 3335 3325)
4(2995 3327 3337 3005)
4(3004 3005 3337 3336)
4(3326 3336 3337 3327)
4(2996 3328 3338 3006)
4(3005 3006 3338 3337)
4(3327 3337 3338 3328)
4(2997 3329 3339 3007)
4(3006 3007 3339 3338)
4(3328 3338 3339 3329)
4(2998 3330 3340 3008)
4(3007 3008 3340 3339)
4(3329 3339 3340 3330)
4(3008 3009 3341 3340)
4(3330 3340 3341 3331)
4(3010 3011 3343 3342)
4(3332 3342 3343 3333)
4(3012 3013 3345 3344)
4(3334 3344 3345 3335)
4(3005 3337 3347 3015)
4(3014 3015 3347 3346)
4(3336 3346 3347 3337)
4(3006 3338 3348 3016)
4(3015 3016 3348 3347)
4(3337 3347 3348 3338)
4(3007 3339 3349 3017)
4(3016 3017 3349 3348)
4(3338 3348 3349 3339)
4(3008 3340 3350 3018)
4(3017 3018 3350 3349)
4(3339 3349 3350 3340)
4(3018 3019 3351 3350)
4(3340 3350 3351 3341)
4(3020 3021 3353 3352)
4(3342 3352 3353 3343)
4(3022 3023 3355 3354)
4(3344 3354 3355 3345)
4(3015 3347 3357 3025)
4(3024 3025 3357 3356)
4(3346 3356 3357 3347)
4(3016 3348 3358 3026)
4(3025 3026 3358 3357)
4(3347 3357 3358 3348)
4(3017 3349 3359 3027)
4(3026 3027 3359 3358)
4(3348 3358 3359 3349)
4(3018 3350 3360 3028)
4(3027 3028 3360 3359)
4(3349 3359 3360 3350)
4(3028 3029 3361 3360)
4(3350 3360 3361 3351)
4(3030 3031 3363 3362)
4(3352 3362 3363 3353)
4(3032 3033 3365 3364)
4(3354 3364 3365 3355)
4(3025 3357 3367 3035)
4(3034 3035 3367 3366)
4(3356 3366 3367 3357)
4(3026 3358 3368 3036)
4(3035 3036 3368 3367)
4(3357 3367 3368 3358)
4(3027 3359 3369 3037)
4(3036 3037 3369 3368)
4(3358 3368 3369 3359)
4(3028 3360 3370 3038)
4(3037 3038 3370 3369)
4(3359 3369 3370 3360)
4(3038 3039 3371 3370)
4(3360 3370 3371 3361)
4(3040 3041 3373 3372)
4(3362 3372 3373 3363)
4(3042 3043 3375 3374)
4(3364 3374 3375 3365)
4(3035 3367 3377 3045)
4(3044 3045 3377 3376)
4(3366 3376 3377 3367)
4(3036 3368 3378 3046)
4(3045 3046 3378 3377)
4(3367 3377 3378 3368)
4(3037 3369 3379 3047)
4(3046 3047 3379 3378)
4(3368 3378 3379 3369)
4(3038 3370 3380 3048)
4(3047 3048 3380 3379)
4(3369 3379 3380 3370)
4(3048 3049 3381 3380)
4(3370 3380 3381 3371)
4(3050 3051 3383 3382)
4(3372 3382 3383 3373)
4(3052 3053 3385 3384)
4(3374 3384 3385 3375)
4(3045 3377 3387 3055)
4(3054 3055 3387 3386)
4(3376 3386 3387 3377)
4(3046 3378 3388 3056)
4(3055 3056 3388 3387)
4(3377 3387 3388 3378)
4(3047 3379 3389 3057)
4(3056 3057 3389 3388)
4(3378 3388 3389 3379)
4(3048 3380 3390 3058)
4(3057 3058 3390 3389)
4(3379 3389 3390 3380)
4(3058 3059 3391 3390)
4(3380 3390 3391 3381)
4(3060 3061 3393 3392)
4(3382 3392 3393 3383)
4(3062 3063 3395 3394)
4(3384 3394 3395 3385)
4(3055 3387 3397 3065)
4(3064 3065 3397 3396)
4(3386 3396 3397 3387)
4(3056 3388 3398 3066)
4(3065 3066 3398 3397)
4(3387 3397 3398 3388)
4(3057 3389 3399 3067)
4(3066 3067 3399 3398)
4(3388 3398 3399 3389)
4(3058 3390 3400 3068)
4(3067 3068 3400 3399)
4(3389 3399 3400 3390)
4(3068 3069 3401 3400)
4(3390 3400 3401 3391)
4(3070 3071 3403 3402)
4(3392 3402 3403 3393)
4(3072 3073 3405 3404)
4(3394 3404 3405 3395)
4(3065 3397 3407 3075)
4(3074 3075 3407 3406)
4(3396 3406 3407 3397)
4(3066 3398 3408 3076)
4(3075 3076 3408 3407)
4(3397 3407 3408 3398)
4(3067 3399 3409 3077)
4(3076 3077 3409 3408)
4(3398 3408 3409 3399)
4(3068 3400 3410 3078)
4(3077 3078 3410 3409)
4(3399 3409 3410 3400)
4(3078 3079 3411 3410)
4(3400 3410 3411 3401)
4(3080 3081 3413 3412)
4(3402 3412 3413 3403)
4(3082 3083 3415 3414)
4(3404 3414 3415 3405)
4(3075 3407 3417 3085)
4(3084 3085 3417 3416)
4(3406 3416 3417 3407)
4(3076 3408 3418 3086)
4(3085 3086 3418 3417)
4(3407 3417 3418 3408)
4(3077 3409 3419 3087)
4(3086 3087 3419 3418)
4(3408 3418 3419 3409)
4(3078 3410 3420 3088)
4(3087 3088 3420 3419)
4(3409 3419 3420 3410)
4(3088 3089 3421 3420)
4(3410 3420 3421 3411)
4(3090 3091 3423 3422)
4(3412 3422 3423 3413)
4(3092 3093 3425 3424)
4(3414 3424 3425 3415)
4(3085 3417 3427 3095)
4(3094 3095 3427 3426)
4(3416 3426 3427 3417)
4(3086 3418 3428 3096)
4(3095 3096 3428 3427)
4(3417 3427 3428 3418)
4(3087 3419 3429 3097)
4(3096 3097 3429 3428)
4(3418 3428 3429 3419)
4(3088 3420 3430 3098)
4(3097 3098 3430 3429)
4(3419 3429 3430 3420)
4(3098 3099 3431 3430)
4(3420 3430 3431 3421)
4(3100 3101 3433 3432)
4(3422 3432 3433 3423)
4(3102 3103 3435 3434)
4(3424 3434 3435 3425)
4(3095 3427 3437 3105)
4(3104 3105 3437 3436)
4(3426 3436 3437 3427)
4(3096 3428 3438 3106)
4(3105 3106 3438 3437)
4(3427 3437 3438 3428)
4(3097 3429 3439 3107)
4(3106 3107 3439 3438)
4(3428 3438 3439 3429)
4(3098 3430 3440 3108)
4(3107 3108 3440 3439)
4(3429 3439 3440 3430)
4(3108 3109 3441 3440)
4(3430 3440 3441 3431)
4(3110 3111 3443 3442)
4(3432 3442 3443 3433)
4(3112 3113 3445 3444)
4(3434 3444 3445 3435)
4(3105 3437 3447 3115)
4(3114 3115 3447 3446)
4(3436 3446 3447 3437)
4(3106 3438 3448 3116)
4(3115 3116 3448 3447)
4(3437 3447 3448 3438)
4(3107 3439 3449 3117)
4(3116 3117 3449 3448)
4(3438 3448 3449 3439)
4(3108 3440 3450 3118)
4(3117 3118 3450 3449)
4(3439 3449 3450 3440)
4(3118 3119 3451 3450)
4(3440 3450 3451 3441)
4(3120 3121 3453 3452)
4(3442 3452 3453 3443)
4(3122 3123 3455 3454)
4(3444 3454 3455 3445)
4(3115 3447 3457 3125)
4(3446 3456 3457 3447)
4(3116 3448 3458 3126)
4(3447 3457 3458 3448)
4(3117 3449 3459 3127)
4(3448 3458 3459 3449)
4(3118 3450 3460 3128)
4(3449 3459 3460 3450)
4(3450 3460 3461 3451)
4(3130 3131 3463 3462)
4(3452 3462 3463 3453)
4(3132 3133 3465 3464)
4(3454 3464 3465 3455)
4(3134 3135 3467 3466)
4(3462 3466 3467 3463)
4(3136 3137 3469 3468)
4(3464 3468 3469 3465)
4(3138 3139 3471 3470)
4(3466 3470 3471 3467)
4(3140 3141 3473 3472)
4(3468 3472 3473 3469)
4(3142 3143 3475 3474)
4(3470 3474 3475 3471)
4(3144 3145 3477 3476)
4(3472 3476 3477 3473)
4(3146 3147 3479 3478)
4(3474 3478 3479 3475)
4(3148 3149 3481 3480)
4(3476 3480 3481 3477)
4(3150 3151 3483 3482)
4(3478 3482 3483 3479)
4(3152 3153 3485 3484)
4(3480 3484 3485 3481)
4(3154 3155 3487 3486)
4(3482 3486 3487 3483)
4(3156 3157 3489 3488)
4(3484 3488 3489 3485)
4(3158 3159 3491 3490)
4(3486 3490 3491 3487)
4(3160 3161 3493 3492)
4(3488 3492 3493 3489)
4(3162 3163 3495 3494)
4(3490 3494 3495 3491)
4(3164 3165 3497 3496)
4(3492 3496 3497 3493)
4(3166 3167 3499 3498)
4(3494 3498 3499 3495)
4(3168 3169 3501 3500)
4(3496 3500 3501 3497)
4(3170 3171 3503 3502)
4(3498 3502 3503 3499)
4(3172 3173 3505 3504)
4(3500 3504 3505 3501)
4(3174 3175 3507 3506)
4(3502 3506 3507 3503)
4(3176 3177 3509 3508)
4(3504 3508 3509 3505)
4(3178 3179 3511 3510)
4(3506 3510 3511 3507)
4(3180 3181 3513 3512)
4(3508 3512 3513 3509)
4(3188 3189 3521 3520)
4(3510 3520 3521 3511)
4(3181 3513 3523 3191)
4(3512 3522 3523 3513)
4(3182 3514 3524 3192)
4(3513 3523 3524 3514)
4(3183 3515 3525 3193)
4(3514 3524 3525 3515)
4(3184 3516 3526 3194)
4(3515 3525 3526 3516)
4(3185 3517 3527 3195)
4(3516 3526 3527 3517)
4(3186 3518 3528 3196)
4(3517 3527 3528 3518)
4(3187 3519 3529 3197)
4(3518 3528 3529 3519)
4(3188 3520 3530 3198)
4(3519 3529 3530 3520)
4(3520 3530 3531 3521)
4(3204 3205 3537 3536)
4(3532 3536 3537 3533)
4(3206 3207 3539 3538)
4(3534 3538 3539 3535)
4(3208 3209 3541 3540)
4(3536 3540 3541 3537)
4(3210 3211 3543 3542)
4(3538 3542 3543 3539)
4(3212 3213 3545 3544)
4(3540 3544 3545 3541)
4(3214 3215 3547 3546)
4(3542 3546 3547 3543)
4(3216 3217 3549 3548)
4(3544 3548 3549 3545)
4(3218 3219 3551 3550)
4(3546 3550 3551 3547)
4(3220 3221 3553 3552)
4(3548 3552 3553 3549)
4(3222 3223 3555 3554)
4(3550 3554 3555 3551)
4(3224 3225 3557 3556)
4(3552 3556 3557 3553)
4(3226 3227 3559 3558)
4(3554 3558 3559 3555)
4(3228 3229 3561 3560)
4(3556 3560 3561 3557)
4(3230 3231 3563 3562)
4(3558 3562 3563 3559)
4(3232 3233 3565 3564)
4(3560 3564 3565 3561)
4(3234 3235 3567 3566)
4(3562 3566 3567 3563)
4(3236 3237 3569 3568)
4(3564 3568 3569 3565)
4(3238 3239 3571 3570)
4(3566 3570 3571 3567)
4(3240 3241 3573 3572)
4(3568 3572 3573 3569)
4(3242 3243 3575 3574)
4(3570 3574 3575 3571)
4(3244 3245 3577 3576)
4(3572 3576 3577 3573)
4(3252 3253 3585 3584)
4(3574 3584 3585 3575)
4(3254 3255 3587 3586)
4(3576 3586 3587 3577)
4(3247 3579 3589 3257)
4(3256 3257 3589 3588)
4(3578 3588 3589 3579)
4(3248 3580 3590 3258)
4(3257 3258 3590 3589)
4(3579 3589 3590 3580)
4(3249 3581 3591 3259)
4(3258 3259 3591 3590)
4(3580 3590 3591 3581)
4(3250 3582 3592 3260)
4(3259 3260 3592 3591)
4(3581 3591 3592 3582)
4(3260 3261 3593 3592)
4(3582 3592 3593 3583)
4(3262 3263 3595 3594)
4(3584 3594 3595 3585)
4(3264 3265 3597 3596)
4(3586 3596 3597 3587)
4(3257 3589 3599 3267)
4(3266 3267 3599 3598)
4(3588 3598 3599 3589)
4(3258 3590 3600 3268)
4(3267 3268 3600 3599)
4(3589 3599 3600 3590)
4(3259 3591 3601 3269)
4(3268 3269 3601 3600)
4(3590 3600 3601 3591)
4(3260 3592 3602 3270)
4(3269 3270 3602 3601)
4(3591 3601 3602 3592)
4(3270 3271 3603 3602)
4(3592 3602 3603 3593)
4(3272 3273 3605 3604)
4(3594 3604 3605 3595)
4(3274 3275 3607 3606)
4(3596 3606 3607 3597)
4(3267 3599 3609 3277)
4(3276 3277 3609 3608)
4(3598 3608 3609 3599)
4(3268 3600 3610 3278)
4(3277 3278 3610 3609)
4(3599 3609 3610 3600)
4(3269 3601 3611 3279)
4(3278 3279 3611 3610)
4(3600 3610 3611 3601)
4(3270 3602 3612 3280)
4(3279 3280 3612 3611)
4(3601 3611 3612 3602)
4(3280 3281 3613 3612)
4(3602 3612 3613 3603)
4(3282 3283 3615 3614)
4(3604 3614 3615 3605)
4(3284 3285 3617 3616)
4(3606 3616 3617 3607)
4(3277 3609 3619 3287)
4(3286 3287 3619 3618)
4(3608 3618 3619 3609)
4(3278 3610 3620 3288)
4(3287 3288 3620 3619)
4(3609 3619 3620 3610)
4(3279 3611 3621 3289)
4(3288 3289 3621 3620)
4(3610 3620 3621 3611)
4(3280 3612 3622 3290)
4(3289 3290 3622 3621)
4(3611 3621 3622 3612)
4(3290 3291 3623 3622)
4(3612 3622 3623 3613)
4(3292 3293 3625 3624)
4(3614 3624 3625 3615)
4(3294 3295 3627 3626)
4(3616 3626 3627 3617)
4(3287 3619 3629 3297)
4(3296 3297 3629 3628)
4(3618 3628 3629 3619)
4(3288 3620 3630 3298)
4(3297 3298 3630 3629)
4(3619 3629 3630 3620)
4(3289 3621 3631 3299)
4(3298 3299 3631 3630)
4(3620 3630 3631 3621)
4(3290 3622 3632 3300)
4(3299 3300 3632 3631)
4(3621 3631 3632 3622)
4(3300 3301 3633 3632)
4(3622 3632 3633 3623)
4(3302 3303 3635 3634)
4(3624 3634 3635 3625)
4(3304 3305 3637 3636)
4(3626 3636 3637 3627)
4(3297 3629 3639 3307)
4(3306 3307 3639 3638)
4(3628 3638 3639 3629)
4(3298 3630 3640 3308)
4(3307 3308 3640 3639)
4(3629 3639 3640 3630)
4(3299 3631 3641 3309)
4(3308 3309 3641 3640)
4(3630 3640 3641 3631)
4(3300 3632 3642 3310)
4(3309 3310 3642 3641)
4(3631 3641 3642 3632)
4(3310 3311 3643 3642)
4(3632 3642 3643 3633)
4(3312 3313 3645 3644)
4(3634 3644 3645 3635)
4(3314 3315 3647 3646)
4(3636 3646 3647 3637)
4(3307 3639 3649 3317)
4(3316 3317 3649 3648)
4(3638 3648 3649 3639)
4(3308 3640 3650 3318)
4(3317 3318 3650 3649)
4(3639 3649 3650 3640)
4(3309 3641 3651 3319)
4(3318 3319 3651 3650)
4(3640 3650 3651 3641)
4(3310 3642 3652 3320)
4(3319 3320 3652 3651)
4(3641 3651 3652 3642)
4(3320 3321 3653 3652)
4(3642 3652 3653 3643)
4(3322 3323 3655 3654)
4(3644 3654 3655 3645)
4(3324 3325 3657 3656)
4(3646 3656 3657 3647)
4(3317 3649 3659 3327)
4(3326 3327 3659 3658)
4(3648 3658 3659 3649)
4(3318 3650 3660 3328)
4(3327 3328 3660 3659)
4(3649 3659 3660 3650)
4(3319 3651 3661 3329)
4(3328 3329 3661 3660)
4(3650 3660 3661 3651)
4(3320 3652 3662 3330)
4(3329 3330 3662 3661)
4(3651 3661 3662 3652)
4(3330 3331 3663 3662)
4(3652 3662 3663 3653)
4(3332 3333 3665 3664)
4(3654 3664 3665 3655)
4(3334 3335 3667 3666)
4(3656 3666 3667 3657)
4(3327 3659 3669 3337)
4(3336 3337 3669 3668)
4(3658 3668 3669 3659)
4(3328 3660 3670 3338)
4(3337 3338 3670 3669)
4(3659 3669 3670 3660)
4(3329 3661 3671 3339)
4(3338 3339 3671 3670)
4(3660 3670 3671 3661)
4(3330 3662 3672 3340)
4(3339 3340 3672 3671)
4(3661 3671 3672 3662)
4(3340 3341 3673 3672)
4(3662 3672 3673 3663)
4(3342 3343 3675 3674)
4(3664 3674 3675 3665)
4(3344 3345 3677 3676)
4(3666 3676 3677 3667)
4(3337 3669 3679 3347)
4(3346 3347 3679 3678)
4(3668 3678 3679 3669)
4(3338 3670 3680 3348)
4(3347 3348 3680 3679)
4(3669 3679 3680 3670)
4(3339 3671 3681 3349)
4(3348 3349 3681 3680)
4(3670 3680 3681 3671)
4(3340 3672 3682 3350)
4(3349 3350 3682 3681)
4(3671 3681 3682 3672)
4(3350 3351 3683 3682)
4(3672 3682 3683 3673)
4(3352 3353 3685 3684)
4(3674 3684 3685 3675)
4(3354 3355 3687 3686)
4(3676 3686 3687 3677)
4(3347 3679 3689 3357)
4(3356 3357 3689 3688)
4(3678 3688 3689 3679)
4(3348 3680 3690 3358)
4(3357 3358 3690 3689)
4(3679 3689 3690 3680)
4(3349 3681 3691 3359)
4(3358 3359 3691 3690)
4(3680 3690 3691 3681)
4(3350 3682 3692 3360)
4(3359 3360 3692 3691)
4(3681 3691 3692 3682)
4(3360 3361 3693 3692)
4(3682 3692 3693 3683)
4(3362 3363 3695 3694)
4(3684 3694 3695 3685)
4(3364 3365 3697 3696)
4(3686 3696 3697 3687)
4(3357 3689 3699 3367)
4(3366 3367 3699 3698)
4(3688 3698 3699 3689)
4(3358 3690 3700 3368)
4(3367 3368 3700 3699)
4(3689 3699 3700 3690)
4(3359 3691 3701 3369)
4(3368 3369 3701 3700)
4(3690 3700 3701 3691)
4(3360 3692 3702 3370)
4(3369 3370 3702 3701)
4(3691 3701 3702 3692)
4(3370 3371 3703 3702)
4(3692 3702 3703 3693)
4(3372 3373 3705 3704)
4(3694 3704 3705 3695)
4(3374 3375 3707 3706)
4(3696 3706 3707 3697)
4(3367 3699 3709 3377)
4(3376 3377 3709 3708)
4(3698 3708 3709 3699)
4(3368 3700 3710 3378)
4(3377 3378 3710 3709)
4(3699 3709 3710 3700)
4(3369 3701 3711 3379)
4(3378 3379 3711 3710)
4(3700 3710 3711 3701)
4(3370 3702 3712 3380)
4(3379 3380 3712 3711)
4(3701 3711 3712 3702)
4(3380 3381 3713 3712)
4(3702 3712 3713 3703)
4(3382 3383 3715 3714)
4(3704 3714 3715 3705)
4(3384 3385 3717 3716)
4(3706 3716 3717 3707)
4(3377 3709 3719 3387)
4(3386 3387 3719 3718)
4(3708 3718 3719 3709)
4(3378 3710 3720 3388)
4(3387 3388 3720 3719)
4(3709 3719 3720 3710)
4(3379 3711 3721 3389)
4(3388 3389 3721 3720)
4(3710 3720 3721 3711)
4(3380 3712 3722 3390)
4(3389 3390 3722 3721)
4(3711 3721 3722 3712)
4(3390 3391 3723 3722)
4(3712 3722 3723 3713)
4(3392 3393 3725 3724)
4(3714 3724 3725 3715)
4(3394 3395 3727 3726)
4(3716 3726 3727 3717)
4(3387 3719 3729 3397)
4(3396 3397 3729 3728)
4(3718 3728 3729 3719)
4(3388 3720 3730 3398)
4(3397 3398 3730 3729)
4(3719 3729 3730 3720)
4(3389 3721 3731 3399)
4(3398 3399 3731 3730)
4(3720 3730 3731 3721)
4(3390 3722 3732 3400)
4(3399 3400 3732 3731)
4(3721 3731 3732 3722)
4(3400 3401 3733 3732)
4(3722 3732 3733 3723)
4(3402 3403 3735 3734)
4(3724 3734 3735 3725)
4(3404 3405 3737 3736)
4(3726 3736 3737 3727)
4(3397 3729 3739 3407)
4(3406 3407 3739 3738)
4(3728 3738 3739 3729)
4(3398 3730 3740 3408)
4(3407 3408 3740 3739)
4(3729 3739 3740 3730)
4(3399 3731 3741 3409)
4(3408 3409 3741 3740)
4(3730 3740 3741 3731)
4(3400 3732 3742 3410)
4(3409 3410 3742 3741)
4(3731 3741 3742 3732)
4(3410 3411 3743 3742)
4(3732 3742 3743 3733)
4(3412 3413 3745 3744)
4(3734 3744 3745 3735)
4(3414 3415 3747 3746)
4(3736 3746 3747 3737)
4(3407 3739 3749 3417)
4(3416 3417 3749 3748)
4(3738 3748 3749 3739)
4(3408 3740 3750 3418)
4(3417 3418 3750 3749)
4(3739 3749 3750 3740)
4(3409 3741 3751 3419)
4(3418 3419 3751 3750)
4(3740 3750 3751 3741)
4(3410 3742 3752 3420)
4(3419 3420 3752 3751)
4(3741 3751 3752 3742)
4(3420 3421 3753 3752)
4(3742 3752 3753 3743)
4(3422 3423 3755 3754)
4(3744 3754 3755 3745)
4(3424 3425 3757 3756)
4(3746 3756 3757 3747)
4(3417 3749 3759 3427)
4(3426 3427 3759 3758)
4(3748 3758 3759 3749)
4(3418 3750 3760 3428)
4(3427 3428 3760 3759)
4(3749 3759 3760 3750)
4(3419 3751 3761 3429)
4(3428 3429 3761 3760)
4(3750 3760 3761 3751)
4(3420 3752 3762 3430)
4(3429 3430 3762 3761)
4(3751 3761 3762 3752)
4(3430 3431 3763 3762)
4(3752 3762 3763 3753)
4(3432 3433 3765 3764)
4(3754 3764 3765 3755)
4(3434 3435 3767 3766)
4(3756 3766 3767 3757)
4(3427 3759 3769 3437)
4(3436 3437 3769 3768)
4(3758 3768 3769 3759)
4(3428 3760 3770 3438)
4(3437 3438 3770 3769)
4(3759 3769 3770 3760)
4(3429 3761 3771 3439)
4(3438 3439 3771 3770)
4(3760 3770 3771 3761)
4(3430 3762 3772 3440)
4(3439 3440 3772 3771)
4(3761 3771 3772 3762)
4(3440 3441 3773 3772)
4(3762 3772 3773 3763)
4(3442 3443 3775 3774)
4(3764 3774 3775 3765)
4(3444 3445 3777 3776)
4(3766 3776 3777 3767)
4(3437 3769 3779 3447)
4(3446 3447 3779 3778)
4(3768 3778 3779 3769)
4(3438 3770 3780 3448)
4(3447 3448 3780 3779)
4(3769 3779 3780 3770)
4(3439 3771 3781 3449)
4(3448 3449 3781 3780)
4(3770 3780 3781 3771)
4(3440 3772 3782 3450)
4(3449 3450 3782 3781)
4(3771 3781 3782 3772)
4(3450 3451 3783 3782)
4(3772 3782 3783 3773)
4(3452 3453 3785 3784)
4(3774 3784 3785 3775)
4(3454 3455 3787 3786)
4(3776 3786 3787 3777)
4(3447 3779 3789 3457)
4(3778 3788 3789 3779)
4(3448 3780 3790 3458)
4(3779 3789 3790 3780)
4(3449 3781 3791 3459)
4(3780 3790 3791 3781)
4(3450 3782 3792 3460)
4(3781 3791 3792 3782)
4(3782 3792 3793 3783)
4(3462 3463 3795 3794)
4(3784 3794 3795 3785)
4(3464 3465 3797 3796)
4(3786 3796 3797 3787)
4(3466 3467 3799 3798)
4(3794 3798 3799 3795)
4(3468 3469 3801 3800)
4(3796 3800 3801 3797)
4(3470 3471 3803 3802)
4(3798 3802 3803 3799)
4(3472 3473 3805 3804)
4(3800 3804 3805 3801)
4(3474 3475 3807 3806)
4(3802 3806 3807 3803)
4(3476 3477 3809 3808)
4(3804 3808 3809 3805)
4(3478 3479 3811 3810)
4(3806 3810 3811 3807)
4(3480 3481 3813 3812)
4(3808 3812 3813 3809)
4(3482 3483 3815 3814)
4(3810 3814 3815 3811)
4(3484 3485 3817 3816)
4(3812 3816 3817 3813)
4(3486 3487 3819 3818)
4(3814 3818 3819 3815)
4(3488 3489 3821 3820)
4(3816 3820 3821 3817)
4(3490 3491 3823 3822)
4(3818 3822 3823 3819)
4(3492 3493 3825 3824)
4(3820 3824 3825 3821)
4(3494 3495 3827 3826)
4(3822 3826 3827 3823)
4(3496 3497 3829 3828)
4(3824 3828 3829 3825)
4(3498 3499 3831 3830)
4(3826 3830 3831 3827)
4(3500 3501 3833 3832)
4(3828 3832 3833 3829)
4(3502 3503 3835 3834)
4(3830 3834 3835 3831)
4(3504 3505 3837 3836)
4(3832 3836 3837 3833)
4(3506 3507 3839 3838)
4(3834 3838 3839 3835)
4(3508 3509 3841 3840)
4(3836 3840 3841 3837)
4(3510 3511 3843 3842)
4(3838 3842 3843 3839)
4(3512 3513 3845 3844)
4(3840 3844 3845 3841)
4(3520 3521 3853 3852)
4(3842 3852 3853 3843)
4(3513 3845 3855 3523)
4(3844 3854 3855 3845)
4(3514 3846 3856 3524)
4(3845 3855 3856 3846)
4(3515 3847 3857 3525)
4(3846 3856 3857 3847)
4(3516 3848 3858 3526)
4(3847 3857 3858 3848)
4(3517 3849 3859 3527)
4(3848 3858 3859 3849)
4(3518 3850 3860 3528)
4(3849 3859 3860 3850)
4(3519 3851 3861 3529)
4(3850 3860 3861 3851)
4(3520 3852 3862 3530)
4(3851 3861 3862 3852)
4(3852 3862 3863 3853)
4(3536 3537 3869 3868)
4(3864 3868 3869 3865)
4(3538 3539 3871 3870)
4(3866 3870 3871 3867)
4(3540 3541 3873 3872)
4(3868 3872 3873 3869)
4(3542 3543 3875 3874)
4(3870 3874 3875 3871)
4(3544 3545 3877 3876)
4(3872 3876 3877 3873)
4(3546 3547 3879 3878)
4(3874 3878 3879 3875)
4(3548 3549 3881 3880)
4(3876 3880 3881 3877)
4(3550 3551 3883 3882)
4(3878 3882 3883 3879)
4(3552 3553 3885 3884)
4(3880 3884 3885 3881)
4(3554 3555 3887 3886)
4(3882 3886 3887 3883)
4(3556 3557 3889 3888)
4(3884 3888 3889 3885)
4(3558 3559 3891 3890)
4(3886 3890 3891 3887)
4(3560 3561 3893 3892)
4(3888 3892 3893 3889)
4(3562 3563 3895 3894)
4(3890 3894 3895 3891)
4(3564 3565 3897 3896)
4(3892 3896 3897 3893)
4(3566 3567 3899 3898)
4(3894 3898 3899 3895)
4(3568 3569 3901 3900)
4(3896 3900 3901 3897)
4(3570 3571 3903 3902)
4(3898 3902 3903 3899)
4(3572 3573 3905 3904)
4(3900 3904 3905 3901)
4(3574 3575 3907 3906)
4(3902 3906 3907 3903)
4(3576 3577 3909 3908)
4(3904 3908 3909 3905)
4(3584 3585 3917 3916)
4(3906 3916 3917 3907)
4(3586 3587 3919 3918)
4(3908 3918 3919 3909)
4(3579 3911 3921 3589)
4(3588 3589 3921 3920)
4(3910 3920 3921 3911)
4(3580 3912 3922 3590)
4(3589 3590 3922 3921)
4(3911 3921 3922 3912)
4(3581 3913 3923 3591)
4(3590 3591 3923 3922)
4(3912 3922 3923 3913)
4(3582 3914 3924 3592)
4(3591 3592 3924 3923)
4(3913 3923 3924 3914)
4(3592 3593 3925 3924)
4(3914 3924 3925 3915)
4(3594 3595 3927 3926)
4(3916 3926 3927 3917)
4(3596 3597 3929 3928)
4(3918 3928 3929 3919)
4(3589 3921 3931 3599)
4(3598 3599 3931 3930)
4(3920 3930 3931 3921)
4(3590 3922 3932 3600)
4(3599 3600 3932 3931)
4(3921 3931 3932 3922)
4(3591 3923 3933 3601)
4(3600 3601 3933 3932)
4(3922 3932 3933 3923)
4(3592 3924 3934 3602)
4(3601 3602 3934 3933)
4(3923 3933 3934 3924)
4(3602 3603 3935 3934)
4(3924 3934 3935 3925)
4(3604 3605 3937 3936)
4(3926 3936 3937 3927)
4(3606 3607 3939 3938)
4(3928 3938 3939 3929)
4(3599 3931 3941 3609)
4(3608 3609 3941 3940)
4(3930 3940 3941 3931)
4(3600 3932 3942 3610)
4(3609 3610 3942 3941)
4(3931 3941 3942 3932)
4(3601 3933 3943 3611)
4(3610 3611 3943 3942)
4(3932 3942 3943 3933)
4(3602 3934 3944 3612)
4(3611 3612 3944 3943)
4(3933 3943 3944 3934)
4(3612 3613 3945 3944)
4(3934 3944 3945 3935)
4(3614 3615 3947 3946)
4(3936 3946 3947 3937)
4(3616 3617 3949 3948)
4(3938 3948 3949 3939)
4(3609 3941 3951 3619)
4(3618 3619 3951 3950)
4(3940 3950 3951 3941)
4(3610 3942 3952 3620)
4(3619 3620 3952 3951)
4(3941 3951 3952 3942)
4(3611 3943 3953 3621)
4(3620 3621 3953 3952)
4(3942 3952 3953 3943)
4(3612 3944 3954 3622)
4(3621 3622 3954 3953)
4(3943 3953 3954 3944)
4(3622 3623 3955 3954)
4(3944 3954 3955 3945)
4(3624 3625 3957 3956)
4(3946 3956 3957 3947)
4(3626 3627 3959 3958)
4(3948 3958 3959 3949)
4(3619 3951 3961 3629)
4(3628 3629 3961 3960)
4(3950 3960 3961 3951)
4(3620 3952 3962 3630)
4(3629 3630 3962 3961)
4(3951 3961 3962 3952)
4(3621 3953 3963 3631)
4(3630 3631 3963 3962)
4(3952 3962 3963 3953)
4(3622 3954 3964 3632)
4(3631 3632 3964 3963)
4(3953 3963 3964 3954)
4(3632 3633 3965 3964)
4(3954 3964 3965 3955)
4(3634 3635 3967 3966)
4(3956 3966 3967 3957)
4(3636 3637 3969 3968)
4(3958 3968 3969 3959)
4(3629 3961 3971 3639)
4(3638 3639 3971 3970)
4(3960 3970 3971 3961)
4(3630 3962 3972 3640)
4(3639 3640 3972 3971)
4(3961 3971 3972 3962)
4(3631 3963 3973 3641)
4(3640 3641 3973 3972)
4(3962 3972 3973 3963)
4(3632 3964 3974 3642)
4(3641 3642 3974 3973)
4(3963 3973 3974 3964)
4(3642 3643 3975 3974)
4(3964 3974 3975 3965)
4(3644 3645 3977 3976)
4(3966 3976 3977 3967)
4(3646 3647 3979 3978)
4(3968 3978 3979 3969)
4(3639 3971 3981 3649)
4(3648 3649 3981 3980)
4(3970 3980 3981 3971)
4(3640 3972 3982 3650)
4(3649 3650 3982 3981)
4(3971 3981 3982 3972)
4(3641 3973 3983 3651)
4(3650 3651 3983 3982)
4(3972 3982 3983 3973)
4(3642 3974 3984 3652)
4(3651 3652 3984 3983)
4(3973 3983 3984 3974)
4(3652 3653 3985 3984)
4(3974 3984 3985 3975)
4(3654 3655 3987 3986)
4(3976 3986 3987 3977)
4(3656 3657 3989 3988)
4(3978 3988 3989 3979)
4(3649 3981 3991 3659)
4(3658 3659 3991 3990)
4(3980 3990 3991 3981)
4(3650 3982 3992 3660)
4(3659 3660 3992 3991)
4(3981 3991 3992 3982)
4(3651 3983 3993 3661)
4(3660 3661 3993 3992)
4(3982 3992 3993 3983)
4(3652 3984 3994 3662)
4(3661 3662 3994 3993)
4(3983 3993 3994 3984)
4(3662 3663 3995 3994)
4(3984 3994 3995 3985)
4(3664 3665 3997 3996)
4(3986 3996 3997 3987)
4(3666 3667 3999 3998)
4(3988 3998 3999 3989)
4(3659 3991 4001 3669)
4(3668 3669 4001 4000)
4(3990 4000 4001 3991)
4(3660 3992 4002 3670)
4(3669 3670 4002 4001)
4(3991 4001 4002 3992)
4(3661 3993 4003 3671)
4(3670 3671 4003 4002)
4(3992 4002 4003 3993)
4(3662 3994 4004 3672)
4(3671 3672 4004 4003)
4(3993 4003 4004 3994)
4(3672 3673 4005 4004)
4(3994 4004 4005 3995)
4(3674 3675 4007 4006)
4(3996 4006 4007 3997)
4(3676 3677 4009 4008)
4(3998 4008 4009 3999)
4(3669 4001 4011 3679)
4(3678 3679 4011 4010)
4(4000 4010 4011 4001)
4(3670 4002 4012 3680)
4(3679 3680 4012 4011)
4(4001 4011 4012 4002)
4(3671 4003 4013 3681)
4(3680 3681 4013 4012)
4(4002 4012 4013 4003)
4(3672 4004 4014 3682)
4(3681 3682 4014 4013)
4(4003 4013 4014 4004)
4(3682 3683 4015 4014)
4(4004 4014 4015 4005)
4(3684 3685 4017 4016)
4(4006 4016 4017 4007)
4(3686 3687 4019 4018)
4(4008 4018 4019 4009)
4(3679 4011 4021 3689)
4(3688 3689 4021 4020)
4(4010 4020 4021 4011)
4(3680 4012 4022 3690)
4(3689 3690 4022 4021)
4(4011 4021 4022 4012)
4(3681 4013 4023 3691)
4(3690 3691 4023 4022)
4(4012 4022 4023 4013)
4(3682 4014 4024 3692)
4(3691 3692 4024 4023)
4(4013 4023 4024 4014)
4(3692 3693 4025 4024)
4(4014 4024 4025 4015)
4(3694 3695 4027 4026)
4(4016 4026 4027 4017)
4(3696 3697 4029 4028)
4(4018 4028 4029 4019)
4(3689 4021 4031 3699)
4(3698 3699 4031 4030)
4(4020 4030 4031 4021)
4(3690 4022 4032 3700)
4(3699 3700 4032 4031)
4(4021 4031 4032 4022)
4(3691 4023 4033 3701)
4(3700 3701 4033 4032)
4(4022 4032 4033 4023)
4(3692 4024 4034 3702)
4(3701 3702 4034 4033)
4(4023 4033 4034 4024)
4(3702 3703 4035 4034)
4(4024 4034 4035 4025)
4(3704 3705 4037 4036)
4(4026 4036 4037 4027)
4(3706 3707 4039 4038)
4(4028 4038 4039 4029)
4(3699 4031 4041 3709)
4(3708 3709 4041 4040)
4(4030 4040 4041 4031)
4(3700 4032 4042 3710)
4(3709 3710 4042 4041)
4(4031 4041 4042 4032)
4(3701 4033 4043 3711)
4(3710 3711 4043 4042)
4(4032 4042 4043 4033)
4(3702 4034 4044 3712)
4(3711 3712 4044 4043)
4(4033 4043 4044 4034)
4(3712 3713 4045 4044)
4(4034 4044 4045 4035)
4(3714 3715 4047 4046)
4(4036 4046 4047 4037)
4(3716 3717 4049 4048)
4(4038 4048 4049 4039)
4(3709 4041 4051 3719)
4(3718 3719 4051 4050)
4(4040 4050 4051 4041)
4(3710 4042 4052 3720)
4(3719 3720 4052 4051)
4(4041 4051 4052 4042)
4(3711 4043 4053 3721)
4(3720 3721 4053 4052)
4(4042 4052 4053 4043)
4(3712 4044 4054 3722)
4(3721 3722 4054 4053)
4(4043 4053 4054 4044)
4(3722 3723 4055 4054)
4(4044 4054 4055 4045)
4(3724 3725 4057 4056)
4(4046 4056 4057 4047)
4(3726 3727 4059 4058)
4(4048 4058 4059 4049)
4(3719 4051 4061 3729)
4(3728 3729 4061 4060)
4(4050 4060 4061 4051)
4(3720 4052 4062 3730)
4(3729 3730 4062 4061)
4(4051 4061 4062 4052)
4(3721 4053 4063 3731)
4(3730 3731 4063 4062)
4(4052 4062 4063 4053)
4(3722 4054 4064 3732)
4(3731 3732 4064 4063)
4(4053 4063 4064 4054)
4(3732 3733 4065 4064)
4(4054 4064 4065 4055)
4(3734 3735 4067 4066)
4(4056 4066 4067 4057)
4(3736 3737 4069 4068)
4(4058 4068 4069 4059)
4(3729 4061 4071 3739)
4(3738 3739 4071 4070)
4(4060 4070 4071 4061)
4(3730 4062 4072 3740)
4(3739 3740 4072 4071)
4(4061 4071 4072 4062)
4(3731 4063 4073 3741)
4(3740 3741 4073 4072)
4(4062 4072 4073 4063)
4(3732 4064 4074 3742)
4(3741 3742 4074 4073)
4(4063 4073 4074 4064)
4(3742 3743 4075 4074)
4(4064 4074 4075 4065)
4(3744 3745 4077 4076)
4(4066 4076 4077 4067)
4(3746 3747 4079 4078)
4(4068 4078 4079 4069)
4(3739 4071 4081 3749)
4(3748 3749 4081 4080)
4(4070 4080 4081 4071)
4(3740 4072 4082 3750)
4(3749 3750 4082 4081)
4(4071 4081 4082 4072)
4(3741 4073 4083 3751)
4(3750 3751 4083 4082)
4(4072 4082 4083 4073)
4(3742 4074 4084 3752)
4(3751 3752 4084 4083)
4(4073 4083 4084 4074)
4(3752 3753 4085 4084)
4(4074 4084 4085 4075)
4(3754 3755 4087 4086)
4(4076 4086 4087 4077)
4(3756 3757 4089 4088)
4(4078 4088 4089 4079)
4(3749 4081 4091 3759)
4(3758 3759 4091 4090)
4(4080 4090 4091 4081)
4(3750 4082 4092 3760)
4(3759 3760 4092 4091)
4(4081 4091 4092 4082)
4(3751 4083 4093 3761)
4(3760 3761 4093 4092)
4(4082 4092 4093 4083)
4(3752 4084 4094 3762)
4(3761 3762 4094 4093)
4(4083 4093 4094 4084)
4(3762 3763 4095 4094)
4(4084 4094 4095 4085)
4(3764 3765 4097 4096)
4(4086 4096 4097 4087)
4(3766 3767 4099 4098)
4(4088 4098 4099 4089)
4(3759 4091 4101 3769)
4(3768 3769 4101 4100)
4(4090 4100 4101 4091)
4(3760 4092 4102 3770)
4(3769 3770 4102 4101)
4(4091 4101 4102 4092)
4(3761 4093 4103 3771)
4(3770 3771 4103 4102)
4(4092 4102 4103 4093)
4(3762 4094 4104 3772)
4(3771 3772 4104 4103)
4(4093 4103 4104 4094)
4(3772 3773 4105 4104)
4(4094 4104 4105 4095)
4(3774 3775 4107 4106)
4(4096 4106 4107 4097)
4(3776 3777 4109 4108)
4(4098 4108 4109 4099)
4(3769 4101 4111 3779)
4(3778 3779 4111 4110)
4(4100 4110 4111 4101)
4(3770 4102 4112 3780)
4(3779 3780 4112 4111)
4(4101 4111 4112 4102)
4(3771 4103 4113 3781)
4(3780 3781 4113 4112)
4(4102 4112 4113 4103)
4(3772 4104 4114 3782)
4(3781 3782 4114 4113)
4(4103 4113 4114 4104)
4(3782 3783 4115 4114)
4(4104 4114 4115 4105)
4(3784 3785 4117 4116)
4(4106 4116 4117 4107)
4(3786 3787 4119 4118)
4(4108 4118 4119 4109)
4(3779 4111 4121 3789)
4(4110 4120 4121 4111)
4(3780 4112 4122 3790)
4(4111 4121 4122 4112)
4(3781 4113 4123 3791)
4(4112 4122 4123 4113)
4(3782 4114 4124 3792)
4(4113 4123 4124 4114)
4(4114 4124 4125 4115)
4(3794 3795 4127 4126)
4(4116 4126 4127 4117)
4(3796 3797 4129 4128)
4(4118 4128 4129 4119)
4(3798 3799 4131 4130)
4(4126 4130 4131 4127)
4(3800 3801 4133 4132)
4(4128 4132 4133 4129)
4(3802 3803 4135 4134)
4(4130 4134 4135 4131)
4(3804 3805 4137 4136)
4(4132 4136 4137 4133)
4(3806 3807 4139 4138)
4(4134 4138 4139 4135)
4(3808 3809 4141 4140)
4(4136 4140 4141 4137)
4(3810 3811 4143 4142)
4(4138 4142 4143 4139)
4(3812 3813 4145 4144)
4(4140 4144 4145 4141)
4(3814 3815 4147 4146)
4(4142 4146 4147 4143)
4(3816 3817 4149 4148)
4(4144 4148 4149 4145)
4(3818 3819 4151 4150)
4(4146 4150 4151 4147)
4(3820 3821 4153 4152)
4(4148 4152 4153 4149)
4(3822 3823 4155 4154)
4(4150 4154 4155 4151)
4(3824 3825 4157 4156)
4(4152 4156 4157 4153)
4(3826 3827 4159 4158)
4(4154 4158 4159 4155)
4(3828 3829 4161 4160)
4(4156 4160 4161 4157)
4(3830 3831 4163 4162)
4(4158 4162 4163 4159)
4(3832 3833 4165 4164)
4(4160 4164 4165 4161)
4(3834 3835 4167 4166)
4(4162 4166 4167 4163)
4(3836 3837 4169 4168)
4(4164 4168 4169 4165)
4(3838 3839 4171 4170)
4(4166 4170 4171 4167)
4(3840 3841 4173 4172)
4(4168 4172 4173 4169)
4(3842 3843 4175 4174)
4(4170 4174 4175 4171)
4(3844 3845 4177 4176)
4(4172 4176 4177 4173)
4(3852 3853 4185 4184)
4(4174 4184 4185 4175)
4(3845 4177 4187 3855)
4(4176 4186 4187 4177)
4(3846 4178 4188 3856)
4(4177 4187 4188 4178)
4(3847 4179 4189 3857)
4(4178 4188 4189 4179)
4(3848 4180 4190 3858)
4(4179 4189 4190 4180)
4(3849 4181 4191 3859)
4(4180 4190 4191 4181)
4(3850 4182 4192 3860)
4(4181 4191 4192 4182)
4(3851 4183 4193 3861)
4(4182 4192 4193 4183)
4(3852 4184 4194 3862)
4(4183 4193 4194 4184)
4(4184 4194 4195 4185)
4(3868 3869 4201 4200)
4(4196 4200 4201 4197)
4(3870 3871 4203 4202)
4(4198 4202 4203 4199)
4(3872 3873 4205 4204)
4(4200 4204 4205 4201)
4(3874 3875 4207 4206)
4(4202 4206 4207 4203)
4(3876 3877 4209 4208)
4(4204 4208 4209 4205)
4(3878 3879 4211 4210)
4(4206 4210 4211 4207)
4(3880 3881 4213 4212)
4(4208 4212 4213 4209)
4(3882 3883 4215 4214)
4(4210 4214 4215 4211)
4(3884 3885 4217 4216)
4(4212 4216 4217 4213)
4(3886 3887 4219 4218)
4(4214 4218 4219 4215)
4(3888 3889 4221 4220)
4(4216 4220 4221 4217)
4(3890 3891 4223 4222)
4(4218 4222 4223 4219)
4(3892 3893 4225 4224)
4(4220 4224 4225 4221)
4(3894 3895 4227 4226)
4(4222 4226 4227 4223)
4(3896 3897 4229 4228)
4(4224 4228 4229 4225)
4(3898 3899 4231 4230)
4(4226 4230 4231 4227)
4(3900 3901 4233 4232)
4(4228 4232 4233 4229)
4(3902 3903 4235 4234)
4(4230 4234 4235 4231)
4(3904 3905 4237 4236)
4(4232 4236 4237 4233)
4(3906 3907 4239 4238)
4(4234 4238 4239 4235)
4(3908 3909 4241 4240)
4(4236 4240 4241 4237)
4(3916 3917 4249 4248)
4(4238 4248 4249 4239)
4(3918 3919 4251 4250)
4(4240 4250 4251 4241)
4(3911 4243 4253 3921)
4(3920 3921 4253 4252)
4(4242 4252 4253 4243)
4(3912 4244 4254 3922)
4(3921 3922 4254 4253)
4(4243 4253 4254 4244)
4(3913 4245 4255 3923)
4(3922 3923 4255 4254)
4(4244 4254 4255 4245)
4(3914 4246 4256 3924)
4(3923 3924 4256 4255)
4(4245 4255 4256 4246)
4(3924 3925 4257 4256)
4(4246 4256 4257 4247)
4(3926 3927 4259 4258)
4(4248 4258 4259 4249)
4(3928 3929 4261 4260)
4(4250 4260 4261 4251)
4(3921 4253 4263 3931)
4(3930 3931 4263 4262)
4(4252 4262 4263 4253)
4(3922 4254 4264 3932)
4(3931 3932 4264 4263)
4(4253 4263 4264 4254)
4(3923 4255 4265 3933)
4(3932 3933 4265 4264)
4(4254 4264 4265 4255)
4(3924 4256 4266 3934)
4(3933 3934 4266 4265)
4(4255 4265 4266 4256)
4(3934 3935 4267 4266)
4(4256 4266 4267 4257)
4(3936 3937 4269 4268)
4(4258 4268 4269 4259)
4(3938 3939 4271 4270)
4(4260 4270 4271 4261)
4(3931 4263 4273 3941)
4(3940 3941 4273 4272)
4(4262 4272 4273 4263)
4(3932 4264 4274 3942)
4(3941 3942 4274 4273)
4(4263 4273 4274 4264)
4(3933 4265 4275 3943)
4(3942 3943 4275 4274)
4(4264 4274 4275 4265)
4(3934 4266 4276 3944)
4(3943 3944 4276 4275)
4(4265 4275 4276 4266)
4(3944 3945 4277 4276)
4(4266 4276 4277 4267)
4(3946 3947 4279 4278)
4(4268 4278 4279 4269)
4(3948 3949 4281 4280)
4(4270 4280 4281 4271)
4(3941 4273 4283 3951)
4(3950 3951 4283 4282)
4(4272 4282 4283 4273)
4(3942 4274 4284 3952)
4(3951 3952 4284 4283)
4(4273 4283 4284 4274)
4(3943 4275 4285 3953)
4(3952 3953 4285 4284)
4(4274 4284 4285 4275)
4(3944 4276 4286 3954)
4(3953 3954 4286 4285)
4(4275 4285 4286 4276)
4(3954 3955 4287 4286)
4(4276 4286 4287 4277)
4(3956 3957 4289 4288)
4(4278 4288 4289 4279)
4(3958 3959 4291 4290)
4(4280 4290 4291 4281)
4(3951 4283 4293 3961)
4(3960 3961 4293 4292)
4(4282 4292 4293 4283)
4(3952 4284 4294 3962)
4(3961 3962 4294 4293)
4(4283 4293 4294 4284)
4(3953 4285 4295 3963)
4(3962 3963 4295 4294)
4(4284 4294 4295 4285)
4(3954 4286 4296 3964)
4(3963 3964 4296 4295)
4(4285 4295 4296 4286)
4(3964 3965 4297 4296)
4(4286 4296 4297 4287)
4(3966 3967 4299 4298)
4(4288 4298 4299 4289)
4(3968 3969 4301 4300)
4(4290 4300 4301 4291)
4(3961 4293 4303 3971)
4(3970 3971 4303 4302)
4(4292 4302 4303 4293)
4(3962 4294 4304 3972)
4(3971 3972 4304 4303)
4(4293 4303 4304 4294)
4(3963 4295 4305 3973)
4(3972 3973 4305 4304)
4(4294 4304 4305 4295)
4(3964 4296 4306 3974)
4(3973 3974 4306 4305)
4(4295 4305 4306 4296)
4(3974 3975 4307 4306)
4(4296 4306 4307 4297)
4(3976 3977 4309 4308)
4(4298 4308 4309 4299)
4(3978 3979 4311 4310)
4(4300 4310 4311 4301)
4(3971 4303 4313 3981)
4(3980 3981 4313 4312)
4(4302 4312 4313 4303)
4(3972 4304 4314 3982)
4(3981 3982 4314 4313)
4(4303 4313 4314 4304)
4(3973 4305 4315 3983)
4(3982 3983 4315 4314)
4(4304 4314 4315 4305)
4(3974 4306 4316 3984)
4(3983 3984 4316 4315)
4(4305 4315 4316 4306)
4(3984 3985 4317 4316)
4(4306 4316 4317 4307)
4(3986 3987 4319 4318)
4(4308 4318 4319 4309)
4(3988 3989 4321 4320)
4(4310 4320 4321 4311)
4(3981 4313 4323 3991)
4(3990 3991 4323 4322)
4(4312 4322 4323 4313)
4(3982 4314 4324 3992)
4(3991 3992 4324 4323)
4(4313 4323 4324 4314)
4(3983 4315 4325 3993)
4(3992 3993 4325 4324)
4(4314 4324 4325 4315)
4(3984 4316 4326 3994)
4(3993 3994 4326 4325)
4(4315 4325 4326 4316)
4(3994 3995 4327 4326)
4(4316 4326 4327 4317)
4(3996 3997 4329 4328)
4(4318 4328 4329 4319)
4(3998 3999 4331 4330)
4(4320 4330 4331 4321)
4(3991 4323 4333 4001)
4(4000 4001 4333 4332)
4(4322 4332 4333 4323)
4(3992 4324 4334 4002)
4(4001 4002 4334 4333)
4(4323 4333 4334 4324)
4(3993 4325 4335 4003)
4(4002 4003 4335 4334)
4(4324 4334 4335 4325)
4(3994 4326 4336 4004)
4(4003 4004 4336 4335)
4(4325 4335 4336 4326)
4(4004 4005 4337 4336)
4(4326 4336 4337 4327)
4(4006 4007 4339 4338)
4(4328 4338 4339 4329)
4(4008 4009 4341 4340)
4(4330 4340 4341 4331)
4(4001 4333 4343 4011)
4(4010 4011 4343 4342)
4(4332 4342 4343 4333)
4(4002 4334 4344 4012)
4(4011 4012 4344 4343)
4(4333 4343 4344 4334)
4(4003 4335 4345 4013)
4(4012 4013 4345 4344)
4(4334 4344 4345 4335)
4(4004 4336 4346 4014)
4(4013 4014 4346 4345)
4(4335 4345 4346 4336)
4(4014 4015 4347 4346)
4(4336 4346 4347 4337)
4(4016 4017 4349 4348)
4(4338 4348 4349 4339)
4(4018 4019 4351 4350)
4(4340 4350 4351 4341)
4(4011 4343 4353 4021)
4(4020 4021 4353 4352)
4(4342 4352 4353 4343)
4(4012 4344 4354 4022)
4(4021 4022 4354 4353)
4(4343 4353 4354 4344)
4(4013 4345 4355 4023)
4(4022 4023 4355 4354)
4(4344 4354 4355 4345)
4(4014 4346 4356 4024)
4(4023 4024 4356 4355)
4(4345 4355 4356 4346)
4(4024 4025 4357 4356)
4(4346 4356 4357 4347)
4(4026 4027 4359 4358)
4(4348 4358 4359 4349)
4(4028 4029 4361 4360)
4(4350 4360 4361 4351)
4(4021 4353 4363 4031)
4(4030 4031 4363 4362)
4(4352 4362 4363 4353)
4(4022 4354 4364 4032)
4(4031 4032 4364 4363)
4(4353 4363 4364 4354)
4(4023 4355 4365 4033)
4(4032 4033 4365 4364)
4(4354 4364 4365 4355)
4(4024 4356 4366 4034)
4(4033 4034 4366 4365)
4(4355 4365 4366 4356)
4(4034 4035 4367 4366)
4(4356 4366 4367 4357)
4(4036 4037 4369 4368)
4(4358 4368 4369 4359)
4(4038 4039 4371 4370)
4(4360 4370 4371 4361)
4(4031 4363 4373 4041)
4(4040 4041 4373 4372)
4(4362 4372 4373 4363)
4(4032 4364 4374 4042)
4(4041 4042 4374 4373)
4(4363 4373 4374 4364)
4(4033 4365 4375 4043)
4(4042 4043 4375 4374)
4(4364 4374 4375 4365)
4(4034 4366 4376 4044)
4(4043 4044 4376 4375)
4(4365 4375 4376 4366)
4(4044 4045 4377 4376)
4(4366 4376 4377 4367)
4(4046 4047 4379 4378)
4(4368 4378 4379 4369)
4(4048 4049 4381 4380)
4(4370 4380 4381 4371)
4(4041 4373 4383 4051)
4(4050 4051 4383 4382)
4(4372 4382 4383 4373)
4(4042 4374 4384 4052)
4(4051 4052 4384 4383)
4(4373 4383 4384 4374)
4(4043 4375 4385 4053)
4(4052 4053 4385 4384)
4(4374 4384 4385 4375)
4(4044 4376 4386 4054)
4(4053 4054 4386 4385)
4(4375 4385 4386 4376)
4(4054 4055 4387 4386)
4(4376 4386 4387 4377)
4(4056 4057 4389 4388)
4(4378 4388 4389 4379)
4(4058 4059 4391 4390)
4(4380 4390 4391 4381)
4(4051 4383 4393 4061)
4(4060 4061 4393 4392)
4(4382 4392 4393 4383)
4(4052 4384 4394 4062)
4(4061 4062 4394 4393)
4(4383 4393 4394 4384)
4(4053 4385 4395 4063)
4(4062 4063 4395 4394)
4(4384 4394 4395 4385)
4(4054 4386 4396 4064)
4(4063 4064 4396 4395)
4(4385 4395 4396 4386)
4(4064 4065 4397 4396)
4(4386 4396 4397 4387)
4(4066 4067 4399 4398)
4(4388 4398 4399 4389)
4(4068 4069 4401 4400)
4(4390 4400 4401 4391)
4(4061 4393 4403 4071)
4(4070 4071 4403 4402)
4(4392 4402 4403 4393)
4(4062 4394 4404 4072)
4(4071 4072 4404 4403)
4(4393 4403 4404 4394)
4(4063 4395 4405 4073)
4(4072 4073 4405 4404)
4(4394 4404 4405 4395)
4(4064 4396 4406 4074)
4(4073 4074 4406 4405)
4(4395 4405 4406 4396)
4(4074 4075 4407 4406)
4(4396 4406 4407 4397)
4(4076 4077 4409 4408)
4(4398 4408 4409 4399)
4(4078 4079 4411 4410)
4(4400 4410 4411 4401)
4(4071 4403 4413 4081)
4(4080 4081 4413 4412)
4(4402 4412 4413 4403)
4(4072 4404 4414 4082)
4(4081 4082 4414 4413)
4(4403 4413 4414 4404)
4(4073 4405 4415 4083)
4(4082 4083 4415 4414)
4(4404 4414 4415 4405)
4(4074 4406 4416 4084)
4(4083 4084 4416 4415)
4(4405 4415 4416 4406)
4(4084 4085 4417 4416)
4(4406 4416 4417 4407)
4(4086 4087 4419 4418)
4(4408 4418 4419 4409)
4(4088 4089 4421 4420)
4(4410 4420 4421 4411)
4(4081 4413 4423 4091)
4(4090 4091 4423 4422)
4(4412 4422 4423 4413)
4(4082 4414 4424 4092)
4(4091 4092 4424 4423)
4(4413 4423 4424 4414)
4(4083 4415 4425 4093)
4(4092 4093 4425 4424)
4(4414 4424 4425 4415)
4(4084 4416 4426 4094)
4(4093 4094 4426 4425)
4(4415 4425 4426 4416)
4(4094 4095 4427 4426)
4(4416 4426 4427 4417)
4(4096 4097 4429 4428)
4(4418 4428 4429 4419)
4(4098 4099 4431 4430)
4(4420 4430 4431 4421)
4(4091 4423 4433 4101)
4(4100 4101 4433 4432)
4(4422 4432 4433 4423)
4(4092 4424 4434 4102)
4(4101 4102 4434 4433)
4(4423 4433 4434 4424)
4(4093 4425 4435 4103)
4(4102 4103 4435 4434)
4(4424 4434 4435 4425)
4(4094 4426 4436 4104)
4(4103 4104 4436 4435)
4(4425 4435 4436 4426)
4(4104 4105 4437 4436)
4(4426 4436 4437 4427)
4(4106 4107 4439 4438)
4(4428 4438 4439 4429)
4(4108 4109 4441 4440)
4(4430 4440 4441 4431)
4(4101 4433 4443 4111)
4(4110 4111 4443 4442)
4(4432 4442 4443 4433)
4(4102 4434 4444 4112)
4(4111 4112 4444 4443)
4(4433 4443 4444 4434)
4(4103 4435 4445 4113)
4(4112 4113 4445 4444)
4(4434 4444 4445 4435)
4(4104 4436 4446 4114)
4(4113 4114 4446 4445)
4(4435 4445 4446 4436)
4(4114 4115 4447 4446)
4(4436 4446 4447 4437)
4(4116 4117 4449 4448)
4(4438 4448 4449 4439)
4(4118 4119 4451 4450)
4(4440 4450 4451 4441)
4(4111 4443 4453 4121)
4(4442 4452 4453 4443)
4(4112 4444 4454 4122)
4(4443 4453 4454 4444)
4(4113 4445 4455 4123)
4(4444 4454 4455 4445)
4(4114 4446 4456 4124)
4(4445 4455 4456 4446)
4(4446 4456 4457 4447)
4(4126 4127 4459 4458)
4(4448 4458 4459 4449)
4(4128 4129 4461 4460)
4(4450 4460 4461 4451)
4(4130 4131 4463 4462)
4(4458 4462 4463 4459)
4(4132 4133 4465 4464)
4(4460 4464 4465 4461)
4(4134 4135 4467 4466)
4(4462 4466 4467 4463)
4(4136 4137 4469 4468)
4(4464 4468 4469 4465)
4(4138 4139 4471 4470)
4(4466 4470 4471 4467)
4(4140 4141 4473 4472)
4(4468 4472 4473 4469)
4(4142 4143 4475 4474)
4(4470 4474 4475 4471)
4(4144 4145 4477 4476)
4(4472 4476 4477 4473)
4(4146 4147 4479 4478)
4(4474 4478 4479 4475)
4(4148 4149 4481 4480)
4(4476 4480 4481 4477)
4(4150 4151 4483 4482)
4(4478 4482 4483 4479)
4(4152 4153 4485 4484)
4(4480 4484 4485 4481)
4(4154 4155 4487 4486)
4(4482 4486 4487 4483)
4(4156 4157 4489 4488)
4(4484 4488 4489 4485)
4(4158 4159 4491 4490)
4(4486 4490 4491 4487)
4(4160 4161 4493 4492)
4(4488 4492 4493 4489)
4(4162 4163 4495 4494)
4(4490 4494 4495 4491)
4(4164 4165 4497 4496)
4(4492 4496 4497 4493)
4(4166 4167 4499 4498)
4(4494 4498 4499 4495)
4(4168 4169 4501 4500)
4(4496 4500 4501 4497)
4(4170 4171 4503 4502)
4(4498 4502 4503 4499)
4(4172 4173 4505 4504)
4(4500 4504 4505 4501)
4(4174 4175 4507 4506)
4(4502 4506 4507 4503)
4(4176 4177 4509 4508)
4(4504 4508 4509 4505)
4(4184 4185 4517 4516)
4(4506 4516 4517 4507)
4(4177 4509 4519 4187)
4(4508 4518 4519 4509)
4(4178 4510 4520 4188)
4(4509 4519 4520 4510)
4(4179 4511 4521 4189)
4(4510 4520 4521 4511)
4(4180 4512 4522 4190)
4(4511 4521 4522 4512)
4(4181 4513 4523 4191)
4(4512 4522 4523 4513)
4(4182 4514 4524 4192)
4(4513 4523 4524 4514)
4(4183 4515 4525 4193)
4(4514 4524 4525 4515)
4(4184 4516 4526 4194)
4(4515 4525 4526 4516)
4(4516 4526 4527 4517)
4(4200 4201 4533 4532)
4(4528 4532 4533 4529)
4(4202 4203 4535 4534)
4(4530 4534 4535 4531)
4(4204 4205 4537 4536)
4(4532 4536 4537 4533)
4(4206 4207 4539 4538)
4(4534 4538 4539 4535)
4(4208 4209 4541 4540)
4(4536 4540 4541 4537)
4(4210 4211 4543 4542)
4(4538 4542 4543 4539)
4(4212 4213 4545 4544)
4(4540 4544 4545 4541)
4(4214 4215 4547 4546)
4(4542 4546 4547 4543)
4(4216 4217 4549 4548)
4(4544 4548 4549 4545)
4(4218 4219 4551 4550)
4(4546 4550 4551 4547)
4(4220 4221 4553 4552)
4(4548 4552 4553 4549)
4(4222 4223 4555 4554)
4(4550 4554 4555 4551)
4(4224 4225 4557 4556)
4(4552 4556 4557 4553)
4(4226 4227 4559 4558)
4(4554 4558 4559 4555)
4(4228 4229 4561 4560)
4(4556 4560 4561 4557)
4(4230 4231 4563 4562)
4(4558 4562 4563 4559)
4(4232 4233 4565 4564)
4(4560 4564 4565 4561)
4(4234 4235 4567 4566)
4(4562 4566 4567 4563)
4(4236 4237 4569 4568)
4(4564 4568 4569 4565)
4(4238 4239 4571 4570)
4(4566 4570 4571 4567)
4(4240 4241 4573 4572)
4(4568 4572 4573 4569)
4(4248 4249 4581 4580)
4(4570 4580 4581 4571)
4(4250 4251 4583 4582)
4(4572 4582 4583 4573)
4(4243 4575 4585 4253)
4(4252 4253 4585 4584)
4(4574 4584 4585 4575)
4(4244 4576 4586 4254)
4(4253 4254 4586 4585)
4(4575 4585 4586 4576)
4(4245 4577 4587 4255)
4(4254 4255 4587 4586)
4(4576 4586 4587 4577)
4(4246 4578 4588 4256)
4(4255 4256 4588 4587)
4(4577 4587 4588 4578)
4(4256 4257 4589 4588)
4(4578 4588 4589 4579)
4(4258 4259 4591 4590)
4(4580 4590 4591 4581)
4(4260 4261 4593 4592)
4(4582 4592 4593 4583)
4(4253 4585 4595 4263)
4(4262 4263 4595 4594)
4(4584 4594 4595 4585)
4(4254 4586 4596 4264)
4(4263 4264 4596 4595)
4(4585 4595 4596 4586)
4(4255 4587 4597 4265)
4(4264 4265 4597 4596)
4(4586 4596 4597 4587)
4(4256 4588 4598 4266)
4(4265 4266 4598 4597)
4(4587 4597 4598 4588)
4(4266 4267 4599 4598)
4(4588 4598 4599 4589)
4(4268 4269 4601 4600)
4(4590 4600 4601 4591)
4(4270 4271 4603 4602)
4(4592 4602 4603 4593)
4(4263 4595 4605 4273)
4(4272 4273 4605 4604)
4(4594 4604 4605 4595)
4(4264 4596 4606 4274)
4(4273 4274 4606 4605)
4(4595 4605 4606 4596)
4(4265 4597 4607 4275)
4(4274 4275 4607 4606)
4(4596 4606 4607 4597)
4(4266 4598 4608 4276)
4(4275 4276 4608 4607)
4(4597 4607 4608 4598)
4(4276 4277 4609 4608)
4(4598 4608 4609 4599)
4(4278 4279 4611 4610)
4(4600 4610 4611 4601)
4(4280 4281 4613 4612)
4(4602 4612 4613 4603)
4(4273 4605 4615 4283)
4(4282 4283 4615 4614)
4(4604 4614 4615 4605)
4(4274 4606 4616 4284)
4(4283 4284 4616 4615)
4(4605 4615 4616 4606)
4(4275 4607 4617 4285)
4(4284 4285 4617 4616)
4(4606 4616 4617 4607)
4(4276 4608 4618 4286)
4(4285 4286 4618 4617)
4(4607 4617 4618 4608)
4(4286 4287 4619 4618)
4(4608 4618 4619 4609)
4(4288 4289 4621 4620)
4(4610 4620 4621 4611)
4(4290 4291 4623 4622)
4(4612 4622 4623 4613)
4(4283 4615 4625 4293)
4(4292 4293 4625 4624)
4(4614 4624 4625 4615)
4(4284 4616 4626 4294)
4(4293 4294 4626 4625)
4(4615 4625 4626 4616)
4(4285 4617 4627 4295)
4(4294 4295 4627 4626)
4(4616 4626 4627 4617)
4(4286 4618 4628 4296)
4(4295 4296 4628 4627)
4(4617 4627 4628 4618)
4(4296 4297 4629 4628)
4(4618 4628 4629 4619)
4(4298 4299 4631 4630)
4(4620 4630 4631 4621)
4(4300 4301 4633 4632)
4(4622 4632 4633 4623)
4(4293 4625 4635 4303)
4(4302 4303 4635 4634)
4(4624 4634 4635 4625)
4(4294 4626 4636 4304)
4(4303 4304 4636 4635)
4(4625 4635 4636 4626)
4(4295 4627 4637 4305)
4(4304 4305 4637 4636)
4(4626 4636 4637 4627)
4(4296 4628 4638 4306)
4(4305 4306 4638 4637)
4(4627 4637 4638 4628)
4(4306 4307 4639 4638)
4(4628 4638 4639 4629)
4(4308 4309 4641 4640)
4(4630 4640 4641 4631)
4(4310 4311 4643 4642)
4(4632 4642 4643 4633)
4(4303 4635 4645 4313)
4(4312 4313 4645 4644)
4(4634 4644 4645 4635)
4(4304 4636 4646 4314)
4(4313 4314 4646 4645)
4(4635 4645 4646 4636)
4(4305 4637 4647 4315)
4(4314 4315 4647 4646)
4(4636 4646 4647 4637)
4(4306 4638 4648 4316)
4(4315 4316 4648 4647)
4(4637 4647 4648 4638)
4(4316 4317 4649 4648)
4(4638 4648 4649 4639)
4(4318 4319 4651 4650)
4(4640 4650 4651 4641)
4(4320 4321 4653 4652)
4(4642 4652 4653 4643)
4(4313 4645 4655 4323)
4(4322 4323 4655 4654)
4(4644 4654 4655 4645)
4(4314 4646 4656 4324)
4(4323 4324 4656 4655)
4(4645 4655 4656 4646)
4(4315 4647 4657 4325)
4(4324 4325 4657 4656)
4(4646 4656 4657 4647)
4(4316 4648 4658 4326)
4(4325 4326 4658 4657)
4(4647 4657 4658 4648)
4(4326 4327 4659 4658)
4(4648 4658 4659 4649)
4(4328 4329 4661 4660)
4(4650 4660 4661 4651)
4(4330 4331 4663 4662)
4(4652 4662 4663 4653)
4(4323 4655 4665 4333)
4(4332 4333 4665 4664)
4(4654 4664 4665 4655)
4(4324 4656 4666 4334)
4(4333 4334 4666 4665)
4(4655 4665 4666 4656)
4(4325 4657 4667 4335)
4(4334 4335 4667 4666)
4(4656 4666 4667 4657)
4(4326 4658 4668 4336)
4(4335 4336 4668 4667)
4(4657 4667 4668 4658)
4(4336 4337 4669 4668)
4(4658 4668 4669 4659)
4(4338 4339 4671 4670)
4(4660 4670 4671 4661)
4(4340 4341 4673 4672)
4(4662 4672 4673 4663)
4(4333 4665 4675 4343)
4(4342 4343 4675 4674)
4(4664 4674 4675 4665)
4(4334 4666 4676 4344)
4(4343 4344 4676 4675)
4(4665 4675 4676 4666)
4(4335 4667 4677 4345)
4(4344 4345 4677 4676)
4(4666 4676 4677 4667)
4(4336 4668 4678 4346)
4(4345 4346 4678 4677)
4(4667 4677 4678 4668)
4(4346 4347 4679 4678)
4(4668 4678 4679 4669)
4(4348 4349 4681 4680)
4(4670 4680 4681 4671)
4(4350 4351 4683 4682)
4(4672 4682 4683 4673)
4(4343 4675 4685 4353)
4(4352 4353 4685 4684)
4(4674 4684 4685 4675)
4(4344 4676 4686 4354)
4(4353 4354 4686 4685)
4(4675 4685 4686 4676)
4(4345 4677 4687 4355)
4(4354 4355 4687 4686)
4(4676 4686 4687 4677)
4(4346 4678 4688 4356)
4(4355 4356 4688 4687)
4(4677 4687 4688 4678)
4(4356 4357 4689 4688)
4(4678 4688 4689 4679)
4(4358 4359 4691 4690)
4(4680 4690 4691 4681)
4(4360 4361 4693 4692)
4(4682 4692 4693 4683)
4(4353 4685 4695 4363)
4(4362 4363 4695 4694)
4(4684 4694 4695 4685)
4(4354 4686 4696 4364)
4(4363 4364 4696 4695)
4(4685 4695 4696 4686)
4(4355 4687 4697 4365)
4(4364 4365 4697 4696)
4(4686 4696 4697 4687)
4(4356 4688 4698 4366)
4(4365 4366 4698 4697)
4(4687 4697 4698 4688)
4(4366 4367 4699 4698)
4(4688 4698 4699 4689)
4(4368 4369 4701 4700)
4(4690 4700 4701 4691)
4(4370 4371 4703 4702)
4(4692 4702 4703 4693)
4(4363 4695 4705 4373)
4(4372 4373 4705 4704)
4(4694 4704 4705 4695)
4(4364 4696 4706 4374)
4(4373 4374 4706 4705)
4(4695 4705 4706 4696)
4(4365 4697 4707 4375)
4(4374 4375 4707 4706)
4(4696 4706 4707 4697)
4(4366 4698 4708 4376)
4(4375 4376 4708 4707)
4(4697 4707 4708 4698)
4(4376 4377 4709 4708)
4(4698 4708 4709 4699)
4(4378 4379 4711 4710)
4(4700 4710 4711 4701)
4(4380 4381 4713 4712)
4(4702 4712 4713 4703)
4(4373 4705 4715 4383)
4(4382 4383 4715 4714)
4(4704 4714 4715 4705)
4(4374 4706 4716 4384)
4(4383 4384 4716 4715)
4(4705 4715 4716 4706)
4(4375 4707 4717 4385)
4(4384 4385 4717 4716)
4(4706 4716 4717 4707)
4(4376 4708 4718 4386)
4(4385 4386 4718 4717)
4(4707 4717 4718 4708)
4(4386 4387 4719 4718)
4(4708 4718 4719 4709)
4(4388 4389 4721 4720)
4(4710 4720 4721 4711)
4(4390 4391 4723 4722)
4(4712 4722 4723 4713)
4(4383 4715 4725 4393)
4(4392 4393 4725 4724)
4(4714 4724 4725 4715)
4(4384 4716 4726 4394)
4(4393 4394 4726 4725)
4(4715 4725 4726 4716)
4(4385 4717 4727 4395)
4(4394 4395 4727 4726)
4(4716 4726 4727 4717)
4(4386 4718 4728 4396)
4(4395 4396 4728 4727)
4(4717 4727 4728 4718)
4(4396 4397 4729 4728)
4(4718 4728 4729 4719)
4(4398 4399 4731 4730)
4(4720 4730 4731 4721)
4(4400 4401 4733 4732)
4(4722 4732 4733 4723)
4(4393 4725 4735 4403)
4(4402 4403 4735 4734)
4(4724 4734 4735 4725)
4(4394 4726 4736 4404)
4(4403 4404 4736 4735)
4(4725 4735 4736 4726)
4(4395 4727 4737 4405)
4(4404 4405 4737 4736)
4(4726 4736 4737 4727)
4(4396 4728 4738 4406)
4(4405 4406 4738 4737)
4(4727 4737 4738 4728)
4(4406 4407 4739 4738)
4(4728 4738 4739 4729)
4(4408 4409 4741 4740)
4(4730 4740 4741 4731)
4(4410 4411 4743 4742)
4(4732 4742 4743 4733)
4(4403 4735 4745 4413)
4(4412 4413 4745 4744)
4(4734 4744 4745 4735)
4(4404 4736 4746 4414)
4(4413 4414 4746 4745)
4(4735 4745 4746 4736)
4(4405 4737 4747 4415)
4(4414 4415 4747 4746)
4(4736 4746 4747 4737)
4(4406 4738 4748 4416)
4(4415 4416 4748 4747)
4(4737 4747 4748 4738)
4(4416 4417 4749 4748)
4(4738 4748 4749 4739)
4(4418 4419 4751 4750)
4(4740 4750 4751 4741)
4(4420 4421 4753 4752)
4(4742 4752 4753 4743)
4(4413 4745 4755 4423)
4(4422 4423 4755 4754)
4(4744 4754 4755 4745)
4(4414 4746 4756 4424)
4(4423 4424 4756 4755)
4(4745 4755 4756 4746)
4(4415 4747 4757 4425)
4(4424 4425 4757 4756)
4(4746 4756 4757 4747)
4(4416 4748 4758 4426)
4(4425 4426 4758 4757)
4(4747 4757 4758 4748)
4(4426 4427 4759 4758)
4(4748 4758 4759 4749)
4(4428 4429 4761 4760)
4(4750 4760 4761 4751)
4(4430 4431 4763 4762)
4(4752 4762 4763 4753)
4(4423 4755 4765 4433)
4(4432 4433 4765 4764)
4(4754 4764 4765 4755)
4(4424 4756 4766 4434)
4(4433 4434 4766 4765)
4(4755 4765 4766 4756)
4(4425 4757 4767 4435)
4(4434 4435 4767 4766)
4(4756 4766 4767 4757)
4(4426 4758 4768 4436)
4(4435 4436 4768 4767)
4(4757 4767 4768 4758)
4(4436 4437 4769 4768)
4(4758 4768 4769 4759)
4(4438 4439 4771 4770)
4(4760 4770 4771 4761)
4(4440 4441 4773 4772)
4(4762 4772 4773 4763)
4(4433 4765 4775 4443)
4(4442 4443 4775 4774)
4(4764 4774 4775 4765)
4(4434 4766 4776 4444)
4(4443 4444 4776 4775)
4(4765 4775 4776 4766)
4(4435 4767 4777 4445)
4(4444 4445 4777 4776)
4(4766 4776 4777 4767)
4(4436 4768 4778 4446)
4(4445 4446 4778 4777)
4(4767 4777 4778 4768)
4(4446 4447 4779 4778)
4(4768 4778 4779 4769)
4(4448 4449 4781 4780)
4(4770 4780 4781 4771)
4(4450 4451 4783 4782)
4(4772 4782 4783 4773)
4(4443 4775 4785 4453)
4(4774 4784 4785 4775)
4(4444 4776 4786 4454)
4(4775 4785 4786 4776)
4(4445 4777 4787 4455)
4(4776 4786 4787 4777)
4(4446 4778 4788 4456)
4(4777 4787 4788 4778)
4(4778 4788 4789 4779)
4(4458 4459 4791 4790)
4(4780 4790 4791 4781)
4(4460 4461 4793 4792)
4(4782 4792 4793 4783)
4(4462 4463 4795 4794)
4(4790 4794 4795 4791)
4(4464 4465 4797 4796)
4(4792 4796 4797 4793)
4(4466 4467 4799 4798)
4(4794 4798 4799 4795)
4(4468 4469 4801 4800)
4(4796 4800 4801 4797)
4(4470 4471 4803 4802)
4(4798 4802 4803 4799)
4(4472 4473 4805 4804)
4(4800 4804 4805 4801)
4(4474 4475 4807 4806)
4(4802 4806 4807 4803)
4(4476 4477 4809 4808)
4(4804 4808 4809 4805)
4(4478 4479 4811 4810)
4(4806 4810 4811 4807)
4(4480 4481 4813 4812)
4(4808 4812 4813 4809)
4(4482 4483 4815 4814)
4(4810 4814 4815 4811)
4(4484 4485 4817 4816)
4(4812 4816 4817 4813)
4(4486 4487 4819 4818)
4(4814 4818 4819 4815)
4(4488 4489 4821 4820)
4(4816 4820 4821 4817)
4(4490 4491 4823 4822)
4(4818 4822 4823 4819)
4(4492 4493 4825 4824)
4(4820 4824 4825 4821)
4(4494 4495 4827 4826)
4(4822 4826 4827 4823)
4(4496 4497 4829 4828)
4(4824 4828 4829 4825)
4(4498 4499 4831 4830)
4(4826 4830 4831 4827)
4(4500 4501 4833 4832)
4(4828 4832 4833 4829)
4(4502 4503 4835 4834)
4(4830 4834 4835 4831)
4(4504 4505 4837 4836)
4(4832 4836 4837 4833)
4(4506 4507 4839 4838)
4(4834 4838 4839 4835)
4(4508 4509 4841 4840)
4(4836 4840 4841 4837)
4(4516 4517 4849 4848)
4(4838 4848 4849 4839)
4(4509 4841 4851 4519)
4(4840 4850 4851 4841)
4(4510 4842 4852 4520)
4(4841 4851 4852 4842)
4(4511 4843 4853 4521)
4(4842 4852 4853 4843)
4(4512 4844 4854 4522)
4(4843 4853 4854 4844)
4(4513 4845 4855 4523)
4(4844 4854 4855 4845)
4(4514 4846 4856 4524)
4(4845 4855 4856 4846)
4(4515 4847 4857 4525)
4(4846 4856 4857 4847)
4(4516 4848 4858 4526)
4(4847 4857 4858 4848)
4(4848 4858 4859 4849)
4(4532 4533 4871 4870)
4(4860 4870 4871 4861)
4(4534 4535 4879 4878)
4(4868 4878 4879 4869)
4(4536 4537 4881 4880)
4(4870 4880 4881 4871)
4(4538 4539 4883 4882)
4(4878 4882 4883 4879)
4(4540 4541 4885 4884)
4(4880 4884 4885 4881)
4(4542 4543 4887 4886)
4(4882 4886 4887 4883)
4(4544 4545 4889 4888)
4(4884 4888 4889 4885)
4(4546 4547 4891 4890)
4(4886 4890 4891 4887)
4(4548 4549 4893 4892)
4(4888 4892 4893 4889)
4(4550 4551 4895 4894)
4(4890 4894 4895 4891)
4(4552 4553 4897 4896)
4(4892 4896 4897 4893)
4(4554 4555 4899 4898)
4(4894 4898 4899 4895)
4(4556 4557 4901 4900)
4(4896 4900 4901 4897)
4(4558 4559 4903 4902)
4(4898 4902 4903 4899)
4(4560 4561 4905 4904)
4(4900 4904 4905 4901)
4(4562 4563 4907 4906)
4(4902 4906 4907 4903)
4(4564 4565 4909 4908)
4(4904 4908 4909 4905)
4(4566 4567 4911 4910)
4(4906 4910 4911 4907)
4(4568 4569 4913 4912)
4(4908 4912 4913 4909)
4(4570 4571 4915 4914)
4(4910 4914 4915 4911)
4(4572 4573 4917 4916)
4(4912 4916 4917 4913)
4(4580 4581 4925 4924)
4(4914 4924 4925 4915)
4(4582 4583 4927 4926)
4(4916 4926 4927 4917)
4(4575 4919 4929 4585)
4(4584 4585 4929 4928)
4(4918 4928 4929 4919)
4(4576 4920 4930 4586)
4(4585 4586 4930 4929)
4(4919 4929 4930 4920)
4(4577 4921 4931 4587)
4(4586 4587 4931 4930)
4(4920 4930 4931 4921)
4(4578 4922 4932 4588)
4(4587 4588 4932 4931)
4(4921 4931 4932 4922)
4(4588 4589 4933 4932)
4(4922 4932 4933 4923)
4(4590 4591 4935 4934)
4(4924 4934 4935 4925)
4(4592 4593 4937 4936)
4(4926 4936 4937 4927)
4(4585 4929 4939 4595)
4(4594 4595 4939 4938)
4(4928 4938 4939 4929)
4(4586 4930 4940 4596)
4(4595 4596 4940 4939)
4(4929 4939 4940 4930)
4(4587 4931 4941 4597)
4(4596 4597 4941 4940)
4(4930 4940 4941 4931)
4(4588 4932 4942 4598)
4(4597 4598 4942 4941)
4(4931 4941 4942 4932)
4(4598 4599 4943 4942)
4(4932 4942 4943 4933)
4(4600 4601 4945 4944)
4(4934 4944 4945 4935)
4(4602 4603 4947 4946)
4(4936 4946 4947 4937)
4(4595 4939 4949 4605)
4(4604 4605 4949 4948)
4(4938 4948 4949 4939)
4(4596 4940 4950 4606)
4(4605 4606 4950 4949)
4(4939 4949 4950 4940)
4(4597 4941 4951 4607)
4(4606 4607 4951 4950)
4(4940 4950 4951 4941)
4(4598 4942 4952 4608)
4(4607 4608 4952 4951)
4(4941 4951 4952 4942)
4(4608 4609 4953 4952)
4(4942 4952 4953 4943)
4(4610 4611 4955 4954)
4(4944 4954 4955 4945)
4(4612 4613 4957 4956)
4(4946 4956 4957 4947)
4(4605 4949 4959 4615)
4(4614 4615 4959 4958)
4(4948 4958 4959 4949)
4(4606 4950 4960 4616)
4(4615 4616 4960 4959)
4(4949 4959 4960 4950)
4(4607 4951 4961 4617)
4(4616 4617 4961 4960)
4(4950 4960 4961 4951)
4(4608 4952 4962 4618)
4(4617 4618 4962 4961)
4(4951 4961 4962 4952)
4(4618 4619 4963 4962)
4(4952 4962 4963 4953)
4(4620 4621 4965 4964)
4(4954 4964 4965 4955)
4(4622 4623 4967 4966)
4(4956 4966 4967 4957)
4(4615 4959 4969 4625)
4(4624 4625 4969 4968)
4(4958 4968 4969 4959)
4(4616 4960 4970 4626)
4(4625 4626 4970 4969)
4(4959 4969 4970 4960)
4(4617 4961 4971 4627)
4(4626 4627 4971 4970)
4(4960 4970 4971 4961)
4(4618 4962 4972 4628)
4(4627 4628 4972 4971)
4(4961 4971 4972 4962)
4(4628 4629 4973 4972)
4(4962 4972 4973 4963)
4(4630 4631 4975 4974)
4(4964 4974 4975 4965)
4(4632 4633 4977 4976)
4(4966 4976 4977 4967)
4(4625 4969 4979 4635)
4(4634 4635 4979 4978)
4(4968 4978 4979 4969)
4(4626 4970 4980 4636)
4(4635 4636 4980 4979)
4(4969 4979 4980 4970)
4(4627 4971 4981 4637)
4(4636 4637 4981 4980)
4(4970 4980 4981 4971)
4(4628 4972 4982 4638)
4(4637 4638 4982 4981)
4(4971 4981 4982 4972)
4(4638 4639 4983 4982)
4(4972 4982 4983 4973)
4(4640 4641 4985 4984)
4(4974 4984 4985 4975)
4(4642 4643 4987 4986)
4(4976 4986 4987 4977)
4(4635 4979 4989 4645)
4(4644 4645 4989 4988)
4(4978 4988 4989 4979)
4(4636 4980 4990 4646)
4(4645 4646 4990 4989)
4(4979 4989 4990 4980)
4(4637 4981 4991 4647)
4(4646 4647 4991 4990)
4(4980 4990 4991 4981)
4(4638 4982 4992 4648)
4(4647 4648 4992 4991)
4(4981 4991 4992 4982)
4(4648 4649 4993 4992)
4(4982 4992 4993 4983)
4(4650 4651 4995 4994)
4(4984 4994 4995 4985)
4(4652 4653 4997 4996)
4(4986 4996 4997 4987)
4(4645 4989 4999 4655)
4(4654 4655 4999 4998)
4(4988 4998 4999 4989)
4(4646 4990 5000 4656)
4(4655 4656 5000 4999)
4(4989 4999 5000 4990)
4(4647 4991 5001 4657)
4(4656 4657 5001 5000)
4(4990 5000 5001 4991)
4(4648 4992 5002 4658)
4(4657 4658 5002 5001)
4(4991 5001 5002 4992)
4(4658 4659 5003 5002)
4(4992 5002 5003 4993)
4(4660 4661 5005 5004)
4(4994 5004 5005 4995)
4(4662 4663 5007 5006)
4(4996 5006 5007 4997)
4(4655 4999 5009 4665)
4(4664 4665 5009 5008)
4(4998 5008 5009 4999)
4(4656 5000 5010 4666)
4(4665 4666 5010 5009)
4(4999 5009 5010 5000)
4(4657 5001 5011 4667)
4(4666 4667 5011 5010)
4(5000 5010 5011 5001)
4(4658 5002 5012 4668)
4(4667 4668 5012 5011)
4(5001 5011 5012 5002)
4(4668 4669 5013 5012)
4(5002 5012 5013 5003)
4(4670 4671 5015 5014)
4(5004 5014 5015 5005)
4(4672 4673 5017 5016)
4(5006 5016 5017 5007)
4(4665 5009 5019 4675)
4(4674 4675 5019 5018)
4(5008 5018 5019 5009)
4(4666 5010 5020 4676)
4(4675 4676 5020 5019)
4(5009 5019 5020 5010)
4(4667 5011 5021 4677)
4(4676 4677 5021 5020)
4(5010 5020 5021 5011)
4(4668 5012 5022 4678)
4(4677 4678 5022 5021)
4(5011 5021 5022 5012)
4(4678 4679 5023 5022)
4(5012 5022 5023 5013)
4(4680 4681 5025 5024)
4(5014 5024 5025 5015)
4(4682 4683 5027 5026)
4(5016 5026 5027 5017)
4(4675 5019 5029 4685)
4(4684 4685 5029 5028)
4(5018 5028 5029 5019)
4(4676 5020 5030 4686)
4(4685 4686 5030 5029)
4(5019 5029 5030 5020)
4(4677 5021 5031 4687)
4(4686 4687 5031 5030)
4(5020 5030 5031 5021)
4(4678 5022 5032 4688)
4(4687 4688 5032 5031)
4(5021 5031 5032 5022)
4(4688 4689 5033 5032)
4(5022 5032 5033 5023)
4(4690 4691 5035 5034)
4(5024 5034 5035 5025)
4(4692 4693 5037 5036)
4(5026 5036 5037 5027)
4(4685 5029 5039 4695)
4(4694 4695 5039 5038)
4(5028 5038 5039 5029)
4(4686 5030 5040 4696)
4(4695 4696 5040 5039)
4(5029 5039 5040 5030)
4(4687 5031 5041 4697)
4(4696 4697 5041 5040)
4(5030 5040 5041 5031)
4(4688 5032 5042 4698)
4(4697 4698 5042 5041)
4(5031 5041 5042 5032)
4(4698 4699 5043 5042)
4(5032 5042 5043 5033)
4(4700 4701 5045 5044)
4(5034 5044 5045 5035)
4(4702 4703 5047 5046)
4(5036 5046 5047 5037)
4(4695 5039 5049 4705)
4(4704 4705 5049 5048)
4(5038 5048 5049 5039)
4(4696 5040 5050 4706)
4(4705 4706 5050 5049)
4(5039 5049 5050 5040)
4(4697 5041 5051 4707)
4(4706 4707 5051 5050)
4(5040 5050 5051 5041)
4(4698 5042 5052 4708)
4(4707 4708 5052 5051)
4(5041 5051 5052 5042)
4(4708 4709 5053 5052)
4(5042 5052 5053 5043)
4(4710 4711 5055 5054)
4(5044 5054 5055 5045)
4(4712 4713 5057 5056)
4(5046 5056 5057 5047)
4(4705 5049 5059 4715)
4(4714 4715 5059 5058)
4(5048 5058 5059 5049)
4(4706 5050 5060 4716)
4(4715 4716 5060 5059)
4(5049 5059 5060 5050)
4(4707 5051 5061 4717)
4(4716 4717 5061 5060)
4(5050 5060 5061 5051)
4(4708 5052 5062 4718)
4(4717 4718 5062 5061)
4(5051 5061 5062 5052)
4(4718 4719 5063 5062)
4(5052 5062 5063 5053)
4(4720 4721 5065 5064)
4(5054 5064 5065 5055)
4(4722 4723 5067 5066)
4(5056 5066 5067 5057)
4(4715 5059 5069 4725)
4(4724 4725 5069 5068)
4(5058 5068 5069 5059)
4(4716 5060 5070 4726)
4(4725 4726 5070 5069)
4(5059 5069 5070 5060)
4(4717 5061 5071 4727)
4(4726 4727 5071 5070)
4(5060 5070 5071 5061)
4(4718 5062 5072 4728)
4(4727 4728 5072 5071)
4(5061 5071 5072 5062)
4(4728 4729 5073 5072)
4(5062 5072 5073 5063)
4(4730 4731 5075 5074)
4(5064 5074 5075 5065)
4(4732 4733 5077 5076)
4(5066 5076 5077 5067)
4(4725 5069 5079 4735)
4(4734 4735 5079 5078)
4(5068 5078 5079 5069)
4(4726 5070 5080 4736)
4(4735 4736 5080 5079)
4(5069 5079 5080 5070)
4(4727 5071 5081 4737)
4(4736 4737 5081 5080)
4(5070 5080 5081 5071)
4(4728 5072 5082 4738)
4(4737 4738 5082 5081)
4(5071 5081 5082 5072)
4(4738 4739 5083 5082)
4(5072 5082 5083 5073)
4(4740 4741 5085 5084)
4(5074 5084 5085 5075)
4(4742 4743 5087 5086)
4(5076 5086 5087 5077)
4(4735 5079 5089 4745)
4(4744 4745 5089 5088)
4(5078 5088 5089 5079)
4(4736 5080 5090 4746)
4(4745 4746 5090 5089)
4(5079 5089 5090 5080)
4(4737 5081 5091 4747)
4(4746 4747 5091 5090)
4(5080 5090 5091 5081)
4(4738 5082 5092 4748)
4(4747 4748 5092 5091)
4(5081 5091 5092 5082)
4(4748 4749 5093 5092)
4(5082 5092 5093 5083)
4(4750 4751 5095 5094)
4(5084 5094 5095 5085)
4(4752 4753 5097 5096)
4(5086 5096 5097 5087)
4(4745 5089 5099 4755)
4(4754 4755 5099 5098)
4(5088 5098 5099 5089)
4(4746 5090 5100 4756)
4(4755 4756 5100 5099)
4(5089 5099 5100 5090)
4(4747 5091 5101 4757)
4(4756 4757 5101 5100)
4(5090 5100 5101 5091)
4(4748 5092 5102 4758)
4(4757 4758 5102 5101)
4(5091 5101 5102 5092)
4(4758 4759 5103 5102)
4(5092 5102 5103 5093)
4(4760 4761 5105 5104)
4(5094 5104 5105 5095)
4(4762 4763 5107 5106)
4(5096 5106 5107 5097)
4(4755 5099 5109 4765)
4(4764 4765 5109 5108)
4(5098 5108 5109 5099)
4(4756 5100 5110 4766)
4(4765 4766 5110 5109)
4(5099 5109 5110 5100)
4(4757 5101 5111 4767)
4(4766 4767 5111 5110)
4(5100 5110 5111 5101)
4(4758 5102 5112 4768)
4(4767 4768 5112 5111)
4(5101 5111 5112 5102)
4(4768 4769 5113 5112)
4(5102 5112 5113 5103)
4(4770 4771 5115 5114)
4(5104 5114 5115 5105)
4(4772 4773 5117 5116)
4(5106 5116 5117 5107)
4(4765 5109 5119 4775)
4(4774 4775 5119 5118)
4(5108 5118 5119 5109)
4(4766 5110 5120 4776)
4(4775 4776 5120 5119)
4(5109 5119 5120 5110)
4(4767 5111 5121 4777)
4(4776 4777 5121 5120)
4(5110 5120 5121 5111)
4(4768 5112 5122 4778)
4(4777 4778 5122 5121)
4(5111 5121 5122 5112)
4(4778 4779 5123 5122)
4(5112 5122 5123 5113)
4(4780 4781 5125 5124)
4(5114 5124 5125 5115)
4(4782 4783 5127 5126)
4(5116 5126 5127 5117)
4(4775 5119 5129 4785)
4(5118 5128 5129 5119)
4(4776 5120 5130 4786)
4(5119 5129 5130 5120)
4(4777 5121 5131 4787)
4(5120 5130 5131 5121)
4(4778 5122 5132 4788)
4(5121 5131 5132 5122)
4(5122 5132 5133 5123)
4(4790 4791 5135 5134)
4(5124 5134 5135 5125)
4(4792 4793 5137 5136)
4(5126 5136 5137 5127)
4(4794 4795 5139 5138)
4(5134 5138 5139 5135)
4(4796 4797 5141 5140)
4(5136 5140 5141 5137)
4(4798 4799 5143 5142)
4(5138 5142 5143 5139)
4(4800 4801 5145 5144)
4(5140 5144 5145 5141)
4(4802 4803 5147 5146)
4(5142 5146 5147 5143)
4(4804 4805 5149 5148)
4(5144 5148 5149 5145)
4(4806 4807 5151 5150)
4(5146 5150 5151 5147)
4(4808 4809 5153 5152)
4(5148 5152 5153 5149)
4(4810 4811 5155 5154)
4(5150 5154 5155 5151)
4(4812 4813 5157 5156)
4(5152 5156 5157 5153)
4(4814 4815 5159 5158)
4(5154 5158 5159 5155)
4(4816 4817 5161 5160)
4(5156 5160 5161 5157)
4(4818 4819 5163 5162)
4(5158 5162 5163 5159)
4(4820 4821 5165 5164)
4(5160 5164 5165 5161)
4(4822 4823 5167 5166)
4(5162 5166 5167 5163)
4(4824 4825 5169 5168)
4(5164 5168 5169 5165)
4(4826 4827 5171 5170)
4(5166 5170 5171 5167)
4(4828 4829 5173 5172)
4(5168 5172 5173 5169)
4(4830 4831 5175 5174)
4(5170 5174 5175 5171)
4(4832 4833 5177 5176)
4(5172 5176 5177 5173)
4(4834 4835 5179 5178)
4(5174 5178 5179 5175)
4(4836 4837 5181 5180)
4(5176 5180 5181 5177)
4(4838 4839 5183 5182)
4(5178 5182 5183 5179)
4(4840 4841 5185 5184)
4(5180 5184 5185 5181)
4(4848 4849 5193 5192)
4(5182 5192 5193 5183)
4(4841 5185 5195 4851)
4(5184 5194 5195 5185)
4(4842 5186 5196 4852)
4(5185 5195 5196 5186)
4(4843 5187 5197 4853)
4(5186 5196 5197 5187)
4(4844 5188 5198 4854)
4(5187 5197 5198 5188)
4(4845 5189 5199 4855)
4(5188 5198 5199 5189)
4(4846 5190 5200 4856)
4(5189 5199 5200 5190)
4(4847 5191 5201 4857)
4(5190 5200 5201 5191)
4(4848 5192 5202 4858)
4(5191 5201 5202 5192)
4(5192 5202 5203 5193)
4(4861 5205 5215 4871)
4(4870 4871 5215 5214)
4(5204 5214 5215 5205)
4(4862 5206 5216 4872)
4(5205 5215 5216 5206)
4(4863 5207 5217 4873)
4(5206 5216 5217 5207)
4(4864 5208 5218 4874)
4(5207 5217 5218 5208)
4(4865 5209 5219 4875)
4(5208 5218 5219 5209)
4(4866 5210 5220 4876)
4(5209 5219 5220 5210)
4(4867 5211 5221 4877)
4(5210 5220 5221 5211)
4(4868 5212 5222 4878)
4(5211 5221 5222 5212)
4(4878 4879 5223 5222)
4(5212 5222 5223 5213)
4(4880 4881 5225 5224)
4(5214 5224 5225 5215)
4(4882 4883 5227 5226)
4(5222 5226 5227 5223)
4(4884 4885 5229 5228)
4(5224 5228 5229 5225)
4(4886 4887 5231 5230)
4(5226 5230 5231 5227)
4(4888 4889 5233 5232)
4(5228 5232 5233 5229)
4(4890 4891 5235 5234)
4(5230 5234 5235 5231)
4(4892 4893 5237 5236)
4(5232 5236 5237 5233)
4(4894 4895 5239 5238)
4(5234 5238 5239 5235)
4(4896 4897 5241 5240)
4(5236 5240 5241 5237)
4(4898 4899 5243 5242)
4(5238 5242 5243 5239)
4(4900 4901 5245 5244)
4(5240 5244 5245 5241)
4(4902 4903 5247 5246)
4(5242 5246 5247 5243)
4(4904 4905 5249 5248)
4(5244 5248 5249 5245)
4(4906 4907 5251 5250)
4(5246 5250 5251 5247)
4(4908 4909 5253 5252)
4(5248 5252 5253 5249)
4(4910 4911 5255 5254)
4(5250 5254 5255 5251)
4(4912 4913 5257 5256)
4(5252 5256 5257 5253)
4(4914 4915 5259 5258)
4(5254 5258 5259 5255)
4(4916 4917 5261 5260)
4(5256 5260 5261 5257)
4(4924 4925 5269 5268)
4(5258 5268 5269 5259)
4(4926 4927 5271 5270)
4(5260 5270 5271 5261)
4(4919 5263 5273 4929)
4(4928 4929 5273 5272)
4(5262 5272 5273 5263)
4(4920 5264 5274 4930)
4(4929 4930 5274 5273)
4(5263 5273 5274 5264)
4(4921 5265 5275 4931)
4(4930 4931 5275 5274)
4(5264 5274 5275 5265)
4(4922 5266 5276 4932)
4(4931 4932 5276 5275)
4(5265 5275 5276 5266)
4(4932 4933 5277 5276)
4(5266 5276 5277 5267)
4(4934 4935 5279 5278)
4(5268 5278 5279 5269)
4(4936 4937 5281 5280)
4(5270 5280 5281 5271)
4(4929 5273 5283 4939)
4(4938 4939 5283 5282)
4(5272 5282 5283 5273)
4(4930 5274 5284 4940)
4(4939 4940 5284 5283)
4(5273 5283 5284 5274)
4(4931 5275 5285 4941)
4(4940 4941 5285 5284)
4(5274 5284 5285 5275)
4(4932 5276 5286 4942)
4(4941 4942 5286 5285)
4(5275 5285 5286 5276)
4(4942 4943 5287 5286)
4(5276 5286 5287 5277)
4(4944 4945 5289 5288)
4(5278 5288 5289 5279)
4(4946 4947 5291 5290)
4(5280 5290 5291 5281)
4(4939 5283 5293 4949)
4(4948 4949 5293 5292)
4(5282 5292 5293 5283)
4(4940 5284 5294 4950)
4(4949 4950 5294 5293)
4(5283 5293 5294 5284)
4(4941 5285 5295 4951)
4(4950 4951 5295 5294)
4(5284 5294 5295 5285)
4(4942 5286 5296 4952)
4(4951 4952 5296 5295)
4(5285 5295 5296 5286)
4(4952 4953 5297 5296)
4(5286 5296 5297 5287)
4(4954 4955 5299 5298)
4(5288 5298 5299 5289)
4(4956 4957 5301 5300)
4(5290 5300 5301 5291)
4(4949 5293 5303 4959)
4(4958 4959 5303 5302)
4(5292 5302 5303 5293)
4(4950 5294 5304 4960)
4(4959 4960 5304 5303)
4(5293 5303 5304 5294)
4(4951 5295 5305 4961)
4(4960 4961 5305 5304)
4(5294 5304 5305 5295)
4(4952 5296 5306 4962)
4(4961 4962 5306 5305)
4(5295 5305 5306 5296)
4(4962 4963 5307 5306)
4(5296 5306 5307 5297)
4(4964 4965 5309 5308)
4(5298 5308 5309 5299)
4(4966 4967 5311 5310)
4(5300 5310 5311 5301)
4(4959 5303 5313 4969)
4(4968 4969 5313 5312)
4(5302 5312 5313 5303)
4(4960 5304 5314 4970)
4(4969 4970 5314 5313)
4(5303 5313 5314 5304)
4(4961 5305 5315 4971)
4(4970 4971 5315 5314)
4(5304 5314 5315 5305)
4(4962 5306 5316 4972)
4(4971 4972 5316 5315)
4(5305 5315 5316 5306)
4(4972 4973 5317 5316)
4(5306 5316 5317 5307)
4(4974 4975 5319 5318)
4(5308 5318 5319 5309)
4(4976 4977 5321 5320)
4(5310 5320 5321 5311)
4(4969 5313 5323 4979)
4(4978 4979 5323 5322)
4(5312 5322 5323 5313)
4(4970 5314 5324 4980)
4(4979 4980 5324 5323)
4(5313 5323 5324 5314)
4(4971 5315 5325 4981)
4(4980 4981 5325 5324)
4(5314 5324 5325 5315)
4(4972 5316 5326 4982)
4(4981 4982 5326 5325)
4(5315 5325 5326 5316)
4(4982 4983 5327 5326)
4(5316 5326 5327 5317)
4(4984 4985 5329 5328)
4(5318 5328 5329 5319)
4(4986 4987 5331 5330)
4(5320 5330 5331 5321)
4(4979 5323 5333 4989)
4(4988 4989 5333 5332)
4(5322 5332 5333 5323)
4(4980 5324 5334 4990)
4(4989 4990 5334 5333)
4(5323 5333 5334 5324)
4(4981 5325 5335 4991)
4(4990 4991 5335 5334)
4(5324 5334 5335 5325)
4(4982 5326 5336 4992)
4(4991 4992 5336 5335)
4(5325 5335 5336 5326)
4(4992 4993 5337 5336)
4(5326 5336 5337 5327)
4(4994 4995 5339 5338)
4(5328 5338 5339 5329)
4(4996 4997 5341 5340)
4(5330 5340 5341 5331)
4(4989 5333 5343 4999)
4(4998 4999 5343 5342)
4(5332 5342 5343 5333)
4(4990 5334 5344 5000)
4(4999 5000 5344 5343)
4(5333 5343 5344 5334)
4(4991 5335 5345 5001)
4(5000 5001 5345 5344)
4(5334 5344 5345 5335)
4(4992 5336 5346 5002)
4(5001 5002 5346 5345)
4(5335 5345 5346 5336)
4(5002 5003 5347 5346)
4(5336 5346 5347 5337)
4(5004 5005 5349 5348)
4(5338 5348 5349 5339)
4(5006 5007 5351 5350)
4(5340 5350 5351 5341)
4(4999 5343 5353 5009)
4(5008 5009 5353 5352)
4(5342 5352 5353 5343)
4(5000 5344 5354 5010)
4(5009 5010 5354 5353)
4(5343 5353 5354 5344)
4(5001 5345 5355 5011)
4(5010 5011 5355 5354)
4(5344 5354 5355 5345)
4(5002 5346 5356 5012)
4(5011 5012 5356 5355)
4(5345 5355 5356 5346)
4(5012 5013 5357 5356)
4(5346 5356 5357 5347)
4(5014 5015 5359 5358)
4(5348 5358 5359 5349)
4(5016 5017 5361 5360)
4(5350 5360 5361 5351)
4(5009 5353 5363 5019)
4(5018 5019 5363 5362)
4(5352 5362 5363 5353)
4(5010 5354 5364 5020)
4(5019 5020 5364 5363)
4(5353 5363 5364 5354)
4(5011 5355 5365 5021)
4(5020 5021 5365 5364)
4(5354 5364 5365 5355)
4(5012 5356 5366 5022)
4(5021 5022 5366 5365)
4(5355 5365 5366 5356)
4(5022 5023 5367 5366)
4(5356 5366 5367 5357)
4(5024 5025 5369 5368)
4(5358 5368 5369 5359)
4(5026 5027 5371 5370)
4(5360 5370 5371 5361)
4(5019 5363 5373 5029)
4(5028 5029 5373 5372)
4(5362 5372 5373 5363)
4(5020 5364 5374 5030)
4(5029 5030 5374 5373)
4(5363 5373 5374 5364)
4(5021 5365 5375 5031)
4(5030 5031 5375 5374)
4(5364 5374 5375 5365)
4(5022 5366 5376 5032)
4(5031 5032 5376 5375)
4(5365 5375 5376 5366)
4(5032 5033 5377 5376)
4(5366 5376 5377 5367)
4(5034 5035 5379 5378)
4(5368 5378 5379 5369)
4(5036 5037 5381 5380)
4(5370 5380 5381 5371)
4(5029 5373 5383 5039)
4(5038 5039 5383 5382)
4(5372 5382 5383 5373)
4(5030 5374 5384 5040)
4(5039 5040 5384 5383)
4(5373 5383 5384 5374)
4(5031 5375 5385 5041)
4(5040 5041 5385 5384)
4(5374 5384 5385 5375)
4(5032 5376 5386 5042)
4(5041 5042 5386 5385)
4(5375 5385 5386 5376)
4(5042 5043 5387 5386)
4(5376 5386 5387 5377)
4(5044 5045 5389 5388)
4(5378 5388 5389 5379)
4(5046 5047 5391 5390)
4(5380 5390 5391 5381)
4(5039 5383 5393 5049)
4(5048 5049 5393 5392)
4(5382 5392 5393 5383)
4(5040 5384 5394 5050)
4(5049 5050 5394 5393)
4(5383 5393 5394 5384)
4(5041 5385 5395 5051)
4(5050 5051 5395 5394)
4(5384 5394 5395 5385)
4(5042 5386 5396 5052)
4(5051 5052 5396 5395)
4(5385 5395 5396 5386)
4(5052 5053 5397 5396)
4(5386 5396 5397 5387)
4(5054 5055 5399 5398)
4(5388 5398 5399 5389)
4(5056 5057 5401 5400)
4(5390 5400 5401 5391)
4(5049 5393 5403 5059)
4(5058 5059 5403 5402)
4(5392 5402 5403 5393)
4(5050 5394 5404 5060)
4(5059 5060 5404 5403)
4(5393 5403 5404 5394)
4(5051 5395 5405 5061)
4(5060 5061 5405 5404)
4(5394 5404 5405 5395)
4(5052 5396 5406 5062)
4(5061 5062 5406 5405)
4(5395 5405 5406 5396)
4(5062 5063 5407 5406)
4(5396 5406 5407 5397)
4(5064 5065 5409 5408)
4(5398 5408 5409 5399)
4(5066 5067 5411 5410)
4(5400 5410 5411 5401)
4(5059 5403 5413 5069)
4(5068 5069 5413 5412)
4(5402 5412 5413 5403)
4(5060 5404 5414 5070)
4(5069 5070 5414 5413)
4(5403 5413 5414 5404)
4(5061 5405 5415 5071)
4(5070 5071 5415 5414)
4(5404 5414 5415 5405)
4(5062 5406 5416 5072)
4(5071 5072 5416 5415)
4(5405 5415 5416 5406)
4(5072 5073 5417 5416)
4(5406 5416 5417 5407)
4(5074 5075 5419 5418)
4(5408 5418 5419 5409)
4(5076 5077 5421 5420)
4(5410 5420 5421 5411)
4(5069 5413 5423 5079)
4(5078 5079 5423 5422)
4(5412 5422 5423 5413)
4(5070 5414 5424 5080)
4(5079 5080 5424 5423)
4(5413 5423 5424 5414)
4(5071 5415 5425 5081)
4(5080 5081 5425 5424)
4(5414 5424 5425 5415)
4(5072 5416 5426 5082)
4(5081 5082 5426 5425)
4(5415 5425 5426 5416)
4(5082 5083 5427 5426)
4(5416 5426 5427 5417)
4(5084 5085 5429 5428)
4(5418 5428 5429 5419)
4(5086 5087 5431 5430)
4(5420 5430 5431 5421)
4(5079 5423 5433 5089)
4(5088 5089 5433 5432)
4(5422 5432 5433 5423)
4(5080 5424 5434 5090)
4(5089 5090 5434 5433)
4(5423 5433 5434 5424)
4(5081 5425 5435 5091)
4(5090 5091 5435 5434)
4(5424 5434 5435 5425)
4(5082 5426 5436 5092)
4(5091 5092 5436 5435)
4(5425 5435 5436 5426)
4(5092 5093 5437 5436)
4(5426 5436 5437 5427)
4(5094 5095 5439 5438)
4(5428 5438 5439 5429)
4(5096 5097 5441 5440)
4(5430 5440 5441 5431)
4(5089 5433 5443 5099)
4(5098 5099 5443 5442)
4(5432 5442 5443 5433)
4(5090 5434 5444 5100)
4(5099 5100 5444 5443)
4(5433 5443 5444 5434)
4(5091 5435 5445 5101)
4(5100 5101 5445 5444)
4(5434 5444 5445 5435)
4(5092 5436 5446 5102)
4(5101 5102 5446 5445)
4(5435 5445 5446 5436)
4(5102 5103 5447 5446)
4(5436 5446 5447 5437)
4(5104 5105 5449 5448)
4(5438 5448 5449 5439)
4(5106 5107 5451 5450)
4(5440 5450 5451 5441)
4(5099 5443 5453 5109)
4(5108 5109 5453 5452)
4(5442 5452 5453 5443)
4(5100 5444 5454 5110)
4(5109 5110 5454 5453)
4(5443 5453 5454 5444)
4(5101 5445 5455 5111)
4(5110 5111 5455 5454)
4(5444 5454 5455 5445)
4(5102 5446 5456 5112)
4(5111 5112 5456 5455)
4(5445 5455 5456 5446)
4(5112 5113 5457 5456)
4(5446 5456 5457 5447)
4(5114 5115 5459 5458)
4(5448 5458 5459 5449)
4(5116 5117 5461 5460)
4(5450 5460 5461 5451)
4(5109 5453 5463 5119)
4(5118 5119 5463 5462)
4(5452 5462 5463 5453)
4(5110 5454 5464 5120)
4(5119 5120 5464 5463)
4(5453 5463 5464 5454)
4(5111 5455 5465 5121)
4(5120 5121 5465 5464)
4(5454 5464 5465 5455)
4(5112 5456 5466 5122)
4(5121 5122 5466 5465)
4(5455 5465 5466 5456)
4(5122 5123 5467 5466)
4(5456 5466 5467 5457)
4(5124 5125 5469 5468)
4(5458 5468 5469 5459)
4(5126 5127 5471 5470)
4(5460 5470 5471 5461)
4(5119 5463 5473 5129)
4(5462 5472 5473 5463)
4(5120 5464 5474 5130)
4(5463 5473 5474 5464)
4(5121 5465 5475 5131)
4(5464 5474 5475 5465)
4(5122 5466 5476 5132)
4(5465 5475 5476 5466)
4(5466 5476 5477 5467)
4(5134 5135 5479 5478)
4(5468 5478 5479 5469)
4(5136 5137 5481 5480)
4(5470 5480 5481 5471)
4(5138 5139 5483 5482)
4(5478 5482 5483 5479)
4(5140 5141 5485 5484)
4(5480 5484 5485 5481)
4(5142 5143 5487 5486)
4(5482 5486 5487 5483)
4(5144 5145 5489 5488)
4(5484 5488 5489 5485)
4(5146 5147 5491 5490)
4(5486 5490 5491 5487)
4(5148 5149 5493 5492)
4(5488 5492 5493 5489)
4(5150 5151 5495 5494)
4(5490 5494 5495 5491)
4(5152 5153 5497 5496)
4(5492 5496 5497 5493)
4(5154 5155 5499 5498)
4(5494 5498 5499 5495)
4(5156 5157 5501 5500)
4(5496 5500 5501 5497)
4(5158 5159 5503 5502)
4(5498 5502 5503 5499)
4(5160 5161 5505 5504)
4(5500 5504 5505 5501)
4(5162 5163 5507 5506)
4(5502 5506 5507 5503)
4(5164 5165 5509 5508)
4(5504 5508 5509 5505)
4(5166 5167 5511 5510)
4(5506 5510 5511 5507)
4(5168 5169 5513 5512)
4(5508 5512 5513 5509)
4(5170 5171 5515 5514)
4(5510 5514 5515 5511)
4(5172 5173 5517 5516)
4(5512 5516 5517 5513)
4(5174 5175 5519 5518)
4(5514 5518 5519 5515)
4(5176 5177 5521 5520)
4(5516 5520 5521 5517)
4(5178 5179 5523 5522)
4(5518 5522 5523 5519)
4(5180 5181 5525 5524)
4(5520 5524 5525 5521)
4(5182 5183 5527 5526)
4(5522 5526 5527 5523)
4(5184 5185 5529 5528)
4(5524 5528 5529 5525)
4(5192 5193 5537 5536)
4(5526 5536 5537 5527)
4(5185 5529 5539 5195)
4(5528 5538 5539 5529)
4(5186 5530 5540 5196)
4(5529 5539 5540 5530)
4(5187 5531 5541 5197)
4(5530 5540 5541 5531)
4(5188 5532 5542 5198)
4(5531 5541 5542 5532)
4(5189 5533 5543 5199)
4(5532 5542 5543 5533)
4(5190 5534 5544 5200)
4(5533 5543 5544 5534)
4(5191 5535 5545 5201)
4(5534 5544 5545 5535)
4(5192 5536 5546 5202)
4(5535 5545 5546 5536)
4(5536 5546 5547 5537)
4(5205 5549 5559 5215)
4(5214 5215 5559 5558)
4(5548 5558 5559 5549)
4(5206 5550 5560 5216)
4(5549 5559 5560 5550)
4(5207 5551 5561 5217)
4(5550 5560 5561 5551)
4(5208 5552 5562 5218)
4(5551 5561 5562 5552)
4(5209 5553 5563 5219)
4(5552 5562 5563 5553)
4(5210 5554 5564 5220)
4(5553 5563 5564 5554)
4(5211 5555 5565 5221)
4(5554 5564 5565 5555)
4(5212 5556 5566 5222)
4(5555 5565 5566 5556)
4(5222 5223 5567 5566)
4(5556 5566 5567 5557)
4(5224 5225 5569 5568)
4(5558 5568 5569 5559)
4(5226 5227 5571 5570)
4(5566 5570 5571 5567)
4(5228 5229 5573 5572)
4(5568 5572 5573 5569)
4(5230 5231 5575 5574)
4(5570 5574 5575 5571)
4(5232 5233 5577 5576)
4(5572 5576 5577 5573)
4(5234 5235 5579 5578)
4(5574 5578 5579 5575)
4(5236 5237 5581 5580)
4(5576 5580 5581 5577)
4(5238 5239 5583 5582)
4(5578 5582 5583 5579)
4(5240 5241 5585 5584)
4(5580 5584 5585 5581)
4(5242 5243 5587 5586)
4(5582 5586 5587 5583)
4(5244 5245 5589 5588)
4(5584 5588 5589 5585)
4(5246 5247 5591 5590)
4(5586 5590 5591 5587)
4(5248 5249 5593 5592)
4(5588 5592 5593 5589)
4(5250 5251 5595 5594)
4(5590 5594 5595 5591)
4(5252 5253 5597 5596)
4(5592 5596 5597 5593)
4(5254 5255 5599 5598)
4(5594 5598 5599 5595)
4(5256 5257 5601 5600)
4(5596 5600 5601 5597)
4(5258 5259 5603 5602)
4(5598 5602 5603 5599)
4(5260 5261 5605 5604)
4(5600 5604 5605 5601)
4(5268 5269 5613 5612)
4(5602 5612 5613 5603)
4(5270 5271 5615 5614)
4(5604 5614 5615 5605)
4(5263 5607 5617 5273)
4(5272 5273 5617 5616)
4(5606 5616 5617 5607)
4(5264 5608 5618 5274)
4(5273 5274 5618 5617)
4(5607 5617 5618 5608)
4(5265 5609 5619 5275)
4(5274 5275 5619 5618)
4(5608 5618 5619 5609)
4(5266 5610 5620 5276)
4(5275 5276 5620 5619)
4(5609 5619 5620 5610)
4(5276 5277 5621 5620)
4(5610 5620 5621 5611)
4(5278 5279 5623 5622)
4(5612 5622 5623 5613)
4(5280 5281 5625 5624)
4(5614 5624 5625 5615)
4(5273 5617 5627 5283)
4(5282 5283 5627 5626)
4(5616 5626 5627 5617)
4(5274 5618 5628 5284)
4(5283 5284 5628 5627)
4(5617 5627 5628 5618)
4(5275 5619 5629 5285)
4(5284 5285 5629 5628)
4(5618 5628 5629 5619)
4(5276 5620 5630 5286)
4(5285 5286 5630 5629)
4(5619 5629 5630 5620)
4(5286 5287 5631 5630)
4(5620 5630 5631 5621)
4(5288 5289 5633 5632)
4(5622 5632 5633 5623)
4(5290 5291 5635 5634)
4(5624 5634 5635 5625)
4(5283 5627 5637 5293)
4(5292 5293 5637 5636)
4(5626 5636 5637 5627)
4(5284 5628 5638 5294)
4(5293 5294 5638 5637)
4(5627 5637 5638 5628)
4(5285 5629 5639 5295)
4(5294 5295 5639 5638)
4(5628 5638 5639 5629)
4(5286 5630 5640 5296)
4(5295 5296 5640 5639)
4(5629 5639 5640 5630)
4(5296 5297 5641 5640)
4(5630 5640 5641 5631)
4(5298 5299 5643 5642)
4(5632 5642 5643 5633)
4(5300 5301 5645 5644)
4(5634 5644 5645 5635)
4(5293 5637 5647 5303)
4(5302 5303 5647 5646)
4(5636 5646 5647 5637)
4(5294 5638 5648 5304)
4(5303 5304 5648 5647)
4(5637 5647 5648 5638)
4(5295 5639 5649 5305)
4(5304 5305 5649 5648)
4(5638 5648 5649 5639)
4(5296 5640 5650 5306)
4(5305 5306 5650 5649)
4(5639 5649 5650 5640)
4(5306 5307 5651 5650)
4(5640 5650 5651 5641)
4(5308 5309 5653 5652)
4(5642 5652 5653 5643)
4(5310 5311 5655 5654)
4(5644 5654 5655 5645)
4(5303 5647 5657 5313)
4(5312 5313 5657 5656)
4(5646 5656 5657 5647)
4(5304 5648 5658 5314)
4(5313 5314 5658 5657)
4(5647 5657 5658 5648)
4(5305 5649 5659 5315)
4(5314 5315 5659 5658)
4(5648 5658 5659 5649)
4(5306 5650 5660 5316)
4(5315 5316 5660 5659)
4(5649 5659 5660 5650)
4(5316 5317 5661 5660)
4(5650 5660 5661 5651)
4(5318 5319 5663 5662)
4(5652 5662 5663 5653)
4(5320 5321 5665 5664)
4(5654 5664 5665 5655)
4(5313 5657 5667 5323)
4(5322 5323 5667 5666)
4(5656 5666 5667 5657)
4(5314 5658 5668 5324)
4(5323 5324 5668 5667)
4(5657 5667 5668 5658)
4(5315 5659 5669 5325)
4(5324 5325 5669 5668)
4(5658 5668 5669 5659)
4(5316 5660 5670 5326)
4(5325 5326 5670 5669)
4(5659 5669 5670 5660)
4(5326 5327 5671 5670)
4(5660 5670 5671 5661)
4(5328 5329 5673 5672)
4(5662 5672 5673 5663)
4(5330 5331 5675 5674)
4(5664 5674 5675 5665)
4(5323 5667 5677 5333)
4(5332 5333 5677 5676)
4(5666 5676 5677 5667)
4(5324 5668 5678 5334)
4(5333 5334 5678 5677)
4(5667 5677 5678 5668)
4(5325 5669 5679 5335)
4(5334 5335 5679 5678)
4(5668 5678 5679 5669)
4(5326 5670 5680 5336)
4(5335 5336 5680 5679)
4(5669 5679 5680 5670)
4(5336 5337 5681 5680)
4(5670 5680 5681 5671)
4(5338 5339 5683 5682)
4(5672 5682 5683 5673)
4(5340 5341 5685 5684)
4(5674 5684 5685 5675)
4(5333 5677 5687 5343)
4(5342 5343 5687 5686)
4(5676 5686 5687 5677)
4(5334 5678 5688 5344)
4(5343 5344 5688 5687)
4(5677 5687 5688 5678)
4(5335 5679 5689 5345)
4(5344 5345 5689 5688)
4(5678 5688 5689 5679)
4(5336 5680 5690 5346)
4(5345 5346 5690 5689)
4(5679 5689 5690 5680)
4(5346 5347 5691 5690)
4(5680 5690 5691 5681)
4(5348 5349 5693 5692)
4(5682 5692 5693 5683)
4(5350 5351 5695 5694)
4(5684 5694 5695 5685)
4(5343 5687 5697 5353)
4(5352 5353 5697 5696)
4(5686 5696 5697 5687)
4(5344 5688 5698 5354)
4(5353 5354 5698 5697)
4(5687 5697 5698 5688)
4(5345 5689 5699 5355)
4(5354 5355 5699 5698)
4(5688 5698 5699 5689)
4(5346 5690 5700 5356)
4(5355 5356 5700 5699)
4(5689 5699 5700 5690)
4(5356 5357 5701 5700)
4(5690 5700 5701 5691)
4(5358 5359 5703 5702)
4(5692 5702 5703 5693)
4(5360 5361 5705 5704)
4(5694 5704 5705 5695)
4(5353 5697 5707 5363)
4(5362 5363 5707 5706)
4(5696 5706 5707 5697)
4(5354 5698 5708 5364)
4(5363 5364 5708 5707)
4(5697 5707 5708 5698)
4(5355 5699 5709 5365)
4(5364 5365 5709 5708)
4(5698 5708 5709 5699)
4(5356 5700 5710 5366)
4(5365 5366 5710 5709)
4(5699 5709 5710 5700)
4(5366 5367 5711 5710)
4(5700 5710 5711 5701)
4(5368 5369 5713 5712)
4(5702 5712 5713 5703)
4(5370 5371 5715 5714)
4(5704 5714 5715 5705)
4(5363 5707 5717 5373)
4(5372 5373 5717 5716)
4(5706 5716 5717 5707)
4(5364 5708 5718 5374)
4(5373 5374 5718 5717)
4(5707 5717 5718 5708)
4(5365 5709 5719 5375)
4(5374 5375 5719 5718)
4(5708 5718 5719 5709)
4(5366 5710 5720 5376)
4(5375 5376 5720 5719)
4(5709 5719 5720 5710)
4(5376 5377 5721 5720)
4(5710 5720 5721 5711)
4(5378 5379 5723 5722)
4(5712 5722 5723 5713)
4(5380 5381 5725 5724)
4(5714 5724 5725 5715)
4(5373 5717 5727 5383)
4(5382 5383 5727 5726)
4(5716 5726 5727 5717)
4(5374 5718 5728 5384)
4(5383 5384 5728 5727)
4(5717 5727 5728 5718)
4(5375 5719 5729 5385)
4(5384 5385 5729 5728)
4(5718 5728 5729 5719)
4(5376 5720 5730 5386)
4(5385 5386 5730 5729)
4(5719 5729 5730 5720)
4(5386 5387 5731 5730)
4(5720 5730 5731 5721)
4(5388 5389 5733 5732)
4(5722 5732 5733 5723)
4(5390 5391 5735 5734)
4(5724 5734 5735 5725)
4(5383 5727 5737 5393)
4(5392 5393 5737 5736)
4(5726 5736 5737 5727)
4(5384 5728 5738 5394)
4(5393 5394 5738 5737)
4(5727 5737 5738 5728)
4(5385 5729 5739 5395)
4(5394 5395 5739 5738)
4(5728 5738 5739 5729)
4(5386 5730 5740 5396)
4(5395 5396 5740 5739)
4(5729 5739 5740 5730)
4(5396 5397 5741 5740)
4(5730 5740 5741 5731)
4(5398 5399 5743 5742)
4(5732 5742 5743 5733)
4(5400 5401 5745 5744)
4(5734 5744 5745 5735)
4(5393 5737 5747 5403)
4(5402 5403 5747 5746)
4(5736 5746 5747 5737)
4(5394 5738 5748 5404)
4(5403 5404 5748 5747)
4(5737 5747 5748 5738)
4(5395 5739 5749 5405)
4(5404 5405 5749 5748)
4(5738 5748 5749 5739)
4(5396 5740 5750 5406)
4(5405 5406 5750 5749)
4(5739 5749 5750 5740)
4(5406 5407 5751 5750)
4(5740 5750 5751 5741)
4(5408 5409 5753 5752)
4(5742 5752 5753 5743)
4(5410 5411 5755 5754)
4(5744 5754 5755 5745)
4(5403 5747 5757 5413)
4(5412 5413 5757 5756)
4(5746 5756 5757 5747)
4(5404 5748 5758 5414)
4(5413 5414 5758 5757)
4(5747 5757 5758 5748)
4(5405 5749 5759 5415)
4(5414 5415 5759 5758)
4(5748 5758 5759 5749)
4(5406 5750 5760 5416)
4(5415 5416 5760 5759)
4(5749 5759 5760 5750)
4(5416 5417 5761 5760)
4(5750 5760 5761 5751)
4(5418 5419 5763 5762)
4(5752 5762 5763 5753)
4(5420 5421 5765 5764)
4(5754 5764 5765 5755)
4(5413 5757 5767 5423)
4(5422 5423 5767 5766)
4(5756 5766 5767 5757)
4(5414 5758 5768 5424)
4(5423 5424 5768 5767)
4(5757 5767 5768 5758)
4(5415 5759 5769 5425)
4(5424 5425 5769 5768)
4(5758 5768 5769 5759)
4(5416 5760 5770 5426)
4(5425 5426 5770 5769)
4(5759 5769 5770 5760)
4(5426 5427 5771 5770)
4(5760 5770 5771 5761)
4(5428 5429 5773 5772)
4(5762 5772 5773 5763)
4(5430 5431 5775 5774)
4(5764 5774 5775 5765)
4(5423 5767 5777 5433)
4(5432 5433 5777 5776)
4(5766 5776 5777 5767)
4(5424 5768 5778 5434)
4(5433 5434 5778 5777)
4(5767 5777 5778 5768)
4(5425 5769 5779 5435)
4(5434 5435 5779 5778)
4(5768 5778 5779 5769)
4(5426 5770 5780 5436)
4(5435 5436 5780 5779)
4(5769 5779 5780 5770)
4(5436 5437 5781 5780)
4(5770 5780 5781 5771)
4(5438 5439 5783 5782)
4(5772 5782 5783 5773)
4(5440 5441 5785 5784)
4(5774 5784 5785 5775)
4(5433 5777 5787 5443)
4(5442 5443 5787 5786)
4(5776 5786 5787 5777)
4(5434 5778 5788 5444)
4(5443 5444 5788 5787)
4(5777 5787 5788 5778)
4(5435 5779 5789 5445)
4(5444 5445 5789 5788)
4(5778 5788 5789 5779)
4(5436 5780 5790 5446)
4(5445 5446 5790 5789)
4(5779 5789 5790 5780)
4(5446 5447 5791 5790)
4(5780 5790 5791 5781)
4(5448 5449 5793 5792)
4(5782 5792 5793 5783)
4(5450 5451 5795 5794)
4(5784 5794 5795 5785)
4(5443 5787 5797 5453)
4(5452 5453 5797 5796)
4(5786 5796 5797 5787)
4(5444 5788 5798 5454)
4(5453 5454 5798 5797)
4(5787 5797 5798 5788)
4(5445 5789 5799 5455)
4(5454 5455 5799 5798)
4(5788 5798 5799 5789)
4(5446 5790 5800 5456)
4(5455 5456 5800 5799)
4(5789 5799 5800 5790)
4(5456 5457 5801 5800)
4(5790 5800 5801 5791)
4(5458 5459 5803 5802)
4(5792 5802 5803 5793)
4(5460 5461 5805 5804)
4(5794 5804 5805 5795)
4(5453 5797 5807 5463)
4(5462 5463 5807 5806)
4(5796 5806 5807 5797)
4(5454 5798 5808 5464)
4(5463 5464 5808 5807)
4(5797 5807 5808 5798)
4(5455 5799 5809 5465)
4(5464 5465 5809 5808)
4(5798 5808 5809 5799)
4(5456 5800 5810 5466)
4(5465 5466 5810 5809)
4(5799 5809 5810 5800)
4(5466 5467 5811 5810)
4(5800 5810 5811 5801)
4(5468 5469 5813 5812)
4(5802 5812 5813 5803)
4(5470 5471 5815 5814)
4(5804 5814 5815 5805)
4(5463 5807 5817 5473)
4(5806 5816 5817 5807)
4(5464 5808 5818 5474)
4(5807 5817 5818 5808)
4(5465 5809 5819 5475)
4(5808 5818 5819 5809)
4(5466 5810 5820 5476)
4(5809 5819 5820 5810)
4(5810 5820 5821 5811)
4(5478 5479 5823 5822)
4(5812 5822 5823 5813)
4(5480 5481 5825 5824)
4(5814 5824 5825 5815)
4(5482 5483 5827 5826)
4(5822 5826 5827 5823)
4(5484 5485 5829 5828)
4(5824 5828 5829 5825)
4(5486 5487 5831 5830)
4(5826 5830 5831 5827)
4(5488 5489 5833 5832)
4(5828 5832 5833 5829)
4(5490 5491 5835 5834)
4(5830 5834 5835 5831)
4(5492 5493 5837 5836)
4(5832 5836 5837 5833)
4(5494 5495 5839 5838)
4(5834 5838 5839 5835)
4(5496 5497 5841 5840)
4(5836 5840 5841 5837)
4(5498 5499 5843 5842)
4(5838 5842 5843 5839)
4(5500 5501 5845 5844)
4(5840 5844 5845 5841)
4(5502 5503 5847 5846)
4(5842 5846 5847 5843)
4(5504 5505 5849 5848)
4(5844 5848 5849 5845)
4(5506 5507 5851 5850)
4(5846 5850 5851 5847)
4(5508 5509 5853 5852)
4(5848 5852 5853 5849)
4(5510 5511 5855 5854)
4(5850 5854 5855 5851)
4(5512 5513 5857 5856)
4(5852 5856 5857 5853)
4(5514 5515 5859 5858)
4(5854 5858 5859 5855)
4(5516 5517 5861 5860)
4(5856 5860 5861 5857)
4(5518 5519 5863 5862)
4(5858 5862 5863 5859)
4(5520 5521 5865 5864)
4(5860 5864 5865 5861)
4(5522 5523 5867 5866)
4(5862 5866 5867 5863)
4(5524 5525 5869 5868)
4(5864 5868 5869 5865)
4(5526 5527 5871 5870)
4(5866 5870 5871 5867)
4(5528 5529 5873 5872)
4(5868 5872 5873 5869)
4(5536 5537 5881 5880)
4(5870 5880 5881 5871)
4(5529 5873 5883 5539)
4(5872 5882 5883 5873)
4(5530 5874 5884 5540)
4(5873 5883 5884 5874)
4(5531 5875 5885 5541)
4(5874 5884 5885 5875)
4(5532 5876 5886 5542)
4(5875 5885 5886 5876)
4(5533 5877 5887 5543)
4(5876 5886 5887 5877)
4(5534 5878 5888 5544)
4(5877 5887 5888 5878)
4(5535 5879 5889 5545)
4(5878 5888 5889 5879)
4(5536 5880 5890 5546)
4(5879 5889 5890 5880)
4(5880 5890 5891 5881)
4(5549 5893 5903 5559)
4(5558 5559 5903 5902)
4(5892 5902 5903 5893)
4(5550 5894 5904 5560)
4(5893 5903 5904 5894)
4(5551 5895 5905 5561)
4(5894 5904 5905 5895)
4(5552 5896 5906 5562)
4(5895 5905 5906 5896)
4(5553 5897 5907 5563)
4(5896 5906 5907 5897)
4(5554 5898 5908 5564)
4(5897 5907 5908 5898)
4(5555 5899 5909 5565)
4(5898 5908 5909 5899)
4(5556 5900 5910 5566)
4(5899 5909 5910 5900)
4(5566 5567 5911 5910)
4(5900 5910 5911 5901)
4(5568 5569 5913 5912)
4(5902 5912 5913 5903)
4(5570 5571 5915 5914)
4(5910 5914 5915 5911)
4(5572 5573 5917 5916)
4(5912 5916 5917 5913)
4(5574 5575 5919 5918)
4(5914 5918 5919 5915)
4(5576 5577 5921 5920)
4(5916 5920 5921 5917)
4(5578 5579 5923 5922)
4(5918 5922 5923 5919)
4(5580 5581 5925 5924)
4(5920 5924 5925 5921)
4(5582 5583 5927 5926)
4(5922 5926 5927 5923)
4(5584 5585 5929 5928)
4(5924 5928 5929 5925)
4(5586 5587 5931 5930)
4(5926 5930 5931 5927)
4(5588 5589 5933 5932)
4(5928 5932 5933 5929)
4(5590 5591 5935 5934)
4(5930 5934 5935 5931)
4(5592 5593 5937 5936)
4(5932 5936 5937 5933)
4(5594 5595 5939 5938)
4(5934 5938 5939 5935)
4(5596 5597 5941 5940)
4(5936 5940 5941 5937)
4(5598 5599 5943 5942)
4(5938 5942 5943 5939)
4(5600 5601 5945 5944)
4(5940 5944 5945 5941)
4(5602 5603 5947 5946)
4(5942 5946 5947 5943)
4(5604 5605 5949 5948)
4(5944 5948 5949 5945)
4(5612 5613 5957 5956)
4(5946 5956 5957 5947)
4(5614 5615 5959 5958)
4(5948 5958 5959 5949)
4(5607 5951 5961 5617)
4(5616 5617 5961 5960)
4(5950 5960 5961 5951)
4(5608 5952 5962 5618)
4(5617 5618 5962 5961)
4(5951 5961 5962 5952)
4(5609 5953 5963 5619)
4(5618 5619 5963 5962)
4(5952 5962 5963 5953)
4(5610 5954 5964 5620)
4(5619 5620 5964 5963)
4(5953 5963 5964 5954)
4(5620 5621 5965 5964)
4(5954 5964 5965 5955)
4(5622 5623 5967 5966)
4(5956 5966 5967 5957)
4(5624 5625 5969 5968)
4(5958 5968 5969 5959)
4(5617 5961 5971 5627)
4(5626 5627 5971 5970)
4(5960 5970 5971 5961)
4(5618 5962 5972 5628)
4(5627 5628 5972 5971)
4(5961 5971 5972 5962)
4(5619 5963 5973 5629)
4(5628 5629 5973 5972)
4(5962 5972 5973 5963)
4(5620 5964 5974 5630)
4(5629 5630 5974 5973)
4(5963 5973 5974 5964)
4(5630 5631 5975 5974)
4(5964 5974 5975 5965)
4(5632 5633 5977 5976)
4(5966 5976 5977 5967)
4(5634 5635 5979 5978)
4(5968 5978 5979 5969)
4(5627 5971 5981 5637)
4(5636 5637 5981 5980)
4(5970 5980 5981 5971)
4(5628 5972 5982 5638)
4(5637 5638 5982 5981)
4(5971 5981 5982 5972)
4(5629 5973 5983 5639)
4(5638 5639 5983 5982)
4(5972 5982 5983 5973)
4(5630 5974 5984 5640)
4(5639 5640 5984 5983)
4(5973 5983 5984 5974)
4(5640 5641 5985 5984)
4(5974 5984 5985 5975)
4(5642 5643 5987 5986)
4(5976 5986 5987 5977)
4(5644 5645 5989 5988)
4(5978 5988 5989 5979)
4(5637 5981 5991 5647)
4(5646 5647 5991 5990)
4(5980 5990 5991 5981)
4(5638 5982 5992 5648)
4(5647 5648 5992 5991)
4(5981 5991 5992 5982)
4(5639 5983 5993 5649)
4(5648 5649 5993 5992)
4(5982 5992 5993 5983)
4(5640 5984 5994 5650)
4(5649 5650 5994 5993)
4(5983 5993 5994 5984)
4(5650 5651 5995 5994)
4(5984 5994 5995 5985)
4(5652 5653 5997 5996)
4(5986 5996 5997 5987)
4(5654 5655 5999 5998)
4(5988 5998 5999 5989)
4(5647 5991 6001 5657)
4(5656 5657 6001 6000)
4(5990 6000 6001 5991)
4(5648 5992 6002 5658)
4(5657 5658 6002 6001)
4(5991 6001 6002 5992)
4(5649 5993 6003 5659)
4(5658 5659 6003 6002)
4(5992 6002 6003 5993)
4(5650 5994 6004 5660)
4(5659 5660 6004 6003)
4(5993 6003 6004 5994)
4(5660 5661 6005 6004)
4(5994 6004 6005 5995)
4(5662 5663 6007 6006)
4(5996 6006 6007 5997)
4(5664 5665 6009 6008)
4(5998 6008 6009 5999)
4(5657 6001 6011 5667)
4(5666 5667 6011 6010)
4(6000 6010 6011 6001)
4(5658 6002 6012 5668)
4(5667 5668 6012 6011)
4(6001 6011 6012 6002)
4(5659 6003 6013 5669)
4(5668 5669 6013 6012)
4(6002 6012 6013 6003)
4(5660 6004 6014 5670)
4(5669 5670 6014 6013)
4(6003 6013 6014 6004)
4(5670 5671 6015 6014)
4(6004 6014 6015 6005)
4(5672 5673 6017 6016)
4(6006 6016 6017 6007)
4(5674 5675 6019 6018)
4(6008 6018 6019 6009)
4(5667 6011 6021 5677)
4(5676 5677 6021 6020)
4(6010 6020 6021 6011)
4(5668 6012 6022 5678)
4(5677 5678 6022 6021)
4(6011 6021 6022 6012)
4(5669 6013 6023 5679)
4(5678 5679 6023 6022)
4(6012 6022 6023 6013)
4(5670 6014 6024 5680)
4(5679 5680 6024 6023)
4(6013 6023 6024 6014)
4(5680 5681 6025 6024)
4(6014 6024 6025 6015)
4(5682 5683 6027 6026)
4(6016 6026 6027 6017)
4(5684 5685 6029 6028)
4(6018 6028 6029 6019)
4(5677 6021 6031 5687)
4(5686 5687 6031 6030)
4(6020 6030 6031 6021)
4(5678 6022 6032 5688)
4(5687 5688 6032 6031)
4(6021 6031 6032 6022)
4(5679 6023 6033 5689)
4(5688 5689 6033 6032)
4(6022 6032 6033 6023)
4(5680 6024 6034 5690)
4(5689 5690 6034 6033)
4(6023 6033 6034 6024)
4(5690 5691 6035 6034)
4(6024 6034 6035 6025)
4(5692 5693 6037 6036)
4(6026 6036 6037 6027)
4(5694 5695 6039 6038)
4(6028 6038 6039 6029)
4(5687 6031 6041 5697)
4(5696 5697 6041 6040)
4(6030 6040 6041 6031)
4(5688 6032 6042 5698)
4(5697 5698 6042 6041)
4(6031 6041 6042 6032)
4(5689 6033 6043 5699)
4(5698 5699 6043 6042)
4(6032 6042 6043 6033)
4(5690 6034 6044 5700)
4(5699 5700 6044 6043)
4(6033 6043 6044 6034)
4(5700 5701 6045 6044)
4(6034 6044 6045 6035)
4(5702 5703 6047 6046)
4(6036 6046 6047 6037)
4(5704 5705 6049 6048)
4(6038 6048 6049 6039)
4(5697 6041 6051 5707)
4(5706 5707 6051 6050)
4(6040 6050 6051 6041)
4(5698 6042 6052 5708)
4(5707 5708 6052 6051)
4(6041 6051 6052 6042)
4(5699 6043 6053 5709)
4(5708 5709 6053 6052)
4(6042 6052 6053 6043)
4(5700 6044 6054 5710)
4(5709 5710 6054 6053)
4(6043 6053 6054 6044)
4(5710 5711 6055 6054)
4(6044 6054 6055 6045)
4(5712 5713 6057 6056)
4(6046 6056 6057 6047)
4(5714 5715 6059 6058)
4(6048 6058 6059 6049)
4(5707 6051 6061 5717)
4(5716 5717 6061 6060)
4(6050 6060 6061 6051)
4(5708 6052 6062 5718)
4(5717 5718 6062 6061)
4(6051 6061 6062 6052)
4(5709 6053 6063 5719)
4(5718 5719 6063 6062)
4(6052 6062 6063 6053)
4(5710 6054 6064 5720)
4(5719 5720 6064 6063)
4(6053 6063 6064 6054)
4(5720 5721 6065 6064)
4(6054 6064 6065 6055)
4(5722 5723 6067 6066)
4(6056 6066 6067 6057)
4(5724 5725 6069 6068)
4(6058 6068 6069 6059)
4(5717 6061 6071 5727)
4(5726 5727 6071 6070)
4(6060 6070 6071 6061)
4(5718 6062 6072 5728)
4(5727 5728 6072 6071)
4(6061 6071 6072 6062)
4(5719 6063 6073 5729)
4(5728 5729 6073 6072)
4(6062 6072 6073 6063)
4(5720 6064 6074 5730)
4(5729 5730 6074 6073)
4(6063 6073 6074 6064)
4(5730 5731 6075 6074)
4(6064 6074 6075 6065)
4(5732 5733 6077 6076)
4(6066 6076 6077 6067)
4(5734 5735 6079 6078)
4(6068 6078 6079 6069)
4(5727 6071 6081 5737)
4(5736 5737 6081 6080)
4(6070 6080 6081 6071)
4(5728 6072 6082 5738)
4(5737 5738 6082 6081)
4(6071 6081 6082 6072)
4(5729 6073 6083 5739)
4(5738 5739 6083 6082)
4(6072 6082 6083 6073)
4(5730 6074 6084 5740)
4(5739 5740 6084 6083)
4(6073 6083 6084 6074)
4(5740 5741 6085 6084)
4(6074 6084 6085 6075)
4(5742 5743 6087 6086)
4(6076 6086 6087 6077)
4(5744 5745 6089 6088)
4(6078 6088 6089 6079)
4(5737 6081 6091 5747)
4(5746 5747 6091 6090)
4(6080 6090 6091 6081)
4(5738 6082 6092 5748)
4(5747 5748 6092 6091)
4(6081 6091 6092 6082)
4(5739 6083 6093 5749)
4(5748 5749 6093 6092)
4(6082 6092 6093 6083)
4(5740 6084 6094 5750)
4(5749 5750 6094 6093)
4(6083 6093 6094 6084)
4(5750 5751 6095 6094)
4(6084 6094 6095 6085)
4(5752 5753 6097 6096)
4(6086 6096 6097 6087)
4(5754 5755 6099 6098)
4(6088 6098 6099 6089)
4(5747 6091 6101 5757)
4(5756 5757 6101 6100)
4(6090 6100 6101 6091)
4(5748 6092 6102 5758)
4(5757 5758 6102 6101)
4(6091 6101 6102 6092)
4(5749 6093 6103 5759)
4(5758 5759 6103 6102)
4(6092 6102 6103 6093)
4(5750 6094 6104 5760)
4(5759 5760 6104 6103)
4(6093 6103 6104 6094)
4(5760 5761 6105 6104)
4(6094 6104 6105 6095)
4(5762 5763 6107 6106)
4(6096 6106 6107 6097)
4(5764 5765 6109 6108)
4(6098 6108 6109 6099)
4(5757 6101 6111 5767)
4(5766 5767 6111 6110)
4(6100 6110 6111 6101)
4(5758 6102 6112 5768)
4(5767 5768 6112 6111)
4(6101 6111 6112 6102)
4(5759 6103 6113 5769)
4(5768 5769 6113 6112)
4(6102 6112 6113 6103)
4(5760 6104 6114 5770)
4(5769 5770 6114 6113)
4(6103 6113 6114 6104)
4(5770 5771 6115 6114)
4(6104 6114 6115 6105)
4(5772 5773 6117 6116)
4(6106 6116 6117 6107)
4(5774 5775 6119 6118)
4(6108 6118 6119 6109)
4(5767 6111 6121 5777)
4(5776 5777 6121 6120)
4(6110 6120 6121 6111)
4(5768 6112 6122 5778)
4(5777 5778 6122 6121)
4(6111 6121 6122 6112)
4(5769 6113 6123 5779)
4(5778 5779 6123 6122)
4(6112 6122 6123 6113)
4(5770 6114 6124 5780)
4(5779 5780 6124 6123)
4(6113 6123 6124 6114)
4(5780 5781 6125 6124)
4(6114 6124 6125 6115)
4(5782 5783 6127 6126)
4(6116 6126 6127 6117)
4(5784 5785 6129 6128)
4(6118 6128 6129 6119)
4(5777 6121 6131 5787)
4(5786 5787 6131 6130)
4(6120 6130 6131 6121)
4(5778 6122 6132 5788)
4(5787 5788 6132 6131)
4(6121 6131 6132 6122)
4(5779 6123 6133 5789)
4(5788 5789 6133 6132)
4(6122 6132 6133 6123)
4(5780 6124 6134 5790)
4(5789 5790 6134 6133)
4(6123 6133 6134 6124)
4(5790 5791 6135 6134)
4(6124 6134 6135 6125)
4(5792 5793 6137 6136)
4(6126 6136 6137 6127)
4(5794 5795 6139 6138)
4(6128 6138 6139 6129)
4(5787 6131 6141 5797)
4(5796 5797 6141 6140)
4(6130 6140 6141 6131)
4(5788 6132 6142 5798)
4(5797 5798 6142 6141)
4(6131 6141 6142 6132)
4(5789 6133 6143 5799)
4(5798 5799 6143 6142)
4(6132 6142 6143 6133)
4(5790 6134 6144 5800)
4(5799 5800 6144 6143)
4(6133 6143 6144 6134)
4(5800 5801 6145 6144)
4(6134 6144 6145 6135)
4(5802 5803 6147 6146)
4(6136 6146 6147 6137)
4(5804 5805 6149 6148)
4(6138 6148 6149 6139)
4(5797 6141 6151 5807)
4(5806 5807 6151 6150)
4(6140 6150 6151 6141)
4(5798 6142 6152 5808)
4(5807 5808 6152 6151)
4(6141 6151 6152 6142)
4(5799 6143 6153 5809)
4(5808 5809 6153 6152)
4(6142 6152 6153 6143)
4(5800 6144 6154 5810)
4(5809 5810 6154 6153)
4(6143 6153 6154 6144)
4(5810 5811 6155 6154)
4(6144 6154 6155 6145)
4(5812 5813 6157 6156)
4(6146 6156 6157 6147)
4(5814 5815 6159 6158)
4(6148 6158 6159 6149)
4(5807 6151 6161 5817)
4(6150 6160 6161 6151)
4(5808 6152 6162 5818)
4(6151 6161 6162 6152)
4(5809 6153 6163 5819)
4(6152 6162 6163 6153)
4(5810 6154 6164 5820)
4(6153 6163 6164 6154)
4(6154 6164 6165 6155)
4(5822 5823 6167 6166)
4(6156 6166 6167 6157)
4(5824 5825 6169 6168)
4(6158 6168 6169 6159)
4(5826 5827 6171 6170)
4(6166 6170 6171 6167)
4(5828 5829 6173 6172)
4(6168 6172 6173 6169)
4(5830 5831 6175 6174)
4(6170 6174 6175 6171)
4(5832 5833 6177 6176)
4(6172 6176 6177 6173)
4(5834 5835 6179 6178)
4(6174 6178 6179 6175)
4(5836 5837 6181 6180)
4(6176 6180 6181 6177)
4(5838 5839 6183 6182)
4(6178 6182 6183 6179)
4(5840 5841 6185 6184)
4(6180 6184 6185 6181)
4(5842 5843 6187 6186)
4(6182 6186 6187 6183)
4(5844 5845 6189 6188)
4(6184 6188 6189 6185)
4(5846 5847 6191 6190)
4(6186 6190 6191 6187)
4(5848 5849 6193 6192)
4(6188 6192 6193 6189)
4(5850 5851 6195 6194)
4(6190 6194 6195 6191)
4(5852 5853 6197 6196)
4(6192 6196 6197 6193)
4(5854 5855 6199 6198)
4(6194 6198 6199 6195)
4(5856 5857 6201 6200)
4(6196 6200 6201 6197)
4(5858 5859 6203 6202)
4(6198 6202 6203 6199)
4(5860 5861 6205 6204)
4(6200 6204 6205 6201)
4(5862 5863 6207 6206)
4(6202 6206 6207 6203)
4(5864 5865 6209 6208)
4(6204 6208 6209 6205)
4(5866 5867 6211 6210)
4(6206 6210 6211 6207)
4(5868 5869 6213 6212)
4(6208 6212 6213 6209)
4(5870 5871 6215 6214)
4(6210 6214 6215 6211)
4(5872 5873 6217 6216)
4(6212 6216 6217 6213)
4(5880 5881 6225 6224)
4(6214 6224 6225 6215)
4(5873 6217 6227 5883)
4(6216 6226 6227 6217)
4(5874 6218 6228 5884)
4(6217 6227 6228 6218)
4(5875 6219 6229 5885)
4(6218 6228 6229 6219)
4(5876 6220 6230 5886)
4(6219 6229 6230 6220)
4(5877 6221 6231 5887)
4(6220 6230 6231 6221)
4(5878 6222 6232 5888)
4(6221 6231 6232 6222)
4(5879 6223 6233 5889)
4(6222 6232 6233 6223)
4(5880 6224 6234 5890)
4(6223 6233 6234 6224)
4(6224 6234 6235 6225)
4(5893 6237 6247 5903)
4(5902 5903 6247 6246)
4(6236 6246 6247 6237)
4(5894 6238 6248 5904)
4(6237 6247 6248 6238)
4(5895 6239 6249 5905)
4(6238 6248 6249 6239)
4(5896 6240 6250 5906)
4(6239 6249 6250 6240)
4(5897 6241 6251 5907)
4(6240 6250 6251 6241)
4(5898 6242 6252 5908)
4(6241 6251 6252 6242)
4(5899 6243 6253 5909)
4(6242 6252 6253 6243)
4(5900 6244 6254 5910)
4(6243 6253 6254 6244)
4(5910 5911 6255 6254)
4(6244 6254 6255 6245)
4(5912 5913 6257 6256)
4(6246 6256 6257 6247)
4(5914 5915 6259 6258)
4(6254 6258 6259 6255)
4(5916 5917 6261 6260)
4(6256 6260 6261 6257)
4(5918 5919 6263 6262)
4(6258 6262 6263 6259)
4(5920 5921 6265 6264)
4(6260 6264 6265 6261)
4(5922 5923 6267 6266)
4(6262 6266 6267 6263)
4(5924 5925 6269 6268)
4(6264 6268 6269 6265)
4(5926 5927 6271 6270)
4(6266 6270 6271 6267)
4(5928 5929 6273 6272)
4(6268 6272 6273 6269)
4(5930 5931 6275 6274)
4(6270 6274 6275 6271)
4(5932 5933 6277 6276)
4(6272 6276 6277 6273)
4(5934 5935 6279 6278)
4(6274 6278 6279 6275)
4(5936 5937 6281 6280)
4(6276 6280 6281 6277)
4(5938 5939 6283 6282)
4(6278 6282 6283 6279)
4(5940 5941 6285 6284)
4(6280 6284 6285 6281)
4(5942 5943 6287 6286)
4(6282 6286 6287 6283)
4(5944 5945 6289 6288)
4(6284 6288 6289 6285)
4(5946 5947 6291 6290)
4(6286 6290 6291 6287)
4(5948 5949 6293 6292)
4(6288 6292 6293 6289)
4(5956 5957 6301 6300)
4(6290 6300 6301 6291)
4(5958 5959 6303 6302)
4(6292 6302 6303 6293)
4(5951 6295 6305 5961)
4(5960 5961 6305 6304)
4(6294 6304 6305 6295)
4(5952 6296 6306 5962)
4(5961 5962 6306 6305)
4(6295 6305 6306 6296)
4(5953 6297 6307 5963)
4(5962 5963 6307 6306)
4(6296 6306 6307 6297)
4(5954 6298 6308 5964)
4(5963 5964 6308 6307)
4(6297 6307 6308 6298)
4(5964 5965 6309 6308)
4(6298 6308 6309 6299)
4(5966 5967 6311 6310)
4(6300 6310 6311 6301)
4(5968 5969 6313 6312)
4(6302 6312 6313 6303)
4(5961 6305 6315 5971)
4(5970 5971 6315 6314)
4(6304 6314 6315 6305)
4(5962 6306 6316 5972)
4(5971 5972 6316 6315)
4(6305 6315 6316 6306)
4(5963 6307 6317 5973)
4(5972 5973 6317 6316)
4(6306 6316 6317 6307)
4(5964 6308 6318 5974)
4(5973 5974 6318 6317)
4(6307 6317 6318 6308)
4(5974 5975 6319 6318)
4(6308 6318 6319 6309)
4(5976 5977 6321 6320)
4(6310 6320 6321 6311)
4(5978 5979 6323 6322)
4(6312 6322 6323 6313)
4(5971 6315 6325 5981)
4(5980 5981 6325 6324)
4(6314 6324 6325 6315)
4(5972 6316 6326 5982)
4(5981 5982 6326 6325)
4(6315 6325 6326 6316)
4(5973 6317 6327 5983)
4(5982 5983 6327 6326)
4(6316 6326 6327 6317)
4(5974 6318 6328 5984)
4(5983 5984 6328 6327)
4(6317 6327 6328 6318)
4(5984 5985 6329 6328)
4(6318 6328 6329 6319)
4(5986 5987 6331 6330)
4(6320 6330 6331 6321)
4(5988 5989 6333 6332)
4(6322 6332 6333 6323)
4(5981 6325 6335 5991)
4(5990 5991 6335 6334)
4(6324 6334 6335 6325)
4(5982 6326 6336 5992)
4(5991 5992 6336 6335)
4(6325 6335 6336 6326)
4(5983 6327 6337 5993)
4(5992 5993 6337 6336)
4(6326 6336 6337 6327)
4(5984 6328 6338 5994)
4(5993 5994 6338 6337)
4(6327 6337 6338 6328)
4(5994 5995 6339 6338)
4(6328 6338 6339 6329)
4(5996 5997 6341 6340)
4(6330 6340 6341 6331)
4(5998 5999 6343 6342)
4(6332 6342 6343 6333)
4(5991 6335 6345 6001)
4(6000 6001 6345 6344)
4(6334 6344 6345 6335)
4(5992 6336 6346 6002)
4(6001 6002 6346 6345)
4(6335 6345 6346 6336)
4(5993 6337 6347 6003)
4(6002 6003 6347 6346)
4(6336 6346 6347 6337)
4(5994 6338 6348 6004)
4(6003 6004 6348 6347)
4(6337 6347 6348 6338)
4(6004 6005 6349 6348)
4(6338 6348 6349 6339)
4(6006 6007 6351 6350)
4(6340 6350 6351 6341)
4(6008 6009 6353 6352)
4(6342 6352 6353 6343)
4(6001 6345 6355 6011)
4(6010 6011 6355 6354)
4(6344 6354 6355 6345)
4(6002 6346 6356 6012)
4(6011 6012 6356 6355)
4(6345 6355 6356 6346)
4(6003 6347 6357 6013)
4(6012 6013 6357 6356)
4(6346 6356 6357 6347)
4(6004 6348 6358 6014)
4(6013 6014 6358 6357)
4(6347 6357 6358 6348)
4(6014 6015 6359 6358)
4(6348 6358 6359 6349)
4(6016 6017 6361 6360)
4(6350 6360 6361 6351)
4(6018 6019 6363 6362)
4(6352 6362 6363 6353)
4(6011 6355 6365 6021)
4(6020 6021 6365 6364)
4(6354 6364 6365 6355)
4(6012 6356 6366 6022)
4(6021 6022 6366 6365)
4(6355 6365 6366 6356)
4(6013 6357 6367 6023)
4(6022 6023 6367 6366)
4(6356 6366 6367 6357)
4(6014 6358 6368 6024)
4(6023 6024 6368 6367)
4(6357 6367 6368 6358)
4(6024 6025 6369 6368)
4(6358 6368 6369 6359)
4(6026 6027 6371 6370)
4(6360 6370 6371 6361)
4(6028 6029 6373 6372)
4(6362 6372 6373 6363)
4(6021 6365 6375 6031)
4(6030 6031 6375 6374)
4(6364 6374 6375 6365)
4(6022 6366 6376 6032)
4(6031 6032 6376 6375)
4(6365 6375 6376 6366)
4(6023 6367 6377 6033)
4(6032 6033 6377 6376)
4(6366 6376 6377 6367)
4(6024 6368 6378 6034)
4(6033 6034 6378 6377)
4(6367 6377 6378 6368)
4(6034 6035 6379 6378)
4(6368 6378 6379 6369)
4(6036 6037 6381 6380)
4(6370 6380 6381 6371)
4(6038 6039 6383 6382)
4(6372 6382 6383 6373)
4(6031 6375 6385 6041)
4(6040 6041 6385 6384)
4(6374 6384 6385 6375)
4(6032 6376 6386 6042)
4(6041 6042 6386 6385)
4(6375 6385 6386 6376)
4(6033 6377 6387 6043)
4(6042 6043 6387 6386)
4(6376 6386 6387 6377)
4(6034 6378 6388 6044)
4(6043 6044 6388 6387)
4(6377 6387 6388 6378)
4(6044 6045 6389 6388)
4(6378 6388 6389 6379)
4(6046 6047 6391 6390)
4(6380 6390 6391 6381)
4(6048 6049 6393 6392)
4(6382 6392 6393 6383)
4(6041 6385 6395 6051)
4(6050 6051 6395 6394)
4(6384 6394 6395 6385)
4(6042 6386 6396 6052)
4(6051 6052 6396 6395)
4(6385 6395 6396 6386)
4(6043 6387 6397 6053)
4(6052 6053 6397 6396)
4(6386 6396 6397 6387)
4(6044 6388 6398 6054)
4(6053 6054 6398 6397)
4(6387 6397 6398 6388)
4(6054 6055 6399 6398)
4(6388 6398 6399 6389)
4(6056 6057 6401 6400)
4(6390 6400 6401 6391)
4(6058 6059 6403 6402)
4(6392 6402 6403 6393)
4(6051 6395 6405 6061)
4(6060 6061 6405 6404)
4(6394 6404 6405 6395)
4(6052 6396 6406 6062)
4(6061 6062 6406 6405)
4(6395 6405 6406 6396)
4(6053 6397 6407 6063)
4(6062 6063 6407 6406)
4(6396 6406 6407 6397)
4(6054 6398 6408 6064)
4(6063 6064 6408 6407)
4(6397 6407 6408 6398)
4(6064 6065 6409 6408)
4(6398 6408 6409 6399)
4(6066 6067 6411 6410)
4(6400 6410 6411 6401)
4(6068 6069 6413 6412)
4(6402 6412 6413 6403)
4(6061 6405 6415 6071)
4(6070 6071 6415 6414)
4(6404 6414 6415 6405)
4(6062 6406 6416 6072)
4(6071 6072 6416 6415)
4(6405 6415 6416 6406)
4(6063 6407 6417 6073)
4(6072 6073 6417 6416)
4(6406 6416 6417 6407)
4(6064 6408 6418 6074)
4(6073 6074 6418 6417)
4(6407 6417 6418 6408)
4(6074 6075 6419 6418)
4(6408 6418 6419 6409)
4(6076 6077 6421 6420)
4(6410 6420 6421 6411)
4(6078 6079 6423 6422)
4(6412 6422 6423 6413)
4(6071 6415 6425 6081)
4(6080 6081 6425 6424)
4(6414 6424 6425 6415)
4(6072 6416 6426 6082)
4(6081 6082 6426 6425)
4(6415 6425 6426 6416)
4(6073 6417 6427 6083)
4(6082 6083 6427 6426)
4(6416 6426 6427 6417)
4(6074 6418 6428 6084)
4(6083 6084 6428 6427)
4(6417 6427 6428 6418)
4(6084 6085 6429 6428)
4(6418 6428 6429 6419)
4(6086 6087 6431 6430)
4(6420 6430 6431 6421)
4(6088 6089 6433 6432)
4(6422 6432 6433 6423)
4(6081 6425 6435 6091)
4(6090 6091 6435 6434)
4(6424 6434 6435 6425)
4(6082 6426 6436 6092)
4(6091 6092 6436 6435)
4(6425 6435 6436 6426)
4(6083 6427 6437 6093)
4(6092 6093 6437 6436)
4(6426 6436 6437 6427)
4(6084 6428 6438 6094)
4(6093 6094 6438 6437)
4(6427 6437 6438 6428)
4(6094 6095 6439 6438)
4(6428 6438 6439 6429)
4(6096 6097 6441 6440)
4(6430 6440 6441 6431)
4(6098 6099 6443 6442)
4(6432 6442 6443 6433)
4(6091 6435 6445 6101)
4(6100 6101 6445 6444)
4(6434 6444 6445 6435)
4(6092 6436 6446 6102)
4(6101 6102 6446 6445)
4(6435 6445 6446 6436)
4(6093 6437 6447 6103)
4(6102 6103 6447 6446)
4(6436 6446 6447 6437)
4(6094 6438 6448 6104)
4(6103 6104 6448 6447)
4(6437 6447 6448 6438)
4(6104 6105 6449 6448)
4(6438 6448 6449 6439)
4(6106 6107 6451 6450)
4(6440 6450 6451 6441)
4(6108 6109 6453 6452)
4(6442 6452 6453 6443)
4(6101 6445 6455 6111)
4(6110 6111 6455 6454)
4(6444 6454 6455 6445)
4(6102 6446 6456 6112)
4(6111 6112 6456 6455)
4(6445 6455 6456 6446)
4(6103 6447 6457 6113)
4(6112 6113 6457 6456)
4(6446 6456 6457 6447)
4(6104 6448 6458 6114)
4(6113 6114 6458 6457)
4(6447 6457 6458 6448)
4(6114 6115 6459 6458)
4(6448 6458 6459 6449)
4(6116 6117 6461 6460)
4(6450 6460 6461 6451)
4(6118 6119 6463 6462)
4(6452 6462 6463 6453)
4(6111 6455 6465 6121)
4(6120 6121 6465 6464)
4(6454 6464 6465 6455)
4(6112 6456 6466 6122)
4(6121 6122 6466 6465)
4(6455 6465 6466 6456)
4(6113 6457 6467 6123)
4(6122 6123 6467 6466)
4(6456 6466 6467 6457)
4(6114 6458 6468 6124)
4(6123 6124 6468 6467)
4(6457 6467 6468 6458)
4(6124 6125 6469 6468)
4(6458 6468 6469 6459)
4(6126 6127 6471 6470)
4(6460 6470 6471 6461)
4(6128 6129 6473 6472)
4(6462 6472 6473 6463)
4(6121 6465 6475 6131)
4(6130 6131 6475 6474)
4(6464 6474 6475 6465)
4(6122 6466 6476 6132)
4(6131 6132 6476 6475)
4(6465 6475 6476 6466)
4(6123 6467 6477 6133)
4(6132 6133 6477 6476)
4(6466 6476 6477 6467)
4(6124 6468 6478 6134)
4(6133 6134 6478 6477)
4(6467 6477 6478 6468)
4(6134 6135 6479 6478)
4(6468 6478 6479 6469)
4(6136 6137 6481 6480)
4(6470 6480 6481 6471)
4(6138 6139 6483 6482)
4(6472 6482 6483 6473)
4(6131 6475 6485 6141)
4(6140 6141 6485 6484)
4(6474 6484 6485 6475)
4(6132 6476 6486 6142)
4(6141 6142 6486 6485)
4(6475 6485 6486 6476)
4(6133 6477 6487 6143)
4(6142 6143 6487 6486)
4(6476 6486 6487 6477)
4(6134 6478 6488 6144)
4(6143 6144 6488 6487)
4(6477 6487 6488 6478)
4(6144 6145 6489 6488)
4(6478 6488 6489 6479)
4(6146 6147 6491 6490)
4(6480 6490 6491 6481)
4(6148 6149 6493 6492)
4(6482 6492 6493 6483)
4(6141 6485 6495 6151)
4(6150 6151 6495 6494)
4(6484 6494 6495 6485)
4(6142 6486 6496 6152)
4(6151 6152 6496 6495)
4(6485 6495 6496 6486)
4(6143 6487 6497 6153)
4(6152 6153 6497 6496)
4(6486 6496 6497 6487)
4(6144 6488 6498 6154)
4(6153 6154 6498 6497)
4(6487 6497 6498 6488)
4(6154 6155 6499 6498)
4(6488 6498 6499 6489)
4(6156 6157 6501 6500)
4(6490 6500 6501 6491)
4(6158 6159 6503 6502)
4(6492 6502 6503 6493)
4(6151 6495 6505 6161)
4(6494 6504 6505 6495)
4(6152 6496 6506 6162)
4(6495 6505 6506 6496)
4(6153 6497 6507 6163)
4(6496 6506 6507 6497)
4(6154 6498 6508 6164)
4(6497 6507 6508 6498)
4(6498 6508 6509 6499)
4(6166 6167 6511 6510)
4(6500 6510 6511 6501)
4(6168 6169 6513 6512)
4(6502 6512 6513 6503)
4(6170 6171 6515 6514)
4(6510 6514 6515 6511)
4(6172 6173 6517 6516)
4(6512 6516 6517 6513)
4(6174 6175 6519 6518)
4(6514 6518 6519 6515)
4(6176 6177 6521 6520)
4(6516 6520 6521 6517)
4(6178 6179 6523 6522)
4(6518 6522 6523 6519)
4(6180 6181 6525 6524)
4(6520 6524 6525 6521)
4(6182 6183 6527 6526)
4(6522 6526 6527 6523)
4(6184 6185 6529 6528)
4(6524 6528 6529 6525)
4(6186 6187 6531 6530)
4(6526 6530 6531 6527)
4(6188 6189 6533 6532)
4(6528 6532 6533 6529)
4(6190 6191 6535 6534)
4(6530 6534 6535 6531)
4(6192 6193 6537 6536)
4(6532 6536 6537 6533)
4(6194 6195 6539 6538)
4(6534 6538 6539 6535)
4(6196 6197 6541 6540)
4(6536 6540 6541 6537)
4(6198 6199 6543 6542)
4(6538 6542 6543 6539)
4(6200 6201 6545 6544)
4(6540 6544 6545 6541)
4(6202 6203 6547 6546)
4(6542 6546 6547 6543)
4(6204 6205 6549 6548)
4(6544 6548 6549 6545)
4(6206 6207 6551 6550)
4(6546 6550 6551 6547)
4(6208 6209 6553 6552)
4(6548 6552 6553 6549)
4(6210 6211 6555 6554)
4(6550 6554 6555 6551)
4(6212 6213 6557 6556)
4(6552 6556 6557 6553)
4(6214 6215 6559 6558)
4(6554 6558 6559 6555)
4(6216 6217 6561 6560)
4(6556 6560 6561 6557)
4(6224 6225 6569 6568)
4(6558 6568 6569 6559)
4(6217 6561 6571 6227)
4(6560 6570 6571 6561)
4(6218 6562 6572 6228)
4(6561 6571 6572 6562)
4(6219 6563 6573 6229)
4(6562 6572 6573 6563)
4(6220 6564 6574 6230)
4(6563 6573 6574 6564)
4(6221 6565 6575 6231)
4(6564 6574 6575 6565)
4(6222 6566 6576 6232)
4(6565 6575 6576 6566)
4(6223 6567 6577 6233)
4(6566 6576 6577 6567)
4(6224 6568 6578 6234)
4(6567 6577 6578 6568)
4(6568 6578 6579 6569)
4(6237 6581 6591 6247)
4(6246 6247 6591 6590)
4(6580 6590 6591 6581)
4(6238 6582 6592 6248)
4(6581 6591 6592 6582)
4(6239 6583 6593 6249)
4(6582 6592 6593 6583)
4(6240 6584 6594 6250)
4(6583 6593 6594 6584)
4(6241 6585 6595 6251)
4(6584 6594 6595 6585)
4(6242 6586 6596 6252)
4(6585 6595 6596 6586)
4(6243 6587 6597 6253)
4(6586 6596 6597 6587)
4(6244 6588 6598 6254)
4(6587 6597 6598 6588)
4(6254 6255 6599 6598)
4(6588 6598 6599 6589)
4(6256 6257 6601 6600)
4(6590 6600 6601 6591)
4(6258 6259 6603 6602)
4(6598 6602 6603 6599)
4(6260 6261 6605 6604)
4(6600 6604 6605 6601)
4(6262 6263 6607 6606)
4(6602 6606 6607 6603)
4(6264 6265 6609 6608)
4(6604 6608 6609 6605)
4(6266 6267 6611 6610)
4(6606 6610 6611 6607)
4(6268 6269 6613 6612)
4(6608 6612 6613 6609)
4(6270 6271 6615 6614)
4(6610 6614 6615 6611)
4(6272 6273 6617 6616)
4(6612 6616 6617 6613)
4(6274 6275 6619 6618)
4(6614 6618 6619 6615)
4(6276 6277 6621 6620)
4(6616 6620 6621 6617)
4(6278 6279 6623 6622)
4(6618 6622 6623 6619)
4(6280 6281 6625 6624)
4(6620 6624 6625 6621)
4(6282 6283 6627 6626)
4(6622 6626 6627 6623)
4(6284 6285 6629 6628)
4(6624 6628 6629 6625)
4(6286 6287 6631 6630)
4(6626 6630 6631 6627)
4(6288 6289 6633 6632)
4(6628 6632 6633 6629)
4(6290 6291 6635 6634)
4(6630 6634 6635 6631)
4(6292 6293 6637 6636)
4(6632 6636 6637 6633)
4(6300 6301 6645 6644)
4(6634 6644 6645 6635)
4(6302 6303 6647 6646)
4(6636 6646 6647 6637)
4(6295 6639 6649 6305)
4(6304 6305 6649 6648)
4(6638 6648 6649 6639)
4(6296 6640 6650 6306)
4(6305 6306 6650 6649)
4(6639 6649 6650 6640)
4(6297 6641 6651 6307)
4(6306 6307 6651 6650)
4(6640 6650 6651 6641)
4(6298 6642 6652 6308)
4(6307 6308 6652 6651)
4(6641 6651 6652 6642)
4(6308 6309 6653 6652)
4(6642 6652 6653 6643)
4(6310 6311 6655 6654)
4(6644 6654 6655 6645)
4(6312 6313 6657 6656)
4(6646 6656 6657 6647)
4(6305 6649 6659 6315)
4(6314 6315 6659 6658)
4(6648 6658 6659 6649)
4(6306 6650 6660 6316)
4(6315 6316 6660 6659)
4(6649 6659 6660 6650)
4(6307 6651 6661 6317)
4(6316 6317 6661 6660)
4(6650 6660 6661 6651)
4(6308 6652 6662 6318)
4(6317 6318 6662 6661)
4(6651 6661 6662 6652)
4(6318 6319 6663 6662)
4(6652 6662 6663 6653)
4(6320 6321 6665 6664)
4(6654 6664 6665 6655)
4(6322 6323 6667 6666)
4(6656 6666 6667 6657)
4(6315 6659 6669 6325)
4(6324 6325 6669 6668)
4(6658 6668 6669 6659)
4(6316 6660 6670 6326)
4(6325 6326 6670 6669)
4(6659 6669 6670 6660)
4(6317 6661 6671 6327)
4(6326 6327 6671 6670)
4(6660 6670 6671 6661)
4(6318 6662 6672 6328)
4(6327 6328 6672 6671)
4(6661 6671 6672 6662)
4(6328 6329 6673 6672)
4(6662 6672 6673 6663)
4(6330 6331 6675 6674)
4(6664 6674 6675 6665)
4(6332 6333 6677 6676)
4(6666 6676 6677 6667)
4(6325 6669 6679 6335)
4(6334 6335 6679 6678)
4(6668 6678 6679 6669)
4(6326 6670 6680 6336)
4(6335 6336 6680 6679)
4(6669 6679 6680 6670)
4(6327 6671 6681 6337)
4(6336 6337 6681 6680)
4(6670 6680 6681 6671)
4(6328 6672 6682 6338)
4(6337 6338 6682 6681)
4(6671 6681 6682 6672)
4(6338 6339 6683 6682)
4(6672 6682 6683 6673)
4(6340 6341 6685 6684)
4(6674 6684 6685 6675)
4(6342 6343 6687 6686)
4(6676 6686 6687 6677)
4(6335 6679 6689 6345)
4(6344 6345 6689 6688)
4(6678 6688 6689 6679)
4(6336 6680 6690 6346)
4(6345 6346 6690 6689)
4(6679 6689 6690 6680)
4(6337 6681 6691 6347)
4(6346 6347 6691 6690)
4(6680 6690 6691 6681)
4(6338 6682 6692 6348)
4(6347 6348 6692 6691)
4(6681 6691 6692 6682)
4(6348 6349 6693 6692)
4(6682 6692 6693 6683)
4(6350 6351 6695 6694)
4(6684 6694 6695 6685)
4(6352 6353 6697 6696)
4(6686 6696 6697 6687)
4(6345 6689 6699 6355)
4(6354 6355 6699 6698)
4(6688 6698 6699 6689)
4(6346 6690 6700 6356)
4(6355 6356 6700 6699)
4(6689 6699 6700 6690)
4(6347 6691 6701 6357)
4(6356 6357 6701 6700)
4(6690 6700 6701 6691)
4(6348 6692 6702 6358)
4(6357 6358 6702 6701)
4(6691 6701 6702 6692)
4(6358 6359 6703 6702)
4(6692 6702 6703 6693)
4(6360 6361 6705 6704)
4(6694 6704 6705 6695)
4(6362 6363 6707 6706)
4(6696 6706 6707 6697)
4(6355 6699 6709 6365)
4(6364 6365 6709 6708)
4(6698 6708 6709 6699)
4(6356 6700 6710 6366)
4(6365 6366 6710 6709)
4(6699 6709 6710 6700)
4(6357 6701 6711 6367)
4(6366 6367 6711 6710)
4(6700 6710 6711 6701)
4(6358 6702 6712 6368)
4(6367 6368 6712 6711)
4(6701 6711 6712 6702)
4(6368 6369 6713 6712)
4(6702 6712 6713 6703)
4(6370 6371 6715 6714)
4(6704 6714 6715 6705)
4(6372 6373 6717 6716)
4(6706 6716 6717 6707)
4(6365 6709 6719 6375)
4(6374 6375 6719 6718)
4(6708 6718 6719 6709)
4(6366 6710 6720 6376)
4(6375 6376 6720 6719)
4(6709 6719 6720 6710)
4(6367 6711 6721 6377)
4(6376 6377 6721 6720)
4(6710 6720 6721 6711)
4(6368 6712 6722 6378)
4(6377 6378 6722 6721)
4(6711 6721 6722 6712)
4(6378 6379 6723 6722)
4(6712 6722 6723 6713)
4(6380 6381 6725 6724)
4(6714 6724 6725 6715)
4(6382 6383 6727 6726)
4(6716 6726 6727 6717)
4(6375 6719 6729 6385)
4(6384 6385 6729 6728)
4(6718 6728 6729 6719)
4(6376 6720 6730 6386)
4(6385 6386 6730 6729)
4(6719 6729 6730 6720)
4(6377 6721 6731 6387)
4(6386 6387 6731 6730)
4(6720 6730 6731 6721)
4(6378 6722 6732 6388)
4(6387 6388 6732 6731)
4(6721 6731 6732 6722)
4(6388 6389 6733 6732)
4(6722 6732 6733 6723)
4(6390 6391 6735 6734)
4(6724 6734 6735 6725)
4(6392 6393 6737 6736)
4(6726 6736 6737 6727)
4(6385 6729 6739 6395)
4(6394 6395 6739 6738)
4(6728 6738 6739 6729)
4(6386 6730 6740 6396)
4(6395 6396 6740 6739)
4(6729 6739 6740 6730)
4(6387 6731 6741 6397)
4(6396 6397 6741 6740)
4(6730 6740 6741 6731)
4(6388 6732 6742 6398)
4(6397 6398 6742 6741)
4(6731 6741 6742 6732)
4(6398 6399 6743 6742)
4(6732 6742 6743 6733)
4(6400 6401 6745 6744)
4(6734 6744 6745 6735)
4(6402 6403 6747 6746)
4(6736 6746 6747 6737)
4(6395 6739 6749 6405)
4(6404 6405 6749 6748)
4(6738 6748 6749 6739)
4(6396 6740 6750 6406)
4(6405 6406 6750 6749)
4(6739 6749 6750 6740)
4(6397 6741 6751 6407)
4(6406 6407 6751 6750)
4(6740 6750 6751 6741)
4(6398 6742 6752 6408)
4(6407 6408 6752 6751)
4(6741 6751 6752 6742)
4(6408 6409 6753 6752)
4(6742 6752 6753 6743)
4(6410 6411 6755 6754)
4(6744 6754 6755 6745)
4(6412 6413 6757 6756)
4(6746 6756 6757 6747)
4(6405 6749 6759 6415)
4(6414 6415 6759 6758)
4(6748 6758 6759 6749)
4(6406 6750 6760 6416)
4(6415 6416 6760 6759)
4(6749 6759 6760 6750)
4(6407 6751 6761 6417)
4(6416 6417 6761 6760)
4(6750 6760 6761 6751)
4(6408 6752 6762 6418)
4(6417 6418 6762 6761)
4(6751 6761 6762 6752)
4(6418 6419 6763 6762)
4(6752 6762 6763 6753)
4(6420 6421 6765 6764)
4(6754 6764 6765 6755)
4(6422 6423 6767 6766)
4(6756 6766 6767 6757)
4(6415 6759 6769 6425)
4(6424 6425 6769 6768)
4(6758 6768 6769 6759)
4(6416 6760 6770 6426)
4(6425 6426 6770 6769)
4(6759 6769 6770 6760)
4(6417 6761 6771 6427)
4(6426 6427 6771 6770)
4(6760 6770 6771 6761)
4(6418 6762 6772 6428)
4(6427 6428 6772 6771)
4(6761 6771 6772 6762)
4(6428 6429 6773 6772)
4(6762 6772 6773 6763)
4(6430 6431 6775 6774)
4(6764 6774 6775 6765)
4(6432 6433 6777 6776)
4(6766 6776 6777 6767)
4(6425 6769 6779 6435)
4(6434 6435 6779 6778)
4(6768 6778 6779 6769)
4(6426 6770 6780 6436)
4(6435 6436 6780 6779)
4(6769 6779 6780 6770)
4(6427 6771 6781 6437)
4(6436 6437 6781 6780)
4(6770 6780 6781 6771)
4(6428 6772 6782 6438)
4(6437 6438 6782 6781)
4(6771 6781 6782 6772)
4(6438 6439 6783 6782)
4(6772 6782 6783 6773)
4(6440 6441 6785 6784)
4(6774 6784 6785 6775)
4(6442 6443 6787 6786)
4(6776 6786 6787 6777)
4(6435 6779 6789 6445)
4(6444 6445 6789 6788)
4(6778 6788 6789 6779)
4(6436 6780 6790 6446)
4(6445 6446 6790 6789)
4(6779 6789 6790 6780)
4(6437 6781 6791 6447)
4(6446 6447 6791 6790)
4(6780 6790 6791 6781)
4(6438 6782 6792 6448)
4(6447 6448 6792 6791)
4(6781 6791 6792 6782)
4(6448 6449 6793 6792)
4(6782 6792 6793 6783)
4(6450 6451 6795 6794)
4(6784 6794 6795 6785)
4(6452 6453 6797 6796)
4(6786 6796 6797 6787)
4(6445 6789 6799 6455)
4(6454 6455 6799 6798)
4(6788 6798 6799 6789)
4(6446 6790 6800 6456)
4(6455 6456 6800 6799)
4(6789 6799 6800 6790)
4(6447 6791 6801 6457)
4(6456 6457 6801 6800)
4(6790 6800 6801 6791)
4(6448 6792 6802 6458)
4(6457 6458 6802 6801)
4(6791 6801 6802 6792)
4(6458 6459 6803 6802)
4(6792 6802 6803 6793)
4(6460 6461 6805 6804)
4(6794 6804 6805 6795)
4(6462 6463 6807 6806)
4(6796 6806 6807 6797)
4(6455 6799 6809 6465)
4(6464 6465 6809 6808)
4(6798 6808 6809 6799)
4(6456 6800 6810 6466)
4(6465 6466 6810 6809)
4(6799 6809 6810 6800)
4(6457 6801 6811 6467)
4(6466 6467 6811 6810)
4(6800 6810 6811 6801)
4(6458 6802 6812 6468)
4(6467 6468 6812 6811)
4(6801 6811 6812 6802)
4(6468 6469 6813 6812)
4(6802 6812 6813 6803)
4(6470 6471 6815 6814)
4(6804 6814 6815 6805)
4(6472 6473 6817 6816)
4(6806 6816 6817 6807)
4(6465 6809 6819 6475)
4(6474 6475 6819 6818)
4(6808 6818 6819 6809)
4(6466 6810 6820 6476)
4(6475 6476 6820 6819)
4(6809 6819 6820 6810)
4(6467 6811 6821 6477)
4(6476 6477 6821 6820)
4(6810 6820 6821 6811)
4(6468 6812 6822 6478)
4(6477 6478 6822 6821)
4(6811 6821 6822 6812)
4(6478 6479 6823 6822)
4(6812 6822 6823 6813)
4(6480 6481 6825 6824)
4(6814 6824 6825 6815)
4(6482 6483 6827 6826)
4(6816 6826 6827 6817)
4(6475 6819 6829 6485)
4(6484 6485 6829 6828)
4(6818 6828 6829 6819)
4(6476 6820 6830 6486)
4(6485 6486 6830 6829)
4(6819 6829 6830 6820)
4(6477 6821 6831 6487)
4(6486 6487 6831 6830)
4(6820 6830 6831 6821)
4(6478 6822 6832 6488)
4(6487 6488 6832 6831)
4(6821 6831 6832 6822)
4(6488 6489 6833 6832)
4(6822 6832 6833 6823)
4(6490 6491 6835 6834)
4(6824 6834 6835 6825)
4(6492 6493 6837 6836)
4(6826 6836 6837 6827)
4(6485 6829 6839 6495)
4(6494 6495 6839 6838)
4(6828 6838 6839 6829)
4(6486 6830 6840 6496)
4(6495 6496 6840 6839)
4(6829 6839 6840 6830)
4(6487 6831 6841 6497)
4(6496 6497 6841 6840)
4(6830 6840 6841 6831)
4(6488 6832 6842 6498)
4(6497 6498 6842 6841)
4(6831 6841 6842 6832)
4(6498 6499 6843 6842)
4(6832 6842 6843 6833)
4(6500 6501 6845 6844)
4(6834 6844 6845 6835)
4(6502 6503 6847 6846)
4(6836 6846 6847 6837)
4(6495 6839 6849 6505)
4(6838 6848 6849 6839)
4(6496 6840 6850 6506)
4(6839 6849 6850 6840)
4(6497 6841 6851 6507)
4(6840 6850 6851 6841)
4(6498 6842 6852 6508)
4(6841 6851 6852 6842)
4(6842 6852 6853 6843)
4(6510 6511 6855 6854)
4(6844 6854 6855 6845)
4(6512 6513 6857 6856)
4(6846 6856 6857 6847)
4(6514 6515 6859 6858)
4(6854 6858 6859 6855)
4(6516 6517 6861 6860)
4(6856 6860 6861 6857)
4(6518 6519 6863 6862)
4(6858 6862 6863 6859)
4(6520 6521 6865 6864)
4(6860 6864 6865 6861)
4(6522 6523 6867 6866)
4(6862 6866 6867 6863)
4(6524 6525 6869 6868)
4(6864 6868 6869 6865)
4(6526 6527 6871 6870)
4(6866 6870 6871 6867)
4(6528 6529 6873 6872)
4(6868 6872 6873 6869)
4(6530 6531 6875 6874)
4(6870 6874 6875 6871)
4(6532 6533 6877 6876)
4(6872 6876 6877 6873)
4(6534 6535 6879 6878)
4(6874 6878 6879 6875)
4(6536 6537 6881 6880)
4(6876 6880 6881 6877)
4(6538 6539 6883 6882)
4(6878 6882 6883 6879)
4(6540 6541 6885 6884)
4(6880 6884 6885 6881)
4(6542 6543 6887 6886)
4(6882 6886 6887 6883)
4(6544 6545 6889 6888)
4(6884 6888 6889 6885)
4(6546 6547 6891 6890)
4(6886 6890 6891 6887)
4(6548 6549 6893 6892)
4(6888 6892 6893 6889)
4(6550 6551 6895 6894)
4(6890 6894 6895 6891)
4(6552 6553 6897 6896)
4(6892 6896 6897 6893)
4(6554 6555 6899 6898)
4(6894 6898 6899 6895)
4(6556 6557 6901 6900)
4(6896 6900 6901 6897)
4(6558 6559 6903 6902)
4(6898 6902 6903 6899)
4(6560 6561 6905 6904)
4(6900 6904 6905 6901)
4(6568 6569 6913 6912)
4(6902 6912 6913 6903)
4(6561 6905 6915 6571)
4(6904 6914 6915 6905)
4(6562 6906 6916 6572)
4(6905 6915 6916 6906)
4(6563 6907 6917 6573)
4(6906 6916 6917 6907)
4(6564 6908 6918 6574)
4(6907 6917 6918 6908)
4(6565 6909 6919 6575)
4(6908 6918 6919 6909)
4(6566 6910 6920 6576)
4(6909 6919 6920 6910)
4(6567 6911 6921 6577)
4(6910 6920 6921 6911)
4(6568 6912 6922 6578)
4(6911 6921 6922 6912)
4(6912 6922 6923 6913)
4(6581 6925 6935 6591)
4(6590 6591 6935 6934)
4(6924 6934 6935 6925)
4(6582 6926 6936 6592)
4(6925 6935 6936 6926)
4(6583 6927 6937 6593)
4(6926 6936 6937 6927)
4(6584 6928 6938 6594)
4(6927 6937 6938 6928)
4(6585 6929 6939 6595)
4(6928 6938 6939 6929)
4(6586 6930 6940 6596)
4(6929 6939 6940 6930)
4(6587 6931 6941 6597)
4(6930 6940 6941 6931)
4(6588 6932 6942 6598)
4(6931 6941 6942 6932)
4(6598 6599 6943 6942)
4(6932 6942 6943 6933)
4(6600 6601 6945 6944)
4(6934 6944 6945 6935)
4(6602 6603 6947 6946)
4(6942 6946 6947 6943)
4(6604 6605 6949 6948)
4(6944 6948 6949 6945)
4(6606 6607 6951 6950)
4(6946 6950 6951 6947)
4(6608 6609 6953 6952)
4(6948 6952 6953 6949)
4(6610 6611 6955 6954)
4(6950 6954 6955 6951)
4(6612 6613 6957 6956)
4(6952 6956 6957 6953)
4(6614 6615 6959 6958)
4(6954 6958 6959 6955)
4(6616 6617 6961 6960)
4(6956 6960 6961 6957)
4(6618 6619 6963 6962)
4(6958 6962 6963 6959)
4(6620 6621 6965 6964)
4(6960 6964 6965 6961)
4(6622 6623 6967 6966)
4(6962 6966 6967 6963)
4(6624 6625 6969 6968)
4(6964 6968 6969 6965)
4(6626 6627 6971 6970)
4(6966 6970 6971 6967)
4(6628 6629 6973 6972)
4(6968 6972 6973 6969)
4(6630 6631 6975 6974)
4(6970 6974 6975 6971)
4(6632 6633 6977 6976)
4(6972 6976 6977 6973)
4(6634 6635 6979 6978)
4(6974 6978 6979 6975)
4(6636 6637 6981 6980)
4(6976 6980 6981 6977)
4(6644 6645 6989 6988)
4(6978 6988 6989 6979)
4(6646 6647 6991 6990)
4(6980 6990 6991 6981)
4(6639 6983 6993 6649)
4(6648 6649 6993 6992)
4(6982 6992 6993 6983)
4(6640 6984 6994 6650)
4(6649 6650 6994 6993)
4(6983 6993 6994 6984)
4(6641 6985 6995 6651)
4(6650 6651 6995 6994)
4(6984 6994 6995 6985)
4(6642 6986 6996 6652)
4(6651 6652 6996 6995)
4(6985 6995 6996 6986)
4(6652 6653 6997 6996)
4(6986 6996 6997 6987)
4(6654 6655 6999 6998)
4(6988 6998 6999 6989)
4(6656 6657 7001 7000)
4(6990 7000 7001 6991)
4(6649 6993 7003 6659)
4(6658 6659 7003 7002)
4(6992 7002 7003 6993)
4(6650 6994 7004 6660)
4(6659 6660 7004 7003)
4(6993 7003 7004 6994)
4(6651 6995 7005 6661)
4(6660 6661 7005 7004)
4(6994 7004 7005 6995)
4(6652 6996 7006 6662)
4(6661 6662 7006 7005)
4(6995 7005 7006 6996)
4(6662 6663 7007 7006)
4(6996 7006 7007 6997)
4(6664 6665 7009 7008)
4(6998 7008 7009 6999)
4(6666 6667 7011 7010)
4(7000 7010 7011 7001)
4(6659 7003 7013 6669)
4(6668 6669 7013 7012)
4(7002 7012 7013 7003)
4(6660 7004 7014 6670)
4(6669 6670 7014 7013)
4(7003 7013 7014 7004)
4(6661 7005 7015 6671)
4(6670 6671 7015 7014)
4(7004 7014 7015 7005)
4(6662 7006 7016 6672)
4(6671 6672 7016 7015)
4(7005 7015 7016 7006)
4(6672 6673 7017 7016)
4(7006 7016 7017 7007)
4(6674 6675 7019 7018)
4(7008 7018 7019 7009)
4(6676 6677 7021 7020)
4(7010 7020 7021 7011)
4(6669 7013 7023 6679)
4(6678 6679 7023 7022)
4(7012 7022 7023 7013)
4(6670 7014 7024 6680)
4(6679 6680 7024 7023)
4(7013 7023 7024 7014)
4(6671 7015 7025 6681)
4(6680 6681 7025 7024)
4(7014 7024 7025 7015)
4(6672 7016 7026 6682)
4(6681 6682 7026 7025)
4(7015 7025 7026 7016)
4(6682 6683 7027 7026)
4(7016 7026 7027 7017)
4(6684 6685 7029 7028)
4(7018 7028 7029 7019)
4(6686 6687 7031 7030)
4(7020 7030 7031 7021)
4(6679 7023 7033 6689)
4(6688 6689 7033 7032)
4(7022 7032 7033 7023)
4(6680 7024 7034 6690)
4(6689 6690 7034 7033)
4(7023 7033 7034 7024)
4(6681 7025 7035 6691)
4(6690 6691 7035 7034)
4(7024 7034 7035 7025)
4(6682 7026 7036 6692)
4(6691 6692 7036 7035)
4(7025 7035 7036 7026)
4(6692 6693 7037 7036)
4(7026 7036 7037 7027)
4(6694 6695 7039 7038)
4(7028 7038 7039 7029)
4(6696 6697 7041 7040)
4(7030 7040 7041 7031)
4(6689 7033 7043 6699)
4(6698 6699 7043 7042)
4(7032 7042 7043 7033)
4(6690 7034 7044 6700)
4(6699 6700 7044 7043)
4(7033 7043 7044 7034)
4(6691 7035 7045 6701)
4(6700 6701 7045 7044)
4(7034 7044 7045 7035)
4(6692 7036 7046 6702)
4(6701 6702 7046 7045)
4(7035 7045 7046 7036)
4(6702 6703 7047 7046)
4(7036 7046 7047 7037)
4(6704 6705 7049 7048)
4(7038 7048 7049 7039)
4(6706 6707 7051 7050)
4(7040 7050 7051 7041)
4(6699 7043 7053 6709)
4(6708 6709 7053 7052)
4(7042 7052 7053 7043)
4(6700 7044 7054 6710)
4(6709 6710 7054 7053)
4(7043 7053 7054 7044)
4(6701 7045 7055 6711)
4(6710 6711 7055 7054)
4(7044 7054 7055 7045)
4(6702 7046 7056 6712)
4(6711 6712 7056 7055)
4(7045 7055 7056 7046)
4(6712 6713 7057 7056)
4(7046 7056 7057 7047)
4(6714 6715 7059 7058)
4(7048 7058 7059 7049)
4(6716 6717 7061 7060)
4(7050 7060 7061 7051)
4(6709 7053 7063 6719)
4(6718 6719 7063 7062)
4(7052 7062 7063 7053)
4(6710 7054 7064 6720)
4(6719 6720 7064 7063)
4(7053 7063 7064 7054)
4(6711 7055 7065 6721)
4(6720 6721 7065 7064)
4(7054 7064 7065 7055)
4(6712 7056 7066 6722)
4(6721 6722 7066 7065)
4(7055 7065 7066 7056)
4(6722 6723 7067 7066)
4(7056 7066 7067 7057)
4(6724 6725 7069 7068)
4(7058 7068 7069 7059)
4(6726 6727 7071 7070)
4(7060 7070 7071 7061)
4(6719 7063 7073 6729)
4(6728 6729 7073 7072)
4(7062 7072 7073 7063)
4(6720 7064 7074 6730)
4(6729 6730 7074 7073)
4(7063 7073 7074 7064)
4(6721 7065 7075 6731)
4(6730 6731 7075 7074)
4(7064 7074 7075 7065)
4(6722 7066 7076 6732)
4(6731 6732 7076 7075)
4(7065 7075 7076 7066)
4(6732 6733 7077 7076)
4(7066 7076 7077 7067)
4(6734 6735 7079 7078)
4(7068 7078 7079 7069)
4(6736 6737 7081 7080)
4(7070 7080 7081 7071)
4(6729 7073 7083 6739)
4(6738 6739 7083 7082)
4(7072 7082 7083 7073)
4(6730 7074 7084 6740)
4(6739 6740 7084 7083)
4(7073 7083 7084 7074)
4(6731 7075 7085 6741)
4(6740 6741 7085 7084)
4(7074 7084 7085 7075)
4(6732 7076 7086 6742)
4(6741 6742 7086 7085)
4(7075 7085 7086 7076)
4(6742 6743 7087 7086)
4(7076 7086 7087 7077)
4(6744 6745 7089 7088)
4(7078 7088 7089 7079)
4(6746 6747 7091 7090)
4(7080 7090 7091 7081)
4(6739 7083 7093 6749)
4(6748 6749 7093 7092)
4(7082 7092 7093 7083)
4(6740 7084 7094 6750)
4(6749 6750 7094 7093)
4(7083 7093 7094 7084)
4(6741 7085 7095 6751)
4(6750 6751 7095 7094)
4(7084 7094 7095 7085)
4(6742 7086 7096 6752)
4(6751 6752 7096 7095)
4(7085 7095 7096 7086)
4(6752 6753 7097 7096)
4(7086 7096 7097 7087)
4(6754 6755 7099 7098)
4(7088 7098 7099 7089)
4(6756 6757 7101 7100)
4(7090 7100 7101 7091)
4(6749 7093 7103 6759)
4(6758 6759 7103 7102)
4(7092 7102 7103 7093)
4(6750 7094 7104 6760)
4(6759 6760 7104 7103)
4(7093 7103 7104 7094)
4(6751 7095 7105 6761)
4(6760 6761 7105 7104)
4(7094 7104 7105 7095)
4(6752 7096 7106 6762)
4(6761 6762 7106 7105)
4(7095 7105 7106 7096)
4(6762 6763 7107 7106)
4(7096 7106 7107 7097)
4(6764 6765 7109 7108)
4(7098 7108 7109 7099)
4(6766 6767 7111 7110)
4(7100 7110 7111 7101)
4(6759 7103 7113 6769)
4(6768 6769 7113 7112)
4(7102 7112 7113 7103)
4(6760 7104 7114 6770)
4(6769 6770 7114 7113)
4(7103 7113 7114 7104)
4(6761 7105 7115 6771)
4(6770 6771 7115 7114)
4(7104 7114 7115 7105)
4(6762 7106 7116 6772)
4(6771 6772 7116 7115)
4(7105 7115 7116 7106)
4(6772 6773 7117 7116)
4(7106 7116 7117 7107)
4(6774 6775 7119 7118)
4(7108 7118 7119 7109)
4(6776 6777 7121 7120)
4(7110 7120 7121 7111)
4(6769 7113 7123 6779)
4(6778 6779 7123 7122)
4(7112 7122 7123 7113)
4(6770 7114 7124 6780)
4(6779 6780 7124 7123)
4(7113 7123 7124 7114)
4(6771 7115 7125 6781)
4(6780 6781 7125 7124)
4(7114 7124 7125 7115)
4(6772 7116 7126 6782)
4(6781 6782 7126 7125)
4(7115 7125 7126 7116)
4(6782 6783 7127 7126)
4(7116 7126 7127 7117)
4(6784 6785 7129 7128)
4(7118 7128 7129 7119)
4(6786 6787 7131 7130)
4(7120 7130 7131 7121)
4(6779 7123 7133 6789)
4(6788 6789 7133 7132)
4(7122 7132 7133 7123)
4(6780 7124 7134 6790)
4(6789 6790 7134 7133)
4(7123 7133 7134 7124)
4(6781 7125 7135 6791)
4(6790 6791 7135 7134)
4(7124 7134 7135 7125)
4(6782 7126 7136 6792)
4(6791 6792 7136 7135)
4(7125 7135 7136 7126)
4(6792 6793 7137 7136)
4(7126 7136 7137 7127)
4(6794 6795 7139 7138)
4(7128 7138 7139 7129)
4(6796 6797 7141 7140)
4(7130 7140 7141 7131)
4(6789 7133 7143 6799)
4(6798 6799 7143 7142)
4(7132 7142 7143 7133)
4(6790 7134 7144 6800)
4(6799 6800 7144 7143)
4(7133 7143 7144 7134)
4(6791 7135 7145 6801)
4(6800 6801 7145 7144)
4(7134 7144 7145 7135)
4(6792 7136 7146 6802)
4(6801 6802 7146 7145)
4(7135 7145 7146 7136)
4(6802 6803 7147 7146)
4(7136 7146 7147 7137)
4(6804 6805 7149 7148)
4(7138 7148 7149 7139)
4(6806 6807 7151 7150)
4(7140 7150 7151 7141)
4(6799 7143 7153 6809)
4(6808 6809 7153 7152)
4(7142 7152 7153 7143)
4(6800 7144 7154 6810)
4(6809 6810 7154 7153)
4(7143 7153 7154 7144)
4(6801 7145 7155 6811)
4(6810 6811 7155 7154)
4(7144 7154 7155 7145)
4(6802 7146 7156 6812)
4(6811 6812 7156 7155)
4(7145 7155 7156 7146)
4(6812 6813 7157 7156)
4(7146 7156 7157 7147)
4(6814 6815 7159 7158)
4(7148 7158 7159 7149)
4(6816 6817 7161 7160)
4(7150 7160 7161 7151)
4(6809 7153 7163 6819)
4(6818 6819 7163 7162)
4(7152 7162 7163 7153)
4(6810 7154 7164 6820)
4(6819 6820 7164 7163)
4(7153 7163 7164 7154)
4(6811 7155 7165 6821)
4(6820 6821 7165 7164)
4(7154 7164 7165 7155)
4(6812 7156 7166 6822)
4(6821 6822 7166 7165)
4(7155 7165 7166 7156)
4(6822 6823 7167 7166)
4(7156 7166 7167 7157)
4(6824 6825 7169 7168)
4(7158 7168 7169 7159)
4(6826 6827 7171 7170)
4(7160 7170 7171 7161)
4(6819 7163 7173 6829)
4(6828 6829 7173 7172)
4(7162 7172 7173 7163)
4(6820 7164 7174 6830)
4(6829 6830 7174 7173)
4(7163 7173 7174 7164)
4(6821 7165 7175 6831)
4(6830 6831 7175 7174)
4(7164 7174 7175 7165)
4(6822 7166 7176 6832)
4(6831 6832 7176 7175)
4(7165 7175 7176 7166)
4(6832 6833 7177 7176)
4(7166 7176 7177 7167)
4(6834 6835 7179 7178)
4(7168 7178 7179 7169)
4(6836 6837 7181 7180)
4(7170 7180 7181 7171)
4(6829 7173 7183 6839)
4(6838 6839 7183 7182)
4(7172 7182 7183 7173)
4(6830 7174 7184 6840)
4(6839 6840 7184 7183)
4(7173 7183 7184 7174)
4(6831 7175 7185 6841)
4(6840 6841 7185 7184)
4(7174 7184 7185 7175)
4(6832 7176 7186 6842)
4(6841 6842 7186 7185)
4(7175 7185 7186 7176)
4(6842 6843 7187 7186)
4(7176 7186 7187 7177)
4(6844 6845 7189 7188)
4(7178 7188 7189 7179)
4(6846 6847 7191 7190)
4(7180 7190 7191 7181)
4(6839 7183 7193 6849)
4(7182 7192 7193 7183)
4(6840 7184 7194 6850)
4(7183 7193 7194 7184)
4(6841 7185 7195 6851)
4(7184 7194 7195 7185)
4(6842 7186 7196 6852)
4(7185 7195 7196 7186)
4(7186 7196 7197 7187)
4(6854 6855 7199 7198)
4(7188 7198 7199 7189)
4(6856 6857 7201 7200)
4(7190 7200 7201 7191)
4(6858 6859 7203 7202)
4(7198 7202 7203 7199)
4(6860 6861 7205 7204)
4(7200 7204 7205 7201)
4(6862 6863 7207 7206)
4(7202 7206 7207 7203)
4(6864 6865 7209 7208)
4(7204 7208 7209 7205)
4(6866 6867 7211 7210)
4(7206 7210 7211 7207)
4(6868 6869 7213 7212)
4(7208 7212 7213 7209)
4(6870 6871 7215 7214)
4(7210 7214 7215 7211)
4(6872 6873 7217 7216)
4(7212 7216 7217 7213)
4(6874 6875 7219 7218)
4(7214 7218 7219 7215)
4(6876 6877 7221 7220)
4(7216 7220 7221 7217)
4(6878 6879 7223 7222)
4(7218 7222 7223 7219)
4(6880 6881 7225 7224)
4(7220 7224 7225 7221)
4(6882 6883 7227 7226)
4(7222 7226 7227 7223)
4(6884 6885 7229 7228)
4(7224 7228 7229 7225)
4(6886 6887 7231 7230)
4(7226 7230 7231 7227)
4(6888 6889 7233 7232)
4(7228 7232 7233 7229)
4(6890 6891 7235 7234)
4(7230 7234 7235 7231)
4(6892 6893 7237 7236)
4(7232 7236 7237 7233)
4(6894 6895 7239 7238)
4(7234 7238 7239 7235)
4(6896 6897 7241 7240)
4(7236 7240 7241 7237)
4(6898 6899 7243 7242)
4(7238 7242 7243 7239)
4(6900 6901 7245 7244)
4(7240 7244 7245 7241)
4(6902 6903 7247 7246)
4(7242 7246 7247 7243)
4(6904 6905 7249 7248)
4(7244 7248 7249 7245)
4(6912 6913 7257 7256)
4(7246 7256 7257 7247)
4(6905 7249 7259 6915)
4(7248 7258 7259 7249)
4(6906 7250 7260 6916)
4(7249 7259 7260 7250)
4(6907 7251 7261 6917)
4(7250 7260 7261 7251)
4(6908 7252 7262 6918)
4(7251 7261 7262 7252)
4(6909 7253 7263 6919)
4(7252 7262 7263 7253)
4(6910 7254 7264 6920)
4(7253 7263 7264 7254)
4(6911 7255 7265 6921)
4(7254 7264 7265 7255)
4(6912 7256 7266 6922)
4(7255 7265 7266 7256)
4(7256 7266 7267 7257)
4(6925 7269 7279 6935)
4(6934 6935 7279 7278)
4(7268 7278 7279 7269)
4(6926 7270 7280 6936)
4(7269 7279 7280 7270)
4(6927 7271 7281 6937)
4(7270 7280 7281 7271)
4(6928 7272 7282 6938)
4(7271 7281 7282 7272)
4(6929 7273 7283 6939)
4(7272 7282 7283 7273)
4(6930 7274 7284 6940)
4(7273 7283 7284 7274)
4(6931 7275 7285 6941)
4(7274 7284 7285 7275)
4(6932 7276 7286 6942)
4(7275 7285 7286 7276)
4(6942 6943 7287 7286)
4(7276 7286 7287 7277)
4(6944 6945 7289 7288)
4(7278 7288 7289 7279)
4(6946 6947 7291 7290)
4(7286 7290 7291 7287)
4(6948 6949 7293 7292)
4(7288 7292 7293 7289)
4(6950 6951 7295 7294)
4(7290 7294 7295 7291)
4(6952 6953 7297 7296)
4(7292 7296 7297 7293)
4(6954 6955 7299 7298)
4(7294 7298 7299 7295)
4(6956 6957 7301 7300)
4(7296 7300 7301 7297)
4(6958 6959 7303 7302)
4(7298 7302 7303 7299)
4(6960 6961 7305 7304)
4(7300 7304 7305 7301)
4(6962 6963 7307 7306)
4(7302 7306 7307 7303)
4(6964 6965 7309 7308)
4(7304 7308 7309 7305)
4(6966 6967 7311 7310)
4(7306 7310 7311 7307)
4(6968 6969 7313 7312)
4(7308 7312 7313 7309)
4(6970 6971 7315 7314)
4(7310 7314 7315 7311)
4(6972 6973 7317 7316)
4(7312 7316 7317 7313)
4(6974 6975 7319 7318)
4(7314 7318 7319 7315)
4(6976 6977 7321 7320)
4(7316 7320 7321 7317)
4(6978 6979 7323 7322)
4(7318 7322 7323 7319)
4(6980 6981 7325 7324)
4(7320 7324 7325 7321)
4(6988 6989 7333 7332)
4(7322 7332 7333 7323)
4(6990 6991 7335 7334)
4(7324 7334 7335 7325)
4(6983 7327 7337 6993)
4(6992 6993 7337 7336)
4(6984 7328 7338 6994)
4(6993 6994 7338 7337)
4(6985 7329 7339 6995)
4(6994 6995 7339 7338)
4(6986 7330 7340 6996)
4(6995 6996 7340 7339)
4(6996 6997 7341 7340)
4(6998 6999 7343 7342)
4(7332 7342 7343 7333)
4(7000 7001 7345 7344)
4(7334 7344 7345 7335)
4(6993 7337 7347 7003)
4(7002 7003 7347 7346)
4(6994 7338 7348 7004)
4(7003 7004 7348 7347)
4(6995 7339 7349 7005)
4(7004 7005 7349 7348)
4(6996 7340 7350 7006)
4(7005 7006 7350 7349)
4(7006 7007 7351 7350)
4(7008 7009 7353 7352)
4(7342 7352 7353 7343)
4(7010 7011 7355 7354)
4(7344 7354 7355 7345)
4(7003 7347 7357 7013)
4(7012 7013 7357 7356)
4(7004 7348 7358 7014)
4(7013 7014 7358 7357)
4(7005 7349 7359 7015)
4(7014 7015 7359 7358)
4(7006 7350 7360 7016)
4(7015 7016 7360 7359)
4(7016 7017 7361 7360)
4(7018 7019 7363 7362)
4(7352 7362 7363 7353)
4(7020 7021 7365 7364)
4(7354 7364 7365 7355)
4(7013 7357 7367 7023)
4(7022 7023 7367 7366)
4(7014 7358 7368 7024)
4(7023 7024 7368 7367)
4(7015 7359 7369 7025)
4(7024 7025 7369 7368)
4(7016 7360 7370 7026)
4(7025 7026 7370 7369)
4(7026 7027 7371 7370)
4(7028 7029 7373 7372)
4(7362 7372 7373 7363)
4(7030 7031 7375 7374)
4(7364 7374 7375 7365)
4(7023 7367 7377 7033)
4(7032 7033 7377 7376)
4(7024 7368 7378 7034)
4(7033 7034 7378 7377)
4(7025 7369 7379 7035)
4(7034 7035 7379 7378)
4(7026 7370 7380 7036)
4(7035 7036 7380 7379)
4(7036 7037 7381 7380)
4(7038 7039 7383 7382)
4(7372 7382 7383 7373)
4(7040 7041 7385 7384)
4(7374 7384 7385 7375)
4(7033 7377 7387 7043)
4(7042 7043 7387 7386)
4(7034 7378 7388 7044)
4(7043 7044 7388 7387)
4(7035 7379 7389 7045)
4(7044 7045 7389 7388)
4(7036 7380 7390 7046)
4(7045 7046 7390 7389)
4(7046 7047 7391 7390)
4(7048 7049 7393 7392)
4(7382 7392 7393 7383)
4(7050 7051 7395 7394)
4(7384 7394 7395 7385)
4(7043 7387 7397 7053)
4(7052 7053 7397 7396)
4(7044 7388 7398 7054)
4(7053 7054 7398 7397)
4(7045 7389 7399 7055)
4(7054 7055 7399 7398)
4(7046 7390 7400 7056)
4(7055 7056 7400 7399)
4(7056 7057 7401 7400)
4(7058 7059 7403 7402)
4(7392 7402 7403 7393)
4(7060 7061 7405 7404)
4(7394 7404 7405 7395)
4(7053 7397 7407 7063)
4(7062 7063 7407 7406)
4(7054 7398 7408 7064)
4(7063 7064 7408 7407)
4(7055 7399 7409 7065)
4(7064 7065 7409 7408)
4(7056 7400 7410 7066)
4(7065 7066 7410 7409)
4(7066 7067 7411 7410)
4(7068 7069 7413 7412)
4(7402 7412 7413 7403)
4(7070 7071 7415 7414)
4(7404 7414 7415 7405)
4(7063 7407 7417 7073)
4(7072 7073 7417 7416)
4(7064 7408 7418 7074)
4(7073 7074 7418 7417)
4(7065 7409 7419 7075)
4(7074 7075 7419 7418)
4(7066 7410 7420 7076)
4(7075 7076 7420 7419)
4(7076 7077 7421 7420)
4(7078 7079 7423 7422)
4(7412 7422 7423 7413)
4(7080 7081 7425 7424)
4(7414 7424 7425 7415)
4(7073 7417 7427 7083)
4(7082 7083 7427 7426)
4(7074 7418 7428 7084)
4(7083 7084 7428 7427)
4(7075 7419 7429 7085)
4(7084 7085 7429 7428)
4(7076 7420 7430 7086)
4(7085 7086 7430 7429)
4(7086 7087 7431 7430)
4(7088 7089 7433 7432)
4(7422 7432 7433 7423)
4(7090 7091 7435 7434)
4(7424 7434 7435 7425)
4(7083 7427 7437 7093)
4(7092 7093 7437 7436)
4(7084 7428 7438 7094)
4(7093 7094 7438 7437)
4(7085 7429 7439 7095)
4(7094 7095 7439 7438)
4(7086 7430 7440 7096)
4(7095 7096 7440 7439)
4(7096 7097 7441 7440)
4(7098 7099 7443 7442)
4(7432 7442 7443 7433)
4(7100 7101 7445 7444)
4(7434 7444 7445 7435)
4(7093 7437 7447 7103)
4(7102 7103 7447 7446)
4(7094 7438 7448 7104)
4(7103 7104 7448 7447)
4(7095 7439 7449 7105)
4(7104 7105 7449 7448)
4(7096 7440 7450 7106)
4(7105 7106 7450 7449)
4(7106 7107 7451 7450)
4(7108 7109 7453 7452)
4(7442 7452 7453 7443)
4(7110 7111 7455 7454)
4(7444 7454 7455 7445)
4(7103 7447 7457 7113)
4(7112 7113 7457 7456)
4(7104 7448 7458 7114)
4(7113 7114 7458 7457)
4(7105 7449 7459 7115)
4(7114 7115 7459 7458)
4(7106 7450 7460 7116)
4(7115 7116 7460 7459)
4(7116 7117 7461 7460)
4(7118 7119 7463 7462)
4(7452 7462 7463 7453)
4(7120 7121 7465 7464)
4(7454 7464 7465 7455)
4(7113 7457 7467 7123)
4(7122 7123 7467 7466)
4(7114 7458 7468 7124)
4(7123 7124 7468 7467)
4(7115 7459 7469 7125)
4(7124 7125 7469 7468)
4(7116 7460 7470 7126)
4(7125 7126 7470 7469)
4(7126 7127 7471 7470)
4(7128 7129 7473 7472)
4(7462 7472 7473 7463)
4(7130 7131 7475 7474)
4(7464 7474 7475 7465)
4(7123 7467 7477 7133)
4(7132 7133 7477 7476)
4(7124 7468 7478 7134)
4(7133 7134 7478 7477)
4(7125 7469 7479 7135)
4(7134 7135 7479 7478)
4(7126 7470 7480 7136)
4(7135 7136 7480 7479)
4(7136 7137 7481 7480)
4(7138 7139 7483 7482)
4(7472 7482 7483 7473)
4(7140 7141 7485 7484)
4(7474 7484 7485 7475)
4(7133 7477 7487 7143)
4(7142 7143 7487 7486)
4(7134 7478 7488 7144)
4(7143 7144 7488 7487)
4(7135 7479 7489 7145)
4(7144 7145 7489 7488)
4(7136 7480 7490 7146)
4(7145 7146 7490 7489)
4(7146 7147 7491 7490)
4(7148 7149 7493 7492)
4(7482 7492 7493 7483)
4(7150 7151 7495 7494)
4(7484 7494 7495 7485)
4(7143 7487 7497 7153)
4(7152 7153 7497 7496)
4(7144 7488 7498 7154)
4(7153 7154 7498 7497)
4(7145 7489 7499 7155)
4(7154 7155 7499 7498)
4(7146 7490 7500 7156)
4(7155 7156 7500 7499)
4(7156 7157 7501 7500)
4(7158 7159 7503 7502)
4(7492 7502 7503 7493)
4(7160 7161 7505 7504)
4(7494 7504 7505 7495)
4(7153 7497 7507 7163)
4(7162 7163 7507 7506)
4(7154 7498 7508 7164)
4(7163 7164 7508 7507)
4(7155 7499 7509 7165)
4(7164 7165 7509 7508)
4(7156 7500 7510 7166)
4(7165 7166 7510 7509)
4(7166 7167 7511 7510)
4(7168 7169 7513 7512)
4(7502 7512 7513 7503)
4(7170 7171 7515 7514)
4(7504 7514 7515 7505)
4(7163 7507 7517 7173)
4(7172 7173 7517 7516)
4(7164 7508 7518 7174)
4(7173 7174 7518 7517)
4(7165 7509 7519 7175)
4(7174 7175 7519 7518)
4(7166 7510 7520 7176)
4(7175 7176 7520 7519)
4(7176 7177 7521 7520)
4(7178 7179 7523 7522)
4(7512 7522 7523 7513)
4(7180 7181 7525 7524)
4(7514 7524 7525 7515)
4(7173 7517 7527 7183)
4(7182 7183 7527 7526)
4(7174 7518 7528 7184)
4(7183 7184 7528 7527)
4(7175 7519 7529 7185)
4(7184 7185 7529 7528)
4(7176 7520 7530 7186)
4(7185 7186 7530 7529)
4(7186 7187 7531 7530)
4(7188 7189 7533 7532)
4(7522 7532 7533 7523)
4(7190 7191 7535 7534)
4(7524 7534 7535 7525)
4(7183 7527 7537 7193)
4(7184 7528 7538 7194)
4(7185 7529 7539 7195)
4(7186 7530 7540 7196)
4(7198 7199 7543 7542)
4(7532 7542 7543 7533)
4(7200 7201 7545 7544)
4(7534 7544 7545 7535)
4(7202 7203 7547 7546)
4(7542 7546 7547 7543)
4(7204 7205 7549 7548)
4(7544 7548 7549 7545)
4(7206 7207 7551 7550)
4(7546 7550 7551 7547)
4(7208 7209 7553 7552)
4(7548 7552 7553 7549)
4(7210 7211 7555 7554)
4(7550 7554 7555 7551)
4(7212 7213 7557 7556)
4(7552 7556 7557 7553)
4(7214 7215 7559 7558)
4(7554 7558 7559 7555)
4(7216 7217 7561 7560)
4(7556 7560 7561 7557)
4(7218 7219 7563 7562)
4(7558 7562 7563 7559)
4(7220 7221 7565 7564)
4(7560 7564 7565 7561)
4(7222 7223 7567 7566)
4(7562 7566 7567 7563)
4(7224 7225 7569 7568)
4(7564 7568 7569 7565)
4(7226 7227 7571 7570)
4(7566 7570 7571 7567)
4(7228 7229 7573 7572)
4(7568 7572 7573 7569)
4(7230 7231 7575 7574)
4(7570 7574 7575 7571)
4(7232 7233 7577 7576)
4(7572 7576 7577 7573)
4(7234 7235 7579 7578)
4(7574 7578 7579 7575)
4(7236 7237 7581 7580)
4(7576 7580 7581 7577)
4(7238 7239 7583 7582)
4(7578 7582 7583 7579)
4(7240 7241 7585 7584)
4(7580 7584 7585 7581)
4(7242 7243 7587 7586)
4(7582 7586 7587 7583)
4(7244 7245 7589 7588)
4(7584 7588 7589 7585)
4(7246 7247 7591 7590)
4(7586 7590 7591 7587)
4(7248 7249 7593 7592)
4(7588 7592 7593 7589)
4(7256 7257 7601 7600)
4(7590 7600 7601 7591)
4(7249 7593 7603 7259)
4(7592 7602 7603 7593)
4(7250 7594 7604 7260)
4(7593 7603 7604 7594)
4(7251 7595 7605 7261)
4(7594 7604 7605 7595)
4(7252 7596 7606 7262)
4(7595 7605 7606 7596)
4(7253 7597 7607 7263)
4(7596 7606 7607 7597)
4(7254 7598 7608 7264)
4(7597 7607 7608 7598)
4(7255 7599 7609 7265)
4(7598 7608 7609 7599)
4(7256 7600 7610 7266)
4(7599 7609 7610 7600)
4(7600 7610 7611 7601)
4(7269 7613 7623 7279)
4(7278 7279 7623 7622)
4(7612 7622 7623 7613)
4(7270 7614 7624 7280)
4(7613 7623 7624 7614)
4(7271 7615 7625 7281)
4(7614 7624 7625 7615)
4(7272 7616 7626 7282)
4(7615 7625 7626 7616)
4(7273 7617 7627 7283)
4(7616 7626 7627 7617)
4(7274 7618 7628 7284)
4(7617 7627 7628 7618)
4(7275 7619 7629 7285)
4(7618 7628 7629 7619)
4(7276 7620 7630 7286)
4(7619 7629 7630 7620)
4(7286 7287 7631 7630)
4(7620 7630 7631 7621)
4(7288 7289 7633 7632)
4(7622 7632 7633 7623)
4(7290 7291 7635 7634)
4(7630 7634 7635 7631)
4(7292 7293 7637 7636)
4(7632 7636 7637 7633)
4(7294 7295 7639 7638)
4(7634 7638 7639 7635)
4(7296 7297 7641 7640)
4(7636 7640 7641 7637)
4(7298 7299 7643 7642)
4(7638 7642 7643 7639)
4(7300 7301 7645 7644)
4(7640 7644 7645 7641)
4(7302 7303 7647 7646)
4(7642 7646 7647 7643)
4(7304 7305 7649 7648)
4(7644 7648 7649 7645)
4(7306 7307 7651 7650)
4(7646 7650 7651 7647)
4(7308 7309 7653 7652)
4(7648 7652 7653 7649)
4(7310 7311 7655 7654)
4(7650 7654 7655 7651)
4(7312 7313 7657 7656)
4(7652 7656 7657 7653)
4(7314 7315 7659 7658)
4(7654 7658 7659 7655)
4(7316 7317 7661 7660)
4(7656 7660 7661 7657)
4(7318 7319 7663 7662)
4(7658 7662 7663 7659)
4(7320 7321 7665 7664)
4(7660 7664 7665 7661)
4(7322 7323 7667 7666)
4(7662 7666 7667 7663)
4(7324 7325 7669 7668)
4(7664 7668 7669 7665)
4(7332 7333 7671 7670)
4(7666 7670 7671 7667)
4(7334 7335 7673 7672)
4(7668 7672 7673 7669)
4(7342 7343 7675 7674)
4(7670 7674 7675 7671)
4(7344 7345 7677 7676)
4(7672 7676 7677 7673)
4(7352 7353 7679 7678)
4(7674 7678 7679 7675)
4(7354 7355 7681 7680)
4(7676 7680 7681 7677)
4(7362 7363 7683 7682)
4(7678 7682 7683 7679)
4(7364 7365 7685 7684)
4(7680 7684 7685 7681)
4(7372 7373 7687 7686)
4(7682 7686 7687 7683)
4(7374 7375 7689 7688)
4(7684 7688 7689 7685)
4(7382 7383 7691 7690)
4(7686 7690 7691 7687)
4(7384 7385 7693 7692)
4(7688 7692 7693 7689)
4(7392 7393 7695 7694)
4(7690 7694 7695 7691)
4(7394 7395 7697 7696)
4(7692 7696 7697 7693)
4(7402 7403 7699 7698)
4(7694 7698 7699 7695)
4(7404 7405 7701 7700)
4(7696 7700 7701 7697)
4(7412 7413 7703 7702)
4(7698 7702 7703 7699)
4(7414 7415 7705 7704)
4(7700 7704 7705 7701)
4(7422 7423 7707 7706)
4(7702 7706 7707 7703)
4(7424 7425 7709 7708)
4(7704 7708 7709 7705)
4(7432 7433 7711 7710)
4(7706 7710 7711 7707)
4(7434 7435 7713 7712)
4(7708 7712 7713 7709)
4(7442 7443 7715 7714)
4(7710 7714 7715 7711)
4(7444 7445 7717 7716)
4(7712 7716 7717 7713)
4(7452 7453 7719 7718)
4(7714 7718 7719 7715)
4(7454 7455 7721 7720)
4(7716 7720 7721 7717)
4(7462 7463 7723 7722)
4(7718 7722 7723 7719)
4(7464 7465 7725 7724)
4(7720 7724 7725 7721)
4(7472 7473 7727 7726)
4(7722 7726 7727 7723)
4(7474 7475 7729 7728)
4(7724 7728 7729 7725)
4(7482 7483 7731 7730)
4(7726 7730 7731 7727)
4(7484 7485 7733 7732)
4(7728 7732 7733 7729)
4(7492 7493 7735 7734)
4(7730 7734 7735 7731)
4(7494 7495 7737 7736)
4(7732 7736 7737 7733)
4(7502 7503 7739 7738)
4(7734 7738 7739 7735)
4(7504 7505 7741 7740)
4(7736 7740 7741 7737)
4(7512 7513 7743 7742)
4(7738 7742 7743 7739)
4(7514 7515 7745 7744)
4(7740 7744 7745 7741)
4(7522 7523 7747 7746)
4(7742 7746 7747 7743)
4(7524 7525 7749 7748)
4(7744 7748 7749 7745)
4(7532 7533 7751 7750)
4(7746 7750 7751 7747)
4(7534 7535 7753 7752)
4(7748 7752 7753 7749)
4(7542 7543 7755 7754)
4(7750 7754 7755 7751)
4(7544 7545 7757 7756)
4(7752 7756 7757 7753)
4(7546 7547 7759 7758)
4(7754 7758 7759 7755)
4(7548 7549 7761 7760)
4(7756 7760 7761 7757)
4(7550 7551 7763 7762)
4(7758 7762 7763 7759)
4(7552 7553 7765 7764)
4(7760 7764 7765 7761)
4(7554 7555 7767 7766)
4(7762 7766 7767 7763)
4(7556 7557 7769 7768)
4(7764 7768 7769 7765)
4(7558 7559 7771 7770)
4(7766 7770 7771 7767)
4(7560 7561 7773 7772)
4(7768 7772 7773 7769)
4(7562 7563 7775 7774)
4(7770 7774 7775 7771)
4(7564 7565 7777 7776)
4(7772 7776 7777 7773)
4(7566 7567 7779 7778)
4(7774 7778 7779 7775)
4(7568 7569 7781 7780)
4(7776 7780 7781 7777)
4(7570 7571 7783 7782)
4(7778 7782 7783 7779)
4(7572 7573 7785 7784)
4(7780 7784 7785 7781)
4(7574 7575 7787 7786)
4(7782 7786 7787 7783)
4(7576 7577 7789 7788)
4(7784 7788 7789 7785)
4(7578 7579 7791 7790)
4(7786 7790 7791 7787)
4(7580 7581 7793 7792)
4(7788 7792 7793 7789)
4(7582 7583 7795 7794)
4(7790 7794 7795 7791)
4(7584 7585 7797 7796)
4(7792 7796 7797 7793)
4(7586 7587 7799 7798)
4(7794 7798 7799 7795)
4(7588 7589 7801 7800)
4(7796 7800 7801 7797)
4(7590 7591 7803 7802)
4(7798 7802 7803 7799)
4(7592 7593 7805 7804)
4(7800 7804 7805 7801)
4(7600 7601 7813 7812)
4(7802 7812 7813 7803)
4(7593 7805 7815 7603)
4(7804 7814 7815 7805)
4(7594 7806 7816 7604)
4(7805 7815 7816 7806)
4(7595 7807 7817 7605)
4(7806 7816 7817 7807)
4(7596 7808 7818 7606)
4(7807 7817 7818 7808)
4(7597 7809 7819 7607)
4(7808 7818 7819 7809)
4(7598 7810 7820 7608)
4(7809 7819 7820 7810)
4(7599 7811 7821 7609)
4(7810 7820 7821 7811)
4(7600 7812 7822 7610)
4(7811 7821 7822 7812)
4(7812 7822 7823 7813)
4(7613 7825 7835 7623)
4(7622 7623 7835 7834)
4(7824 7834 7835 7825)
4(7614 7826 7836 7624)
4(7825 7835 7836 7826)
4(7615 7827 7837 7625)
4(7826 7836 7837 7827)
4(7616 7828 7838 7626)
4(7827 7837 7838 7828)
4(7617 7829 7839 7627)
4(7828 7838 7839 7829)
4(7618 7830 7840 7628)
4(7829 7839 7840 7830)
4(7619 7831 7841 7629)
4(7830 7840 7841 7831)
4(7620 7832 7842 7630)
4(7831 7841 7842 7832)
4(7630 7631 7843 7842)
4(7832 7842 7843 7833)
4(7632 7633 7845 7844)
4(7834 7844 7845 7835)
4(7634 7635 7847 7846)
4(7842 7846 7847 7843)
4(7636 7637 7849 7848)
4(7844 7848 7849 7845)
4(7638 7639 7851 7850)
4(7846 7850 7851 7847)
4(7640 7641 7853 7852)
4(7848 7852 7853 7849)
4(7642 7643 7855 7854)
4(7850 7854 7855 7851)
4(7644 7645 7857 7856)
4(7852 7856 7857 7853)
4(7646 7647 7859 7858)
4(7854 7858 7859 7855)
4(7648 7649 7861 7860)
4(7856 7860 7861 7857)
4(7650 7651 7863 7862)
4(7858 7862 7863 7859)
4(7652 7653 7865 7864)
4(7860 7864 7865 7861)
4(7654 7655 7867 7866)
4(7862 7866 7867 7863)
4(7656 7657 7869 7868)
4(7864 7868 7869 7865)
4(7658 7659 7871 7870)
4(7866 7870 7871 7867)
4(7660 7661 7873 7872)
4(7868 7872 7873 7869)
4(7662 7663 7875 7874)
4(7870 7874 7875 7871)
4(7664 7665 7877 7876)
4(7872 7876 7877 7873)
4(7666 7667 7879 7878)
4(7874 7878 7879 7875)
4(7668 7669 7881 7880)
4(7876 7880 7881 7877)
4(7670 7671 7883 7882)
4(7878 7882 7883 7879)
4(7672 7673 7885 7884)
4(7880 7884 7885 7881)
4(7674 7675 7887 7886)
4(7882 7886 7887 7883)
4(7676 7677 7889 7888)
4(7884 7888 7889 7885)
4(7678 7679 7891 7890)
4(7886 7890 7891 7887)
4(7680 7681 7893 7892)
4(7888 7892 7893 7889)
4(7682 7683 7895 7894)
4(7890 7894 7895 7891)
4(7684 7685 7897 7896)
4(7892 7896 7897 7893)
4(7686 7687 7899 7898)
4(7894 7898 7899 7895)
4(7688 7689 7901 7900)
4(7896 7900 7901 7897)
4(7690 7691 7903 7902)
4(7898 7902 7903 7899)
4(7692 7693 7905 7904)
4(7900 7904 7905 7901)
4(7694 7695 7907 7906)
4(7902 7906 7907 7903)
4(7696 7697 7909 7908)
4(7904 7908 7909 7905)
4(7698 7699 7911 7910)
4(7906 7910 7911 7907)
4(7700 7701 7913 7912)
4(7908 7912 7913 7909)
4(7702 7703 7915 7914)
4(7910 7914 7915 7911)
4(7704 7705 7917 7916)
4(7912 7916 7917 7913)
4(7706 7707 7919 7918)
4(7914 7918 7919 7915)
4(7708 7709 7921 7920)
4(7916 7920 7921 7917)
4(7710 7711 7923 7922)
4(7918 7922 7923 7919)
4(7712 7713 7925 7924)
4(7920 7924 7925 7921)
4(7714 7715 7927 7926)
4(7922 7926 7927 7923)
4(7716 7717 7929 7928)
4(7924 7928 7929 7925)
4(7718 7719 7931 7930)
4(7926 7930 7931 7927)
4(7720 7721 7933 7932)
4(7928 7932 7933 7929)
4(7722 7723 7935 7934)
4(7930 7934 7935 7931)
4(7724 7725 7937 7936)
4(7932 7936 7937 7933)
4(7726 7727 7939 7938)
4(7934 7938 7939 7935)
4(7728 7729 7941 7940)
4(7936 7940 7941 7937)
4(7730 7731 7943 7942)
4(7938 7942 7943 7939)
4(7732 7733 7945 7944)
4(7940 7944 7945 7941)
4(7734 7735 7947 7946)
4(7942 7946 7947 7943)
4(7736 7737 7949 7948)
4(7944 7948 7949 7945)
4(7738 7739 7951 7950)
4(7946 7950 7951 7947)
4(7740 7741 7953 7952)
4(7948 7952 7953 7949)
4(7742 7743 7955 7954)
4(7950 7954 7955 7951)
4(7744 7745 7957 7956)
4(7952 7956 7957 7953)
4(7746 7747 7959 7958)
4(7954 7958 7959 7955)
4(7748 7749 7961 7960)
4(7956 7960 7961 7957)
4(7750 7751 7963 7962)
4(7958 7962 7963 7959)
4(7752 7753 7965 7964)
4(7960 7964 7965 7961)
4(7754 7755 7967 7966)
4(7962 7966 7967 7963)
4(7756 7757 7969 7968)
4(7964 7968 7969 7965)
4(7758 7759 7971 7970)
4(7966 7970 7971 7967)
4(7760 7761 7973 7972)
4(7968 7972 7973 7969)
4(7762 7763 7975 7974)
4(7970 7974 7975 7971)
4(7764 7765 7977 7976)
4(7972 7976 7977 7973)
4(7766 7767 7979 7978)
4(7974 7978 7979 7975)
4(7768 7769 7981 7980)
4(7976 7980 7981 7977)
4(7770 7771 7983 7982)
4(7978 7982 7983 7979)
4(7772 7773 7985 7984)
4(7980 7984 7985 7981)
4(7774 7775 7987 7986)
4(7982 7986 7987 7983)
4(7776 7777 7989 7988)
4(7984 7988 7989 7985)
4(7778 7779 7991 7990)
4(7986 7990 7991 7987)
4(7780 7781 7993 7992)
4(7988 7992 7993 7989)
4(7782 7783 7995 7994)
4(7990 7994 7995 7991)
4(7784 7785 7997 7996)
4(7992 7996 7997 7993)
4(7786 7787 7999 7998)
4(7994 7998 7999 7995)
4(7788 7789 8001 8000)
4(7996 8000 8001 7997)
4(7790 7791 8003 8002)
4(7998 8002 8003 7999)
4(7792 7793 8005 8004)
4(8000 8004 8005 8001)
4(7794 7795 8007 8006)
4(8002 8006 8007 8003)
4(7796 7797 8009 8008)
4(8004 8008 8009 8005)
4(7798 7799 8011 8010)
4(8006 8010 8011 8007)
4(7800 7801 8013 8012)
4(8008 8012 8013 8009)
4(7802 7803 8015 8014)
4(8010 8014 8015 8011)
4(7804 7805 8017 8016)
4(8012 8016 8017 8013)
4(7812 7813 8025 8024)
4(8014 8024 8025 8015)
4(7805 8017 8027 7815)
4(8016 8026 8027 8017)
4(7806 8018 8028 7816)
4(8017 8027 8028 8018)
4(7807 8019 8029 7817)
4(8018 8028 8029 8019)
4(7808 8020 8030 7818)
4(8019 8029 8030 8020)
4(7809 8021 8031 7819)
4(8020 8030 8031 8021)
4(7810 8022 8032 7820)
4(8021 8031 8032 8022)
4(7811 8023 8033 7821)
4(8022 8032 8033 8023)
4(7812 8024 8034 7822)
4(8023 8033 8034 8024)
4(8024 8034 8035 8025)
4(7825 8037 8047 7835)
4(7834 7835 8047 8046)
4(8036 8046 8047 8037)
4(7826 8038 8048 7836)
4(8037 8047 8048 8038)
4(7827 8039 8049 7837)
4(8038 8048 8049 8039)
4(7828 8040 8050 7838)
4(8039 8049 8050 8040)
4(7829 8041 8051 7839)
4(8040 8050 8051 8041)
4(7830 8042 8052 7840)
4(8041 8051 8052 8042)
4(7831 8043 8053 7841)
4(8042 8052 8053 8043)
4(7832 8044 8054 7842)
4(8043 8053 8054 8044)
4(7842 7843 8055 8054)
4(8044 8054 8055 8045)
4(7844 7845 8057 8056)
4(8046 8056 8057 8047)
4(7846 7847 8059 8058)
4(8054 8058 8059 8055)
4(7848 7849 8061 8060)
4(8056 8060 8061 8057)
4(7850 7851 8063 8062)
4(8058 8062 8063 8059)
4(7852 7853 8065 8064)
4(8060 8064 8065 8061)
4(7854 7855 8067 8066)
4(8062 8066 8067 8063)
4(7856 7857 8069 8068)
4(8064 8068 8069 8065)
4(7858 7859 8071 8070)
4(8066 8070 8071 8067)
4(7860 7861 8073 8072)
4(8068 8072 8073 8069)
4(7862 7863 8075 8074)
4(8070 8074 8075 8071)
4(7864 7865 8077 8076)
4(8072 8076 8077 8073)
4(7866 7867 8079 8078)
4(8074 8078 8079 8075)
4(7868 7869 8081 8080)
4(8076 8080 8081 8077)
4(7870 7871 8083 8082)
4(8078 8082 8083 8079)
4(7872 7873 8085 8084)
4(8080 8084 8085 8081)
4(7874 7875 8087 8086)
4(8082 8086 8087 8083)
4(7876 7877 8089 8088)
4(8084 8088 8089 8085)
4(7878 7879 8091 8090)
4(8086 8090 8091 8087)
4(7880 7881 8093 8092)
4(8088 8092 8093 8089)
4(7882 7883 8095 8094)
4(8090 8094 8095 8091)
4(7884 7885 8097 8096)
4(8092 8096 8097 8093)
4(7886 7887 8099 8098)
4(8094 8098 8099 8095)
4(7888 7889 8101 8100)
4(8096 8100 8101 8097)
4(7890 7891 8103 8102)
4(8098 8102 8103 8099)
4(7892 7893 8105 8104)
4(8100 8104 8105 8101)
4(7894 7895 8107 8106)
4(8102 8106 8107 8103)
4(7896 7897 8109 8108)
4(8104 8108 8109 8105)
4(7898 7899 8111 8110)
4(8106 8110 8111 8107)
4(7900 7901 8113 8112)
4(8108 8112 8113 8109)
4(7902 7903 8115 8114)
4(8110 8114 8115 8111)
4(7904 7905 8117 8116)
4(8112 8116 8117 8113)
4(7906 7907 8119 8118)
4(8114 8118 8119 8115)
4(7908 7909 8121 8120)
4(8116 8120 8121 8117)
4(7910 7911 8123 8122)
4(8118 8122 8123 8119)
4(7912 7913 8125 8124)
4(8120 8124 8125 8121)
4(7914 7915 8127 8126)
4(8122 8126 8127 8123)
4(7916 7917 8129 8128)
4(8124 8128 8129 8125)
4(7918 7919 8131 8130)
4(8126 8130 8131 8127)
4(7920 7921 8133 8132)
4(8128 8132 8133 8129)
4(7922 7923 8135 8134)
4(8130 8134 8135 8131)
4(7924 7925 8137 8136)
4(8132 8136 8137 8133)
4(7926 7927 8139 8138)
4(8134 8138 8139 8135)
4(7928 7929 8141 8140)
4(8136 8140 8141 8137)
4(7930 7931 8143 8142)
4(8138 8142 8143 8139)
4(7932 7933 8145 8144)
4(8140 8144 8145 8141)
4(7934 7935 8147 8146)
4(8142 8146 8147 8143)
4(7936 7937 8149 8148)
4(8144 8148 8149 8145)
4(7938 7939 8151 8150)
4(8146 8150 8151 8147)
4(7940 7941 8153 8152)
4(8148 8152 8153 8149)
4(7942 7943 8155 8154)
4(8150 8154 8155 8151)
4(7944 7945 8157 8156)
4(8152 8156 8157 8153)
4(7946 7947 8159 8158)
4(8154 8158 8159 8155)
4(7948 7949 8161 8160)
4(8156 8160 8161 8157)
4(7950 7951 8163 8162)
4(8158 8162 8163 8159)
4(7952 7953 8165 8164)
4(8160 8164 8165 8161)
4(7954 7955 8167 8166)
4(8162 8166 8167 8163)
4(7956 7957 8169 8168)
4(8164 8168 8169 8165)
4(7958 7959 8171 8170)
4(8166 8170 8171 8167)
4(7960 7961 8173 8172)
4(8168 8172 8173 8169)
4(7962 7963 8175 8174)
4(8170 8174 8175 8171)
4(7964 7965 8177 8176)
4(8172 8176 8177 8173)
4(7966 7967 8179 8178)
4(8174 8178 8179 8175)
4(7968 7969 8181 8180)
4(8176 8180 8181 8177)
4(7970 7971 8183 8182)
4(8178 8182 8183 8179)
4(7972 7973 8185 8184)
4(8180 8184 8185 8181)
4(7974 7975 8187 8186)
4(8182 8186 8187 8183)
4(7976 7977 8189 8188)
4(8184 8188 8189 8185)
4(7978 7979 8191 8190)
4(8186 8190 8191 8187)
4(7980 7981 8193 8192)
4(8188 8192 8193 8189)
4(7982 7983 8195 8194)
4(8190 8194 8195 8191)
4(7984 7985 8197 8196)
4(8192 8196 8197 8193)
4(7986 7987 8199 8198)
4(8194 8198 8199 8195)
4(7988 7989 8201 8200)
4(8196 8200 8201 8197)
4(7990 7991 8203 8202)
4(8198 8202 8203 8199)
4(7992 7993 8205 8204)
4(8200 8204 8205 8201)
4(7994 7995 8207 8206)
4(8202 8206 8207 8203)
4(7996 7997 8209 8208)
4(8204 8208 8209 8205)
4(7998 7999 8211 8210)
4(8206 8210 8211 8207)
4(8000 8001 8213 8212)
4(8208 8212 8213 8209)
4(8002 8003 8215 8214)
4(8210 8214 8215 8211)
4(8004 8005 8217 8216)
4(8212 8216 8217 8213)
4(8006 8007 8219 8218)
4(8214 8218 8219 8215)
4(8008 8009 8221 8220)
4(8216 8220 8221 8217)
4(8010 8011 8223 8222)
4(8218 8222 8223 8219)
4(8012 8013 8225 8224)
4(8220 8224 8225 8221)
4(8014 8015 8227 8226)
4(8222 8226 8227 8223)
4(8016 8017 8229 8228)
4(8224 8228 8229 8225)
4(8024 8025 8237 8236)
4(8226 8236 8237 8227)
4(8017 8229 8239 8027)
4(8228 8238 8239 8229)
4(8018 8230 8240 8028)
4(8229 8239 8240 8230)
4(8019 8231 8241 8029)
4(8230 8240 8241 8231)
4(8020 8232 8242 8030)
4(8231 8241 8242 8232)
4(8021 8233 8243 8031)
4(8232 8242 8243 8233)
4(8022 8234 8244 8032)
4(8233 8243 8244 8234)
4(8023 8235 8245 8033)
4(8234 8244 8245 8235)
4(8024 8236 8246 8034)
4(8235 8245 8246 8236)
4(8236 8246 8247 8237)
4(8037 8249 8259 8047)
4(8046 8047 8259 8258)
4(8248 8258 8259 8249)
4(8038 8250 8260 8048)
4(8249 8259 8260 8250)
4(8039 8251 8261 8049)
4(8250 8260 8261 8251)
4(8040 8252 8262 8050)
4(8251 8261 8262 8252)
4(8041 8253 8263 8051)
4(8252 8262 8263 8253)
4(8042 8254 8264 8052)
4(8253 8263 8264 8254)
4(8043 8255 8265 8053)
4(8254 8264 8265 8255)
4(8044 8256 8266 8054)
4(8255 8265 8266 8256)
4(8054 8055 8267 8266)
4(8256 8266 8267 8257)
4(8056 8057 8269 8268)
4(8258 8268 8269 8259)
4(8058 8059 8271 8270)
4(8266 8270 8271 8267)
4(8060 8061 8273 8272)
4(8268 8272 8273 8269)
4(8062 8063 8275 8274)
4(8270 8274 8275 8271)
4(8064 8065 8277 8276)
4(8272 8276 8277 8273)
4(8066 8067 8279 8278)
4(8274 8278 8279 8275)
4(8068 8069 8281 8280)
4(8276 8280 8281 8277)
4(8070 8071 8283 8282)
4(8278 8282 8283 8279)
4(8072 8073 8285 8284)
4(8280 8284 8285 8281)
4(8074 8075 8287 8286)
4(8282 8286 8287 8283)
4(8076 8077 8289 8288)
4(8284 8288 8289 8285)
4(8078 8079 8291 8290)
4(8286 8290 8291 8287)
4(8080 8081 8293 8292)
4(8288 8292 8293 8289)
4(8082 8083 8295 8294)
4(8290 8294 8295 8291)
4(8084 8085 8297 8296)
4(8292 8296 8297 8293)
4(8086 8087 8299 8298)
4(8294 8298 8299 8295)
4(8088 8089 8301 8300)
4(8296 8300 8301 8297)
4(8090 8091 8303 8302)
4(8298 8302 8303 8299)
4(8092 8093 8305 8304)
4(8300 8304 8305 8301)
4(8094 8095 8307 8306)
4(8302 8306 8307 8303)
4(8096 8097 8309 8308)
4(8304 8308 8309 8305)
4(8098 8099 8311 8310)
4(8306 8310 8311 8307)
4(8100 8101 8313 8312)
4(8308 8312 8313 8309)
4(8102 8103 8315 8314)
4(8310 8314 8315 8311)
4(8104 8105 8317 8316)
4(8312 8316 8317 8313)
4(8106 8107 8319 8318)
4(8314 8318 8319 8315)
4(8108 8109 8321 8320)
4(8316 8320 8321 8317)
4(8110 8111 8323 8322)
4(8318 8322 8323 8319)
4(8112 8113 8325 8324)
4(8320 8324 8325 8321)
4(8114 8115 8327 8326)
4(8322 8326 8327 8323)
4(8116 8117 8329 8328)
4(8324 8328 8329 8325)
4(8118 8119 8331 8330)
4(8326 8330 8331 8327)
4(8120 8121 8333 8332)
4(8328 8332 8333 8329)
4(8122 8123 8335 8334)
4(8330 8334 8335 8331)
4(8124 8125 8337 8336)
4(8332 8336 8337 8333)
4(8126 8127 8339 8338)
4(8334 8338 8339 8335)
4(8128 8129 8341 8340)
4(8336 8340 8341 8337)
4(8130 8131 8343 8342)
4(8338 8342 8343 8339)
4(8132 8133 8345 8344)
4(8340 8344 8345 8341)
4(8134 8135 8347 8346)
4(8342 8346 8347 8343)
4(8136 8137 8349 8348)
4(8344 8348 8349 8345)
4(8138 8139 8351 8350)
4(8346 8350 8351 8347)
4(8140 8141 8353 8352)
4(8348 8352 8353 8349)
4(8142 8143 8355 8354)
4(8350 8354 8355 8351)
4(8144 8145 8357 8356)
4(8352 8356 8357 8353)
4(8146 8147 8359 8358)
4(8354 8358 8359 8355)
4(8148 8149 8361 8360)
4(8356 8360 8361 8357)
4(8150 8151 8363 8362)
4(8358 8362 8363 8359)
4(8152 8153 8365 8364)
4(8360 8364 8365 8361)
4(8154 8155 8367 8366)
4(8362 8366 8367 8363)
4(8156 8157 8369 8368)
4(8364 8368 8369 8365)
4(8158 8159 8371 8370)
4(8366 8370 8371 8367)
4(8160 8161 8373 8372)
4(8368 8372 8373 8369)
4(8162 8163 8375 8374)
4(8370 8374 8375 8371)
4(8164 8165 8377 8376)
4(8372 8376 8377 8373)
4(8166 8167 8379 8378)
4(8374 8378 8379 8375)
4(8168 8169 8381 8380)
4(8376 8380 8381 8377)
4(8170 8171 8383 8382)
4(8378 8382 8383 8379)
4(8172 8173 8385 8384)
4(8380 8384 8385 8381)
4(8174 8175 8387 8386)
4(8382 8386 8387 8383)
4(8176 8177 8389 8388)
4(8384 8388 8389 8385)
4(8178 8179 8391 8390)
4(8386 8390 8391 8387)
4(8180 8181 8393 8392)
4(8388 8392 8393 8389)
4(8182 8183 8395 8394)
4(8390 8394 8395 8391)
4(8184 8185 8397 8396)
4(8392 8396 8397 8393)
4(8186 8187 8399 8398)
4(8394 8398 8399 8395)
4(8188 8189 8401 8400)
4(8396 8400 8401 8397)
4(8190 8191 8403 8402)
4(8398 8402 8403 8399)
4(8192 8193 8405 8404)
4(8400 8404 8405 8401)
4(8194 8195 8407 8406)
4(8402 8406 8407 8403)
4(8196 8197 8409 8408)
4(8404 8408 8409 8405)
4(8198 8199 8411 8410)
4(8406 8410 8411 8407)
4(8200 8201 8413 8412)
4(8408 8412 8413 8409)
4(8202 8203 8415 8414)
4(8410 8414 8415 8411)
4(8204 8205 8417 8416)
4(8412 8416 8417 8413)
4(8206 8207 8419 8418)
4(8414 8418 8419 8415)
4(8208 8209 8421 8420)
4(8416 8420 8421 8417)
4(8210 8211 8423 8422)
4(8418 8422 8423 8419)
4(8212 8213 8425 8424)
4(8420 8424 8425 8421)
4(8214 8215 8427 8426)
4(8422 8426 8427 8423)
4(8216 8217 8429 8428)
4(8424 8428 8429 8425)
4(8218 8219 8431 8430)
4(8426 8430 8431 8427)
4(8220 8221 8433 8432)
4(8428 8432 8433 8429)
4(8222 8223 8435 8434)
4(8430 8434 8435 8431)
4(8224 8225 8437 8436)
4(8432 8436 8437 8433)
4(8226 8227 8439 8438)
4(8434 8438 8439 8435)
4(8228 8229 8441 8440)
4(8436 8440 8441 8437)
4(8236 8237 8449 8448)
4(8438 8448 8449 8439)
4(8229 8441 8451 8239)
4(8440 8450 8451 8441)
4(8230 8442 8452 8240)
4(8441 8451 8452 8442)
4(8231 8443 8453 8241)
4(8442 8452 8453 8443)
4(8232 8444 8454 8242)
4(8443 8453 8454 8444)
4(8233 8445 8455 8243)
4(8444 8454 8455 8445)
4(8234 8446 8456 8244)
4(8445 8455 8456 8446)
4(8235 8447 8457 8245)
4(8446 8456 8457 8447)
4(8236 8448 8458 8246)
4(8447 8457 8458 8448)
4(8448 8458 8459 8449)
4(8249 8461 8471 8259)
4(8258 8259 8471 8470)
4(8460 8470 8471 8461)
4(8250 8462 8472 8260)
4(8461 8471 8472 8462)
4(8251 8463 8473 8261)
4(8462 8472 8473 8463)
4(8252 8464 8474 8262)
4(8463 8473 8474 8464)
4(8253 8465 8475 8263)
4(8464 8474 8475 8465)
4(8254 8466 8476 8264)
4(8465 8475 8476 8466)
4(8255 8467 8477 8265)
4(8466 8476 8477 8467)
4(8256 8468 8478 8266)
4(8467 8477 8478 8468)
4(8266 8267 8479 8478)
4(8468 8478 8479 8469)
4(8268 8269 8481 8480)
4(8470 8480 8481 8471)
4(8270 8271 8483 8482)
4(8478 8482 8483 8479)
4(8272 8273 8485 8484)
4(8480 8484 8485 8481)
4(8274 8275 8487 8486)
4(8482 8486 8487 8483)
4(8276 8277 8489 8488)
4(8484 8488 8489 8485)
4(8278 8279 8491 8490)
4(8486 8490 8491 8487)
4(8280 8281 8493 8492)
4(8488 8492 8493 8489)
4(8282 8283 8495 8494)
4(8490 8494 8495 8491)
4(8284 8285 8497 8496)
4(8492 8496 8497 8493)
4(8286 8287 8499 8498)
4(8494 8498 8499 8495)
4(8288 8289 8501 8500)
4(8496 8500 8501 8497)
4(8290 8291 8503 8502)
4(8498 8502 8503 8499)
4(8292 8293 8505 8504)
4(8500 8504 8505 8501)
4(8294 8295 8507 8506)
4(8502 8506 8507 8503)
4(8296 8297 8509 8508)
4(8504 8508 8509 8505)
4(8298 8299 8511 8510)
4(8506 8510 8511 8507)
4(8300 8301 8513 8512)
4(8508 8512 8513 8509)
4(8302 8303 8515 8514)
4(8510 8514 8515 8511)
4(8304 8305 8517 8516)
4(8512 8516 8517 8513)
4(8306 8307 8519 8518)
4(8514 8518 8519 8515)
4(8308 8309 8521 8520)
4(8516 8520 8521 8517)
4(8310 8311 8523 8522)
4(8518 8522 8523 8519)
4(8312 8313 8525 8524)
4(8520 8524 8525 8521)
4(8314 8315 8527 8526)
4(8522 8526 8527 8523)
4(8316 8317 8529 8528)
4(8524 8528 8529 8525)
4(8318 8319 8531 8530)
4(8526 8530 8531 8527)
4(8320 8321 8533 8532)
4(8528 8532 8533 8529)
4(8322 8323 8535 8534)
4(8530 8534 8535 8531)
4(8324 8325 8537 8536)
4(8532 8536 8537 8533)
4(8326 8327 8539 8538)
4(8534 8538 8539 8535)
4(8328 8329 8541 8540)
4(8536 8540 8541 8537)
4(8330 8331 8543 8542)
4(8538 8542 8543 8539)
4(8332 8333 8545 8544)
4(8540 8544 8545 8541)
4(8334 8335 8547 8546)
4(8542 8546 8547 8543)
4(8336 8337 8549 8548)
4(8544 8548 8549 8545)
4(8338 8339 8551 8550)
4(8546 8550 8551 8547)
4(8340 8341 8553 8552)
4(8548 8552 8553 8549)
4(8342 8343 8555 8554)
4(8550 8554 8555 8551)
4(8344 8345 8557 8556)
4(8552 8556 8557 8553)
4(8346 8347 8559 8558)
4(8554 8558 8559 8555)
4(8348 8349 8561 8560)
4(8556 8560 8561 8557)
4(8350 8351 8563 8562)
4(8558 8562 8563 8559)
4(8352 8353 8565 8564)
4(8560 8564 8565 8561)
4(8354 8355 8567 8566)
4(8562 8566 8567 8563)
4(8356 8357 8569 8568)
4(8564 8568 8569 8565)
4(8358 8359 8571 8570)
4(8566 8570 8571 8567)
4(8360 8361 8573 8572)
4(8568 8572 8573 8569)
4(8362 8363 8575 8574)
4(8570 8574 8575 8571)
4(8364 8365 8577 8576)
4(8572 8576 8577 8573)
4(8366 8367 8579 8578)
4(8574 8578 8579 8575)
4(8368 8369 8581 8580)
4(8576 8580 8581 8577)
4(8370 8371 8583 8582)
4(8578 8582 8583 8579)
4(8372 8373 8585 8584)
4(8580 8584 8585 8581)
4(8374 8375 8587 8586)
4(8582 8586 8587 8583)
4(8376 8377 8589 8588)
4(8584 8588 8589 8585)
4(8378 8379 8591 8590)
4(8586 8590 8591 8587)
4(8380 8381 8593 8592)
4(8588 8592 8593 8589)
4(8382 8383 8595 8594)
4(8590 8594 8595 8591)
4(8384 8385 8597 8596)
4(8592 8596 8597 8593)
4(8386 8387 8599 8598)
4(8594 8598 8599 8595)
4(8388 8389 8601 8600)
4(8596 8600 8601 8597)
4(8390 8391 8603 8602)
4(8598 8602 8603 8599)
4(8392 8393 8605 8604)
4(8600 8604 8605 8601)
4(8394 8395 8607 8606)
4(8602 8606 8607 8603)
4(8396 8397 8609 8608)
4(8604 8608 8609 8605)
4(8398 8399 8611 8610)
4(8606 8610 8611 8607)
4(8400 8401 8613 8612)
4(8608 8612 8613 8609)
4(8402 8403 8615 8614)
4(8610 8614 8615 8611)
4(8404 8405 8617 8616)
4(8612 8616 8617 8613)
4(8406 8407 8619 8618)
4(8614 8618 8619 8615)
4(8408 8409 8621 8620)
4(8616 8620 8621 8617)
4(8410 8411 8623 8622)
4(8618 8622 8623 8619)
4(8412 8413 8625 8624)
4(8620 8624 8625 8621)
4(8414 8415 8627 8626)
4(8622 8626 8627 8623)
4(8416 8417 8629 8628)
4(8624 8628 8629 8625)
4(8418 8419 8631 8630)
4(8626 8630 8631 8627)
4(8420 8421 8633 8632)
4(8628 8632 8633 8629)
4(8422 8423 8635 8634)
4(8630 8634 8635 8631)
4(8424 8425 8637 8636)
4(8632 8636 8637 8633)
4(8426 8427 8639 8638)
4(8634 8638 8639 8635)
4(8428 8429 8641 8640)
4(8636 8640 8641 8637)
4(8430 8431 8643 8642)
4(8638 8642 8643 8639)
4(8432 8433 8645 8644)
4(8640 8644 8645 8641)
4(8434 8435 8647 8646)
4(8642 8646 8647 8643)
4(8436 8437 8649 8648)
4(8644 8648 8649 8645)
4(8438 8439 8651 8650)
4(8646 8650 8651 8647)
4(8440 8441 8653 8652)
4(8648 8652 8653 8649)
4(8448 8449 8661 8660)
4(8650 8660 8661 8651)
4(8441 8653 8663 8451)
4(8652 8662 8663 8653)
4(8442 8654 8664 8452)
4(8653 8663 8664 8654)
4(8443 8655 8665 8453)
4(8654 8664 8665 8655)
4(8444 8656 8666 8454)
4(8655 8665 8666 8656)
4(8445 8657 8667 8455)
4(8656 8666 8667 8657)
4(8446 8658 8668 8456)
4(8657 8667 8668 8658)
4(8447 8659 8669 8457)
4(8658 8668 8669 8659)
4(8448 8660 8670 8458)
4(8659 8669 8670 8660)
4(8660 8670 8671 8661)
4(8461 8673 8683 8471)
4(8470 8471 8683 8682)
4(8672 8682 8683 8673)
4(8462 8674 8684 8472)
4(8673 8683 8684 8674)
4(8463 8675 8685 8473)
4(8674 8684 8685 8675)
4(8464 8676 8686 8474)
4(8675 8685 8686 8676)
4(8465 8677 8687 8475)
4(8676 8686 8687 8677)
4(8466 8678 8688 8476)
4(8677 8687 8688 8678)
4(8467 8679 8689 8477)
4(8678 8688 8689 8679)
4(8468 8680 8690 8478)
4(8679 8689 8690 8680)
4(8478 8479 8691 8690)
4(8680 8690 8691 8681)
4(8480 8481 8693 8692)
4(8682 8692 8693 8683)
4(8482 8483 8695 8694)
4(8690 8694 8695 8691)
4(8484 8485 8697 8696)
4(8692 8696 8697 8693)
4(8486 8487 8699 8698)
4(8694 8698 8699 8695)
4(8488 8489 8701 8700)
4(8696 8700 8701 8697)
4(8490 8491 8706 8705)
4(8698 8705 8706 8699)
4(8492 8493 8708 8707)
4(8700 8707 8708 8701)
4(8494 8495 8713 8712)
4(8705 8712 8713 8706)
4(8496 8497 8715 8714)
4(8707 8714 8715 8708)
4(8498 8499 8720 8719)
4(8712 8719 8720 8713)
4(8500 8501 8722 8721)
4(8714 8721 8722 8715)
4(8502 8503 8727 8726)
4(8719 8726 8727 8720)
4(8504 8505 8729 8728)
4(8721 8728 8729 8722)
4(8506 8507 8734 8733)
4(8726 8733 8734 8727)
4(8508 8509 8736 8735)
4(8728 8735 8736 8729)
4(8510 8511 8741 8740)
4(8733 8740 8741 8734)
4(8512 8513 8743 8742)
4(8735 8742 8743 8736)
4(8514 8515 8748 8747)
4(8740 8747 8748 8741)
4(8516 8517 8750 8749)
4(8742 8749 8750 8743)
4(8518 8519 8755 8754)
4(8747 8754 8755 8748)
4(8520 8521 8757 8756)
4(8749 8756 8757 8750)
4(8522 8523 8762 8761)
4(8754 8761 8762 8755)
4(8524 8525 8764 8763)
4(8756 8763 8764 8757)
4(8526 8527 8769 8768)
4(8761 8768 8769 8762)
4(8528 8529 8771 8770)
4(8763 8770 8771 8764)
4(8530 8531 8776 8775)
4(8768 8775 8776 8769)
4(8532 8533 8778 8777)
4(8770 8777 8778 8771)
4(8534 8535 8783 8782)
4(8775 8782 8783 8776)
4(8536 8537 8785 8784)
4(8777 8784 8785 8778)
4(8538 8539 8790 8789)
4(8782 8789 8790 8783)
4(8540 8541 8792 8791)
4(8784 8791 8792 8785)
4(8542 8543 8797 8796)
4(8789 8796 8797 8790)
4(8544 8545 8799 8798)
4(8791 8798 8799 8792)
4(8546 8547 8804 8803)
4(8796 8803 8804 8797)
4(8548 8549 8806 8805)
4(8798 8805 8806 8799)
4(8550 8551 8811 8810)
4(8803 8810 8811 8804)
4(8552 8553 8813 8812)
4(8805 8812 8813 8806)
4(8554 8555 8818 8817)
4(8810 8817 8818 8811)
4(8556 8557 8820 8819)
4(8812 8819 8820 8813)
4(8558 8559 8825 8824)
4(8817 8824 8825 8818)
4(8560 8561 8827 8826)
4(8819 8826 8827 8820)
4(8562 8563 8832 8831)
4(8824 8831 8832 8825)
4(8564 8565 8834 8833)
4(8826 8833 8834 8827)
4(8566 8567 8839 8838)
4(8831 8838 8839 8832)
4(8568 8569 8841 8840)
4(8833 8840 8841 8834)
4(8570 8571 8846 8845)
4(8838 8845 8846 8839)
4(8572 8573 8848 8847)
4(8840 8847 8848 8841)
4(8574 8575 8853 8852)
4(8845 8852 8853 8846)
4(8576 8577 8855 8854)
4(8847 8854 8855 8848)
4(8578 8579 8860 8859)
4(8852 8859 8860 8853)
4(8580 8581 8862 8861)
4(8854 8861 8862 8855)
4(8582 8583 8867 8866)
4(8859 8866 8867 8860)
4(8584 8585 8869 8868)
4(8861 8868 8869 8862)
4(8586 8587 8874 8873)
4(8866 8873 8874 8867)
4(8588 8589 8876 8875)
4(8868 8875 8876 8869)
4(8590 8591 8878 8877)
4(8873 8877 8878 8874)
4(8592 8593 8880 8879)
4(8875 8879 8880 8876)
4(8594 8595 8882 8881)
4(8877 8881 8882 8878)
4(8596 8597 8884 8883)
4(8879 8883 8884 8880)
4(8598 8599 8886 8885)
4(8881 8885 8886 8882)
4(8600 8601 8888 8887)
4(8883 8887 8888 8884)
4(8602 8603 8890 8889)
4(8885 8889 8890 8886)
4(8604 8605 8892 8891)
4(8887 8891 8892 8888)
4(8606 8607 8894 8893)
4(8889 8893 8894 8890)
4(8608 8609 8896 8895)
4(8891 8895 8896 8892)
4(8610 8611 8898 8897)
4(8893 8897 8898 8894)
4(8612 8613 8900 8899)
4(8895 8899 8900 8896)
4(8614 8615 8902 8901)
4(8897 8901 8902 8898)
4(8616 8617 8904 8903)
4(8899 8903 8904 8900)
4(8618 8619 8906 8905)
4(8901 8905 8906 8902)
4(8620 8621 8908 8907)
4(8903 8907 8908 8904)
4(8622 8623 8910 8909)
4(8905 8909 8910 8906)
4(8624 8625 8912 8911)
4(8907 8911 8912 8908)
4(8626 8627 8914 8913)
4(8909 8913 8914 8910)
4(8628 8629 8916 8915)
4(8911 8915 8916 8912)
4(8630 8631 8918 8917)
4(8913 8917 8918 8914)
4(8632 8633 8920 8919)
4(8915 8919 8920 8916)
4(8634 8635 8922 8921)
4(8917 8921 8922 8918)
4(8636 8637 8924 8923)
4(8919 8923 8924 8920)
4(8638 8639 8926 8925)
4(8921 8925 8926 8922)
4(8640 8641 8928 8927)
4(8923 8927 8928 8924)
4(8642 8643 8930 8929)
4(8925 8929 8930 8926)
4(8644 8645 8932 8931)
4(8927 8931 8932 8928)
4(8646 8647 8934 8933)
4(8929 8933 8934 8930)
4(8648 8649 8936 8935)
4(8931 8935 8936 8932)
4(8650 8651 8938 8937)
4(8933 8937 8938 8934)
4(8652 8653 8940 8939)
4(8935 8939 8940 8936)
4(8660 8661 8948 8947)
4(8937 8947 8948 8938)
4(8653 8940 8950 8663)
4(8939 8949 8950 8940)
4(8654 8941 8951 8664)
4(8940 8950 8951 8941)
4(8655 8942 8952 8665)
4(8941 8951 8952 8942)
4(8656 8943 8953 8666)
4(8942 8952 8953 8943)
4(8657 8944 8954 8667)
4(8943 8953 8954 8944)
4(8658 8945 8955 8668)
4(8944 8954 8955 8945)
4(8659 8946 8956 8669)
4(8945 8955 8956 8946)
4(8660 8947 8957 8670)
4(8946 8956 8957 8947)
4(8947 8957 8958 8948)
4(8673 8960 8970 8683)
4(8682 8683 8970 8969)
4(8959 8969 8970 8960)
4(8674 8961 8971 8684)
4(8960 8970 8971 8961)
4(8675 8962 8972 8685)
4(8961 8971 8972 8962)
4(8676 8963 8973 8686)
4(8962 8972 8973 8963)
4(8677 8964 8974 8687)
4(8963 8973 8974 8964)
4(8678 8965 8975 8688)
4(8964 8974 8975 8965)
4(8679 8966 8976 8689)
4(8965 8975 8976 8966)
4(8680 8967 8977 8690)
4(8966 8976 8977 8967)
4(8690 8691 8978 8977)
4(8967 8977 8978 8968)
4(8692 8693 8980 8979)
4(8969 8979 8980 8970)
4(8694 8695 8982 8981)
4(8977 8981 8982 8978)
4(8696 8697 8984 8983)
4(8979 8983 8984 8980)
4(8698 8699 8986 8985)
4(8981 8985 8986 8982)
4(8700 8701 8988 8987)
4(8983 8987 8988 8984)
4(8705 8706 8993 8992)
4(8985 8992 8993 8986)
4(8707 8708 8995 8994)
4(8987 8994 8995 8988)
4(8703 8990 8997 8710)
4(8709 8710 8997 8996)
4(8989 8996 8997 8990)
4(8710 8711 8998 8997)
4(8990 8997 8998 8991)
4(8712 8713 9000 8999)
4(8992 8999 9000 8993)
4(8714 8715 9002 9001)
4(8994 9001 9002 8995)
4(8710 8997 9004 8717)
4(8716 8717 9004 9003)
4(8996 9003 9004 8997)
4(8717 8718 9005 9004)
4(8997 9004 9005 8998)
4(8719 8720 9007 9006)
4(8999 9006 9007 9000)
4(8721 8722 9009 9008)
4(9001 9008 9009 9002)
4(8717 9004 9011 8724)
4(8723 8724 9011 9010)
4(9003 9010 9011 9004)
4(8724 8725 9012 9011)
4(9004 9011 9012 9005)
4(8726 8727 9014 9013)
4(9006 9013 9014 9007)
4(8728 8729 9016 9015)
4(9008 9015 9016 9009)
4(8724 9011 9018 8731)
4(8730 8731 9018 9017)
4(9010 9017 9018 9011)
4(8731 8732 9019 9018)
4(9011 9018 9019 9012)
4(8733 8734 9021 9020)
4(9013 9020 9021 9014)
4(8735 8736 9023 9022)
4(9015 9022 9023 9016)
4(8731 9018 9025 8738)
4(8737 8738 9025 9024)
4(9017 9024 9025 9018)
4(8738 8739 9026 9025)
4(9018 9025 9026 9019)
4(8740 8741 9028 9027)
4(9020 9027 9028 9021)
4(8742 8743 9030 9029)
4(9022 9029 9030 9023)
4(8738 9025 9032 8745)
4(8744 8745 9032 9031)
4(9024 9031 9032 9025)
4(8745 8746 9033 9032)
4(9025 9032 9033 9026)
4(8747 8748 9035 9034)
4(9027 9034 9035 9028)
4(8749 8750 9037 9036)
4(9029 9036 9037 9030)
4(8745 9032 9039 8752)
4(8751 8752 9039 9038)
4(9031 9038 9039 9032)
4(8752 8753 9040 9039)
4(9032 9039 9040 9033)
4(8754 8755 9042 9041)
4(9034 9041 9042 9035)
4(8756 8757 9044 9043)
4(9036 9043 9044 9037)
4(8752 9039 9046 8759)
4(8758 8759 9046 9045)
4(9038 9045 9046 9039)
4(8759 8760 9047 9046)
4(9039 9046 9047 9040)
4(8761 8762 9049 9048)
4(9041 9048 9049 9042)
4(8763 8764 9051 9050)
4(9043 9050 9051 9044)
4(8759 9046 9053 8766)
4(8765 8766 9053 9052)
4(9045 9052 9053 9046)
4(8766 8767 9054 9053)
4(9046 9053 9054 9047)
4(8768 8769 9056 9055)
4(9048 9055 9056 9049)
4(8770 8771 9058 9057)
4(9050 9057 9058 9051)
4(8766 9053 9060 8773)
4(8772 8773 9060 9059)
4(9052 9059 9060 9053)
4(8773 8774 9061 9060)
4(9053 9060 9061 9054)
4(8775 8776 9063 9062)
4(9055 9062 9063 9056)
4(8777 8778 9065 9064)
4(9057 9064 9065 9058)
4(8773 9060 9067 8780)
4(8779 8780 9067 9066)
4(9059 9066 9067 9060)
4(8780 8781 9068 9067)
4(9060 9067 9068 9061)
4(8782 8783 9070 9069)
4(9062 9069 9070 9063)
4(8784 8785 9072 9071)
4(9064 9071 9072 9065)
4(8780 9067 9074 8787)
4(8786 8787 9074 9073)
4(9066 9073 9074 9067)
4(8787 8788 9075 9074)
4(9067 9074 9075 9068)
4(8789 8790 9077 9076)
4(9069 9076 9077 9070)
4(8791 8792 9079 9078)
4(9071 9078 9079 9072)
4(8787 9074 9081 8794)
4(8793 8794 9081 9080)
4(9073 9080 9081 9074)
4(8794 8795 9082 9081)
4(9074 9081 9082 9075)
4(8796 8797 9084 9083)
4(9076 9083 9084 9077)
4(8798 8799 9086 9085)
4(9078 9085 9086 9079)
4(8794 9081 9088 8801)
4(8800 8801 9088 9087)
4(9080 9087 9088 9081)
4(8801 8802 9089 9088)
4(9081 9088 9089 9082)
4(8803 8804 9091 9090)
4(9083 9090 9091 9084)
4(8805 8806 9093 9092)
4(9085 9092 9093 9086)
4(8801 9088 9095 8808)
4(8807 8808 9095 9094)
4(9087 9094 9095 9088)
4(8808 8809 9096 9095)
4(9088 9095 9096 9089)
4(8810 8811 9098 9097)
4(9090 9097 9098 9091)
4(8812 8813 9100 9099)
4(9092 9099 9100 9093)
4(8808 9095 9102 8815)
4(8814 8815 9102 9101)
4(9094 9101 9102 9095)
4(8815 8816 9103 9102)
4(9095 9102 9103 9096)
4(8817 8818 9105 9104)
4(9097 9104 9105 9098)
4(8819 8820 9107 9106)
4(9099 9106 9107 9100)
4(8815 9102 9109 8822)
4(8821 8822 9109 9108)
4(9101 9108 9109 9102)
4(8822 8823 9110 9109)
4(9102 9109 9110 9103)
4(8824 8825 9112 9111)
4(9104 9111 9112 9105)
4(8826 8827 9114 9113)
4(9106 9113 9114 9107)
4(8822 9109 9116 8829)
4(8828 8829 9116 9115)
4(9108 9115 9116 9109)
4(8829 8830 9117 9116)
4(9109 9116 9117 9110)
4(8831 8832 9119 9118)
4(9111 9118 9119 9112)
4(8833 8834 9121 9120)
4(9113 9120 9121 9114)
4(8829 9116 9123 8836)
4(8835 8836 9123 9122)
4(9115 9122 9123 9116)
4(8836 8837 9124 9123)
4(9116 9123 9124 9117)
4(8838 8839 9126 9125)
4(9118 9125 9126 9119)
4(8840 8841 9128 9127)
4(9120 9127 9128 9121)
4(8836 9123 9130 8843)
4(8842 8843 9130 9129)
4(9122 9129 9130 9123)
4(8843 8844 9131 9130)
4(9123 9130 9131 9124)
4(8845 8846 9133 9132)
4(9125 9132 9133 9126)
4(8847 8848 9135 9134)
4(9127 9134 9135 9128)
4(8843 9130 9137 8850)
4(8849 8850 9137 9136)
4(9129 9136 9137 9130)
4(8850 8851 9138 9137)
4(9130 9137 9138 9131)
4(8852 8853 9140 9139)
4(9132 9139 9140 9133)
4(8854 8855 9142 9141)
4(9134 9141 9142 9135)
4(8850 9137 9144 8857)
4(8856 8857 9144 9143)
4(9136 9143 9144 9137)
4(8857 8858 9145 9144)
4(9137 9144 9145 9138)
4(8859 8860 9147 9146)
4(9139 9146 9147 9140)
4(8861 8862 9149 9148)
4(9141 9148 9149 9142)
4(8857 9144 9151 8864)
4(8863 8864 9151 9150)
4(9143 9150 9151 9144)
4(8864 8865 9152 9151)
4(9144 9151 9152 9145)
4(8866 8867 9154 9153)
4(9146 9153 9154 9147)
4(8868 8869 9156 9155)
4(9148 9155 9156 9149)
4(8864 9151 9158 8871)
4(9150 9157 9158 9151)
4(9151 9158 9159 9152)
4(8873 8874 9161 9160)
4(9153 9160 9161 9154)
4(8875 8876 9163 9162)
4(9155 9162 9163 9156)
4(8877 8878 9165 9164)
4(9160 9164 9165 9161)
4(8879 8880 9167 9166)
4(9162 9166 9167 9163)
4(8881 8882 9169 9168)
4(9164 9168 9169 9165)
4(8883 8884 9171 9170)
4(9166 9170 9171 9167)
4(8885 8886 9173 9172)
4(9168 9172 9173 9169)
4(8887 8888 9175 9174)
4(9170 9174 9175 9171)
4(8889 8890 9177 9176)
4(9172 9176 9177 9173)
4(8891 8892 9179 9178)
4(9174 9178 9179 9175)
4(8893 8894 9181 9180)
4(9176 9180 9181 9177)
4(8895 8896 9183 9182)
4(9178 9182 9183 9179)
4(8897 8898 9185 9184)
4(9180 9184 9185 9181)
4(8899 8900 9187 9186)
4(9182 9186 9187 9183)
4(8901 8902 9189 9188)
4(9184 9188 9189 9185)
4(8903 8904 9191 9190)
4(9186 9190 9191 9187)
4(8905 8906 9193 9192)
4(9188 9192 9193 9189)
4(8907 8908 9195 9194)
4(9190 9194 9195 9191)
4(8909 8910 9197 9196)
4(9192 9196 9197 9193)
4(8911 8912 9199 9198)
4(9194 9198 9199 9195)
4(8913 8914 9201 9200)
4(9196 9200 9201 9197)
4(8915 8916 9203 9202)
4(9198 9202 9203 9199)
4(8917 8918 9205 9204)
4(9200 9204 9205 9201)
4(8919 8920 9207 9206)
4(9202 9206 9207 9203)
4(8921 8922 9209 9208)
4(9204 9208 9209 9205)
4(8923 8924 9211 9210)
4(9206 9210 9211 9207)
4(8925 8926 9213 9212)
4(9208 9212 9213 9209)
4(8927 8928 9215 9214)
4(9210 9214 9215 9211)
4(8929 8930 9217 9216)
4(9212 9216 9217 9213)
4(8931 8932 9219 9218)
4(9214 9218 9219 9215)
4(8933 8934 9221 9220)
4(9216 9220 9221 9217)
4(8935 8936 9223 9222)
4(9218 9222 9223 9219)
4(8937 8938 9225 9224)
4(9220 9224 9225 9221)
4(8939 8940 9227 9226)
4(9222 9226 9227 9223)
4(8947 8948 9235 9234)
4(9224 9234 9235 9225)
4(8940 9227 9237 8950)
4(9226 9236 9237 9227)
4(8941 9228 9238 8951)
4(9227 9237 9238 9228)
4(8942 9229 9239 8952)
4(9228 9238 9239 9229)
4(8943 9230 9240 8953)
4(9229 9239 9240 9230)
4(8944 9231 9241 8954)
4(9230 9240 9241 9231)
4(8945 9232 9242 8955)
4(9231 9241 9242 9232)
4(8946 9233 9243 8956)
4(9232 9242 9243 9233)
4(8947 9234 9244 8957)
4(9233 9243 9244 9234)
4(9234 9244 9245 9235)
4(8960 9247 9257 8970)
4(8969 8970 9257 9256)
4(9246 9256 9257 9247)
4(8961 9248 9258 8971)
4(8962 9249 9259 8972)
4(8963 9250 9260 8973)
4(8964 9251 9261 8974)
4(8965 9252 9262 8975)
4(8966 9253 9263 8976)
4(8967 9254 9264 8977)
4(8977 8978 9265 9264)
4(9254 9264 9265 9255)
4(8979 8980 9267 9266)
4(9256 9266 9267 9257)
4(8981 8982 9269 9268)
4(9264 9268 9269 9265)
4(8983 8984 9271 9270)
4(9266 9270 9271 9267)
4(8985 8986 9273 9272)
4(9268 9272 9273 9269)
4(8987 8988 9275 9274)
4(9270 9274 9275 9271)
4(8992 8993 9280 9279)
4(9272 9279 9280 9273)
4(8994 8995 9282 9281)
4(9274 9281 9282 9275)
4(8990 9277 9284 8997)
4(8996 8997 9284 9283)
4(9276 9283 9284 9277)
4(8997 8998 9285 9284)
4(9277 9284 9285 9278)
4(8999 9000 9287 9286)
4(9279 9286 9287 9280)
4(9001 9002 9289 9288)
4(9281 9288 9289 9282)
4(8997 9284 9291 9004)
4(9003 9004 9291 9290)
4(9283 9290 9291 9284)
4(9004 9005 9292 9291)
4(9284 9291 9292 9285)
4(9006 9007 9294 9293)
4(9286 9293 9294 9287)
4(9008 9009 9296 9295)
4(9288 9295 9296 9289)
4(9004 9291 9298 9011)
4(9010 9011 9298 9297)
4(9290 9297 9298 9291)
4(9011 9012 9299 9298)
4(9291 9298 9299 9292)
4(9013 9014 9301 9300)
4(9293 9300 9301 9294)
4(9015 9016 9303 9302)
4(9295 9302 9303 9296)
4(9011 9298 9305 9018)
4(9017 9018 9305 9304)
4(9297 9304 9305 9298)
4(9018 9019 9306 9305)
4(9298 9305 9306 9299)
4(9020 9021 9308 9307)
4(9300 9307 9308 9301)
4(9022 9023 9310 9309)
4(9302 9309 9310 9303)
4(9018 9305 9312 9025)
4(9024 9025 9312 9311)
4(9304 9311 9312 9305)
4(9025 9026 9313 9312)
4(9305 9312 9313 9306)
4(9027 9028 9315 9314)
4(9307 9314 9315 9308)
4(9029 9030 9317 9316)
4(9309 9316 9317 9310)
4(9025 9312 9319 9032)
4(9031 9032 9319 9318)
4(9311 9318 9319 9312)
4(9032 9033 9320 9319)
4(9312 9319 9320 9313)
4(9034 9035 9322 9321)
4(9314 9321 9322 9315)
4(9036 9037 9324 9323)
4(9316 9323 9324 9317)
4(9032 9319 9326 9039)
4(9038 9039 9326 9325)
4(9318 9325 9326 9319)
4(9039 9040 9327 9326)
4(9319 9326 9327 9320)
4(9041 9042 9329 9328)
4(9321 9328 9329 9322)
4(9043 9044 9331 9330)
4(9323 9330 9331 9324)
4(9039 9326 9333 9046)
4(9045 9046 9333 9332)
4(9325 9332 9333 9326)
4(9046 9047 9334 9333)
4(9326 9333 9334 9327)
4(9048 9049 9336 9335)
4(9328 9335 9336 9329)
4(9050 9051 9338 9337)
4(9330 9337 9338 9331)
4(9046 9333 9340 9053)
4(9052 9053 9340 9339)
4(9332 9339 9340 9333)
4(9053 9054 9341 9340)
4(9333 9340 9341 9334)
4(9055 9056 9343 9342)
4(9335 9342 9343 9336)
4(9057 9058 9345 9344)
4(9337 9344 9345 9338)
4(9053 9340 9347 9060)
4(9059 9060 9347 9346)
4(9339 9346 9347 9340)
4(9060 9061 9348 9347)
4(9340 9347 9348 9341)
4(9062 9063 9350 9349)
4(9342 9349 9350 9343)
4(9064 9065 9352 9351)
4(9344 9351 9352 9345)
4(9060 9347 9354 9067)
4(9066 9067 9354 9353)
4(9346 9353 9354 9347)
4(9067 9068 9355 9354)
4(9347 9354 9355 9348)
4(9069 9070 9357 9356)
4(9349 9356 9357 9350)
4(9071 9072 9359 9358)
4(9351 9358 9359 9352)
4(9067 9354 9361 9074)
4(9073 9074 9361 9360)
4(9353 9360 9361 9354)
4(9074 9075 9362 9361)
4(9354 9361 9362 9355)
4(9076 9077 9364 9363)
4(9356 9363 9364 9357)
4(9078 9079 9366 9365)
4(9358 9365 9366 9359)
4(9074 9361 9368 9081)
4(9080 9081 9368 9367)
4(9360 9367 9368 9361)
4(9081 9082 9369 9368)
4(9361 9368 9369 9362)
4(9083 9084 9371 9370)
4(9363 9370 9371 9364)
4(9085 9086 9373 9372)
4(9365 9372 9373 9366)
4(9081 9368 9375 9088)
4(9087 9088 9375 9374)
4(9367 9374 9375 9368)
4(9088 9089 9376 9375)
4(9368 9375 9376 9369)
4(9090 9091 9378 9377)
4(9370 9377 9378 9371)
4(9092 9093 9380 9379)
4(9372 9379 9380 9373)
4(9088 9375 9382 9095)
4(9094 9095 9382 9381)
4(9374 9381 9382 9375)
4(9095 9096 9383 9382)
4(9375 9382 9383 9376)
4(9097 9098 9385 9384)
4(9377 9384 9385 9378)
4(9099 9100 9387 9386)
4(9379 9386 9387 9380)
4(9095 9382 9389 9102)
4(9101 9102 9389 9388)
4(9381 9388 9389 9382)
4(9102 9103 9390 9389)
4(9382 9389 9390 9383)
4(9104 9105 9392 9391)
4(9384 9391 9392 9385)
4(9106 9107 9394 9393)
4(9386 9393 9394 9387)
4(9102 9389 9396 9109)
4(9108 9109 9396 9395)
4(9388 9395 9396 9389)
4(9109 9110 9397 9396)
4(9389 9396 9397 9390)
4(9111 9112 9399 9398)
4(9391 9398 9399 9392)
4(9113 9114 9401 9400)
4(9393 9400 9401 9394)
4(9109 9396 9403 9116)
4(9115 9116 9403 9402)
4(9395 9402 9403 9396)
4(9116 9117 9404 9403)
4(9396 9403 9404 9397)
4(9118 9119 9406 9405)
4(9398 9405 9406 9399)
4(9120 9121 9408 9407)
4(9400 9407 9408 9401)
4(9116 9403 9410 9123)
4(9122 9123 9410 9409)
4(9402 9409 9410 9403)
4(9123 9124 9411 9410)
4(9403 9410 9411 9404)
4(9125 9126 9413 9412)
4(9405 9412 9413 9406)
4(9127 9128 9415 9414)
4(9407 9414 9415 9408)
4(9123 9410 9417 9130)
4(9129 9130 9417 9416)
4(9409 9416 9417 9410)
4(9130 9131 9418 9417)
4(9410 9417 9418 9411)
4(9132 9133 9420 9419)
4(9412 9419 9420 9413)
4(9134 9135 9422 9421)
4(9414 9421 9422 9415)
4(9130 9417 9424 9137)
4(9136 9137 9424 9423)
4(9416 9423 9424 9417)
4(9137 9138 9425 9424)
4(9417 9424 9425 9418)
4(9139 9140 9427 9426)
4(9419 9426 9427 9420)
4(9141 9142 9429 9428)
4(9421 9428 9429 9422)
4(9137 9424 9431 9144)
4(9143 9144 9431 9430)
4(9423 9430 9431 9424)
4(9144 9145 9432 9431)
4(9424 9431 9432 9425)
4(9146 9147 9434 9433)
4(9426 9433 9434 9427)
4(9148 9149 9436 9435)
4(9428 9435 9436 9429)
4(9144 9431 9438 9151)
4(9150 9151 9438 9437)
4(9430 9437 9438 9431)
4(9151 9152 9439 9438)
4(9431 9438 9439 9432)
4(9153 9154 9441 9440)
4(9433 9440 9441 9434)
4(9155 9156 9443 9442)
4(9435 9442 9443 9436)
4(9151 9438 9445 9158)
4(9437 9444 9445 9438)
4(9438 9445 9446 9439)
4(9160 9161 9448 9447)
4(9440 9447 9448 9441)
4(9162 9163 9450 9449)
4(9442 9449 9450 9443)
4(9164 9165 9452 9451)
4(9447 9451 9452 9448)
4(9166 9167 9454 9453)
4(9449 9453 9454 9450)
4(9168 9169 9456 9455)
4(9451 9455 9456 9452)
4(9170 9171 9458 9457)
4(9453 9457 9458 9454)
4(9172 9173 9460 9459)
4(9455 9459 9460 9456)
4(9174 9175 9462 9461)
4(9457 9461 9462 9458)
4(9176 9177 9464 9463)
4(9459 9463 9464 9460)
4(9178 9179 9466 9465)
4(9461 9465 9466 9462)
4(9180 9181 9468 9467)
4(9463 9467 9468 9464)
4(9182 9183 9470 9469)
4(9465 9469 9470 9466)
4(9184 9185 9472 9471)
4(9467 9471 9472 9468)
4(9186 9187 9474 9473)
4(9469 9473 9474 9470)
4(9188 9189 9476 9475)
4(9471 9475 9476 9472)
4(9190 9191 9478 9477)
4(9473 9477 9478 9474)
4(9192 9193 9480 9479)
4(9475 9479 9480 9476)
4(9194 9195 9482 9481)
4(9477 9481 9482 9478)
4(9196 9197 9484 9483)
4(9479 9483 9484 9480)
4(9198 9199 9486 9485)
4(9481 9485 9486 9482)
4(9200 9201 9488 9487)
4(9483 9487 9488 9484)
4(9202 9203 9490 9489)
4(9485 9489 9490 9486)
4(9204 9205 9492 9491)
4(9487 9491 9492 9488)
4(9206 9207 9494 9493)
4(9489 9493 9494 9490)
4(9208 9209 9496 9495)
4(9491 9495 9496 9492)
4(9210 9211 9498 9497)
4(9493 9497 9498 9494)
4(9212 9213 9500 9499)
4(9495 9499 9500 9496)
4(9214 9215 9502 9501)
4(9497 9501 9502 9498)
4(9216 9217 9504 9503)
4(9499 9503 9504 9500)
4(9218 9219 9506 9505)
4(9501 9505 9506 9502)
4(9220 9221 9508 9507)
4(9503 9507 9508 9504)
4(9222 9223 9510 9509)
4(9505 9509 9510 9506)
4(9224 9225 9512 9511)
4(9507 9511 9512 9508)
4(9226 9227 9514 9513)
4(9509 9513 9514 9510)
4(9234 9235 9522 9521)
4(9511 9521 9522 9512)
4(9227 9514 9524 9237)
4(9513 9523 9524 9514)
4(9228 9515 9525 9238)
4(9514 9524 9525 9515)
4(9229 9516 9526 9239)
4(9515 9525 9526 9516)
4(9230 9517 9527 9240)
4(9516 9526 9527 9517)
4(9231 9518 9528 9241)
4(9517 9527 9528 9518)
4(9232 9519 9529 9242)
4(9518 9528 9529 9519)
4(9233 9520 9530 9243)
4(9519 9529 9530 9520)
4(9234 9521 9531 9244)
4(9520 9530 9531 9521)
4(9521 9531 9532 9522)
4(9256 9257 9538 9537)
4(9533 9537 9538 9534)
4(9264 9265 9540 9539)
4(9535 9539 9540 9536)
4(9266 9267 9542 9541)
4(9537 9541 9542 9538)
4(9268 9269 9544 9543)
4(9539 9543 9544 9540)
4(9270 9271 9546 9545)
4(9541 9545 9546 9542)
4(9272 9273 9548 9547)
4(9543 9547 9548 9544)
4(9274 9275 9550 9549)
4(9545 9549 9550 9546)
4(9279 9280 9555 9554)
4(9547 9554 9555 9548)
4(9281 9282 9557 9556)
4(9549 9556 9557 9550)
4(9277 9552 9559 9284)
4(9283 9284 9559 9558)
4(9551 9558 9559 9552)
4(9284 9285 9560 9559)
4(9552 9559 9560 9553)
4(9286 9287 9562 9561)
4(9554 9561 9562 9555)
4(9288 9289 9564 9563)
4(9556 9563 9564 9557)
4(9284 9559 9566 9291)
4(9290 9291 9566 9565)
4(9558 9565 9566 9559)
4(9291 9292 9567 9566)
4(9559 9566 9567 9560)
4(9293 9294 9569 9568)
4(9561 9568 9569 9562)
4(9295 9296 9571 9570)
4(9563 9570 9571 9564)
4(9291 9566 9573 9298)
4(9297 9298 9573 9572)
4(9565 9572 9573 9566)
4(9298 9299 9574 9573)
4(9566 9573 9574 9567)
4(9300 9301 9576 9575)
4(9568 9575 9576 9569)
4(9302 9303 9578 9577)
4(9570 9577 9578 9571)
4(9298 9573 9580 9305)
4(9304 9305 9580 9579)
4(9572 9579 9580 9573)
4(9305 9306 9581 9580)
4(9573 9580 9581 9574)
4(9307 9308 9583 9582)
4(9575 9582 9583 9576)
4(9309 9310 9585 9584)
4(9577 9584 9585 9578)
4(9305 9580 9587 9312)
4(9311 9312 9587 9586)
4(9579 9586 9587 9580)
4(9312 9313 9588 9587)
4(9580 9587 9588 9581)
4(9314 9315 9590 9589)
4(9582 9589 9590 9583)
4(9316 9317 9592 9591)
4(9584 9591 9592 9585)
4(9312 9587 9594 9319)
4(9318 9319 9594 9593)
4(9586 9593 9594 9587)
4(9319 9320 9595 9594)
4(9587 9594 9595 9588)
4(9321 9322 9597 9596)
4(9589 9596 9597 9590)
4(9323 9324 9599 9598)
4(9591 9598 9599 9592)
4(9319 9594 9601 9326)
4(9325 9326 9601 9600)
4(9593 9600 9601 9594)
4(9326 9327 9602 9601)
4(9594 9601 9602 9595)
4(9328 9329 9604 9603)
4(9596 9603 9604 9597)
4(9330 9331 9606 9605)
4(9598 9605 9606 9599)
4(9326 9601 9608 9333)
4(9332 9333 9608 9607)
4(9600 9607 9608 9601)
4(9333 9334 9609 9608)
4(9601 9608 9609 9602)
4(9335 9336 9611 9610)
4(9603 9610 9611 9604)
4(9337 9338 9613 9612)
4(9605 9612 9613 9606)
4(9333 9608 9615 9340)
4(9339 9340 9615 9614)
4(9607 9614 9615 9608)
4(9340 9341 9616 9615)
4(9608 9615 9616 9609)
4(9342 9343 9618 9617)
4(9610 9617 9618 9611)
4(9344 9345 9620 9619)
4(9612 9619 9620 9613)
4(9340 9615 9622 9347)
4(9346 9347 9622 9621)
4(9614 9621 9622 9615)
4(9347 9348 9623 9622)
4(9615 9622 9623 9616)
4(9349 9350 9625 9624)
4(9617 9624 9625 9618)
4(9351 9352 9627 9626)
4(9619 9626 9627 9620)
4(9347 9622 9629 9354)
4(9353 9354 9629 9628)
4(9621 9628 9629 9622)
4(9354 9355 9630 9629)
4(9622 9629 9630 9623)
4(9356 9357 9632 9631)
4(9624 9631 9632 9625)
4(9358 9359 9634 9633)
4(9626 9633 9634 9627)
4(9354 9629 9636 9361)
4(9360 9361 9636 9635)
4(9628 9635 9636 9629)
4(9361 9362 9637 9636)
4(9629 9636 9637 9630)
4(9363 9364 9639 9638)
4(9631 9638 9639 9632)
4(9365 9366 9641 9640)
4(9633 9640 9641 9634)
4(9361 9636 9643 9368)
4(9367 9368 9643 9642)
4(9635 9642 9643 9636)
4(9368 9369 9644 9643)
4(9636 9643 9644 9637)
4(9370 9371 9646 9645)
4(9638 9645 9646 9639)
4(9372 9373 9648 9647)
4(9640 9647 9648 9641)
4(9368 9643 9650 9375)
4(9374 9375 9650 9649)
4(9642 9649 9650 9643)
4(9375 9376 9651 9650)
4(9643 9650 9651 9644)
4(9377 9378 9653 9652)
4(9645 9652 9653 9646)
4(9379 9380 9655 9654)
4(9647 9654 9655 9648)
4(9375 9650 9657 9382)
4(9381 9382 9657 9656)
4(9649 9656 9657 9650)
4(9382 9383 9658 9657)
4(9650 9657 9658 9651)
4(9384 9385 9660 9659)
4(9652 9659 9660 9653)
4(9386 9387 9662 9661)
4(9654 9661 9662 9655)
4(9382 9657 9664 9389)
4(9388 9389 9664 9663)
4(9656 9663 9664 9657)
4(9389 9390 9665 9664)
4(9657 9664 9665 9658)
4(9391 9392 9667 9666)
4(9659 9666 9667 9660)
4(9393 9394 9669 9668)
4(9661 9668 9669 9662)
4(9389 9664 9671 9396)
4(9395 9396 9671 9670)
4(9663 9670 9671 9664)
4(9396 9397 9672 9671)
4(9664 9671 9672 9665)
4(9398 9399 9674 9673)
4(9666 9673 9674 9667)
4(9400 9401 9676 9675)
4(9668 9675 9676 9669)
4(9396 9671 9678 9403)
4(9402 9403 9678 9677)
4(9670 9677 9678 9671)
4(9403 9404 9679 9678)
4(9671 9678 9679 9672)
4(9405 9406 9681 9680)
4(9673 9680 9681 9674)
4(9407 9408 9683 9682)
4(9675 9682 9683 9676)
4(9403 9678 9685 9410)
4(9409 9410 9685 9684)
4(9677 9684 9685 9678)
4(9410 9411 9686 9685)
4(9678 9685 9686 9679)
4(9412 9413 9688 9687)
4(9680 9687 9688 9681)
4(9414 9415 9690 9689)
4(9682 9689 9690 9683)
4(9410 9685 9692 9417)
4(9416 9417 9692 9691)
4(9684 9691 9692 9685)
4(9417 9418 9693 9692)
4(9685 9692 9693 9686)
4(9419 9420 9695 9694)
4(9687 9694 9695 9688)
4(9421 9422 9697 9696)
4(9689 9696 9697 9690)
4(9417 9692 9699 9424)
4(9423 9424 9699 9698)
4(9691 9698 9699 9692)
4(9424 9425 9700 9699)
4(9692 9699 9700 9693)
4(9426 9427 9702 9701)
4(9694 9701 9702 9695)
4(9428 9429 9704 9703)
4(9696 9703 9704 9697)
4(9424 9699 9706 9431)
4(9430 9431 9706 9705)
4(9698 9705 9706 9699)
4(9431 9432 9707 9706)
4(9699 9706 9707 9700)
4(9433 9434 9709 9708)
4(9701 9708 9709 9702)
4(9435 9436 9711 9710)
4(9703 9710 9711 9704)
4(9431 9706 9713 9438)
4(9437 9438 9713 9712)
4(9705 9712 9713 9706)
4(9438 9439 9714 9713)
4(9706 9713 9714 9707)
4(9440 9441 9716 9715)
4(9708 9715 9716 9709)
4(9442 9443 9718 9717)
4(9710 9717 9718 9711)
4(9438 9713 9720 9445)
4(9712 9719 9720 9713)
4(9713 9720 9721 9714)
4(9447 9448 9723 9722)
4(9715 9722 9723 9716)
4(9449 9450 9725 9724)
4(9717 9724 9725 9718)
4(9451 9452 9727 9726)
4(9722 9726 9727 9723)
4(9453 9454 9729 9728)
4(9724 9728 9729 9725)
4(9455 9456 9731 9730)
4(9726 9730 9731 9727)
4(9457 9458 9733 9732)
4(9728 9732 9733 9729)
4(9459 9460 9735 9734)
4(9730 9734 9735 9731)
4(9461 9462 9737 9736)
4(9732 9736 9737 9733)
4(9463 9464 9739 9738)
4(9734 9738 9739 9735)
4(9465 9466 9741 9740)
4(9736 9740 9741 9737)
4(9467 9468 9743 9742)
4(9738 9742 9743 9739)
4(9469 9470 9745 9744)
4(9740 9744 9745 9741)
4(9471 9472 9747 9746)
4(9742 9746 9747 9743)
4(9473 9474 9749 9748)
4(9744 9748 9749 9745)
4(9475 9476 9751 9750)
4(9746 9750 9751 9747)
4(9477 9478 9753 9752)
4(9748 9752 9753 9749)
4(9479 9480 9755 9754)
4(9750 9754 9755 9751)
4(9481 9482 9757 9756)
4(9752 9756 9757 9753)
4(9483 9484 9759 9758)
4(9754 9758 9759 9755)
4(9485 9486 9761 9760)
4(9756 9760 9761 9757)
4(9487 9488 9763 9762)
4(9758 9762 9763 9759)
4(9489 9490 9765 9764)
4(9760 9764 9765 9761)
4(9491 9492 9767 9766)
4(9762 9766 9767 9763)
4(9493 9494 9769 9768)
4(9764 9768 9769 9765)
4(9495 9496 9771 9770)
4(9766 9770 9771 9767)
4(9497 9498 9773 9772)
4(9768 9772 9773 9769)
4(9499 9500 9775 9774)
4(9770 9774 9775 9771)
4(9501 9502 9777 9776)
4(9772 9776 9777 9773)
4(9503 9504 9779 9778)
4(9774 9778 9779 9775)
4(9505 9506 9781 9780)
4(9776 9780 9781 9777)
4(9507 9508 9783 9782)
4(9778 9782 9783 9779)
4(9509 9510 9785 9784)
4(9780 9784 9785 9781)
4(9511 9512 9787 9786)
4(9782 9786 9787 9783)
4(9513 9514 9789 9788)
4(9784 9788 9789 9785)
4(9521 9522 9797 9796)
4(9786 9796 9797 9787)
4(9514 9789 9799 9524)
4(9788 9798 9799 9789)
4(9515 9790 9800 9525)
4(9789 9799 9800 9790)
4(9516 9791 9801 9526)
4(9790 9800 9801 9791)
4(9517 9792 9802 9527)
4(9791 9801 9802 9792)
4(9518 9793 9803 9528)
4(9792 9802 9803 9793)
4(9519 9794 9804 9529)
4(9793 9803 9804 9794)
4(9520 9795 9805 9530)
4(9794 9804 9805 9795)
4(9521 9796 9806 9531)
4(9795 9805 9806 9796)
4(9796 9806 9807 9797)
4(9537 9538 9813 9812)
4(9808 9812 9813 9809)
4(9539 9540 9815 9814)
4(9810 9814 9815 9811)
4(9541 9542 9817 9816)
4(9812 9816 9817 9813)
4(9543 9544 9819 9818)
4(9814 9818 9819 9815)
4(9545 9546 9821 9820)
4(9816 9820 9821 9817)
4(9547 9548 9823 9822)
4(9818 9822 9823 9819)
4(9549 9550 9825 9824)
4(9820 9824 9825 9821)
4(9554 9555 9830 9829)
4(9822 9829 9830 9823)
4(9556 9557 9832 9831)
4(9824 9831 9832 9825)
4(9552 9827 9834 9559)
4(9558 9559 9834 9833)
4(9826 9833 9834 9827)
4(9559 9560 9835 9834)
4(9827 9834 9835 9828)
4(9561 9562 9837 9836)
4(9829 9836 9837 9830)
4(9563 9564 9839 9838)
4(9831 9838 9839 9832)
4(9559 9834 9841 9566)
4(9565 9566 9841 9840)
4(9833 9840 9841 9834)
4(9566 9567 9842 9841)
4(9834 9841 9842 9835)
4(9568 9569 9844 9843)
4(9836 9843 9844 9837)
4(9570 9571 9846 9845)
4(9838 9845 9846 9839)
4(9566 9841 9848 9573)
4(9572 9573 9848 9847)
4(9840 9847 9848 9841)
4(9573 9574 9849 9848)
4(9841 9848 9849 9842)
4(9575 9576 9851 9850)
4(9843 9850 9851 9844)
4(9577 9578 9853 9852)
4(9845 9852 9853 9846)
4(9573 9848 9855 9580)
4(9579 9580 9855 9854)
4(9847 9854 9855 9848)
4(9580 9581 9856 9855)
4(9848 9855 9856 9849)
4(9582 9583 9858 9857)
4(9850 9857 9858 9851)
4(9584 9585 9860 9859)
4(9852 9859 9860 9853)
4(9580 9855 9862 9587)
4(9586 9587 9862 9861)
4(9854 9861 9862 9855)
4(9587 9588 9863 9862)
4(9855 9862 9863 9856)
4(9589 9590 9865 9864)
4(9857 9864 9865 9858)
4(9591 9592 9867 9866)
4(9859 9866 9867 9860)
4(9587 9862 9869 9594)
4(9593 9594 9869 9868)
4(9861 9868 9869 9862)
4(9594 9595 9870 9869)
4(9862 9869 9870 9863)
4(9596 9597 9872 9871)
4(9864 9871 9872 9865)
4(9598 9599 9874 9873)
4(9866 9873 9874 9867)
4(9594 9869 9876 9601)
4(9600 9601 9876 9875)
4(9868 9875 9876 9869)
4(9601 9602 9877 9876)
4(9869 9876 9877 9870)
4(9603 9604 9879 9878)
4(9871 9878 9879 9872)
4(9605 9606 9881 9880)
4(9873 9880 9881 9874)
4(9601 9876 9883 9608)
4(9607 9608 9883 9882)
4(9875 9882 9883 9876)
4(9608 9609 9884 9883)
4(9876 9883 9884 9877)
4(9610 9611 9886 9885)
4(9878 9885 9886 9879)
4(9612 9613 9888 9887)
4(9880 9887 9888 9881)
4(9608 9883 9890 9615)
4(9614 9615 9890 9889)
4(9882 9889 9890 9883)
4(9615 9616 9891 9890)
4(9883 9890 9891 9884)
4(9617 9618 9893 9892)
4(9885 9892 9893 9886)
4(9619 9620 9895 9894)
4(9887 9894 9895 9888)
4(9615 9890 9897 9622)
4(9621 9622 9897 9896)
4(9889 9896 9897 9890)
4(9622 9623 9898 9897)
4(9890 9897 9898 9891)
4(9624 9625 9900 9899)
4(9892 9899 9900 9893)
4(9626 9627 9902 9901)
4(9894 9901 9902 9895)
4(9622 9897 9904 9629)
4(9628 9629 9904 9903)
4(9896 9903 9904 9897)
4(9629 9630 9905 9904)
4(9897 9904 9905 9898)
4(9631 9632 9907 9906)
4(9899 9906 9907 9900)
4(9633 9634 9909 9908)
4(9901 9908 9909 9902)
4(9629 9904 9911 9636)
4(9635 9636 9911 9910)
4(9903 9910 9911 9904)
4(9636 9637 9912 9911)
4(9904 9911 9912 9905)
4(9638 9639 9914 9913)
4(9906 9913 9914 9907)
4(9640 9641 9916 9915)
4(9908 9915 9916 9909)
4(9636 9911 9918 9643)
4(9642 9643 9918 9917)
4(9910 9917 9918 9911)
4(9643 9644 9919 9918)
4(9911 9918 9919 9912)
4(9645 9646 9921 9920)
4(9913 9920 9921 9914)
4(9647 9648 9923 9922)
4(9915 9922 9923 9916)
4(9643 9918 9925 9650)
4(9649 9650 9925 9924)
4(9917 9924 9925 9918)
4(9650 9651 9926 9925)
4(9918 9925 9926 9919)
4(9652 9653 9928 9927)
4(9920 9927 9928 9921)
4(9654 9655 9930 9929)
4(9922 9929 9930 9923)
4(9650 9925 9932 9657)
4(9656 9657 9932 9931)
4(9924 9931 9932 9925)
4(9657 9658 9933 9932)
4(9925 9932 9933 9926)
4(9659 9660 9935 9934)
4(9927 9934 9935 9928)
4(9661 9662 9937 9936)
4(9929 9936 9937 9930)
4(9657 9932 9939 9664)
4(9663 9664 9939 9938)
4(9931 9938 9939 9932)
4(9664 9665 9940 9939)
4(9932 9939 9940 9933)
4(9666 9667 9942 9941)
4(9934 9941 9942 9935)
4(9668 9669 9944 9943)
4(9936 9943 9944 9937)
4(9664 9939 9946 9671)
4(9670 9671 9946 9945)
4(9938 9945 9946 9939)
4(9671 9672 9947 9946)
4(9939 9946 9947 9940)
4(9673 9674 9949 9948)
4(9941 9948 9949 9942)
4(9675 9676 9951 9950)
4(9943 9950 9951 9944)
4(9671 9946 9953 9678)
4(9677 9678 9953 9952)
4(9945 9952 9953 9946)
4(9678 9679 9954 9953)
4(9946 9953 9954 9947)
4(9680 9681 9956 9955)
4(9948 9955 9956 9949)
4(9682 9683 9958 9957)
4(9950 9957 9958 9951)
4(9678 9953 9960 9685)
4(9684 9685 9960 9959)
4(9952 9959 9960 9953)
4(9685 9686 9961 9960)
4(9953 9960 9961 9954)
4(9687 9688 9963 9962)
4(9955 9962 9963 9956)
4(9689 9690 9965 9964)
4(9957 9964 9965 9958)
4(9685 9960 9967 9692)
4(9691 9692 9967 9966)
4(9959 9966 9967 9960)
4(9692 9693 9968 9967)
4(9960 9967 9968 9961)
4(9694 9695 9970 9969)
4(9962 9969 9970 9963)
4(9696 9697 9972 9971)
4(9964 9971 9972 9965)
4(9692 9967 9974 9699)
4(9698 9699 9974 9973)
4(9966 9973 9974 9967)
4(9699 9700 9975 9974)
4(9967 9974 9975 9968)
4(9701 9702 9977 9976)
4(9969 9976 9977 9970)
4(9703 9704 9979 9978)
4(9971 9978 9979 9972)
4(9699 9974 9981 9706)
4(9705 9706 9981 9980)
4(9973 9980 9981 9974)
4(9706 9707 9982 9981)
4(9974 9981 9982 9975)
4(9708 9709 9984 9983)
4(9976 9983 9984 9977)
4(9710 9711 9986 9985)
4(9978 9985 9986 9979)
4(9706 9981 9988 9713)
4(9712 9713 9988 9987)
4(9980 9987 9988 9981)
4(9713 9714 9989 9988)
4(9981 9988 9989 9982)
4(9715 9716 9991 9990)
4(9983 9990 9991 9984)
4(9717 9718 9993 9992)
4(9985 9992 9993 9986)
4(9713 9988 9995 9720)
4(9987 9994 9995 9988)
4(9988 9995 9996 9989)
4(9722 9723 9998 9997)
4(9990 9997 9998 9991)
4(9724 9725 10000 9999)
4(9992 9999 10000 9993)
4(9726 9727 10002 10001)
4(9997 10001 10002 9998)
4(9728 9729 10004 10003)
4(9999 10003 10004 10000)
4(9730 9731 10006 10005)
4(10001 10005 10006 10002)
4(9732 9733 10008 10007)
4(10003 10007 10008 10004)
4(9734 9735 10010 10009)
4(10005 10009 10010 10006)
4(9736 9737 10012 10011)
4(10007 10011 10012 10008)
4(9738 9739 10014 10013)
4(10009 10013 10014 10010)
4(9740 9741 10016 10015)
4(10011 10015 10016 10012)
4(9742 9743 10018 10017)
4(10013 10017 10018 10014)
4(9744 9745 10020 10019)
4(10015 10019 10020 10016)
4(9746 9747 10022 10021)
4(10017 10021 10022 10018)
4(9748 9749 10024 10023)
4(10019 10023 10024 10020)
4(9750 9751 10026 10025)
4(10021 10025 10026 10022)
4(9752 9753 10028 10027)
4(10023 10027 10028 10024)
4(9754 9755 10030 10029)
4(10025 10029 10030 10026)
4(9756 9757 10032 10031)
4(10027 10031 10032 10028)
4(9758 9759 10034 10033)
4(10029 10033 10034 10030)
4(9760 9761 10036 10035)
4(10031 10035 10036 10032)
4(9762 9763 10038 10037)
4(10033 10037 10038 10034)
4(9764 9765 10040 10039)
4(10035 10039 10040 10036)
4(9766 9767 10042 10041)
4(10037 10041 10042 10038)
4(9768 9769 10044 10043)
4(10039 10043 10044 10040)
4(9770 9771 10046 10045)
4(10041 10045 10046 10042)
4(9772 9773 10048 10047)
4(10043 10047 10048 10044)
4(9774 9775 10050 10049)
4(10045 10049 10050 10046)
4(9776 9777 10052 10051)
4(10047 10051 10052 10048)
4(9778 9779 10054 10053)
4(10049 10053 10054 10050)
4(9780 9781 10056 10055)
4(10051 10055 10056 10052)
4(9782 9783 10058 10057)
4(10053 10057 10058 10054)
4(9784 9785 10060 10059)
4(10055 10059 10060 10056)
4(9786 9787 10062 10061)
4(10057 10061 10062 10058)
4(9788 9789 10064 10063)
4(10059 10063 10064 10060)
4(9796 9797 10072 10071)
4(10061 10071 10072 10062)
4(9789 10064 10074 9799)
4(10063 10073 10074 10064)
4(9790 10065 10075 9800)
4(10064 10074 10075 10065)
4(9791 10066 10076 9801)
4(10065 10075 10076 10066)
4(9792 10067 10077 9802)
4(10066 10076 10077 10067)
4(9793 10068 10078 9803)
4(10067 10077 10078 10068)
4(9794 10069 10079 9804)
4(10068 10078 10079 10069)
4(9795 10070 10080 9805)
4(10069 10079 10080 10070)
4(9796 10071 10081 9806)
4(10070 10080 10081 10071)
4(10071 10081 10082 10072)
4(9812 9813 10088 10087)
4(10083 10087 10088 10084)
4(9814 9815 10090 10089)
4(10085 10089 10090 10086)
4(9816 9817 10092 10091)
4(10087 10091 10092 10088)
4(9818 9819 10094 10093)
4(10089 10093 10094 10090)
4(9820 9821 10096 10095)
4(10091 10095 10096 10092)
4(9822 9823 10098 10097)
4(10093 10097 10098 10094)
4(9824 9825 10100 10099)
4(10095 10099 10100 10096)
4(9829 9830 10105 10104)
4(10097 10104 10105 10098)
4(9831 9832 10107 10106)
4(10099 10106 10107 10100)
4(9827 10102 10109 9834)
4(9833 9834 10109 10108)
4(10101 10108 10109 10102)
4(9834 9835 10110 10109)
4(10102 10109 10110 10103)
4(9836 9837 10112 10111)
4(10104 10111 10112 10105)
4(9838 9839 10114 10113)
4(10106 10113 10114 10107)
4(9834 10109 10116 9841)
4(9840 9841 10116 10115)
4(10108 10115 10116 10109)
4(9841 9842 10117 10116)
4(10109 10116 10117 10110)
4(9843 9844 10119 10118)
4(10111 10118 10119 10112)
4(9845 9846 10121 10120)
4(10113 10120 10121 10114)
4(9841 10116 10123 9848)
4(9847 9848 10123 10122)
4(10115 10122 10123 10116)
4(9848 9849 10124 10123)
4(10116 10123 10124 10117)
4(9850 9851 10126 10125)
4(10118 10125 10126 10119)
4(9852 9853 10128 10127)
4(10120 10127 10128 10121)
4(9848 10123 10130 9855)
4(9854 9855 10130 10129)
4(10122 10129 10130 10123)
4(9855 9856 10131 10130)
4(10123 10130 10131 10124)
4(9857 9858 10133 10132)
4(10125 10132 10133 10126)
4(9859 9860 10135 10134)
4(10127 10134 10135 10128)
4(9855 10130 10137 9862)
4(9861 9862 10137 10136)
4(10129 10136 10137 10130)
4(9862 9863 10138 10137)
4(10130 10137 10138 10131)
4(9864 9865 10140 10139)
4(10132 10139 10140 10133)
4(9866 9867 10142 10141)
4(10134 10141 10142 10135)
4(9862 10137 10144 9869)
4(9868 9869 10144 10143)
4(10136 10143 10144 10137)
4(9869 9870 10145 10144)
4(10137 10144 10145 10138)
4(9871 9872 10147 10146)
4(10139 10146 10147 10140)
4(9873 9874 10149 10148)
4(10141 10148 10149 10142)
4(9869 10144 10151 9876)
4(9875 9876 10151 10150)
4(10143 10150 10151 10144)
4(9876 9877 10152 10151)
4(10144 10151 10152 10145)
4(9878 9879 10154 10153)
4(10146 10153 10154 10147)
4(9880 9881 10156 10155)
4(10148 10155 10156 10149)
4(9876 10151 10158 9883)
4(9882 9883 10158 10157)
4(10150 10157 10158 10151)
4(9883 9884 10159 10158)
4(10151 10158 10159 10152)
4(9885 9886 10161 10160)
4(10153 10160 10161 10154)
4(9887 9888 10163 10162)
4(10155 10162 10163 10156)
4(9883 10158 10165 9890)
4(9889 9890 10165 10164)
4(10157 10164 10165 10158)
4(9890 9891 10166 10165)
4(10158 10165 10166 10159)
4(9892 9893 10168 10167)
4(10160 10167 10168 10161)
4(9894 9895 10170 10169)
4(10162 10169 10170 10163)
4(9890 10165 10172 9897)
4(9896 9897 10172 10171)
4(10164 10171 10172 10165)
4(9897 9898 10173 10172)
4(10165 10172 10173 10166)
4(9899 9900 10175 10174)
4(10167 10174 10175 10168)
4(9901 9902 10177 10176)
4(10169 10176 10177 10170)
4(9897 10172 10179 9904)
4(9903 9904 10179 10178)
4(10171 10178 10179 10172)
4(9904 9905 10180 10179)
4(10172 10179 10180 10173)
4(9906 9907 10182 10181)
4(10174 10181 10182 10175)
4(9908 9909 10184 10183)
4(10176 10183 10184 10177)
4(9904 10179 10186 9911)
4(9910 9911 10186 10185)
4(10178 10185 10186 10179)
4(9911 9912 10187 10186)
4(10179 10186 10187 10180)
4(9913 9914 10189 10188)
4(10181 10188 10189 10182)
4(9915 9916 10191 10190)
4(10183 10190 10191 10184)
4(9911 10186 10193 9918)
4(9917 9918 10193 10192)
4(10185 10192 10193 10186)
4(9918 9919 10194 10193)
4(10186 10193 10194 10187)
4(9920 9921 10196 10195)
4(10188 10195 10196 10189)
4(9922 9923 10198 10197)
4(10190 10197 10198 10191)
4(9918 10193 10200 9925)
4(9924 9925 10200 10199)
4(10192 10199 10200 10193)
4(9925 9926 10201 10200)
4(10193 10200 10201 10194)
4(9927 9928 10203 10202)
4(10195 10202 10203 10196)
4(9929 9930 10205 10204)
4(10197 10204 10205 10198)
4(9925 10200 10207 9932)
4(9931 9932 10207 10206)
4(10199 10206 10207 10200)
4(9932 9933 10208 10207)
4(10200 10207 10208 10201)
4(9934 9935 10210 10209)
4(10202 10209 10210 10203)
4(9936 9937 10212 10211)
4(10204 10211 10212 10205)
4(9932 10207 10214 9939)
4(9938 9939 10214 10213)
4(10206 10213 10214 10207)
4(9939 9940 10215 10214)
4(10207 10214 10215 10208)
4(9941 9942 10217 10216)
4(10209 10216 10217 10210)
4(9943 9944 10219 10218)
4(10211 10218 10219 10212)
4(9939 10214 10221 9946)
4(9945 9946 10221 10220)
4(10213 10220 10221 10214)
4(9946 9947 10222 10221)
4(10214 10221 10222 10215)
4(9948 9949 10224 10223)
4(10216 10223 10224 10217)
4(9950 9951 10226 10225)
4(10218 10225 10226 10219)
4(9946 10221 10228 9953)
4(9952 9953 10228 10227)
4(10220 10227 10228 10221)
4(9953 9954 10229 10228)
4(10221 10228 10229 10222)
4(9955 9956 10231 10230)
4(10223 10230 10231 10224)
4(9957 9958 10233 10232)
4(10225 10232 10233 10226)
4(9953 10228 10235 9960)
4(9959 9960 10235 10234)
4(10227 10234 10235 10228)
4(9960 9961 10236 10235)
4(10228 10235 10236 10229)
4(9962 9963 10238 10237)
4(10230 10237 10238 10231)
4(9964 9965 10240 10239)
4(10232 10239 10240 10233)
4(9960 10235 10242 9967)
4(9966 9967 10242 10241)
4(10234 10241 10242 10235)
4(9967 9968 10243 10242)
4(10235 10242 10243 10236)
4(9969 9970 10245 10244)
4(10237 10244 10245 10238)
4(9971 9972 10247 10246)
4(10239 10246 10247 10240)
4(9967 10242 10249 9974)
4(9973 9974 10249 10248)
4(10241 10248 10249 10242)
4(9974 9975 10250 10249)
4(10242 10249 10250 10243)
4(9976 9977 10252 10251)
4(10244 10251 10252 10245)
4(9978 9979 10254 10253)
4(10246 10253 10254 10247)
4(9974 10249 10256 9981)
4(9980 9981 10256 10255)
4(10248 10255 10256 10249)
4(9981 9982 10257 10256)
4(10249 10256 10257 10250)
4(9983 9984 10259 10258)
4(10251 10258 10259 10252)
4(9985 9986 10261 10260)
4(10253 10260 10261 10254)
4(9981 10256 10263 9988)
4(9987 9988 10263 10262)
4(10255 10262 10263 10256)
4(9988 9989 10264 10263)
4(10256 10263 10264 10257)
4(9990 9991 10266 10265)
4(10258 10265 10266 10259)
4(9992 9993 10268 10267)
4(10260 10267 10268 10261)
4(9988 10263 10270 9995)
4(10262 10269 10270 10263)
4(10263 10270 10271 10264)
4(9997 9998 10273 10272)
4(10265 10272 10273 10266)
4(9999 10000 10275 10274)
4(10267 10274 10275 10268)
4(10001 10002 10277 10276)
4(10272 10276 10277 10273)
4(10003 10004 10279 10278)
4(10274 10278 10279 10275)
4(10005 10006 10281 10280)
4(10276 10280 10281 10277)
4(10007 10008 10283 10282)
4(10278 10282 10283 10279)
4(10009 10010 10285 10284)
4(10280 10284 10285 10281)
4(10011 10012 10287 10286)
4(10282 10286 10287 10283)
4(10013 10014 10289 10288)
4(10284 10288 10289 10285)
4(10015 10016 10291 10290)
4(10286 10290 10291 10287)
4(10017 10018 10293 10292)
4(10288 10292 10293 10289)
4(10019 10020 10295 10294)
4(10290 10294 10295 10291)
4(10021 10022 10297 10296)
4(10292 10296 10297 10293)
4(10023 10024 10299 10298)
4(10294 10298 10299 10295)
4(10025 10026 10301 10300)
4(10296 10300 10301 10297)
4(10027 10028 10303 10302)
4(10298 10302 10303 10299)
4(10029 10030 10305 10304)
4(10300 10304 10305 10301)
4(10031 10032 10307 10306)
4(10302 10306 10307 10303)
4(10033 10034 10309 10308)
4(10304 10308 10309 10305)
4(10035 10036 10311 10310)
4(10306 10310 10311 10307)
4(10037 10038 10313 10312)
4(10308 10312 10313 10309)
4(10039 10040 10315 10314)
4(10310 10314 10315 10311)
4(10041 10042 10317 10316)
4(10312 10316 10317 10313)
4(10043 10044 10319 10318)
4(10314 10318 10319 10315)
4(10045 10046 10321 10320)
4(10316 10320 10321 10317)
4(10047 10048 10323 10322)
4(10318 10322 10323 10319)
4(10049 10050 10325 10324)
4(10320 10324 10325 10321)
4(10051 10052 10327 10326)
4(10322 10326 10327 10323)
4(10053 10054 10329 10328)
4(10324 10328 10329 10325)
4(10055 10056 10331 10330)
4(10326 10330 10331 10327)
4(10057 10058 10333 10332)
4(10328 10332 10333 10329)
4(10059 10060 10335 10334)
4(10330 10334 10335 10331)
4(10061 10062 10337 10336)
4(10332 10336 10337 10333)
4(10063 10064 10339 10338)
4(10334 10338 10339 10335)
4(10071 10072 10347 10346)
4(10336 10346 10347 10337)
4(10064 10339 10349 10074)
4(10338 10348 10349 10339)
4(10065 10340 10350 10075)
4(10339 10349 10350 10340)
4(10066 10341 10351 10076)
4(10340 10350 10351 10341)
4(10067 10342 10352 10077)
4(10068 10343 10353 10078)
4(10069 10344 10354 10079)
4(10070 10345 10355 10080)
4(10344 10354 10355 10345)
4(10071 10346 10356 10081)
4(10345 10355 10356 10346)
4(10346 10356 10357 10347)
4(10087 10088 10363 10362)
4(10358 10362 10363 10359)
4(10089 10090 10365 10364)
4(10360 10364 10365 10361)
4(10091 10092 10367 10366)
4(10362 10366 10367 10363)
4(10093 10094 10369 10368)
4(10364 10368 10369 10365)
4(10095 10096 10371 10370)
4(10366 10370 10371 10367)
4(10097 10098 10373 10372)
4(10368 10372 10373 10369)
4(10099 10100 10375 10374)
4(10370 10374 10375 10371)
4(10104 10105 10380 10379)
4(10372 10379 10380 10373)
4(10106 10107 10382 10381)
4(10374 10381 10382 10375)
4(10102 10377 10384 10109)
4(10108 10109 10384 10383)
4(10376 10383 10384 10377)
4(10109 10110 10385 10384)
4(10377 10384 10385 10378)
4(10111 10112 10387 10386)
4(10379 10386 10387 10380)
4(10113 10114 10389 10388)
4(10381 10388 10389 10382)
4(10109 10384 10391 10116)
4(10115 10116 10391 10390)
4(10383 10390 10391 10384)
4(10116 10117 10392 10391)
4(10384 10391 10392 10385)
4(10118 10119 10394 10393)
4(10386 10393 10394 10387)
4(10120 10121 10396 10395)
4(10388 10395 10396 10389)
4(10116 10391 10398 10123)
4(10122 10123 10398 10397)
4(10390 10397 10398 10391)
4(10123 10124 10399 10398)
4(10391 10398 10399 10392)
4(10125 10126 10401 10400)
4(10393 10400 10401 10394)
4(10127 10128 10403 10402)
4(10395 10402 10403 10396)
4(10123 10398 10405 10130)
4(10129 10130 10405 10404)
4(10397 10404 10405 10398)
4(10130 10131 10406 10405)
4(10398 10405 10406 10399)
4(10132 10133 10408 10407)
4(10400 10407 10408 10401)
4(10134 10135 10410 10409)
4(10402 10409 10410 10403)
4(10130 10405 10412 10137)
4(10136 10137 10412 10411)
4(10404 10411 10412 10405)
4(10137 10138 10413 10412)
4(10405 10412 10413 10406)
4(10139 10140 10415 10414)
4(10407 10414 10415 10408)
4(10141 10142 10417 10416)
4(10409 10416 10417 10410)
4(10137 10412 10419 10144)
4(10143 10144 10419 10418)
4(10411 10418 10419 10412)
4(10144 10145 10420 10419)
4(10412 10419 10420 10413)
4(10146 10147 10422 10421)
4(10414 10421 10422 10415)
4(10148 10149 10424 10423)
4(10416 10423 10424 10417)
4(10144 10419 10426 10151)
4(10150 10151 10426 10425)
4(10418 10425 10426 10419)
4(10151 10152 10427 10426)
4(10419 10426 10427 10420)
4(10153 10154 10429 10428)
4(10421 10428 10429 10422)
4(10155 10156 10431 10430)
4(10423 10430 10431 10424)
4(10151 10426 10433 10158)
4(10157 10158 10433 10432)
4(10425 10432 10433 10426)
4(10158 10159 10434 10433)
4(10426 10433 10434 10427)
4(10160 10161 10436 10435)
4(10428 10435 10436 10429)
4(10162 10163 10438 10437)
4(10430 10437 10438 10431)
4(10158 10433 10440 10165)
4(10164 10165 10440 10439)
4(10432 10439 10440 10433)
4(10165 10166 10441 10440)
4(10433 10440 10441 10434)
4(10167 10168 10443 10442)
4(10435 10442 10443 10436)
4(10169 10170 10445 10444)
4(10437 10444 10445 10438)
4(10165 10440 10447 10172)
4(10171 10172 10447 10446)
4(10439 10446 10447 10440)
4(10172 10173 10448 10447)
4(10440 10447 10448 10441)
4(10174 10175 10450 10449)
4(10442 10449 10450 10443)
4(10176 10177 10452 10451)
4(10444 10451 10452 10445)
4(10172 10447 10454 10179)
4(10178 10179 10454 10453)
4(10446 10453 10454 10447)
4(10179 10180 10455 10454)
4(10447 10454 10455 10448)
4(10181 10182 10457 10456)
4(10449 10456 10457 10450)
4(10183 10184 10459 10458)
4(10451 10458 10459 10452)
4(10179 10454 10461 10186)
4(10185 10186 10461 10460)
4(10453 10460 10461 10454)
4(10186 10187 10462 10461)
4(10454 10461 10462 10455)
4(10188 10189 10464 10463)
4(10456 10463 10464 10457)
4(10190 10191 10466 10465)
4(10458 10465 10466 10459)
4(10186 10461 10468 10193)
4(10192 10193 10468 10467)
4(10460 10467 10468 10461)
4(10193 10194 10469 10468)
4(10461 10468 10469 10462)
4(10195 10196 10471 10470)
4(10463 10470 10471 10464)
4(10197 10198 10473 10472)
4(10465 10472 10473 10466)
4(10193 10468 10475 10200)
4(10199 10200 10475 10474)
4(10467 10474 10475 10468)
4(10200 10201 10476 10475)
4(10468 10475 10476 10469)
4(10202 10203 10478 10477)
4(10470 10477 10478 10471)
4(10204 10205 10480 10479)
4(10472 10479 10480 10473)
4(10200 10475 10482 10207)
4(10206 10207 10482 10481)
4(10474 10481 10482 10475)
4(10207 10208 10483 10482)
4(10475 10482 10483 10476)
4(10209 10210 10485 10484)
4(10477 10484 10485 10478)
4(10211 10212 10487 10486)
4(10479 10486 10487 10480)
4(10207 10482 10489 10214)
4(10213 10214 10489 10488)
4(10481 10488 10489 10482)
4(10214 10215 10490 10489)
4(10482 10489 10490 10483)
4(10216 10217 10492 10491)
4(10484 10491 10492 10485)
4(10218 10219 10494 10493)
4(10486 10493 10494 10487)
4(10214 10489 10496 10221)
4(10220 10221 10496 10495)
4(10488 10495 10496 10489)
4(10221 10222 10497 10496)
4(10489 10496 10497 10490)
4(10223 10224 10499 10498)
4(10491 10498 10499 10492)
4(10225 10226 10501 10500)
4(10493 10500 10501 10494)
4(10221 10496 10503 10228)
4(10227 10228 10503 10502)
4(10495 10502 10503 10496)
4(10228 10229 10504 10503)
4(10496 10503 10504 10497)
4(10230 10231 10506 10505)
4(10498 10505 10506 10499)
4(10232 10233 10508 10507)
4(10500 10507 10508 10501)
4(10228 10503 10510 10235)
4(10234 10235 10510 10509)
4(10502 10509 10510 10503)
4(10235 10236 10511 10510)
4(10503 10510 10511 10504)
4(10237 10238 10513 10512)
4(10505 10512 10513 10506)
4(10239 10240 10515 10514)
4(10507 10514 10515 10508)
4(10235 10510 10517 10242)
4(10241 10242 10517 10516)
4(10509 10516 10517 10510)
4(10242 10243 10518 10517)
4(10510 10517 10518 10511)
4(10244 10245 10520 10519)
4(10512 10519 10520 10513)
4(10246 10247 10522 10521)
4(10514 10521 10522 10515)
4(10242 10517 10524 10249)
4(10248 10249 10524 10523)
4(10516 10523 10524 10517)
4(10249 10250 10525 10524)
4(10517 10524 10525 10518)
4(10251 10252 10527 10526)
4(10519 10526 10527 10520)
4(10253 10254 10529 10528)
4(10521 10528 10529 10522)
4(10249 10524 10531 10256)
4(10255 10256 10531 10530)
4(10523 10530 10531 10524)
4(10256 10257 10532 10531)
4(10524 10531 10532 10525)
4(10258 10259 10534 10533)
4(10526 10533 10534 10527)
4(10260 10261 10536 10535)
4(10528 10535 10536 10529)
4(10256 10531 10538 10263)
4(10262 10263 10538 10537)
4(10530 10537 10538 10531)
4(10263 10264 10539 10538)
4(10531 10538 10539 10532)
4(10265 10266 10541 10540)
4(10533 10540 10541 10534)
4(10267 10268 10543 10542)
4(10535 10542 10543 10536)
4(10263 10538 10545 10270)
4(10537 10544 10545 10538)
4(10538 10545 10546 10539)
4(10272 10273 10548 10547)
4(10540 10547 10548 10541)
4(10274 10275 10550 10549)
4(10542 10549 10550 10543)
4(10276 10277 10552 10551)
4(10547 10551 10552 10548)
4(10278 10279 10554 10553)
4(10549 10553 10554 10550)
4(10280 10281 10556 10555)
4(10551 10555 10556 10552)
4(10282 10283 10558 10557)
4(10553 10557 10558 10554)
4(10284 10285 10560 10559)
4(10555 10559 10560 10556)
4(10286 10287 10562 10561)
4(10557 10561 10562 10558)
4(10288 10289 10564 10563)
4(10559 10563 10564 10560)
4(10290 10291 10566 10565)
4(10561 10565 10566 10562)
4(10292 10293 10568 10567)
4(10563 10567 10568 10564)
4(10294 10295 10570 10569)
4(10565 10569 10570 10566)
4(10296 10297 10572 10571)
4(10567 10571 10572 10568)
4(10298 10299 10574 10573)
4(10569 10573 10574 10570)
4(10300 10301 10576 10575)
4(10571 10575 10576 10572)
4(10302 10303 10578 10577)
4(10573 10577 10578 10574)
4(10304 10305 10580 10579)
4(10575 10579 10580 10576)
4(10306 10307 10582 10581)
4(10577 10581 10582 10578)
4(10308 10309 10584 10583)
4(10579 10583 10584 10580)
4(10310 10311 10586 10585)
4(10581 10585 10586 10582)
4(10312 10313 10588 10587)
4(10583 10587 10588 10584)
4(10314 10315 10590 10589)
4(10585 10589 10590 10586)
4(10316 10317 10592 10591)
4(10587 10591 10592 10588)
4(10318 10319 10594 10593)
4(10589 10593 10594 10590)
4(10320 10321 10596 10595)
4(10591 10595 10596 10592)
4(10322 10323 10598 10597)
4(10593 10597 10598 10594)
4(10324 10325 10600 10599)
4(10595 10599 10600 10596)
4(10326 10327 10602 10601)
4(10597 10601 10602 10598)
4(10328 10329 10604 10603)
4(10599 10603 10604 10600)
4(10330 10331 10606 10605)
4(10601 10605 10606 10602)
4(10332 10333 10608 10607)
4(10603 10607 10608 10604)
4(10334 10335 10610 10609)
4(10605 10609 10610 10606)
4(10336 10337 10612 10611)
4(10607 10611 10612 10608)
4(10338 10339 10614 10613)
4(10609 10613 10614 10610)
4(10346 10347 10620 10619)
4(10611 10619 10620 10612)
4(10339 10614 10622 10349)
4(10613 10621 10622 10614)
4(10340 10615 10623 10350)
4(10345 10618 10626 10355)
4(10346 10619 10627 10356)
4(10618 10626 10627 10619)
4(10619 10627 10628 10620)
4(10362 10363 10634 10633)
4(10629 10633 10634 10630)
4(10364 10365 10636 10635)
4(10631 10635 10636 10632)
4(10366 10367 10638 10637)
4(10633 10637 10638 10634)
4(10368 10369 10640 10639)
4(10635 10639 10640 10636)
4(10370 10371 10642 10641)
4(10637 10641 10642 10638)
4(10372 10373 10644 10643)
4(10639 10643 10644 10640)
4(10374 10375 10646 10645)
4(10641 10645 10646 10642)
4(10379 10380 10651 10650)
4(10643 10650 10651 10644)
4(10381 10382 10653 10652)
4(10645 10652 10653 10646)
4(10377 10648 10655 10384)
4(10383 10384 10655 10654)
4(10647 10654 10655 10648)
4(10384 10385 10656 10655)
4(10648 10655 10656 10649)
4(10386 10387 10658 10657)
4(10650 10657 10658 10651)
4(10388 10389 10660 10659)
4(10652 10659 10660 10653)
4(10384 10655 10662 10391)
4(10390 10391 10662 10661)
4(10654 10661 10662 10655)
4(10391 10392 10663 10662)
4(10655 10662 10663 10656)
4(10393 10394 10665 10664)
4(10657 10664 10665 10658)
4(10395 10396 10667 10666)
4(10659 10666 10667 10660)
4(10391 10662 10669 10398)
4(10397 10398 10669 10668)
4(10661 10668 10669 10662)
4(10398 10399 10670 10669)
4(10662 10669 10670 10663)
4(10400 10401 10672 10671)
4(10664 10671 10672 10665)
4(10402 10403 10674 10673)
4(10666 10673 10674 10667)
4(10398 10669 10676 10405)
4(10404 10405 10676 10675)
4(10668 10675 10676 10669)
4(10405 10406 10677 10676)
4(10669 10676 10677 10670)
4(10407 10408 10679 10678)
4(10671 10678 10679 10672)
4(10409 10410 10681 10680)
4(10673 10680 10681 10674)
4(10405 10676 10683 10412)
4(10411 10412 10683 10682)
4(10675 10682 10683 10676)
4(10412 10413 10684 10683)
4(10676 10683 10684 10677)
4(10414 10415 10686 10685)
4(10678 10685 10686 10679)
4(10416 10417 10688 10687)
4(10680 10687 10688 10681)
4(10412 10683 10690 10419)
4(10418 10419 10690 10689)
4(10682 10689 10690 10683)
4(10419 10420 10691 10690)
4(10683 10690 10691 10684)
4(10421 10422 10693 10692)
4(10685 10692 10693 10686)
4(10423 10424 10695 10694)
4(10687 10694 10695 10688)
4(10419 10690 10697 10426)
4(10425 10426 10697 10696)
4(10689 10696 10697 10690)
4(10426 10427 10698 10697)
4(10690 10697 10698 10691)
4(10428 10429 10700 10699)
4(10692 10699 10700 10693)
4(10430 10431 10702 10701)
4(10694 10701 10702 10695)
4(10426 10697 10704 10433)
4(10432 10433 10704 10703)
4(10696 10703 10704 10697)
4(10433 10434 10705 10704)
4(10697 10704 10705 10698)
4(10435 10436 10707 10706)
4(10699 10706 10707 10700)
4(10437 10438 10709 10708)
4(10701 10708 10709 10702)
4(10433 10704 10711 10440)
4(10439 10440 10711 10710)
4(10703 10710 10711 10704)
4(10440 10441 10712 10711)
4(10704 10711 10712 10705)
4(10442 10443 10714 10713)
4(10706 10713 10714 10707)
4(10444 10445 10716 10715)
4(10708 10715 10716 10709)
4(10440 10711 10718 10447)
4(10446 10447 10718 10717)
4(10710 10717 10718 10711)
4(10447 10448 10719 10718)
4(10711 10718 10719 10712)
4(10449 10450 10721 10720)
4(10713 10720 10721 10714)
4(10451 10452 10723 10722)
4(10715 10722 10723 10716)
4(10447 10718 10725 10454)
4(10453 10454 10725 10724)
4(10717 10724 10725 10718)
4(10454 10455 10726 10725)
4(10718 10725 10726 10719)
4(10456 10457 10728 10727)
4(10720 10727 10728 10721)
4(10458 10459 10730 10729)
4(10722 10729 10730 10723)
4(10454 10725 10732 10461)
4(10460 10461 10732 10731)
4(10724 10731 10732 10725)
4(10461 10462 10733 10732)
4(10725 10732 10733 10726)
4(10463 10464 10735 10734)
4(10727 10734 10735 10728)
4(10465 10466 10737 10736)
4(10729 10736 10737 10730)
4(10461 10732 10739 10468)
4(10467 10468 10739 10738)
4(10731 10738 10739 10732)
4(10468 10469 10740 10739)
4(10732 10739 10740 10733)
4(10470 10471 10742 10741)
4(10734 10741 10742 10735)
4(10472 10473 10744 10743)
4(10736 10743 10744 10737)
4(10468 10739 10746 10475)
4(10474 10475 10746 10745)
4(10738 10745 10746 10739)
4(10475 10476 10747 10746)
4(10739 10746 10747 10740)
4(10477 10478 10749 10748)
4(10741 10748 10749 10742)
4(10479 10480 10751 10750)
4(10743 10750 10751 10744)
4(10475 10746 10753 10482)
4(10481 10482 10753 10752)
4(10745 10752 10753 10746)
4(10482 10483 10754 10753)
4(10746 10753 10754 10747)
4(10484 10485 10756 10755)
4(10748 10755 10756 10749)
4(10486 10487 10758 10757)
4(10750 10757 10758 10751)
4(10482 10753 10760 10489)
4(10488 10489 10760 10759)
4(10752 10759 10760 10753)
4(10489 10490 10761 10760)
4(10753 10760 10761 10754)
4(10491 10492 10763 10762)
4(10755 10762 10763 10756)
4(10493 10494 10765 10764)
4(10757 10764 10765 10758)
4(10489 10760 10767 10496)
4(10495 10496 10767 10766)
4(10759 10766 10767 10760)
4(10496 10497 10768 10767)
4(10760 10767 10768 10761)
4(10498 10499 10770 10769)
4(10762 10769 10770 10763)
4(10500 10501 10772 10771)
4(10764 10771 10772 10765)
4(10496 10767 10774 10503)
4(10502 10503 10774 10773)
4(10766 10773 10774 10767)
4(10503 10504 10775 10774)
4(10767 10774 10775 10768)
4(10505 10506 10777 10776)
4(10769 10776 10777 10770)
4(10507 10508 10779 10778)
4(10771 10778 10779 10772)
4(10503 10774 10781 10510)
4(10509 10510 10781 10780)
4(10773 10780 10781 10774)
4(10510 10511 10782 10781)
4(10774 10781 10782 10775)
4(10512 10513 10784 10783)
4(10776 10783 10784 10777)
4(10514 10515 10786 10785)
4(10778 10785 10786 10779)
4(10510 10781 10788 10517)
4(10516 10517 10788 10787)
4(10780 10787 10788 10781)
4(10517 10518 10789 10788)
4(10781 10788 10789 10782)
4(10519 10520 10791 10790)
4(10783 10790 10791 10784)
4(10521 10522 10793 10792)
4(10785 10792 10793 10786)
4(10517 10788 10795 10524)
4(10523 10524 10795 10794)
4(10787 10794 10795 10788)
4(10524 10525 10796 10795)
4(10788 10795 10796 10789)
4(10526 10527 10798 10797)
4(10790 10797 10798 10791)
4(10528 10529 10800 10799)
4(10792 10799 10800 10793)
4(10524 10795 10802 10531)
4(10530 10531 10802 10801)
4(10794 10801 10802 10795)
4(10531 10532 10803 10802)
4(10795 10802 10803 10796)
4(10533 10534 10805 10804)
4(10797 10804 10805 10798)
4(10535 10536 10807 10806)
4(10799 10806 10807 10800)
4(10531 10802 10809 10538)
4(10537 10538 10809 10808)
4(10801 10808 10809 10802)
4(10538 10539 10810 10809)
4(10802 10809 10810 10803)
4(10540 10541 10812 10811)
4(10804 10811 10812 10805)
4(10542 10543 10814 10813)
4(10806 10813 10814 10807)
4(10538 10809 10816 10545)
4(10808 10815 10816 10809)
4(10809 10816 10817 10810)
4(10547 10548 10819 10818)
4(10811 10818 10819 10812)
4(10549 10550 10821 10820)
4(10813 10820 10821 10814)
4(10551 10552 10823 10822)
4(10818 10822 10823 10819)
4(10553 10554 10825 10824)
4(10820 10824 10825 10821)
4(10555 10556 10827 10826)
4(10822 10826 10827 10823)
4(10557 10558 10829 10828)
4(10824 10828 10829 10825)
4(10559 10560 10831 10830)
4(10826 10830 10831 10827)
4(10561 10562 10833 10832)
4(10828 10832 10833 10829)
4(10563 10564 10835 10834)
4(10830 10834 10835 10831)
4(10565 10566 10837 10836)
4(10832 10836 10837 10833)
4(10567 10568 10839 10838)
4(10834 10838 10839 10835)
4(10569 10570 10841 10840)
4(10836 10840 10841 10837)
4(10571 10572 10843 10842)
4(10838 10842 10843 10839)
4(10573 10574 10845 10844)
4(10840 10844 10845 10841)
4(10575 10576 10847 10846)
4(10842 10846 10847 10843)
4(10577 10578 10849 10848)
4(10844 10848 10849 10845)
4(10579 10580 10851 10850)
4(10846 10850 10851 10847)
4(10581 10582 10853 10852)
4(10848 10852 10853 10849)
4(10583 10584 10855 10854)
4(10850 10854 10855 10851)
4(10585 10586 10857 10856)
4(10852 10856 10857 10853)
4(10587 10588 10859 10858)
4(10854 10858 10859 10855)
4(10589 10590 10861 10860)
4(10856 10860 10861 10857)
4(10591 10592 10863 10862)
4(10858 10862 10863 10859)
4(10593 10594 10865 10864)
4(10860 10864 10865 10861)
4(10595 10596 10867 10866)
4(10862 10866 10867 10863)
4(10597 10598 10869 10868)
4(10864 10868 10869 10865)
4(10599 10600 10871 10870)
4(10866 10870 10871 10867)
4(10601 10602 10873 10872)
4(10868 10872 10873 10869)
4(10603 10604 10875 10874)
4(10870 10874 10875 10871)
4(10605 10606 10877 10876)
4(10872 10876 10877 10873)
4(10607 10608 10879 10878)
4(10874 10878 10879 10875)
4(10609 10610 10881 10880)
4(10876 10880 10881 10877)
4(10611 10612 10883 10882)
4(10878 10882 10883 10879)
4(10613 10614 10885 10884)
4(10880 10884 10885 10881)
4(10619 10620 10888 10887)
4(10882 10887 10888 10883)
4(10884 10889 10890 10885)
4(10619 10887 10892 10627)
4(10887 10892 10893 10888)
4(10633 10634 10899 10898)
4(10894 10898 10899 10895)
4(10635 10636 10901 10900)
4(10896 10900 10901 10897)
4(10637 10638 10903 10902)
4(10898 10902 10903 10899)
4(10639 10640 10905 10904)
4(10900 10904 10905 10901)
4(10641 10642 10907 10906)
4(10902 10906 10907 10903)
4(10643 10644 10909 10908)
4(10904 10908 10909 10905)
4(10645 10646 10911 10910)
4(10906 10910 10911 10907)
4(10650 10651 10916 10915)
4(10908 10915 10916 10909)
4(10652 10653 10918 10917)
4(10910 10917 10918 10911)
4(10648 10913 10920 10655)
4(10654 10655 10920 10919)
4(10912 10919 10920 10913)
4(10655 10656 10921 10920)
4(10913 10920 10921 10914)
4(10657 10658 10923 10922)
4(10915 10922 10923 10916)
4(10659 10660 10925 10924)
4(10917 10924 10925 10918)
4(10655 10920 10927 10662)
4(10661 10662 10927 10926)
4(10919 10926 10927 10920)
4(10662 10663 10928 10927)
4(10920 10927 10928 10921)
4(10664 10665 10930 10929)
4(10922 10929 10930 10923)
4(10666 10667 10932 10931)
4(10924 10931 10932 10925)
4(10662 10927 10934 10669)
4(10668 10669 10934 10933)
4(10926 10933 10934 10927)
4(10669 10670 10935 10934)
4(10927 10934 10935 10928)
4(10671 10672 10937 10936)
4(10929 10936 10937 10930)
4(10673 10674 10939 10938)
4(10931 10938 10939 10932)
4(10669 10934 10941 10676)
4(10675 10676 10941 10940)
4(10933 10940 10941 10934)
4(10676 10677 10942 10941)
4(10934 10941 10942 10935)
4(10678 10679 10944 10943)
4(10936 10943 10944 10937)
4(10680 10681 10946 10945)
4(10938 10945 10946 10939)
4(10676 10941 10948 10683)
4(10682 10683 10948 10947)
4(10940 10947 10948 10941)
4(10683 10684 10949 10948)
4(10941 10948 10949 10942)
4(10685 10686 10951 10950)
4(10943 10950 10951 10944)
4(10687 10688 10953 10952)
4(10945 10952 10953 10946)
4(10683 10948 10955 10690)
4(10689 10690 10955 10954)
4(10947 10954 10955 10948)
4(10690 10691 10956 10955)
4(10948 10955 10956 10949)
4(10692 10693 10958 10957)
4(10950 10957 10958 10951)
4(10694 10695 10960 10959)
4(10952 10959 10960 10953)
4(10690 10955 10962 10697)
4(10696 10697 10962 10961)
4(10954 10961 10962 10955)
4(10697 10698 10963 10962)
4(10955 10962 10963 10956)
4(10699 10700 10965 10964)
4(10957 10964 10965 10958)
4(10701 10702 10967 10966)
4(10959 10966 10967 10960)
4(10697 10962 10969 10704)
4(10703 10704 10969 10968)
4(10961 10968 10969 10962)
4(10704 10705 10970 10969)
4(10962 10969 10970 10963)
4(10706 10707 10972 10971)
4(10964 10971 10972 10965)
4(10708 10709 10974 10973)
4(10966 10973 10974 10967)
4(10704 10969 10976 10711)
4(10710 10711 10976 10975)
4(10968 10975 10976 10969)
4(10711 10712 10977 10976)
4(10969 10976 10977 10970)
4(10713 10714 10979 10978)
4(10971 10978 10979 10972)
4(10715 10716 10981 10980)
4(10973 10980 10981 10974)
4(10711 10976 10983 10718)
4(10717 10718 10983 10982)
4(10975 10982 10983 10976)
4(10718 10719 10984 10983)
4(10976 10983 10984 10977)
4(10720 10721 10986 10985)
4(10978 10985 10986 10979)
4(10722 10723 10988 10987)
4(10980 10987 10988 10981)
4(10718 10983 10990 10725)
4(10724 10725 10990 10989)
4(10982 10989 10990 10983)
4(10725 10726 10991 10990)
4(10983 10990 10991 10984)
4(10727 10728 10993 10992)
4(10985 10992 10993 10986)
4(10729 10730 10995 10994)
4(10987 10994 10995 10988)
4(10725 10990 10997 10732)
4(10731 10732 10997 10996)
4(10989 10996 10997 10990)
4(10732 10733 10998 10997)
4(10990 10997 10998 10991)
4(10734 10735 11000 10999)
4(10992 10999 11000 10993)
4(10736 10737 11002 11001)
4(10994 11001 11002 10995)
4(10732 10997 11004 10739)
4(10738 10739 11004 11003)
4(10996 11003 11004 10997)
4(10739 10740 11005 11004)
4(10997 11004 11005 10998)
4(10741 10742 11007 11006)
4(10999 11006 11007 11000)
4(10743 10744 11009 11008)
4(11001 11008 11009 11002)
4(10739 11004 11011 10746)
4(10745 10746 11011 11010)
4(11003 11010 11011 11004)
4(10746 10747 11012 11011)
4(11004 11011 11012 11005)
4(10748 10749 11014 11013)
4(11006 11013 11014 11007)
4(10750 10751 11016 11015)
4(11008 11015 11016 11009)
4(10746 11011 11018 10753)
4(10752 10753 11018 11017)
4(11010 11017 11018 11011)
4(10753 10754 11019 11018)
4(11011 11018 11019 11012)
4(10755 10756 11021 11020)
4(11013 11020 11021 11014)
4(10757 10758 11023 11022)
4(11015 11022 11023 11016)
4(10753 11018 11025 10760)
4(10759 10760 11025 11024)
4(11017 11024 11025 11018)
4(10760 10761 11026 11025)
4(11018 11025 11026 11019)
4(10762 10763 11028 11027)
4(11020 11027 11028 11021)
4(10764 10765 11030 11029)
4(11022 11029 11030 11023)
4(10760 11025 11032 10767)
4(10766 10767 11032 11031)
4(11024 11031 11032 11025)
4(10767 10768 11033 11032)
4(11025 11032 11033 11026)
4(10769 10770 11035 11034)
4(11027 11034 11035 11028)
4(10771 10772 11037 11036)
4(11029 11036 11037 11030)
4(10767 11032 11039 10774)
4(10773 10774 11039 11038)
4(11031 11038 11039 11032)
4(10774 10775 11040 11039)
4(11032 11039 11040 11033)
4(10776 10777 11042 11041)
4(11034 11041 11042 11035)
4(10778 10779 11044 11043)
4(11036 11043 11044 11037)
4(10774 11039 11046 10781)
4(10780 10781 11046 11045)
4(11038 11045 11046 11039)
4(10781 10782 11047 11046)
4(11039 11046 11047 11040)
4(10783 10784 11049 11048)
4(11041 11048 11049 11042)
4(10785 10786 11051 11050)
4(11043 11050 11051 11044)
4(10781 11046 11053 10788)
4(10787 10788 11053 11052)
4(11045 11052 11053 11046)
4(10788 10789 11054 11053)
4(11046 11053 11054 11047)
4(10790 10791 11056 11055)
4(11048 11055 11056 11049)
4(10792 10793 11058 11057)
4(11050 11057 11058 11051)
4(10788 11053 11060 10795)
4(10794 10795 11060 11059)
4(11052 11059 11060 11053)
4(10795 10796 11061 11060)
4(11053 11060 11061 11054)
4(10797 10798 11063 11062)
4(11055 11062 11063 11056)
4(10799 10800 11065 11064)
4(11057 11064 11065 11058)
4(10795 11060 11067 10802)
4(10801 10802 11067 11066)
4(11059 11066 11067 11060)
4(10802 10803 11068 11067)
4(11060 11067 11068 11061)
4(10804 10805 11070 11069)
4(11062 11069 11070 11063)
4(10806 10807 11072 11071)
4(11064 11071 11072 11065)
4(10802 11067 11074 10809)
4(10808 10809 11074 11073)
4(11066 11073 11074 11067)
4(10809 10810 11075 11074)
4(11067 11074 11075 11068)
4(10811 10812 11077 11076)
4(11069 11076 11077 11070)
4(10813 10814 11079 11078)
4(11071 11078 11079 11072)
4(10809 11074 11081 10816)
4(11073 11080 11081 11074)
4(11074 11081 11082 11075)
4(10818 10819 11084 11083)
4(11076 11083 11084 11077)
4(10820 10821 11086 11085)
4(11078 11085 11086 11079)
4(10822 10823 11088 11087)
4(11083 11087 11088 11084)
4(10824 10825 11090 11089)
4(11085 11089 11090 11086)
4(10826 10827 11092 11091)
4(11087 11091 11092 11088)
4(10828 10829 11094 11093)
4(11089 11093 11094 11090)
4(10830 10831 11096 11095)
4(11091 11095 11096 11092)
4(10832 10833 11098 11097)
4(11093 11097 11098 11094)
4(10834 10835 11100 11099)
4(11095 11099 11100 11096)
4(10836 10837 11102 11101)
4(11097 11101 11102 11098)
4(10838 10839 11104 11103)
4(11099 11103 11104 11100)
4(10840 10841 11106 11105)
4(11101 11105 11106 11102)
4(10842 10843 11108 11107)
4(11103 11107 11108 11104)
4(10844 10845 11110 11109)
4(11105 11109 11110 11106)
4(10846 10847 11112 11111)
4(11107 11111 11112 11108)
4(10848 10849 11114 11113)
4(11109 11113 11114 11110)
4(10850 10851 11116 11115)
4(11111 11115 11116 11112)
4(10852 10853 11118 11117)
4(11113 11117 11118 11114)
4(10854 10855 11120 11119)
4(11115 11119 11120 11116)
4(10856 10857 11122 11121)
4(11117 11121 11122 11118)
4(10858 10859 11124 11123)
4(11119 11123 11124 11120)
4(10860 10861 11126 11125)
4(11121 11125 11126 11122)
4(10862 10863 11128 11127)
4(11123 11127 11128 11124)
4(10864 10865 11130 11129)
4(11125 11129 11130 11126)
4(10866 10867 11132 11131)
4(11127 11131 11132 11128)
4(10868 10869 11134 11133)
4(11129 11133 11134 11130)
4(10870 10871 11136 11135)
4(11131 11135 11136 11132)
4(10872 10873 11138 11137)
4(11133 11137 11138 11134)
4(10874 10875 11140 11139)
4(11135 11139 11140 11136)
4(10876 10877 11142 11141)
4(11137 11141 11142 11138)
4(10878 10879 11144 11143)
4(11139 11143 11144 11140)
4(10880 10881 11146 11145)
4(11141 11145 11146 11142)
4(10882 10883 11148 11147)
4(11143 11147 11148 11144)
4(10884 10885 11150 11149)
4(11145 11149 11150 11146)
4(10887 10888 11152 11151)
4(11147 11151 11152 11148)
4(11149 11153 11154 11150)
4(11151 11155 11156 11152)
4(10898 10899 11162 11161)
4(11157 11161 11162 11158)
4(10900 10901 11164 11163)
4(11159 11163 11164 11160)
4(10902 10903 11166 11165)
4(11161 11165 11166 11162)
4(10904 10905 11168 11167)
4(11163 11167 11168 11164)
4(10906 10907 11170 11169)
4(11165 11169 11170 11166)
4(10908 10909 11172 11171)
4(11167 11171 11172 11168)
4(10910 10911 11174 11173)
4(11169 11173 11174 11170)
4(10915 10916 11179 11178)
4(11171 11178 11179 11172)
4(10917 10918 11181 11180)
4(11173 11180 11181 11174)
4(10913 11176 11183 10920)
4(10919 10920 11183 11182)
4(11175 11182 11183 11176)
4(10920 10921 11184 11183)
4(11176 11183 11184 11177)
4(10922 10923 11186 11185)
4(11178 11185 11186 11179)
4(10924 10925 11188 11187)
4(11180 11187 11188 11181)
4(10920 11183 11190 10927)
4(10926 10927 11190 11189)
4(11182 11189 11190 11183)
4(10927 10928 11191 11190)
4(11183 11190 11191 11184)
4(10929 10930 11193 11192)
4(11185 11192 11193 11186)
4(10931 10932 11195 11194)
4(11187 11194 11195 11188)
4(10927 11190 11197 10934)
4(10933 10934 11197 11196)
4(11189 11196 11197 11190)
4(10934 10935 11198 11197)
4(11190 11197 11198 11191)
4(10936 10937 11200 11199)
4(11192 11199 11200 11193)
4(10938 10939 11202 11201)
4(11194 11201 11202 11195)
4(10934 11197 11204 10941)
4(10940 10941 11204 11203)
4(11196 11203 11204 11197)
4(10941 10942 11205 11204)
4(11197 11204 11205 11198)
4(10943 10944 11207 11206)
4(11199 11206 11207 11200)
4(10945 10946 11209 11208)
4(11201 11208 11209 11202)
4(10941 11204 11211 10948)
4(10947 10948 11211 11210)
4(11203 11210 11211 11204)
4(10948 10949 11212 11211)
4(11204 11211 11212 11205)
4(10950 10951 11214 11213)
4(11206 11213 11214 11207)
4(10952 10953 11216 11215)
4(11208 11215 11216 11209)
4(10948 11211 11218 10955)
4(10954 10955 11218 11217)
4(11210 11217 11218 11211)
4(10955 10956 11219 11218)
4(11211 11218 11219 11212)
4(10957 10958 11221 11220)
4(11213 11220 11221 11214)
4(10959 10960 11223 11222)
4(11215 11222 11223 11216)
4(10955 11218 11225 10962)
4(10961 10962 11225 11224)
4(11217 11224 11225 11218)
4(10962 10963 11226 11225)
4(11218 11225 11226 11219)
4(10964 10965 11228 11227)
4(11220 11227 11228 11221)
4(10966 10967 11230 11229)
4(11222 11229 11230 11223)
4(10962 11225 11232 10969)
4(10968 10969 11232 11231)
4(11224 11231 11232 11225)
4(10969 10970 11233 11232)
4(11225 11232 11233 11226)
4(10971 10972 11235 11234)
4(11227 11234 11235 11228)
4(10973 10974 11237 11236)
4(11229 11236 11237 11230)
4(10969 11232 11239 10976)
4(10975 10976 11239 11238)
4(11231 11238 11239 11232)
4(10976 10977 11240 11239)
4(11232 11239 11240 11233)
4(10978 10979 11242 11241)
4(11234 11241 11242 11235)
4(10980 10981 11244 11243)
4(11236 11243 11244 11237)
4(10976 11239 11246 10983)
4(10982 10983 11246 11245)
4(11238 11245 11246 11239)
4(10983 10984 11247 11246)
4(11239 11246 11247 11240)
4(10985 10986 11249 11248)
4(11241 11248 11249 11242)
4(10987 10988 11251 11250)
4(11243 11250 11251 11244)
4(10983 11246 11253 10990)
4(10989 10990 11253 11252)
4(11245 11252 11253 11246)
4(10990 10991 11254 11253)
4(11246 11253 11254 11247)
4(10992 10993 11256 11255)
4(11248 11255 11256 11249)
4(10994 10995 11258 11257)
4(11250 11257 11258 11251)
4(10990 11253 11260 10997)
4(10996 10997 11260 11259)
4(11252 11259 11260 11253)
4(10997 10998 11261 11260)
4(11253 11260 11261 11254)
4(10999 11000 11263 11262)
4(11255 11262 11263 11256)
4(11001 11002 11265 11264)
4(11257 11264 11265 11258)
4(10997 11260 11267 11004)
4(11003 11004 11267 11266)
4(11259 11266 11267 11260)
4(11004 11005 11268 11267)
4(11260 11267 11268 11261)
4(11006 11007 11270 11269)
4(11262 11269 11270 11263)
4(11008 11009 11272 11271)
4(11264 11271 11272 11265)
4(11004 11267 11274 11011)
4(11010 11011 11274 11273)
4(11266 11273 11274 11267)
4(11011 11012 11275 11274)
4(11267 11274 11275 11268)
4(11013 11014 11277 11276)
4(11269 11276 11277 11270)
4(11015 11016 11279 11278)
4(11271 11278 11279 11272)
4(11011 11274 11281 11018)
4(11017 11018 11281 11280)
4(11273 11280 11281 11274)
4(11018 11019 11282 11281)
4(11274 11281 11282 11275)
4(11020 11021 11284 11283)
4(11276 11283 11284 11277)
4(11022 11023 11286 11285)
4(11278 11285 11286 11279)
4(11018 11281 11288 11025)
4(11024 11025 11288 11287)
4(11280 11287 11288 11281)
4(11025 11026 11289 11288)
4(11281 11288 11289 11282)
4(11027 11028 11291 11290)
4(11283 11290 11291 11284)
4(11029 11030 11293 11292)
4(11285 11292 11293 11286)
4(11025 11288 11295 11032)
4(11031 11032 11295 11294)
4(11287 11294 11295 11288)
4(11032 11033 11296 11295)
4(11288 11295 11296 11289)
4(11034 11035 11298 11297)
4(11290 11297 11298 11291)
4(11036 11037 11300 11299)
4(11292 11299 11300 11293)
4(11032 11295 11302 11039)
4(11038 11039 11302 11301)
4(11294 11301 11302 11295)
4(11039 11040 11303 11302)
4(11295 11302 11303 11296)
4(11041 11042 11305 11304)
4(11297 11304 11305 11298)
4(11043 11044 11307 11306)
4(11299 11306 11307 11300)
4(11039 11302 11309 11046)
4(11045 11046 11309 11308)
4(11301 11308 11309 11302)
4(11046 11047 11310 11309)
4(11302 11309 11310 11303)
4(11048 11049 11312 11311)
4(11304 11311 11312 11305)
4(11050 11051 11314 11313)
4(11306 11313 11314 11307)
4(11046 11309 11316 11053)
4(11052 11053 11316 11315)
4(11308 11315 11316 11309)
4(11053 11054 11317 11316)
4(11309 11316 11317 11310)
4(11055 11056 11319 11318)
4(11311 11318 11319 11312)
4(11057 11058 11321 11320)
4(11313 11320 11321 11314)
4(11053 11316 11323 11060)
4(11059 11060 11323 11322)
4(11315 11322 11323 11316)
4(11060 11061 11324 11323)
4(11316 11323 11324 11317)
4(11062 11063 11326 11325)
4(11318 11325 11326 11319)
4(11064 11065 11328 11327)
4(11320 11327 11328 11321)
4(11060 11323 11330 11067)
4(11066 11067 11330 11329)
4(11322 11329 11330 11323)
4(11067 11068 11331 11330)
4(11323 11330 11331 11324)
4(11069 11070 11333 11332)
4(11325 11332 11333 11326)
4(11071 11072 11335 11334)
4(11327 11334 11335 11328)
4(11067 11330 11337 11074)
4(11073 11074 11337 11336)
4(11329 11336 11337 11330)
4(11074 11075 11338 11337)
4(11330 11337 11338 11331)
4(11076 11077 11340 11339)
4(11332 11339 11340 11333)
4(11078 11079 11342 11341)
4(11334 11341 11342 11335)
4(11074 11337 11344 11081)
4(11336 11343 11344 11337)
4(11337 11344 11345 11338)
4(11083 11084 11347 11346)
4(11339 11346 11347 11340)
4(11085 11086 11349 11348)
4(11341 11348 11349 11342)
4(11087 11088 11351 11350)
4(11346 11350 11351 11347)
4(11089 11090 11353 11352)
4(11348 11352 11353 11349)
4(11091 11092 11355 11354)
4(11350 11354 11355 11351)
4(11093 11094 11357 11356)
4(11352 11356 11357 11353)
4(11095 11096 11359 11358)
4(11354 11358 11359 11355)
4(11097 11098 11361 11360)
4(11356 11360 11361 11357)
4(11099 11100 11363 11362)
4(11358 11362 11363 11359)
4(11101 11102 11365 11364)
4(11360 11364 11365 11361)
4(11103 11104 11367 11366)
4(11362 11366 11367 11363)
4(11105 11106 11369 11368)
4(11364 11368 11369 11365)
4(11107 11108 11371 11370)
4(11366 11370 11371 11367)
4(11109 11110 11373 11372)
4(11368 11372 11373 11369)
4(11111 11112 11375 11374)
4(11370 11374 11375 11371)
4(11113 11114 11377 11376)
4(11372 11376 11377 11373)
4(11115 11116 11379 11378)
4(11374 11378 11379 11375)
4(11117 11118 11381 11380)
4(11376 11380 11381 11377)
4(11119 11120 11383 11382)
4(11378 11382 11383 11379)
4(11121 11122 11385 11384)
4(11380 11384 11385 11381)
4(11123 11124 11387 11386)
4(11382 11386 11387 11383)
4(11125 11126 11389 11388)
4(11384 11388 11389 11385)
4(11127 11128 11391 11390)
4(11386 11390 11391 11387)
4(11129 11130 11393 11392)
4(11388 11392 11393 11389)
4(11131 11132 11395 11394)
4(11390 11394 11395 11391)
4(11133 11134 11397 11396)
4(11392 11396 11397 11393)
4(11135 11136 11399 11398)
4(11394 11398 11399 11395)
4(11137 11138 11401 11400)
4(11396 11400 11401 11397)
4(11139 11140 11403 11402)
4(11398 11402 11403 11399)
4(11141 11142 11405 11404)
4(11400 11404 11405 11401)
4(11143 11144 11407 11406)
4(11402 11406 11407 11403)
4(11145 11146 11409 11408)
4(11404 11408 11409 11405)
4(11147 11148 11411 11410)
4(11406 11410 11411 11407)
4(11149 11150 11413 11412)
4(11408 11412 11413 11409)
4(11151 11152 11417 11416)
4(11410 11416 11417 11411)
4(11412 11418 11419 11413)
4(11416 11422 11423 11417)
4(11161 11162 11429 11428)
4(11424 11428 11429 11425)
4(11163 11164 11431 11430)
4(11426 11430 11431 11427)
4(11165 11166 11433 11432)
4(11428 11432 11433 11429)
4(11167 11168 11435 11434)
4(11430 11434 11435 11431)
4(11169 11170 11437 11436)
4(11432 11436 11437 11433)
4(11171 11172 11439 11438)
4(11434 11438 11439 11435)
4(11173 11174 11441 11440)
4(11436 11440 11441 11437)
4(11178 11179 11446 11445)
4(11438 11445 11446 11439)
4(11180 11181 11448 11447)
4(11440 11447 11448 11441)
4(11176 11443 11450 11183)
4(11182 11183 11450 11449)
4(11442 11449 11450 11443)
4(11183 11184 11451 11450)
4(11443 11450 11451 11444)
4(11185 11186 11453 11452)
4(11445 11452 11453 11446)
4(11187 11188 11455 11454)
4(11447 11454 11455 11448)
4(11183 11450 11457 11190)
4(11189 11190 11457 11456)
4(11449 11456 11457 11450)
4(11190 11191 11458 11457)
4(11450 11457 11458 11451)
4(11192 11193 11460 11459)
4(11452 11459 11460 11453)
4(11194 11195 11462 11461)
4(11454 11461 11462 11455)
4(11190 11457 11464 11197)
4(11196 11197 11464 11463)
4(11456 11463 11464 11457)
4(11197 11198 11465 11464)
4(11457 11464 11465 11458)
4(11199 11200 11467 11466)
4(11459 11466 11467 11460)
4(11201 11202 11469 11468)
4(11461 11468 11469 11462)
4(11197 11464 11471 11204)
4(11203 11204 11471 11470)
4(11463 11470 11471 11464)
4(11204 11205 11472 11471)
4(11464 11471 11472 11465)
4(11206 11207 11474 11473)
4(11466 11473 11474 11467)
4(11208 11209 11476 11475)
4(11468 11475 11476 11469)
4(11204 11471 11478 11211)
4(11210 11211 11478 11477)
4(11470 11477 11478 11471)
4(11211 11212 11479 11478)
4(11471 11478 11479 11472)
4(11213 11214 11481 11480)
4(11473 11480 11481 11474)
4(11215 11216 11483 11482)
4(11475 11482 11483 11476)
4(11211 11478 11485 11218)
4(11217 11218 11485 11484)
4(11477 11484 11485 11478)
4(11218 11219 11486 11485)
4(11478 11485 11486 11479)
4(11220 11221 11488 11487)
4(11480 11487 11488 11481)
4(11222 11223 11490 11489)
4(11482 11489 11490 11483)
4(11218 11485 11492 11225)
4(11224 11225 11492 11491)
4(11484 11491 11492 11485)
4(11225 11226 11493 11492)
4(11485 11492 11493 11486)
4(11227 11228 11495 11494)
4(11487 11494 11495 11488)
4(11229 11230 11497 11496)
4(11489 11496 11497 11490)
4(11225 11492 11499 11232)
4(11231 11232 11499 11498)
4(11491 11498 11499 11492)
4(11232 11233 11500 11499)
4(11492 11499 11500 11493)
4(11234 11235 11502 11501)
4(11494 11501 11502 11495)
4(11236 11237 11504 11503)
4(11496 11503 11504 11497)
4(11232 11499 11506 11239)
4(11238 11239 11506 11505)
4(11498 11505 11506 11499)
4(11239 11240 11507 11506)
4(11499 11506 11507 11500)
4(11241 11242 11509 11508)
4(11501 11508 11509 11502)
4(11243 11244 11511 11510)
4(11503 11510 11511 11504)
4(11239 11506 11513 11246)
4(11245 11246 11513 11512)
4(11505 11512 11513 11506)
4(11246 11247 11514 11513)
4(11506 11513 11514 11507)
4(11248 11249 11516 11515)
4(11508 11515 11516 11509)
4(11250 11251 11518 11517)
4(11510 11517 11518 11511)
4(11246 11513 11520 11253)
4(11252 11253 11520 11519)
4(11512 11519 11520 11513)
4(11253 11254 11521 11520)
4(11513 11520 11521 11514)
4(11255 11256 11523 11522)
4(11515 11522 11523 11516)
4(11257 11258 11525 11524)
4(11517 11524 11525 11518)
4(11253 11520 11527 11260)
4(11259 11260 11527 11526)
4(11519 11526 11527 11520)
4(11260 11261 11528 11527)
4(11520 11527 11528 11521)
4(11262 11263 11530 11529)
4(11522 11529 11530 11523)
4(11264 11265 11532 11531)
4(11524 11531 11532 11525)
4(11260 11527 11534 11267)
4(11266 11267 11534 11533)
4(11526 11533 11534 11527)
4(11267 11268 11535 11534)
4(11527 11534 11535 11528)
4(11269 11270 11537 11536)
4(11529 11536 11537 11530)
4(11271 11272 11539 11538)
4(11531 11538 11539 11532)
4(11267 11534 11541 11274)
4(11273 11274 11541 11540)
4(11533 11540 11541 11534)
4(11274 11275 11542 11541)
4(11534 11541 11542 11535)
4(11276 11277 11544 11543)
4(11536 11543 11544 11537)
4(11278 11279 11546 11545)
4(11538 11545 11546 11539)
4(11274 11541 11548 11281)
4(11280 11281 11548 11547)
4(11540 11547 11548 11541)
4(11281 11282 11549 11548)
4(11541 11548 11549 11542)
4(11283 11284 11551 11550)
4(11543 11550 11551 11544)
4(11285 11286 11553 11552)
4(11545 11552 11553 11546)
4(11281 11548 11555 11288)
4(11287 11288 11555 11554)
4(11547 11554 11555 11548)
4(11288 11289 11556 11555)
4(11548 11555 11556 11549)
4(11290 11291 11558 11557)
4(11550 11557 11558 11551)
4(11292 11293 11560 11559)
4(11552 11559 11560 11553)
4(11288 11555 11562 11295)
4(11294 11295 11562 11561)
4(11554 11561 11562 11555)
4(11295 11296 11563 11562)
4(11555 11562 11563 11556)
4(11297 11298 11565 11564)
4(11557 11564 11565 11558)
4(11299 11300 11567 11566)
4(11559 11566 11567 11560)
4(11295 11562 11569 11302)
4(11301 11302 11569 11568)
4(11561 11568 11569 11562)
4(11302 11303 11570 11569)
4(11562 11569 11570 11563)
4(11304 11305 11572 11571)
4(11564 11571 11572 11565)
4(11306 11307 11574 11573)
4(11566 11573 11574 11567)
4(11302 11569 11576 11309)
4(11308 11309 11576 11575)
4(11568 11575 11576 11569)
4(11309 11310 11577 11576)
4(11569 11576 11577 11570)
4(11311 11312 11579 11578)
4(11571 11578 11579 11572)
4(11313 11314 11581 11580)
4(11573 11580 11581 11574)
4(11309 11576 11583 11316)
4(11315 11316 11583 11582)
4(11575 11582 11583 11576)
4(11316 11317 11584 11583)
4(11576 11583 11584 11577)
4(11318 11319 11586 11585)
4(11578 11585 11586 11579)
4(11320 11321 11588 11587)
4(11580 11587 11588 11581)
4(11316 11583 11590 11323)
4(11322 11323 11590 11589)
4(11582 11589 11590 11583)
4(11323 11324 11591 11590)
4(11583 11590 11591 11584)
4(11325 11326 11593 11592)
4(11585 11592 11593 11586)
4(11327 11328 11595 11594)
4(11587 11594 11595 11588)
4(11323 11590 11597 11330)
4(11329 11330 11597 11596)
4(11589 11596 11597 11590)
4(11330 11331 11598 11597)
4(11590 11597 11598 11591)
4(11332 11333 11600 11599)
4(11592 11599 11600 11593)
4(11334 11335 11602 11601)
4(11594 11601 11602 11595)
4(11330 11597 11604 11337)
4(11336 11337 11604 11603)
4(11596 11603 11604 11597)
4(11337 11338 11605 11604)
4(11597 11604 11605 11598)
4(11339 11340 11607 11606)
4(11599 11606 11607 11600)
4(11341 11342 11609 11608)
4(11601 11608 11609 11602)
4(11337 11604 11611 11344)
4(11603 11610 11611 11604)
4(11604 11611 11612 11605)
4(11346 11347 11614 11613)
4(11606 11613 11614 11607)
4(11348 11349 11616 11615)
4(11608 11615 11616 11609)
4(11350 11351 11618 11617)
4(11613 11617 11618 11614)
4(11352 11353 11620 11619)
4(11615 11619 11620 11616)
4(11354 11355 11622 11621)
4(11617 11621 11622 11618)
4(11356 11357 11624 11623)
4(11619 11623 11624 11620)
4(11358 11359 11626 11625)
4(11621 11625 11626 11622)
4(11360 11361 11628 11627)
4(11623 11627 11628 11624)
4(11362 11363 11630 11629)
4(11625 11629 11630 11626)
4(11364 11365 11632 11631)
4(11627 11631 11632 11628)
4(11366 11367 11634 11633)
4(11629 11633 11634 11630)
4(11368 11369 11636 11635)
4(11631 11635 11636 11632)
4(11370 11371 11638 11637)
4(11633 11637 11638 11634)
4(11372 11373 11640 11639)
4(11635 11639 11640 11636)
4(11374 11375 11642 11641)
4(11637 11641 11642 11638)
4(11376 11377 11644 11643)
4(11639 11643 11644 11640)
4(11378 11379 11646 11645)
4(11641 11645 11646 11642)
4(11380 11381 11648 11647)
4(11643 11647 11648 11644)
4(11382 11383 11650 11649)
4(11645 11649 11650 11646)
4(11384 11385 11652 11651)
4(11647 11651 11652 11648)
4(11386 11387 11654 11653)
4(11649 11653 11654 11650)
4(11388 11389 11656 11655)
4(11651 11655 11656 11652)
4(11390 11391 11658 11657)
4(11653 11657 11658 11654)
4(11392 11393 11660 11659)
4(11655 11659 11660 11656)
4(11394 11395 11662 11661)
4(11657 11661 11662 11658)
4(11396 11397 11664 11663)
4(11659 11663 11664 11660)
4(11398 11399 11666 11665)
4(11661 11665 11666 11662)
4(11400 11401 11668 11667)
4(11663 11667 11668 11664)
4(11402 11403 11670 11669)
4(11665 11669 11670 11666)
4(11404 11405 11672 11671)
4(11667 11671 11672 11668)
4(11406 11407 11674 11673)
4(11669 11673 11674 11670)
4(11408 11409 11676 11675)
4(11671 11675 11676 11672)
4(11410 11411 11678 11677)
4(11673 11677 11678 11674)
4(11412 11413 11680 11679)
4(11675 11679 11680 11676)
4(11416 11417 11686 11685)
4(11677 11685 11686 11678)
4(11413 11680 11688 11419)
4(11679 11687 11688 11680)
4(11680 11688 11689 11681)
4(11416 11685 11693 11422)
4(11684 11692 11693 11685)
4(11685 11693 11694 11686)
4(11428 11429 11700 11699)
4(11695 11699 11700 11696)
4(11430 11431 11702 11701)
4(11697 11701 11702 11698)
4(11432 11433 11704 11703)
4(11699 11703 11704 11700)
4(11434 11435 11706 11705)
4(11701 11705 11706 11702)
4(11436 11437 11708 11707)
4(11703 11707 11708 11704)
4(11438 11439 11710 11709)
4(11705 11709 11710 11706)
4(11440 11441 11712 11711)
4(11707 11711 11712 11708)
4(11445 11446 11717 11716)
4(11709 11716 11717 11710)
4(11447 11448 11719 11718)
4(11711 11718 11719 11712)
4(11443 11714 11721 11450)
4(11449 11450 11721 11720)
4(11713 11720 11721 11714)
4(11450 11451 11722 11721)
4(11714 11721 11722 11715)
4(11452 11453 11724 11723)
4(11716 11723 11724 11717)
4(11454 11455 11726 11725)
4(11718 11725 11726 11719)
4(11450 11721 11728 11457)
4(11456 11457 11728 11727)
4(11720 11727 11728 11721)
4(11457 11458 11729 11728)
4(11721 11728 11729 11722)
4(11459 11460 11731 11730)
4(11723 11730 11731 11724)
4(11461 11462 11733 11732)
4(11725 11732 11733 11726)
4(11457 11728 11735 11464)
4(11463 11464 11735 11734)
4(11727 11734 11735 11728)
4(11464 11465 11736 11735)
4(11728 11735 11736 11729)
4(11466 11467 11738 11737)
4(11730 11737 11738 11731)
4(11468 11469 11740 11739)
4(11732 11739 11740 11733)
4(11464 11735 11742 11471)
4(11470 11471 11742 11741)
4(11734 11741 11742 11735)
4(11471 11472 11743 11742)
4(11735 11742 11743 11736)
4(11473 11474 11745 11744)
4(11737 11744 11745 11738)
4(11475 11476 11747 11746)
4(11739 11746 11747 11740)
4(11471 11742 11749 11478)
4(11477 11478 11749 11748)
4(11741 11748 11749 11742)
4(11478 11479 11750 11749)
4(11742 11749 11750 11743)
4(11480 11481 11752 11751)
4(11744 11751 11752 11745)
4(11482 11483 11754 11753)
4(11746 11753 11754 11747)
4(11478 11749 11756 11485)
4(11484 11485 11756 11755)
4(11748 11755 11756 11749)
4(11485 11486 11757 11756)
4(11749 11756 11757 11750)
4(11487 11488 11759 11758)
4(11751 11758 11759 11752)
4(11489 11490 11761 11760)
4(11753 11760 11761 11754)
4(11485 11756 11763 11492)
4(11491 11492 11763 11762)
4(11755 11762 11763 11756)
4(11492 11493 11764 11763)
4(11756 11763 11764 11757)
4(11494 11495 11766 11765)
4(11758 11765 11766 11759)
4(11496 11497 11768 11767)
4(11760 11767 11768 11761)
4(11492 11763 11770 11499)
4(11498 11499 11770 11769)
4(11762 11769 11770 11763)
4(11499 11500 11771 11770)
4(11763 11770 11771 11764)
4(11501 11502 11773 11772)
4(11765 11772 11773 11766)
4(11503 11504 11775 11774)
4(11767 11774 11775 11768)
4(11499 11770 11777 11506)
4(11505 11506 11777 11776)
4(11769 11776 11777 11770)
4(11506 11507 11778 11777)
4(11770 11777 11778 11771)
4(11508 11509 11780 11779)
4(11772 11779 11780 11773)
4(11510 11511 11782 11781)
4(11774 11781 11782 11775)
4(11506 11777 11784 11513)
4(11512 11513 11784 11783)
4(11776 11783 11784 11777)
4(11513 11514 11785 11784)
4(11777 11784 11785 11778)
4(11515 11516 11787 11786)
4(11779 11786 11787 11780)
4(11517 11518 11789 11788)
4(11781 11788 11789 11782)
4(11513 11784 11791 11520)
4(11519 11520 11791 11790)
4(11783 11790 11791 11784)
4(11520 11521 11792 11791)
4(11784 11791 11792 11785)
4(11522 11523 11794 11793)
4(11786 11793 11794 11787)
4(11524 11525 11796 11795)
4(11788 11795 11796 11789)
4(11520 11791 11798 11527)
4(11526 11527 11798 11797)
4(11790 11797 11798 11791)
4(11527 11528 11799 11798)
4(11791 11798 11799 11792)
4(11529 11530 11801 11800)
4(11793 11800 11801 11794)
4(11531 11532 11803 11802)
4(11795 11802 11803 11796)
4(11527 11798 11805 11534)
4(11533 11534 11805 11804)
4(11797 11804 11805 11798)
4(11534 11535 11806 11805)
4(11798 11805 11806 11799)
4(11536 11537 11808 11807)
4(11800 11807 11808 11801)
4(11538 11539 11810 11809)
4(11802 11809 11810 11803)
4(11534 11805 11812 11541)
4(11540 11541 11812 11811)
4(11804 11811 11812 11805)
4(11541 11542 11813 11812)
4(11805 11812 11813 11806)
4(11543 11544 11815 11814)
4(11807 11814 11815 11808)
4(11545 11546 11817 11816)
4(11809 11816 11817 11810)
4(11541 11812 11819 11548)
4(11547 11548 11819 11818)
4(11811 11818 11819 11812)
4(11548 11549 11820 11819)
4(11812 11819 11820 11813)
4(11550 11551 11822 11821)
4(11814 11821 11822 11815)
4(11552 11553 11824 11823)
4(11816 11823 11824 11817)
4(11548 11819 11826 11555)
4(11554 11555 11826 11825)
4(11818 11825 11826 11819)
4(11555 11556 11827 11826)
4(11819 11826 11827 11820)
4(11557 11558 11829 11828)
4(11821 11828 11829 11822)
4(11559 11560 11831 11830)
4(11823 11830 11831 11824)
4(11555 11826 11833 11562)
4(11561 11562 11833 11832)
4(11825 11832 11833 11826)
4(11562 11563 11834 11833)
4(11826 11833 11834 11827)
4(11564 11565 11836 11835)
4(11828 11835 11836 11829)
4(11566 11567 11838 11837)
4(11830 11837 11838 11831)
4(11562 11833 11840 11569)
4(11568 11569 11840 11839)
4(11832 11839 11840 11833)
4(11569 11570 11841 11840)
4(11833 11840 11841 11834)
4(11571 11572 11843 11842)
4(11835 11842 11843 11836)
4(11573 11574 11845 11844)
4(11837 11844 11845 11838)
4(11569 11840 11847 11576)
4(11575 11576 11847 11846)
4(11839 11846 11847 11840)
4(11576 11577 11848 11847)
4(11840 11847 11848 11841)
4(11578 11579 11850 11849)
4(11842 11849 11850 11843)
4(11580 11581 11852 11851)
4(11844 11851 11852 11845)
4(11576 11847 11854 11583)
4(11582 11583 11854 11853)
4(11846 11853 11854 11847)
4(11583 11584 11855 11854)
4(11847 11854 11855 11848)
4(11585 11586 11857 11856)
4(11849 11856 11857 11850)
4(11587 11588 11859 11858)
4(11851 11858 11859 11852)
4(11583 11854 11861 11590)
4(11589 11590 11861 11860)
4(11853 11860 11861 11854)
4(11590 11591 11862 11861)
4(11854 11861 11862 11855)
4(11592 11593 11864 11863)
4(11856 11863 11864 11857)
4(11594 11595 11866 11865)
4(11858 11865 11866 11859)
4(11590 11861 11868 11597)
4(11596 11597 11868 11867)
4(11860 11867 11868 11861)
4(11597 11598 11869 11868)
4(11861 11868 11869 11862)
4(11599 11600 11871 11870)
4(11863 11870 11871 11864)
4(11601 11602 11873 11872)
4(11865 11872 11873 11866)
4(11597 11868 11875 11604)
4(11603 11604 11875 11874)
4(11867 11874 11875 11868)
4(11604 11605 11876 11875)
4(11868 11875 11876 11869)
4(11606 11607 11878 11877)
4(11870 11877 11878 11871)
4(11608 11609 11880 11879)
4(11872 11879 11880 11873)
4(11604 11875 11882 11611)
4(11874 11881 11882 11875)
4(11875 11882 11883 11876)
4(11613 11614 11885 11884)
4(11877 11884 11885 11878)
4(11615 11616 11887 11886)
4(11879 11886 11887 11880)
4(11617 11618 11889 11888)
4(11884 11888 11889 11885)
4(11619 11620 11891 11890)
4(11886 11890 11891 11887)
4(11621 11622 11893 11892)
4(11888 11892 11893 11889)
4(11623 11624 11895 11894)
4(11890 11894 11895 11891)
4(11625 11626 11897 11896)
4(11892 11896 11897 11893)
4(11627 11628 11899 11898)
4(11894 11898 11899 11895)
4(11629 11630 11901 11900)
4(11896 11900 11901 11897)
4(11631 11632 11903 11902)
4(11898 11902 11903 11899)
4(11633 11634 11905 11904)
4(11900 11904 11905 11901)
4(11635 11636 11907 11906)
4(11902 11906 11907 11903)
4(11637 11638 11909 11908)
4(11904 11908 11909 11905)
4(11639 11640 11911 11910)
4(11906 11910 11911 11907)
4(11641 11642 11913 11912)
4(11908 11912 11913 11909)
4(11643 11644 11915 11914)
4(11910 11914 11915 11911)
4(11645 11646 11917 11916)
4(11912 11916 11917 11913)
4(11647 11648 11919 11918)
4(11914 11918 11919 11915)
4(11649 11650 11921 11920)
4(11916 11920 11921 11917)
4(11651 11652 11923 11922)
4(11918 11922 11923 11919)
4(11653 11654 11925 11924)
4(11920 11924 11925 11921)
4(11655 11656 11927 11926)
4(11922 11926 11927 11923)
4(11657 11658 11929 11928)
4(11924 11928 11929 11925)
4(11659 11660 11931 11930)
4(11926 11930 11931 11927)
4(11661 11662 11933 11932)
4(11928 11932 11933 11929)
4(11663 11664 11935 11934)
4(11930 11934 11935 11931)
4(11665 11666 11937 11936)
4(11932 11936 11937 11933)
4(11667 11668 11939 11938)
4(11934 11938 11939 11935)
4(11669 11670 11941 11940)
4(11936 11940 11941 11937)
4(11671 11672 11943 11942)
4(11938 11942 11943 11939)
4(11673 11674 11945 11944)
4(11940 11944 11945 11941)
4(11675 11676 11947 11946)
4(11942 11946 11947 11943)
4(11677 11678 11949 11948)
4(11944 11948 11949 11945)
4(11679 11680 11951 11950)
4(11946 11950 11951 11947)
4(11685 11686 11959 11958)
4(11948 11958 11959 11949)
4(11680 11951 11961 11688)
4(11950 11960 11961 11951)
4(11681 11952 11962 11689)
4(11951 11961 11962 11952)
4(11952 11962 11963 11953)
4(11684 11957 11967 11692)
4(11956 11966 11967 11957)
4(11685 11958 11968 11693)
4(11957 11967 11968 11958)
4(11958 11968 11969 11959)
4(11699 11700 11975 11974)
4(11970 11974 11975 11971)
4(11701 11702 11977 11976)
4(11972 11976 11977 11973)
4(11703 11704 11979 11978)
4(11974 11978 11979 11975)
4(11705 11706 11981 11980)
4(11976 11980 11981 11977)
4(11707 11708 11983 11982)
4(11978 11982 11983 11979)
4(11709 11710 11985 11984)
4(11980 11984 11985 11981)
4(11711 11712 11987 11986)
4(11982 11986 11987 11983)
4(11716 11717 11992 11991)
4(11984 11991 11992 11985)
4(11718 11719 11994 11993)
4(11986 11993 11994 11987)
4(11714 11989 11996 11721)
4(11720 11721 11996 11995)
4(11988 11995 11996 11989)
4(11721 11722 11997 11996)
4(11989 11996 11997 11990)
4(11723 11724 11999 11998)
4(11991 11998 11999 11992)
4(11725 11726 12001 12000)
4(11993 12000 12001 11994)
4(11721 11996 12003 11728)
4(11727 11728 12003 12002)
4(11995 12002 12003 11996)
4(11728 11729 12004 12003)
4(11996 12003 12004 11997)
4(11730 11731 12006 12005)
4(11998 12005 12006 11999)
4(11732 11733 12008 12007)
4(12000 12007 12008 12001)
4(11728 12003 12010 11735)
4(11734 11735 12010 12009)
4(12002 12009 12010 12003)
4(11735 11736 12011 12010)
4(12003 12010 12011 12004)
4(11737 11738 12013 12012)
4(12005 12012 12013 12006)
4(11739 11740 12015 12014)
4(12007 12014 12015 12008)
4(11735 12010 12017 11742)
4(11741 11742 12017 12016)
4(12009 12016 12017 12010)
4(11742 11743 12018 12017)
4(12010 12017 12018 12011)
4(11744 11745 12020 12019)
4(12012 12019 12020 12013)
4(11746 11747 12022 12021)
4(12014 12021 12022 12015)
4(11742 12017 12024 11749)
4(11748 11749 12024 12023)
4(12016 12023 12024 12017)
4(11749 11750 12025 12024)
4(12017 12024 12025 12018)
4(11751 11752 12027 12026)
4(12019 12026 12027 12020)
4(11753 11754 12029 12028)
4(12021 12028 12029 12022)
4(11749 12024 12031 11756)
4(11755 11756 12031 12030)
4(12023 12030 12031 12024)
4(11756 11757 12032 12031)
4(12024 12031 12032 12025)
4(11758 11759 12034 12033)
4(12026 12033 12034 12027)
4(11760 11761 12036 12035)
4(12028 12035 12036 12029)
4(11756 12031 12038 11763)
4(11762 11763 12038 12037)
4(12030 12037 12038 12031)
4(11763 11764 12039 12038)
4(12031 12038 12039 12032)
4(11765 11766 12041 12040)
4(12033 12040 12041 12034)
4(11767 11768 12043 12042)
4(12035 12042 12043 12036)
4(11763 12038 12045 11770)
4(11769 11770 12045 12044)
4(12037 12044 12045 12038)
4(11770 11771 12046 12045)
4(12038 12045 12046 12039)
4(11772 11773 12048 12047)
4(12040 12047 12048 12041)
4(11774 11775 12050 12049)
4(12042 12049 12050 12043)
4(11770 12045 12052 11777)
4(11776 11777 12052 12051)
4(12044 12051 12052 12045)
4(11777 11778 12053 12052)
4(12045 12052 12053 12046)
4(11779 11780 12055 12054)
4(12047 12054 12055 12048)
4(11781 11782 12057 12056)
4(12049 12056 12057 12050)
4(11777 12052 12059 11784)
4(11783 11784 12059 12058)
4(12051 12058 12059 12052)
4(11784 11785 12060 12059)
4(12052 12059 12060 12053)
4(11786 11787 12062 12061)
4(12054 12061 12062 12055)
4(11788 11789 12064 12063)
4(12056 12063 12064 12057)
4(11784 12059 12066 11791)
4(11790 11791 12066 12065)
4(12058 12065 12066 12059)
4(11791 11792 12067 12066)
4(12059 12066 12067 12060)
4(11793 11794 12069 12068)
4(12061 12068 12069 12062)
4(11795 11796 12071 12070)
4(12063 12070 12071 12064)
4(11791 12066 12073 11798)
4(11797 11798 12073 12072)
4(12065 12072 12073 12066)
4(11798 11799 12074 12073)
4(12066 12073 12074 12067)
4(11800 11801 12076 12075)
4(12068 12075 12076 12069)
4(11802 11803 12078 12077)
4(12070 12077 12078 12071)
4(11798 12073 12080 11805)
4(11804 11805 12080 12079)
4(12072 12079 12080 12073)
4(11805 11806 12081 12080)
4(12073 12080 12081 12074)
4(11807 11808 12083 12082)
4(12075 12082 12083 12076)
4(11809 11810 12085 12084)
4(12077 12084 12085 12078)
4(11805 12080 12087 11812)
4(11811 11812 12087 12086)
4(12079 12086 12087 12080)
4(11812 11813 12088 12087)
4(12080 12087 12088 12081)
4(11814 11815 12090 12089)
4(12082 12089 12090 12083)
4(11816 11817 12092 12091)
4(12084 12091 12092 12085)
4(11812 12087 12094 11819)
4(11818 11819 12094 12093)
4(12086 12093 12094 12087)
4(11819 11820 12095 12094)
4(12087 12094 12095 12088)
4(11821 11822 12097 12096)
4(12089 12096 12097 12090)
4(11823 11824 12099 12098)
4(12091 12098 12099 12092)
4(11819 12094 12101 11826)
4(11825 11826 12101 12100)
4(12093 12100 12101 12094)
4(11826 11827 12102 12101)
4(12094 12101 12102 12095)
4(11828 11829 12104 12103)
4(12096 12103 12104 12097)
4(11830 11831 12106 12105)
4(12098 12105 12106 12099)
4(11826 12101 12108 11833)
4(11832 11833 12108 12107)
4(12100 12107 12108 12101)
4(11833 11834 12109 12108)
4(12101 12108 12109 12102)
4(11835 11836 12111 12110)
4(12103 12110 12111 12104)
4(11837 11838 12113 12112)
4(12105 12112 12113 12106)
4(11833 12108 12115 11840)
4(11839 11840 12115 12114)
4(12107 12114 12115 12108)
4(11840 11841 12116 12115)
4(12108 12115 12116 12109)
4(11842 11843 12118 12117)
4(12110 12117 12118 12111)
4(11844 11845 12120 12119)
4(12112 12119 12120 12113)
4(11840 12115 12122 11847)
4(11846 11847 12122 12121)
4(12114 12121 12122 12115)
4(11847 11848 12123 12122)
4(12115 12122 12123 12116)
4(11849 11850 12125 12124)
4(12117 12124 12125 12118)
4(11851 11852 12127 12126)
4(12119 12126 12127 12120)
4(11847 12122 12129 11854)
4(11853 11854 12129 12128)
4(12121 12128 12129 12122)
4(11854 11855 12130 12129)
4(12122 12129 12130 12123)
4(11856 11857 12132 12131)
4(12124 12131 12132 12125)
4(11858 11859 12134 12133)
4(12126 12133 12134 12127)
4(11854 12129 12136 11861)
4(11860 11861 12136 12135)
4(12128 12135 12136 12129)
4(11861 11862 12137 12136)
4(12129 12136 12137 12130)
4(11863 11864 12139 12138)
4(12131 12138 12139 12132)
4(11865 11866 12141 12140)
4(12133 12140 12141 12134)
4(11861 12136 12143 11868)
4(11867 11868 12143 12142)
4(12135 12142 12143 12136)
4(11868 11869 12144 12143)
4(12136 12143 12144 12137)
4(11870 11871 12146 12145)
4(12138 12145 12146 12139)
4(11872 11873 12148 12147)
4(12140 12147 12148 12141)
4(11868 12143 12150 11875)
4(11874 11875 12150 12149)
4(12142 12149 12150 12143)
4(11875 11876 12151 12150)
4(12143 12150 12151 12144)
4(11877 11878 12153 12152)
4(12145 12152 12153 12146)
4(11879 11880 12155 12154)
4(12147 12154 12155 12148)
4(11875 12150 12157 11882)
4(12149 12156 12157 12150)
4(12150 12157 12158 12151)
4(11884 11885 12160 12159)
4(12152 12159 12160 12153)
4(11886 11887 12162 12161)
4(12154 12161 12162 12155)
4(11888 11889 12164 12163)
4(12159 12163 12164 12160)
4(11890 11891 12166 12165)
4(12161 12165 12166 12162)
4(11892 11893 12168 12167)
4(12163 12167 12168 12164)
4(11894 11895 12170 12169)
4(12165 12169 12170 12166)
4(11896 11897 12172 12171)
4(12167 12171 12172 12168)
4(11898 11899 12174 12173)
4(12169 12173 12174 12170)
4(11900 11901 12176 12175)
4(12171 12175 12176 12172)
4(11902 11903 12178 12177)
4(12173 12177 12178 12174)
4(11904 11905 12180 12179)
4(12175 12179 12180 12176)
4(11906 11907 12182 12181)
4(12177 12181 12182 12178)
4(11908 11909 12184 12183)
4(12179 12183 12184 12180)
4(11910 11911 12186 12185)
4(12181 12185 12186 12182)
4(11912 11913 12188 12187)
4(12183 12187 12188 12184)
4(11914 11915 12190 12189)
4(12185 12189 12190 12186)
4(11916 11917 12192 12191)
4(12187 12191 12192 12188)
4(11918 11919 12194 12193)
4(12189 12193 12194 12190)
4(11920 11921 12196 12195)
4(12191 12195 12196 12192)
4(11922 11923 12198 12197)
4(12193 12197 12198 12194)
4(11924 11925 12200 12199)
4(12195 12199 12200 12196)
4(11926 11927 12202 12201)
4(12197 12201 12202 12198)
4(11928 11929 12204 12203)
4(12199 12203 12204 12200)
4(11930 11931 12206 12205)
4(12201 12205 12206 12202)
4(11932 11933 12208 12207)
4(12203 12207 12208 12204)
4(11934 11935 12210 12209)
4(12205 12209 12210 12206)
4(11936 11937 12212 12211)
4(12207 12211 12212 12208)
4(11938 11939 12214 12213)
4(12209 12213 12214 12210)
4(11940 11941 12216 12215)
4(12211 12215 12216 12212)
4(11942 11943 12218 12217)
4(12213 12217 12218 12214)
4(11944 11945 12220 12219)
4(12215 12219 12220 12216)
4(11946 11947 12222 12221)
4(12217 12221 12222 12218)
4(11948 11949 12224 12223)
4(12219 12223 12224 12220)
4(11950 11951 12226 12225)
4(12221 12225 12226 12222)
4(11958 11959 12234 12233)
4(12223 12233 12234 12224)
4(11951 12226 12236 11961)
4(12225 12235 12236 12226)
4(11952 12227 12237 11962)
4(12226 12236 12237 12227)
4(11953 12228 12238 11963)
4(12227 12237 12238 12228)
4(11954 12229 12239 11964)
4(12228 12238 12239 12229)
4(11955 12230 12240 11965)
4(12229 12239 12240 12230)
4(11956 12231 12241 11966)
4(12230 12240 12241 12231)
4(11957 12232 12242 11967)
4(12231 12241 12242 12232)
4(11958 12233 12243 11968)
4(12232 12242 12243 12233)
4(12233 12243 12244 12234)
4(11974 11975 12250 12249)
4(12245 12249 12250 12246)
4(11976 11977 12252 12251)
4(12247 12251 12252 12248)
4(11978 11979 12254 12253)
4(12249 12253 12254 12250)
4(11980 11981 12256 12255)
4(12251 12255 12256 12252)
4(11982 11983 12258 12257)
4(12253 12257 12258 12254)
4(11984 11985 12260 12259)
4(12255 12259 12260 12256)
4(11986 11987 12262 12261)
4(12257 12261 12262 12258)
4(11991 11992 12267 12266)
4(12259 12266 12267 12260)
4(11993 11994 12269 12268)
4(12261 12268 12269 12262)
4(11989 12264 12271 11996)
4(11995 11996 12271 12270)
4(12263 12270 12271 12264)
4(11996 11997 12272 12271)
4(12264 12271 12272 12265)
4(11998 11999 12274 12273)
4(12266 12273 12274 12267)
4(12000 12001 12276 12275)
4(12268 12275 12276 12269)
4(11996 12271 12278 12003)
4(12002 12003 12278 12277)
4(12270 12277 12278 12271)
4(12003 12004 12279 12278)
4(12271 12278 12279 12272)
4(12005 12006 12281 12280)
4(12273 12280 12281 12274)
4(12007 12008 12283 12282)
4(12275 12282 12283 12276)
4(12003 12278 12285 12010)
4(12009 12010 12285 12284)
4(12277 12284 12285 12278)
4(12010 12011 12286 12285)
4(12278 12285 12286 12279)
4(12012 12013 12288 12287)
4(12280 12287 12288 12281)
4(12014 12015 12290 12289)
4(12282 12289 12290 12283)
4(12010 12285 12292 12017)
4(12016 12017 12292 12291)
4(12284 12291 12292 12285)
4(12017 12018 12293 12292)
4(12285 12292 12293 12286)
4(12019 12020 12295 12294)
4(12287 12294 12295 12288)
4(12021 12022 12297 12296)
4(12289 12296 12297 12290)
4(12017 12292 12299 12024)
4(12023 12024 12299 12298)
4(12291 12298 12299 12292)
4(12024 12025 12300 12299)
4(12292 12299 12300 12293)
4(12026 12027 12302 12301)
4(12294 12301 12302 12295)
4(12028 12029 12304 12303)
4(12296 12303 12304 12297)
4(12024 12299 12306 12031)
4(12030 12031 12306 12305)
4(12298 12305 12306 12299)
4(12031 12032 12307 12306)
4(12299 12306 12307 12300)
4(12033 12034 12309 12308)
4(12301 12308 12309 12302)
4(12035 12036 12311 12310)
4(12303 12310 12311 12304)
4(12031 12306 12313 12038)
4(12037 12038 12313 12312)
4(12305 12312 12313 12306)
4(12038 12039 12314 12313)
4(12306 12313 12314 12307)
4(12040 12041 12316 12315)
4(12308 12315 12316 12309)
4(12042 12043 12318 12317)
4(12310 12317 12318 12311)
4(12038 12313 12320 12045)
4(12044 12045 12320 12319)
4(12312 12319 12320 12313)
4(12045 12046 12321 12320)
4(12313 12320 12321 12314)
4(12047 12048 12323 12322)
4(12315 12322 12323 12316)
4(12049 12050 12325 12324)
4(12317 12324 12325 12318)
4(12045 12320 12327 12052)
4(12051 12052 12327 12326)
4(12319 12326 12327 12320)
4(12052 12053 12328 12327)
4(12320 12327 12328 12321)
4(12054 12055 12330 12329)
4(12322 12329 12330 12323)
4(12056 12057 12332 12331)
4(12324 12331 12332 12325)
4(12052 12327 12334 12059)
4(12058 12059 12334 12333)
4(12326 12333 12334 12327)
4(12059 12060 12335 12334)
4(12327 12334 12335 12328)
4(12061 12062 12337 12336)
4(12329 12336 12337 12330)
4(12063 12064 12339 12338)
4(12331 12338 12339 12332)
4(12059 12334 12341 12066)
4(12065 12066 12341 12340)
4(12333 12340 12341 12334)
4(12066 12067 12342 12341)
4(12334 12341 12342 12335)
4(12068 12069 12344 12343)
4(12336 12343 12344 12337)
4(12070 12071 12346 12345)
4(12338 12345 12346 12339)
4(12066 12341 12348 12073)
4(12072 12073 12348 12347)
4(12340 12347 12348 12341)
4(12073 12074 12349 12348)
4(12341 12348 12349 12342)
4(12075 12076 12351 12350)
4(12343 12350 12351 12344)
4(12077 12078 12353 12352)
4(12345 12352 12353 12346)
4(12073 12348 12355 12080)
4(12079 12080 12355 12354)
4(12347 12354 12355 12348)
4(12080 12081 12356 12355)
4(12348 12355 12356 12349)
4(12082 12083 12358 12357)
4(12350 12357 12358 12351)
4(12084 12085 12360 12359)
4(12352 12359 12360 12353)
4(12080 12355 12362 12087)
4(12086 12087 12362 12361)
4(12354 12361 12362 12355)
4(12087 12088 12363 12362)
4(12355 12362 12363 12356)
4(12089 12090 12365 12364)
4(12357 12364 12365 12358)
4(12091 12092 12367 12366)
4(12359 12366 12367 12360)
4(12087 12362 12369 12094)
4(12093 12094 12369 12368)
4(12361 12368 12369 12362)
4(12094 12095 12370 12369)
4(12362 12369 12370 12363)
4(12096 12097 12372 12371)
4(12364 12371 12372 12365)
4(12098 12099 12374 12373)
4(12366 12373 12374 12367)
4(12094 12369 12376 12101)
4(12100 12101 12376 12375)
4(12368 12375 12376 12369)
4(12101 12102 12377 12376)
4(12369 12376 12377 12370)
4(12103 12104 12379 12378)
4(12371 12378 12379 12372)
4(12105 12106 12381 12380)
4(12373 12380 12381 12374)
4(12101 12376 12383 12108)
4(12107 12108 12383 12382)
4(12375 12382 12383 12376)
4(12108 12109 12384 12383)
4(12376 12383 12384 12377)
4(12110 12111 12386 12385)
4(12378 12385 12386 12379)
4(12112 12113 12388 12387)
4(12380 12387 12388 12381)
4(12108 12383 12390 12115)
4(12114 12115 12390 12389)
4(12382 12389 12390 12383)
4(12115 12116 12391 12390)
4(12383 12390 12391 12384)
4(12117 12118 12393 12392)
4(12385 12392 12393 12386)
4(12119 12120 12395 12394)
4(12387 12394 12395 12388)
4(12115 12390 12397 12122)
4(12121 12122 12397 12396)
4(12389 12396 12397 12390)
4(12122 12123 12398 12397)
4(12390 12397 12398 12391)
4(12124 12125 12400 12399)
4(12392 12399 12400 12393)
4(12126 12127 12402 12401)
4(12394 12401 12402 12395)
4(12122 12397 12404 12129)
4(12128 12129 12404 12403)
4(12396 12403 12404 12397)
4(12129 12130 12405 12404)
4(12397 12404 12405 12398)
4(12131 12132 12407 12406)
4(12399 12406 12407 12400)
4(12133 12134 12409 12408)
4(12401 12408 12409 12402)
4(12129 12404 12411 12136)
4(12135 12136 12411 12410)
4(12403 12410 12411 12404)
4(12136 12137 12412 12411)
4(12404 12411 12412 12405)
4(12138 12139 12414 12413)
4(12406 12413 12414 12407)
4(12140 12141 12416 12415)
4(12408 12415 12416 12409)
4(12136 12411 12418 12143)
4(12142 12143 12418 12417)
4(12410 12417 12418 12411)
4(12143 12144 12419 12418)
4(12411 12418 12419 12412)
4(12145 12146 12421 12420)
4(12413 12420 12421 12414)
4(12147 12148 12423 12422)
4(12415 12422 12423 12416)
4(12143 12418 12425 12150)
4(12149 12150 12425 12424)
4(12417 12424 12425 12418)
4(12150 12151 12426 12425)
4(12418 12425 12426 12419)
4(12152 12153 12428 12427)
4(12420 12427 12428 12421)
4(12154 12155 12430 12429)
4(12422 12429 12430 12423)
4(12150 12425 12432 12157)
4(12424 12431 12432 12425)
4(12425 12432 12433 12426)
4(12159 12160 12435 12434)
4(12427 12434 12435 12428)
4(12161 12162 12437 12436)
4(12429 12436 12437 12430)
4(12163 12164 12439 12438)
4(12434 12438 12439 12435)
4(12165 12166 12441 12440)
4(12436 12440 12441 12437)
4(12167 12168 12443 12442)
4(12438 12442 12443 12439)
4(12169 12170 12445 12444)
4(12440 12444 12445 12441)
4(12171 12172 12447 12446)
4(12442 12446 12447 12443)
4(12173 12174 12449 12448)
4(12444 12448 12449 12445)
4(12175 12176 12451 12450)
4(12446 12450 12451 12447)
4(12177 12178 12453 12452)
4(12448 12452 12453 12449)
4(12179 12180 12455 12454)
4(12450 12454 12455 12451)
4(12181 12182 12457 12456)
4(12452 12456 12457 12453)
4(12183 12184 12459 12458)
4(12454 12458 12459 12455)
4(12185 12186 12461 12460)
4(12456 12460 12461 12457)
4(12187 12188 12463 12462)
4(12458 12462 12463 12459)
4(12189 12190 12465 12464)
4(12460 12464 12465 12461)
4(12191 12192 12467 12466)
4(12462 12466 12467 12463)
4(12193 12194 12469 12468)
4(12464 12468 12469 12465)
4(12195 12196 12471 12470)
4(12466 12470 12471 12467)
4(12197 12198 12473 12472)
4(12468 12472 12473 12469)
4(12199 12200 12475 12474)
4(12470 12474 12475 12471)
4(12201 12202 12477 12476)
4(12472 12476 12477 12473)
4(12203 12204 12479 12478)
4(12474 12478 12479 12475)
4(12205 12206 12481 12480)
4(12476 12480 12481 12477)
4(12207 12208 12483 12482)
4(12478 12482 12483 12479)
4(12209 12210 12485 12484)
4(12480 12484 12485 12481)
4(12211 12212 12487 12486)
4(12482 12486 12487 12483)
4(12213 12214 12489 12488)
4(12484 12488 12489 12485)
4(12215 12216 12491 12490)
4(12486 12490 12491 12487)
4(12217 12218 12493 12492)
4(12488 12492 12493 12489)
4(12219 12220 12495 12494)
4(12490 12494 12495 12491)
4(12221 12222 12497 12496)
4(12492 12496 12497 12493)
4(12223 12224 12499 12498)
4(12494 12498 12499 12495)
4(12225 12226 12501 12500)
4(12496 12500 12501 12497)
4(12233 12234 12509 12508)
4(12498 12508 12509 12499)
4(12226 12501 12511 12236)
4(12500 12510 12511 12501)
4(12227 12502 12512 12237)
4(12501 12511 12512 12502)
4(12228 12503 12513 12238)
4(12502 12512 12513 12503)
4(12229 12504 12514 12239)
4(12503 12513 12514 12504)
4(12230 12505 12515 12240)
4(12504 12514 12515 12505)
4(12231 12506 12516 12241)
4(12505 12515 12516 12506)
4(12232 12507 12517 12242)
4(12506 12516 12517 12507)
4(12233 12508 12518 12243)
4(12507 12517 12518 12508)
4(12508 12518 12519 12509)
4(12249 12250 12525 12524)
4(12520 12524 12525 12521)
4(12251 12252 12527 12526)
4(12522 12526 12527 12523)
4(12253 12254 12529 12528)
4(12524 12528 12529 12525)
4(12255 12256 12531 12530)
4(12526 12530 12531 12527)
4(12257 12258 12533 12532)
4(12528 12532 12533 12529)
4(12259 12260 12535 12534)
4(12530 12534 12535 12531)
4(12261 12262 12537 12536)
4(12532 12536 12537 12533)
4(12266 12267 12542 12541)
4(12534 12541 12542 12535)
4(12268 12269 12544 12543)
4(12536 12543 12544 12537)
4(12264 12539 12546 12271)
4(12270 12271 12546 12545)
4(12538 12545 12546 12539)
4(12271 12272 12547 12546)
4(12539 12546 12547 12540)
4(12273 12274 12549 12548)
4(12541 12548 12549 12542)
4(12275 12276 12551 12550)
4(12543 12550 12551 12544)
4(12271 12546 12553 12278)
4(12277 12278 12553 12552)
4(12545 12552 12553 12546)
4(12278 12279 12554 12553)
4(12546 12553 12554 12547)
4(12280 12281 12556 12555)
4(12548 12555 12556 12549)
4(12282 12283 12558 12557)
4(12550 12557 12558 12551)
4(12278 12553 12560 12285)
4(12284 12285 12560 12559)
4(12552 12559 12560 12553)
4(12285 12286 12561 12560)
4(12553 12560 12561 12554)
4(12287 12288 12563 12562)
4(12555 12562 12563 12556)
4(12289 12290 12565 12564)
4(12557 12564 12565 12558)
4(12285 12560 12567 12292)
4(12291 12292 12567 12566)
4(12559 12566 12567 12560)
4(12292 12293 12568 12567)
4(12560 12567 12568 12561)
4(12294 12295 12570 12569)
4(12562 12569 12570 12563)
4(12296 12297 12572 12571)
4(12564 12571 12572 12565)
4(12292 12567 12574 12299)
4(12298 12299 12574 12573)
4(12566 12573 12574 12567)
4(12299 12300 12575 12574)
4(12567 12574 12575 12568)
4(12301 12302 12577 12576)
4(12569 12576 12577 12570)
4(12303 12304 12579 12578)
4(12571 12578 12579 12572)
4(12299 12574 12581 12306)
4(12305 12306 12581 12580)
4(12573 12580 12581 12574)
4(12306 12307 12582 12581)
4(12574 12581 12582 12575)
4(12308 12309 12584 12583)
4(12576 12583 12584 12577)
4(12310 12311 12586 12585)
4(12578 12585 12586 12579)
4(12306 12581 12588 12313)
4(12312 12313 12588 12587)
4(12580 12587 12588 12581)
4(12313 12314 12589 12588)
4(12581 12588 12589 12582)
4(12315 12316 12591 12590)
4(12583 12590 12591 12584)
4(12317 12318 12593 12592)
4(12585 12592 12593 12586)
4(12313 12588 12595 12320)
4(12319 12320 12595 12594)
4(12587 12594 12595 12588)
4(12320 12321 12596 12595)
4(12588 12595 12596 12589)
4(12322 12323 12598 12597)
4(12590 12597 12598 12591)
4(12324 12325 12600 12599)
4(12592 12599 12600 12593)
4(12320 12595 12602 12327)
4(12326 12327 12602 12601)
4(12594 12601 12602 12595)
4(12327 12328 12603 12602)
4(12595 12602 12603 12596)
4(12329 12330 12605 12604)
4(12597 12604 12605 12598)
4(12331 12332 12607 12606)
4(12599 12606 12607 12600)
4(12327 12602 12609 12334)
4(12333 12334 12609 12608)
4(12601 12608 12609 12602)
4(12334 12335 12610 12609)
4(12602 12609 12610 12603)
4(12336 12337 12612 12611)
4(12604 12611 12612 12605)
4(12338 12339 12614 12613)
4(12606 12613 12614 12607)
4(12334 12609 12616 12341)
4(12340 12341 12616 12615)
4(12608 12615 12616 12609)
4(12341 12342 12617 12616)
4(12609 12616 12617 12610)
4(12343 12344 12619 12618)
4(12611 12618 12619 12612)
4(12345 12346 12621 12620)
4(12613 12620 12621 12614)
4(12341 12616 12623 12348)
4(12347 12348 12623 12622)
4(12615 12622 12623 12616)
4(12348 12349 12624 12623)
4(12616 12623 12624 12617)
4(12350 12351 12626 12625)
4(12618 12625 12626 12619)
4(12352 12353 12628 12627)
4(12620 12627 12628 12621)
4(12348 12623 12630 12355)
4(12354 12355 12630 12629)
4(12622 12629 12630 12623)
4(12355 12356 12631 12630)
4(12623 12630 12631 12624)
4(12357 12358 12633 12632)
4(12625 12632 12633 12626)
4(12359 12360 12635 12634)
4(12627 12634 12635 12628)
4(12355 12630 12637 12362)
4(12361 12362 12637 12636)
4(12629 12636 12637 12630)
4(12362 12363 12638 12637)
4(12630 12637 12638 12631)
4(12364 12365 12640 12639)
4(12632 12639 12640 12633)
4(12366 12367 12642 12641)
4(12634 12641 12642 12635)
4(12362 12637 12644 12369)
4(12368 12369 12644 12643)
4(12636 12643 12644 12637)
4(12369 12370 12645 12644)
4(12637 12644 12645 12638)
4(12371 12372 12647 12646)
4(12639 12646 12647 12640)
4(12373 12374 12649 12648)
4(12641 12648 12649 12642)
4(12369 12644 12651 12376)
4(12375 12376 12651 12650)
4(12643 12650 12651 12644)
4(12376 12377 12652 12651)
4(12644 12651 12652 12645)
4(12378 12379 12654 12653)
4(12646 12653 12654 12647)
4(12380 12381 12656 12655)
4(12648 12655 12656 12649)
4(12376 12651 12658 12383)
4(12382 12383 12658 12657)
4(12650 12657 12658 12651)
4(12383 12384 12659 12658)
4(12651 12658 12659 12652)
4(12385 12386 12661 12660)
4(12653 12660 12661 12654)
4(12387 12388 12663 12662)
4(12655 12662 12663 12656)
4(12383 12658 12665 12390)
4(12389 12390 12665 12664)
4(12657 12664 12665 12658)
4(12390 12391 12666 12665)
4(12658 12665 12666 12659)
4(12392 12393 12668 12667)
4(12660 12667 12668 12661)
4(12394 12395 12670 12669)
4(12662 12669 12670 12663)
4(12390 12665 12672 12397)
4(12396 12397 12672 12671)
4(12664 12671 12672 12665)
4(12397 12398 12673 12672)
4(12665 12672 12673 12666)
4(12399 12400 12675 12674)
4(12667 12674 12675 12668)
4(12401 12402 12677 12676)
4(12669 12676 12677 12670)
4(12397 12672 12679 12404)
4(12403 12404 12679 12678)
4(12671 12678 12679 12672)
4(12404 12405 12680 12679)
4(12672 12679 12680 12673)
4(12406 12407 12682 12681)
4(12674 12681 12682 12675)
4(12408 12409 12684 12683)
4(12676 12683 12684 12677)
4(12404 12679 12686 12411)
4(12410 12411 12686 12685)
4(12678 12685 12686 12679)
4(12411 12412 12687 12686)
4(12679 12686 12687 12680)
4(12413 12414 12689 12688)
4(12681 12688 12689 12682)
4(12415 12416 12691 12690)
4(12683 12690 12691 12684)
4(12411 12686 12693 12418)
4(12417 12418 12693 12692)
4(12685 12692 12693 12686)
4(12418 12419 12694 12693)
4(12686 12693 12694 12687)
4(12420 12421 12696 12695)
4(12688 12695 12696 12689)
4(12422 12423 12698 12697)
4(12690 12697 12698 12691)
4(12418 12693 12700 12425)
4(12424 12425 12700 12699)
4(12692 12699 12700 12693)
4(12425 12426 12701 12700)
4(12693 12700 12701 12694)
4(12427 12428 12703 12702)
4(12695 12702 12703 12696)
4(12429 12430 12705 12704)
4(12697 12704 12705 12698)
4(12425 12700 12707 12432)
4(12699 12706 12707 12700)
4(12700 12707 12708 12701)
4(12434 12435 12710 12709)
4(12702 12709 12710 12703)
4(12436 12437 12712 12711)
4(12704 12711 12712 12705)
4(12438 12439 12714 12713)
4(12709 12713 12714 12710)
4(12440 12441 12716 12715)
4(12711 12715 12716 12712)
4(12442 12443 12718 12717)
4(12713 12717 12718 12714)
4(12444 12445 12720 12719)
4(12715 12719 12720 12716)
4(12446 12447 12722 12721)
4(12717 12721 12722 12718)
4(12448 12449 12724 12723)
4(12719 12723 12724 12720)
4(12450 12451 12726 12725)
4(12721 12725 12726 12722)
4(12452 12453 12728 12727)
4(12723 12727 12728 12724)
4(12454 12455 12730 12729)
4(12725 12729 12730 12726)
4(12456 12457 12732 12731)
4(12727 12731 12732 12728)
4(12458 12459 12734 12733)
4(12729 12733 12734 12730)
4(12460 12461 12736 12735)
4(12731 12735 12736 12732)
4(12462 12463 12738 12737)
4(12733 12737 12738 12734)
4(12464 12465 12740 12739)
4(12735 12739 12740 12736)
4(12466 12467 12742 12741)
4(12737 12741 12742 12738)
4(12468 12469 12744 12743)
4(12739 12743 12744 12740)
4(12470 12471 12746 12745)
4(12741 12745 12746 12742)
4(12472 12473 12748 12747)
4(12743 12747 12748 12744)
4(12474 12475 12750 12749)
4(12745 12749 12750 12746)
4(12476 12477 12752 12751)
4(12747 12751 12752 12748)
4(12478 12479 12754 12753)
4(12749 12753 12754 12750)
4(12480 12481 12756 12755)
4(12751 12755 12756 12752)
4(12482 12483 12758 12757)
4(12753 12757 12758 12754)
4(12484 12485 12760 12759)
4(12755 12759 12760 12756)
4(12486 12487 12762 12761)
4(12757 12761 12762 12758)
4(12488 12489 12764 12763)
4(12759 12763 12764 12760)
4(12490 12491 12766 12765)
4(12761 12765 12766 12762)
4(12492 12493 12768 12767)
4(12763 12767 12768 12764)
4(12494 12495 12770 12769)
4(12765 12769 12770 12766)
4(12496 12497 12772 12771)
4(12767 12771 12772 12768)
4(12498 12499 12774 12773)
4(12769 12773 12774 12770)
4(12500 12501 12776 12775)
4(12771 12775 12776 12772)
4(12508 12509 12784 12783)
4(12773 12783 12784 12774)
4(12501 12776 12786 12511)
4(12775 12785 12786 12776)
4(12502 12777 12787 12512)
4(12776 12786 12787 12777)
4(12503 12778 12788 12513)
4(12777 12787 12788 12778)
4(12504 12779 12789 12514)
4(12778 12788 12789 12779)
4(12505 12780 12790 12515)
4(12779 12789 12790 12780)
4(12506 12781 12791 12516)
4(12780 12790 12791 12781)
4(12507 12782 12792 12517)
4(12781 12791 12792 12782)
4(12508 12783 12793 12518)
4(12782 12792 12793 12783)
4(12783 12793 12794 12784)
4(12524 12525 12800 12799)
4(12795 12799 12800 12796)
4(12526 12527 12802 12801)
4(12797 12801 12802 12798)
4(12528 12529 12804 12803)
4(12799 12803 12804 12800)
4(12530 12531 12806 12805)
4(12801 12805 12806 12802)
4(12532 12533 12808 12807)
4(12803 12807 12808 12804)
4(12534 12535 12810 12809)
4(12805 12809 12810 12806)
4(12536 12537 12812 12811)
4(12807 12811 12812 12808)
4(12541 12542 12817 12816)
4(12809 12816 12817 12810)
4(12543 12544 12819 12818)
4(12811 12818 12819 12812)
4(12539 12814 12821 12546)
4(12545 12546 12821 12820)
4(12813 12820 12821 12814)
4(12546 12547 12822 12821)
4(12814 12821 12822 12815)
4(12548 12549 12824 12823)
4(12816 12823 12824 12817)
4(12550 12551 12826 12825)
4(12818 12825 12826 12819)
4(12546 12821 12828 12553)
4(12552 12553 12828 12827)
4(12820 12827 12828 12821)
4(12553 12554 12829 12828)
4(12821 12828 12829 12822)
4(12555 12556 12831 12830)
4(12823 12830 12831 12824)
4(12557 12558 12833 12832)
4(12825 12832 12833 12826)
4(12553 12828 12835 12560)
4(12559 12560 12835 12834)
4(12827 12834 12835 12828)
4(12560 12561 12836 12835)
4(12828 12835 12836 12829)
4(12562 12563 12838 12837)
4(12830 12837 12838 12831)
4(12564 12565 12840 12839)
4(12832 12839 12840 12833)
4(12560 12835 12842 12567)
4(12566 12567 12842 12841)
4(12834 12841 12842 12835)
4(12567 12568 12843 12842)
4(12835 12842 12843 12836)
4(12569 12570 12845 12844)
4(12837 12844 12845 12838)
4(12571 12572 12847 12846)
4(12839 12846 12847 12840)
4(12567 12842 12849 12574)
4(12573 12574 12849 12848)
4(12841 12848 12849 12842)
4(12574 12575 12850 12849)
4(12842 12849 12850 12843)
4(12576 12577 12852 12851)
4(12844 12851 12852 12845)
4(12578 12579 12854 12853)
4(12846 12853 12854 12847)
4(12574 12849 12856 12581)
4(12580 12581 12856 12855)
4(12848 12855 12856 12849)
4(12581 12582 12857 12856)
4(12849 12856 12857 12850)
4(12583 12584 12859 12858)
4(12851 12858 12859 12852)
4(12585 12586 12861 12860)
4(12853 12860 12861 12854)
4(12581 12856 12863 12588)
4(12587 12588 12863 12862)
4(12855 12862 12863 12856)
4(12588 12589 12864 12863)
4(12856 12863 12864 12857)
4(12590 12591 12866 12865)
4(12858 12865 12866 12859)
4(12592 12593 12868 12867)
4(12860 12867 12868 12861)
4(12588 12863 12870 12595)
4(12594 12595 12870 12869)
4(12862 12869 12870 12863)
4(12595 12596 12871 12870)
4(12863 12870 12871 12864)
4(12597 12598 12873 12872)
4(12865 12872 12873 12866)
4(12599 12600 12875 12874)
4(12867 12874 12875 12868)
4(12595 12870 12877 12602)
4(12601 12602 12877 12876)
4(12869 12876 12877 12870)
4(12602 12603 12878 12877)
4(12870 12877 12878 12871)
4(12604 12605 12880 12879)
4(12872 12879 12880 12873)
4(12606 12607 12882 12881)
4(12874 12881 12882 12875)
4(12602 12877 12884 12609)
4(12608 12609 12884 12883)
4(12876 12883 12884 12877)
4(12609 12610 12885 12884)
4(12877 12884 12885 12878)
4(12611 12612 12887 12886)
4(12879 12886 12887 12880)
4(12613 12614 12889 12888)
4(12881 12888 12889 12882)
4(12609 12884 12891 12616)
4(12615 12616 12891 12890)
4(12883 12890 12891 12884)
4(12616 12617 12892 12891)
4(12884 12891 12892 12885)
4(12618 12619 12894 12893)
4(12886 12893 12894 12887)
4(12620 12621 12896 12895)
4(12888 12895 12896 12889)
4(12616 12891 12898 12623)
4(12622 12623 12898 12897)
4(12890 12897 12898 12891)
4(12623 12624 12899 12898)
4(12891 12898 12899 12892)
4(12625 12626 12901 12900)
4(12893 12900 12901 12894)
4(12627 12628 12903 12902)
4(12895 12902 12903 12896)
4(12623 12898 12905 12630)
4(12629 12630 12905 12904)
4(12897 12904 12905 12898)
4(12630 12631 12906 12905)
4(12898 12905 12906 12899)
4(12632 12633 12908 12907)
4(12900 12907 12908 12901)
4(12634 12635 12910 12909)
4(12902 12909 12910 12903)
4(12630 12905 12912 12637)
4(12636 12637 12912 12911)
4(12904 12911 12912 12905)
4(12637 12638 12913 12912)
4(12905 12912 12913 12906)
4(12639 12640 12915 12914)
4(12907 12914 12915 12908)
4(12641 12642 12917 12916)
4(12909 12916 12917 12910)
4(12637 12912 12919 12644)
4(12643 12644 12919 12918)
4(12911 12918 12919 12912)
4(12644 12645 12920 12919)
4(12912 12919 12920 12913)
4(12646 12647 12922 12921)
4(12914 12921 12922 12915)
4(12648 12649 12924 12923)
4(12916 12923 12924 12917)
4(12644 12919 12926 12651)
4(12650 12651 12926 12925)
4(12918 12925 12926 12919)
4(12651 12652 12927 12926)
4(12919 12926 12927 12920)
4(12653 12654 12929 12928)
4(12921 12928 12929 12922)
4(12655 12656 12931 12930)
4(12923 12930 12931 12924)
4(12651 12926 12933 12658)
4(12657 12658 12933 12932)
4(12925 12932 12933 12926)
4(12658 12659 12934 12933)
4(12926 12933 12934 12927)
4(12660 12661 12936 12935)
4(12928 12935 12936 12929)
4(12662 12663 12938 12937)
4(12930 12937 12938 12931)
4(12658 12933 12940 12665)
4(12664 12665 12940 12939)
4(12932 12939 12940 12933)
4(12665 12666 12941 12940)
4(12933 12940 12941 12934)
4(12667 12668 12943 12942)
4(12935 12942 12943 12936)
4(12669 12670 12945 12944)
4(12937 12944 12945 12938)
4(12665 12940 12947 12672)
4(12671 12672 12947 12946)
4(12939 12946 12947 12940)
4(12672 12673 12948 12947)
4(12940 12947 12948 12941)
4(12674 12675 12950 12949)
4(12942 12949 12950 12943)
4(12676 12677 12952 12951)
4(12944 12951 12952 12945)
4(12672 12947 12954 12679)
4(12678 12679 12954 12953)
4(12946 12953 12954 12947)
4(12679 12680 12955 12954)
4(12947 12954 12955 12948)
4(12681 12682 12957 12956)
4(12949 12956 12957 12950)
4(12683 12684 12959 12958)
4(12951 12958 12959 12952)
4(12679 12954 12961 12686)
4(12685 12686 12961 12960)
4(12953 12960 12961 12954)
4(12686 12687 12962 12961)
4(12954 12961 12962 12955)
4(12688 12689 12964 12963)
4(12956 12963 12964 12957)
4(12690 12691 12966 12965)
4(12958 12965 12966 12959)
4(12686 12961 12968 12693)
4(12692 12693 12968 12967)
4(12960 12967 12968 12961)
4(12693 12694 12969 12968)
4(12961 12968 12969 12962)
4(12695 12696 12971 12970)
4(12963 12970 12971 12964)
4(12697 12698 12973 12972)
4(12965 12972 12973 12966)
4(12693 12968 12975 12700)
4(12699 12700 12975 12974)
4(12967 12974 12975 12968)
4(12700 12701 12976 12975)
4(12968 12975 12976 12969)
4(12702 12703 12978 12977)
4(12970 12977 12978 12971)
4(12704 12705 12980 12979)
4(12972 12979 12980 12973)
4(12700 12975 12982 12707)
4(12974 12981 12982 12975)
4(12975 12982 12983 12976)
4(12709 12710 12985 12984)
4(12977 12984 12985 12978)
4(12711 12712 12987 12986)
4(12979 12986 12987 12980)
4(12713 12714 12989 12988)
4(12984 12988 12989 12985)
4(12715 12716 12991 12990)
4(12986 12990 12991 12987)
4(12717 12718 12993 12992)
4(12988 12992 12993 12989)
4(12719 12720 12995 12994)
4(12990 12994 12995 12991)
4(12721 12722 12997 12996)
4(12992 12996 12997 12993)
4(12723 12724 12999 12998)
4(12994 12998 12999 12995)
4(12725 12726 13001 13000)
4(12996 13000 13001 12997)
4(12727 12728 13003 13002)
4(12998 13002 13003 12999)
4(12729 12730 13005 13004)
4(13000 13004 13005 13001)
4(12731 12732 13007 13006)
4(13002 13006 13007 13003)
4(12733 12734 13009 13008)
4(13004 13008 13009 13005)
4(12735 12736 13011 13010)
4(13006 13010 13011 13007)
4(12737 12738 13013 13012)
4(13008 13012 13013 13009)
4(12739 12740 13015 13014)
4(13010 13014 13015 13011)
4(12741 12742 13017 13016)
4(13012 13016 13017 13013)
4(12743 12744 13019 13018)
4(13014 13018 13019 13015)
4(12745 12746 13021 13020)
4(13016 13020 13021 13017)
4(12747 12748 13023 13022)
4(13018 13022 13023 13019)
4(12749 12750 13025 13024)
4(13020 13024 13025 13021)
4(12751 12752 13027 13026)
4(13022 13026 13027 13023)
4(12753 12754 13029 13028)
4(13024 13028 13029 13025)
4(12755 12756 13031 13030)
4(13026 13030 13031 13027)
4(12757 12758 13033 13032)
4(13028 13032 13033 13029)
4(12759 12760 13035 13034)
4(13030 13034 13035 13031)
4(12761 12762 13037 13036)
4(13032 13036 13037 13033)
4(12763 12764 13039 13038)
4(13034 13038 13039 13035)
4(12765 12766 13041 13040)
4(13036 13040 13041 13037)
4(12767 12768 13043 13042)
4(13038 13042 13043 13039)
4(12769 12770 13045 13044)
4(13040 13044 13045 13041)
4(12771 12772 13047 13046)
4(13042 13046 13047 13043)
4(12773 12774 13049 13048)
4(13044 13048 13049 13045)
4(12775 12776 13051 13050)
4(13046 13050 13051 13047)
4(12783 12784 13059 13058)
4(13048 13058 13059 13049)
4(12776 13051 13061 12786)
4(13050 13060 13061 13051)
4(12777 13052 13062 12787)
4(13051 13061 13062 13052)
4(12778 13053 13063 12788)
4(13052 13062 13063 13053)
4(12779 13054 13064 12789)
4(13053 13063 13064 13054)
4(12780 13055 13065 12790)
4(13054 13064 13065 13055)
4(12781 13056 13066 12791)
4(13055 13065 13066 13056)
4(12782 13057 13067 12792)
4(13056 13066 13067 13057)
4(12783 13058 13068 12793)
4(13057 13067 13068 13058)
4(13058 13068 13069 13059)
4(12799 12800 13075 13074)
4(13070 13074 13075 13071)
4(12801 12802 13077 13076)
4(13072 13076 13077 13073)
4(12803 12804 13079 13078)
4(13074 13078 13079 13075)
4(12805 12806 13081 13080)
4(13076 13080 13081 13077)
4(12807 12808 13083 13082)
4(13078 13082 13083 13079)
4(12809 12810 13085 13084)
4(13080 13084 13085 13081)
4(12811 12812 13087 13086)
4(13082 13086 13087 13083)
4(12816 12817 13092 13091)
4(13084 13091 13092 13085)
4(12818 12819 13094 13093)
4(13086 13093 13094 13087)
4(12814 13089 13096 12821)
4(12820 12821 13096 13095)
4(12821 12822 13097 13096)
4(12823 12824 13099 13098)
4(13091 13098 13099 13092)
4(12825 12826 13101 13100)
4(13093 13100 13101 13094)
4(12821 13096 13103 12828)
4(12827 12828 13103 13102)
4(12828 12829 13104 13103)
4(12830 12831 13106 13105)
4(13098 13105 13106 13099)
4(12832 12833 13108 13107)
4(13100 13107 13108 13101)
4(12828 13103 13110 12835)
4(12834 12835 13110 13109)
4(12835 12836 13111 13110)
4(12837 12838 13113 13112)
4(13105 13112 13113 13106)
4(12839 12840 13115 13114)
4(13107 13114 13115 13108)
4(12835 13110 13117 12842)
4(12841 12842 13117 13116)
4(12842 12843 13118 13117)
4(12844 12845 13120 13119)
4(13112 13119 13120 13113)
4(12846 12847 13122 13121)
4(13114 13121 13122 13115)
4(12842 13117 13124 12849)
4(12848 12849 13124 13123)
4(12849 12850 13125 13124)
4(12851 12852 13127 13126)
4(13119 13126 13127 13120)
4(12853 12854 13129 13128)
4(13121 13128 13129 13122)
4(12849 13124 13131 12856)
4(12855 12856 13131 13130)
4(12856 12857 13132 13131)
4(12858 12859 13134 13133)
4(13126 13133 13134 13127)
4(12860 12861 13136 13135)
4(13128 13135 13136 13129)
4(12856 13131 13138 12863)
4(12862 12863 13138 13137)
4(12863 12864 13139 13138)
4(12865 12866 13141 13140)
4(13133 13140 13141 13134)
4(12867 12868 13143 13142)
4(13135 13142 13143 13136)
4(12863 13138 13145 12870)
4(12869 12870 13145 13144)
4(12870 12871 13146 13145)
4(12872 12873 13148 13147)
4(13140 13147 13148 13141)
4(12874 12875 13150 13149)
4(13142 13149 13150 13143)
4(12870 13145 13152 12877)
4(12876 12877 13152 13151)
4(12877 12878 13153 13152)
4(12879 12880 13155 13154)
4(13147 13154 13155 13148)
4(12881 12882 13157 13156)
4(13149 13156 13157 13150)
4(12877 13152 13159 12884)
4(12883 12884 13159 13158)
4(12884 12885 13160 13159)
4(12886 12887 13162 13161)
4(13154 13161 13162 13155)
4(12888 12889 13164 13163)
4(13156 13163 13164 13157)
4(12884 13159 13166 12891)
4(12890 12891 13166 13165)
4(12891 12892 13167 13166)
4(12893 12894 13169 13168)
4(13161 13168 13169 13162)
4(12895 12896 13171 13170)
4(13163 13170 13171 13164)
4(12891 13166 13173 12898)
4(12897 12898 13173 13172)
4(12898 12899 13174 13173)
4(12900 12901 13176 13175)
4(13168 13175 13176 13169)
4(12902 12903 13178 13177)
4(13170 13177 13178 13171)
4(12898 13173 13180 12905)
4(12904 12905 13180 13179)
4(12905 12906 13181 13180)
4(12907 12908 13183 13182)
4(13175 13182 13183 13176)
4(12909 12910 13185 13184)
4(13177 13184 13185 13178)
4(12905 13180 13187 12912)
4(12911 12912 13187 13186)
4(12912 12913 13188 13187)
4(12914 12915 13190 13189)
4(13182 13189 13190 13183)
4(12916 12917 13192 13191)
4(13184 13191 13192 13185)
4(12912 13187 13194 12919)
4(12918 12919 13194 13193)
4(12919 12920 13195 13194)
4(12921 12922 13197 13196)
4(13189 13196 13197 13190)
4(12923 12924 13199 13198)
4(13191 13198 13199 13192)
4(12919 13194 13201 12926)
4(12925 12926 13201 13200)
4(12926 12927 13202 13201)
4(12928 12929 13204 13203)
4(13196 13203 13204 13197)
4(12930 12931 13206 13205)
4(13198 13205 13206 13199)
4(12926 13201 13208 12933)
4(12932 12933 13208 13207)
4(12933 12934 13209 13208)
4(12935 12936 13211 13210)
4(13203 13210 13211 13204)
4(12937 12938 13213 13212)
4(13205 13212 13213 13206)
4(12933 13208 13215 12940)
4(12939 12940 13215 13214)
4(12940 12941 13216 13215)
4(12942 12943 13218 13217)
4(13210 13217 13218 13211)
4(12944 12945 13220 13219)
4(13212 13219 13220 13213)
4(12940 13215 13222 12947)
4(12946 12947 13222 13221)
4(12947 12948 13223 13222)
4(12949 12950 13225 13224)
4(13217 13224 13225 13218)
4(12951 12952 13227 13226)
4(13219 13226 13227 13220)
4(12947 13222 13229 12954)
4(12953 12954 13229 13228)
4(12954 12955 13230 13229)
4(12956 12957 13232 13231)
4(13224 13231 13232 13225)
4(12958 12959 13234 13233)
4(13226 13233 13234 13227)
4(12954 13229 13236 12961)
4(12960 12961 13236 13235)
4(12961 12962 13237 13236)
4(12963 12964 13239 13238)
4(13231 13238 13239 13232)
4(12965 12966 13241 13240)
4(13233 13240 13241 13234)
4(12961 13236 13243 12968)
4(12967 12968 13243 13242)
4(12968 12969 13244 13243)
4(12970 12971 13246 13245)
4(13238 13245 13246 13239)
4(12972 12973 13248 13247)
4(13240 13247 13248 13241)
4(12968 13243 13250 12975)
4(12974 12975 13250 13249)
4(12975 12976 13251 13250)
4(12977 12978 13253 13252)
4(13245 13252 13253 13246)
4(12979 12980 13255 13254)
4(13247 13254 13255 13248)
4(12975 13250 13257 12982)
4(12984 12985 13260 13259)
4(13252 13259 13260 13253)
4(12986 12987 13262 13261)
4(13254 13261 13262 13255)
4(12988 12989 13264 13263)
4(13259 13263 13264 13260)
4(12990 12991 13266 13265)
4(13261 13265 13266 13262)
4(12992 12993 13268 13267)
4(13263 13267 13268 13264)
4(12994 12995 13270 13269)
4(13265 13269 13270 13266)
4(12996 12997 13272 13271)
4(13267 13271 13272 13268)
4(12998 12999 13274 13273)
4(13269 13273 13274 13270)
4(13000 13001 13276 13275)
4(13271 13275 13276 13272)
4(13002 13003 13278 13277)
4(13273 13277 13278 13274)
4(13004 13005 13280 13279)
4(13275 13279 13280 13276)
4(13006 13007 13282 13281)
4(13277 13281 13282 13278)
4(13008 13009 13284 13283)
4(13279 13283 13284 13280)
4(13010 13011 13286 13285)
4(13281 13285 13286 13282)
4(13012 13013 13288 13287)
4(13283 13287 13288 13284)
4(13014 13015 13290 13289)
4(13285 13289 13290 13286)
4(13016 13017 13292 13291)
4(13287 13291 13292 13288)
4(13018 13019 13294 13293)
4(13289 13293 13294 13290)
4(13020 13021 13296 13295)
4(13291 13295 13296 13292)
4(13022 13023 13298 13297)
4(13293 13297 13298 13294)
4(13024 13025 13300 13299)
4(13295 13299 13300 13296)
4(13026 13027 13302 13301)
4(13297 13301 13302 13298)
4(13028 13029 13304 13303)
4(13299 13303 13304 13300)
4(13030 13031 13306 13305)
4(13301 13305 13306 13302)
4(13032 13033 13308 13307)
4(13303 13307 13308 13304)
4(13034 13035 13310 13309)
4(13305 13309 13310 13306)
4(13036 13037 13312 13311)
4(13307 13311 13312 13308)
4(13038 13039 13314 13313)
4(13309 13313 13314 13310)
4(13040 13041 13316 13315)
4(13311 13315 13316 13312)
4(13042 13043 13318 13317)
4(13313 13317 13318 13314)
4(13044 13045 13320 13319)
4(13315 13319 13320 13316)
4(13046 13047 13322 13321)
4(13317 13321 13322 13318)
4(13048 13049 13324 13323)
4(13319 13323 13324 13320)
4(13050 13051 13326 13325)
4(13321 13325 13326 13322)
4(13058 13059 13334 13333)
4(13323 13333 13334 13324)
4(13051 13326 13336 13061)
4(13325 13335 13336 13326)
4(13052 13327 13337 13062)
4(13326 13336 13337 13327)
4(13053 13328 13338 13063)
4(13327 13337 13338 13328)
4(13054 13329 13339 13064)
4(13328 13338 13339 13329)
4(13055 13330 13340 13065)
4(13329 13339 13340 13330)
4(13056 13331 13341 13066)
4(13330 13340 13341 13331)
4(13057 13332 13342 13067)
4(13331 13341 13342 13332)
4(13058 13333 13343 13068)
4(13332 13342 13343 13333)
4(13333 13343 13344 13334)
4(13074 13075 13350 13349)
4(13345 13349 13350 13346)
4(13076 13077 13352 13351)
4(13347 13351 13352 13348)
4(13078 13079 13354 13353)
4(13349 13353 13354 13350)
4(13080 13081 13356 13355)
4(13351 13355 13356 13352)
4(13082 13083 13358 13357)
4(13353 13357 13358 13354)
4(13084 13085 13360 13359)
4(13355 13359 13360 13356)
4(13086 13087 13362 13361)
4(13357 13361 13362 13358)
4(13091 13092 13364 13363)
4(13359 13363 13364 13360)
4(13093 13094 13366 13365)
4(13361 13365 13366 13362)
4(13098 13099 13368 13367)
4(13363 13367 13368 13364)
4(13100 13101 13370 13369)
4(13365 13369 13370 13366)
4(13105 13106 13372 13371)
4(13367 13371 13372 13368)
4(13107 13108 13374 13373)
4(13369 13373 13374 13370)
4(13112 13113 13376 13375)
4(13371 13375 13376 13372)
4(13114 13115 13378 13377)
4(13373 13377 13378 13374)
4(13119 13120 13380 13379)
4(13375 13379 13380 13376)
4(13121 13122 13382 13381)
4(13377 13381 13382 13378)
4(13126 13127 13384 13383)
4(13379 13383 13384 13380)
4(13128 13129 13386 13385)
4(13381 13385 13386 13382)
4(13133 13134 13388 13387)
4(13383 13387 13388 13384)
4(13135 13136 13390 13389)
4(13385 13389 13390 13386)
4(13140 13141 13392 13391)
4(13387 13391 13392 13388)
4(13142 13143 13394 13393)
4(13389 13393 13394 13390)
4(13147 13148 13396 13395)
4(13391 13395 13396 13392)
4(13149 13150 13398 13397)
4(13393 13397 13398 13394)
4(13154 13155 13400 13399)
4(13395 13399 13400 13396)
4(13156 13157 13402 13401)
4(13397 13401 13402 13398)
4(13161 13162 13404 13403)
4(13399 13403 13404 13400)
4(13163 13164 13406 13405)
4(13401 13405 13406 13402)
4(13168 13169 13408 13407)
4(13403 13407 13408 13404)
4(13170 13171 13410 13409)
4(13405 13409 13410 13406)
4(13175 13176 13412 13411)
4(13407 13411 13412 13408)
4(13177 13178 13414 13413)
4(13409 13413 13414 13410)
4(13182 13183 13416 13415)
4(13411 13415 13416 13412)
4(13184 13185 13418 13417)
4(13413 13417 13418 13414)
4(13189 13190 13420 13419)
4(13415 13419 13420 13416)
4(13191 13192 13422 13421)
4(13417 13421 13422 13418)
4(13196 13197 13424 13423)
4(13419 13423 13424 13420)
4(13198 13199 13426 13425)
4(13421 13425 13426 13422)
4(13203 13204 13428 13427)
4(13423 13427 13428 13424)
4(13205 13206 13430 13429)
4(13425 13429 13430 13426)
4(13210 13211 13432 13431)
4(13427 13431 13432 13428)
4(13212 13213 13434 13433)
4(13429 13433 13434 13430)
4(13217 13218 13436 13435)
4(13431 13435 13436 13432)
4(13219 13220 13438 13437)
4(13433 13437 13438 13434)
4(13224 13225 13440 13439)
4(13435 13439 13440 13436)
4(13226 13227 13442 13441)
4(13437 13441 13442 13438)
4(13231 13232 13444 13443)
4(13439 13443 13444 13440)
4(13233 13234 13446 13445)
4(13441 13445 13446 13442)
4(13238 13239 13448 13447)
4(13443 13447 13448 13444)
4(13240 13241 13450 13449)
4(13445 13449 13450 13446)
4(13245 13246 13452 13451)
4(13447 13451 13452 13448)
4(13247 13248 13454 13453)
4(13449 13453 13454 13450)
4(13252 13253 13456 13455)
4(13451 13455 13456 13452)
4(13254 13255 13458 13457)
4(13453 13457 13458 13454)
4(13259 13260 13460 13459)
4(13455 13459 13460 13456)
4(13261 13262 13462 13461)
4(13457 13461 13462 13458)
4(13263 13264 13464 13463)
4(13459 13463 13464 13460)
4(13265 13266 13466 13465)
4(13461 13465 13466 13462)
4(13267 13268 13468 13467)
4(13463 13467 13468 13464)
4(13269 13270 13470 13469)
4(13465 13469 13470 13466)
4(13271 13272 13472 13471)
4(13467 13471 13472 13468)
4(13273 13274 13474 13473)
4(13469 13473 13474 13470)
4(13275 13276 13476 13475)
4(13471 13475 13476 13472)
4(13277 13278 13478 13477)
4(13473 13477 13478 13474)
4(13279 13280 13480 13479)
4(13475 13479 13480 13476)
4(13281 13282 13482 13481)
4(13477 13481 13482 13478)
4(13283 13284 13484 13483)
4(13479 13483 13484 13480)
4(13285 13286 13486 13485)
4(13481 13485 13486 13482)
4(13287 13288 13488 13487)
4(13483 13487 13488 13484)
4(13289 13290 13490 13489)
4(13485 13489 13490 13486)
4(13291 13292 13492 13491)
4(13487 13491 13492 13488)
4(13293 13294 13494 13493)
4(13489 13493 13494 13490)
4(13295 13296 13496 13495)
4(13491 13495 13496 13492)
4(13297 13298 13498 13497)
4(13493 13497 13498 13494)
4(13299 13300 13500 13499)
4(13495 13499 13500 13496)
4(13301 13302 13502 13501)
4(13497 13501 13502 13498)
4(13303 13304 13504 13503)
4(13499 13503 13504 13500)
4(13305 13306 13506 13505)
4(13501 13505 13506 13502)
4(13307 13308 13508 13507)
4(13503 13507 13508 13504)
4(13309 13310 13510 13509)
4(13505 13509 13510 13506)
4(13311 13312 13512 13511)
4(13507 13511 13512 13508)
4(13313 13314 13514 13513)
4(13509 13513 13514 13510)
4(13315 13316 13516 13515)
4(13511 13515 13516 13512)
4(13317 13318 13518 13517)
4(13513 13517 13518 13514)
4(13319 13320 13520 13519)
4(13515 13519 13520 13516)
4(13321 13322 13522 13521)
4(13517 13521 13522 13518)
4(13323 13324 13524 13523)
4(13519 13523 13524 13520)
4(13325 13326 13526 13525)
4(13521 13525 13526 13522)
4(13333 13334 13534 13533)
4(13523 13533 13534 13524)
4(13326 13526 13536 13336)
4(13525 13535 13536 13526)
4(13327 13527 13537 13337)
4(13526 13536 13537 13527)
4(13328 13528 13538 13338)
4(13527 13537 13538 13528)
4(13329 13529 13539 13339)
4(13528 13538 13539 13529)
4(13330 13530 13540 13340)
4(13529 13539 13540 13530)
4(13331 13531 13541 13341)
4(13530 13540 13541 13531)
4(13332 13532 13542 13342)
4(13531 13541 13542 13532)
4(13333 13533 13543 13343)
4(13532 13542 13543 13533)
4(13533 13543 13544 13534)
4(13349 13350 13550 13549)
4(13545 13549 13550 13546)
4(13351 13352 13552 13551)
4(13547 13551 13552 13548)
4(13353 13354 13554 13553)
4(13549 13553 13554 13550)
4(13355 13356 13556 13555)
4(13551 13555 13556 13552)
4(13357 13358 13558 13557)
4(13553 13557 13558 13554)
4(13359 13360 13560 13559)
4(13555 13559 13560 13556)
4(13361 13362 13562 13561)
4(13557 13561 13562 13558)
4(13363 13364 13564 13563)
4(13559 13563 13564 13560)
4(13365 13366 13566 13565)
4(13561 13565 13566 13562)
4(13367 13368 13568 13567)
4(13563 13567 13568 13564)
4(13369 13370 13570 13569)
4(13565 13569 13570 13566)
4(13371 13372 13572 13571)
4(13567 13571 13572 13568)
4(13373 13374 13574 13573)
4(13569 13573 13574 13570)
4(13375 13376 13576 13575)
4(13571 13575 13576 13572)
4(13377 13378 13578 13577)
4(13573 13577 13578 13574)
4(13379 13380 13580 13579)
4(13575 13579 13580 13576)
4(13381 13382 13582 13581)
4(13577 13581 13582 13578)
4(13383 13384 13584 13583)
4(13579 13583 13584 13580)
4(13385 13386 13586 13585)
4(13581 13585 13586 13582)
4(13387 13388 13588 13587)
4(13583 13587 13588 13584)
4(13389 13390 13590 13589)
4(13585 13589 13590 13586)
4(13391 13392 13592 13591)
4(13587 13591 13592 13588)
4(13393 13394 13594 13593)
4(13589 13593 13594 13590)
4(13395 13396 13596 13595)
4(13591 13595 13596 13592)
4(13397 13398 13598 13597)
4(13593 13597 13598 13594)
4(13399 13400 13600 13599)
4(13595 13599 13600 13596)
4(13401 13402 13602 13601)
4(13597 13601 13602 13598)
4(13403 13404 13604 13603)
4(13599 13603 13604 13600)
4(13405 13406 13606 13605)
4(13601 13605 13606 13602)
4(13407 13408 13608 13607)
4(13603 13607 13608 13604)
4(13409 13410 13610 13609)
4(13605 13609 13610 13606)
4(13411 13412 13612 13611)
4(13607 13611 13612 13608)
4(13413 13414 13614 13613)
4(13609 13613 13614 13610)
4(13415 13416 13616 13615)
4(13611 13615 13616 13612)
4(13417 13418 13618 13617)
4(13613 13617 13618 13614)
4(13419 13420 13620 13619)
4(13615 13619 13620 13616)
4(13421 13422 13622 13621)
4(13617 13621 13622 13618)
4(13423 13424 13624 13623)
4(13619 13623 13624 13620)
4(13425 13426 13626 13625)
4(13621 13625 13626 13622)
4(13427 13428 13628 13627)
4(13623 13627 13628 13624)
4(13429 13430 13630 13629)
4(13625 13629 13630 13626)
4(13431 13432 13632 13631)
4(13627 13631 13632 13628)
4(13433 13434 13634 13633)
4(13629 13633 13634 13630)
4(13435 13436 13636 13635)
4(13631 13635 13636 13632)
4(13437 13438 13638 13637)
4(13633 13637 13638 13634)
4(13439 13440 13640 13639)
4(13635 13639 13640 13636)
4(13441 13442 13642 13641)
4(13637 13641 13642 13638)
4(13443 13444 13644 13643)
4(13639 13643 13644 13640)
4(13445 13446 13646 13645)
4(13641 13645 13646 13642)
4(13447 13448 13648 13647)
4(13643 13647 13648 13644)
4(13449 13450 13650 13649)
4(13645 13649 13650 13646)
4(13451 13452 13652 13651)
4(13647 13651 13652 13648)
4(13453 13454 13654 13653)
4(13649 13653 13654 13650)
4(13455 13456 13656 13655)
4(13651 13655 13656 13652)
4(13457 13458 13658 13657)
4(13653 13657 13658 13654)
4(13459 13460 13660 13659)
4(13655 13659 13660 13656)
4(13461 13462 13662 13661)
4(13657 13661 13662 13658)
4(13463 13464 13664 13663)
4(13659 13663 13664 13660)
4(13465 13466 13666 13665)
4(13661 13665 13666 13662)
4(13467 13468 13668 13667)
4(13663 13667 13668 13664)
4(13469 13470 13670 13669)
4(13665 13669 13670 13666)
4(13471 13472 13672 13671)
4(13667 13671 13672 13668)
4(13473 13474 13674 13673)
4(13669 13673 13674 13670)
4(13475 13476 13676 13675)
4(13671 13675 13676 13672)
4(13477 13478 13678 13677)
4(13673 13677 13678 13674)
4(13479 13480 13680 13679)
4(13675 13679 13680 13676)
4(13481 13482 13682 13681)
4(13677 13681 13682 13678)
4(13483 13484 13684 13683)
4(13679 13683 13684 13680)
4(13485 13486 13686 13685)
4(13681 13685 13686 13682)
4(13487 13488 13688 13687)
4(13683 13687 13688 13684)
4(13489 13490 13690 13689)
4(13685 13689 13690 13686)
4(13491 13492 13692 13691)
4(13687 13691 13692 13688)
4(13493 13494 13694 13693)
4(13689 13693 13694 13690)
4(13495 13496 13696 13695)
4(13691 13695 13696 13692)
4(13497 13498 13698 13697)
4(13693 13697 13698 13694)
4(13499 13500 13700 13699)
4(13695 13699 13700 13696)
4(13501 13502 13702 13701)
4(13697 13701 13702 13698)
4(13503 13504 13704 13703)
4(13699 13703 13704 13700)
4(13505 13506 13706 13705)
4(13701 13705 13706 13702)
4(13507 13508 13708 13707)
4(13703 13707 13708 13704)
4(13509 13510 13710 13709)
4(13705 13709 13710 13706)
4(13511 13512 13712 13711)
4(13707 13711 13712 13708)
4(13513 13514 13714 13713)
4(13709 13713 13714 13710)
4(13515 13516 13716 13715)
4(13711 13715 13716 13712)
4(13517 13518 13718 13717)
4(13713 13717 13718 13714)
4(13519 13520 13720 13719)
4(13715 13719 13720 13716)
4(13521 13522 13722 13721)
4(13717 13721 13722 13718)
4(13523 13524 13724 13723)
4(13719 13723 13724 13720)
4(13525 13526 13726 13725)
4(13721 13725 13726 13722)
4(13533 13534 13734 13733)
4(13723 13733 13734 13724)
4(13526 13726 13736 13536)
4(13725 13735 13736 13726)
4(13527 13727 13737 13537)
4(13726 13736 13737 13727)
4(13528 13728 13738 13538)
4(13727 13737 13738 13728)
4(13529 13729 13739 13539)
4(13728 13738 13739 13729)
4(13530 13730 13740 13540)
4(13729 13739 13740 13730)
4(13531 13731 13741 13541)
4(13730 13740 13741 13731)
4(13532 13732 13742 13542)
4(13731 13741 13742 13732)
4(13533 13733 13743 13543)
4(13732 13742 13743 13733)
4(13733 13743 13744 13734)
4(13549 13550 13750 13749)
4(13745 13749 13750 13746)
4(13551 13552 13752 13751)
4(13747 13751 13752 13748)
4(13553 13554 13754 13753)
4(13749 13753 13754 13750)
4(13555 13556 13756 13755)
4(13751 13755 13756 13752)
4(13557 13558 13758 13757)
4(13753 13757 13758 13754)
4(13559 13560 13760 13759)
4(13755 13759 13760 13756)
4(13561 13562 13762 13761)
4(13757 13761 13762 13758)
4(13563 13564 13764 13763)
4(13759 13763 13764 13760)
4(13565 13566 13766 13765)
4(13761 13765 13766 13762)
4(13567 13568 13768 13767)
4(13763 13767 13768 13764)
4(13569 13570 13770 13769)
4(13765 13769 13770 13766)
4(13571 13572 13772 13771)
4(13767 13771 13772 13768)
4(13573 13574 13774 13773)
4(13769 13773 13774 13770)
4(13575 13576 13776 13775)
4(13771 13775 13776 13772)
4(13577 13578 13778 13777)
4(13773 13777 13778 13774)
4(13579 13580 13780 13779)
4(13775 13779 13780 13776)
4(13581 13582 13782 13781)
4(13777 13781 13782 13778)
4(13583 13584 13784 13783)
4(13779 13783 13784 13780)
4(13585 13586 13786 13785)
4(13781 13785 13786 13782)
4(13587 13588 13788 13787)
4(13783 13787 13788 13784)
4(13589 13590 13790 13789)
4(13785 13789 13790 13786)
4(13591 13592 13792 13791)
4(13787 13791 13792 13788)
4(13593 13594 13794 13793)
4(13789 13793 13794 13790)
4(13595 13596 13796 13795)
4(13791 13795 13796 13792)
4(13597 13598 13798 13797)
4(13793 13797 13798 13794)
4(13599 13600 13800 13799)
4(13795 13799 13800 13796)
4(13601 13602 13802 13801)
4(13797 13801 13802 13798)
4(13603 13604 13804 13803)
4(13799 13803 13804 13800)
4(13605 13606 13806 13805)
4(13801 13805 13806 13802)
4(13607 13608 13808 13807)
4(13803 13807 13808 13804)
4(13609 13610 13810 13809)
4(13805 13809 13810 13806)
4(13611 13612 13812 13811)
4(13807 13811 13812 13808)
4(13613 13614 13814 13813)
4(13809 13813 13814 13810)
4(13615 13616 13816 13815)
4(13811 13815 13816 13812)
4(13617 13618 13818 13817)
4(13813 13817 13818 13814)
4(13619 13620 13820 13819)
4(13815 13819 13820 13816)
4(13621 13622 13822 13821)
4(13817 13821 13822 13818)
4(13623 13624 13824 13823)
4(13819 13823 13824 13820)
4(13625 13626 13826 13825)
4(13821 13825 13826 13822)
4(13627 13628 13828 13827)
4(13823 13827 13828 13824)
4(13629 13630 13830 13829)
4(13825 13829 13830 13826)
4(13631 13632 13832 13831)
4(13827 13831 13832 13828)
4(13633 13634 13834 13833)
4(13829 13833 13834 13830)
4(13635 13636 13836 13835)
4(13831 13835 13836 13832)
4(13637 13638 13838 13837)
4(13833 13837 13838 13834)
4(13639 13640 13840 13839)
4(13835 13839 13840 13836)
4(13641 13642 13842 13841)
4(13837 13841 13842 13838)
4(13643 13644 13844 13843)
4(13839 13843 13844 13840)
4(13645 13646 13846 13845)
4(13841 13845 13846 13842)
4(13647 13648 13848 13847)
4(13843 13847 13848 13844)
4(13649 13650 13850 13849)
4(13845 13849 13850 13846)
4(13651 13652 13852 13851)
4(13847 13851 13852 13848)
4(13653 13654 13854 13853)
4(13849 13853 13854 13850)
4(13655 13656 13856 13855)
4(13851 13855 13856 13852)
4(13657 13658 13858 13857)
4(13853 13857 13858 13854)
4(13659 13660 13860 13859)
4(13855 13859 13860 13856)
4(13661 13662 13862 13861)
4(13857 13861 13862 13858)
4(13663 13664 13864 13863)
4(13859 13863 13864 13860)
4(13665 13666 13866 13865)
4(13861 13865 13866 13862)
4(13667 13668 13868 13867)
4(13863 13867 13868 13864)
4(13669 13670 13870 13869)
4(13865 13869 13870 13866)
4(13671 13672 13872 13871)
4(13867 13871 13872 13868)
4(13673 13674 13874 13873)
4(13869 13873 13874 13870)
4(13675 13676 13876 13875)
4(13871 13875 13876 13872)
4(13677 13678 13878 13877)
4(13873 13877 13878 13874)
4(13679 13680 13880 13879)
4(13875 13879 13880 13876)
4(13681 13682 13882 13881)
4(13877 13881 13882 13878)
4(13683 13684 13884 13883)
4(13879 13883 13884 13880)
4(13685 13686 13886 13885)
4(13881 13885 13886 13882)
4(13687 13688 13888 13887)
4(13883 13887 13888 13884)
4(13689 13690 13890 13889)
4(13885 13889 13890 13886)
4(13691 13692 13892 13891)
4(13887 13891 13892 13888)
4(13693 13694 13894 13893)
4(13889 13893 13894 13890)
4(13695 13696 13896 13895)
4(13891 13895 13896 13892)
4(13697 13698 13898 13897)
4(13893 13897 13898 13894)
4(13699 13700 13900 13899)
4(13895 13899 13900 13896)
4(13701 13702 13902 13901)
4(13897 13901 13902 13898)
4(13703 13704 13904 13903)
4(13899 13903 13904 13900)
4(13705 13706 13906 13905)
4(13901 13905 13906 13902)
4(13707 13708 13908 13907)
4(13903 13907 13908 13904)
4(13709 13710 13910 13909)
4(13905 13909 13910 13906)
4(13711 13712 13912 13911)
4(13907 13911 13912 13908)
4(13713 13714 13914 13913)
4(13909 13913 13914 13910)
4(13715 13716 13916 13915)
4(13911 13915 13916 13912)
4(13717 13718 13918 13917)
4(13913 13917 13918 13914)
4(13719 13720 13920 13919)
4(13915 13919 13920 13916)
4(13721 13722 13922 13921)
4(13917 13921 13922 13918)
4(13723 13724 13924 13923)
4(13919 13923 13924 13920)
4(13725 13726 13926 13925)
4(13921 13925 13926 13922)
4(13733 13734 13934 13933)
4(13923 13933 13934 13924)
4(13726 13926 13936 13736)
4(13925 13935 13936 13926)
4(13727 13927 13937 13737)
4(13926 13936 13937 13927)
4(13728 13928 13938 13738)
4(13927 13937 13938 13928)
4(13729 13929 13939 13739)
4(13928 13938 13939 13929)
4(13730 13930 13940 13740)
4(13929 13939 13940 13930)
4(13731 13931 13941 13741)
4(13930 13940 13941 13931)
4(13732 13932 13942 13742)
4(13931 13941 13942 13932)
4(13733 13933 13943 13743)
4(13932 13942 13943 13933)
4(13933 13943 13944 13934)
4(13749 13750 13950 13949)
4(13945 13949 13950 13946)
4(13751 13752 13952 13951)
4(13947 13951 13952 13948)
4(13753 13754 13954 13953)
4(13949 13953 13954 13950)
4(13755 13756 13956 13955)
4(13951 13955 13956 13952)
4(13757 13758 13958 13957)
4(13953 13957 13958 13954)
4(13759 13760 13960 13959)
4(13955 13959 13960 13956)
4(13761 13762 13962 13961)
4(13957 13961 13962 13958)
4(13763 13764 13964 13963)
4(13959 13963 13964 13960)
4(13765 13766 13966 13965)
4(13961 13965 13966 13962)
4(13767 13768 13968 13967)
4(13963 13967 13968 13964)
4(13769 13770 13970 13969)
4(13965 13969 13970 13966)
4(13771 13772 13972 13971)
4(13967 13971 13972 13968)
4(13773 13774 13974 13973)
4(13969 13973 13974 13970)
4(13775 13776 13976 13975)
4(13971 13975 13976 13972)
4(13777 13778 13978 13977)
4(13973 13977 13978 13974)
4(13779 13780 13980 13979)
4(13975 13979 13980 13976)
4(13781 13782 13982 13981)
4(13977 13981 13982 13978)
4(13783 13784 13984 13983)
4(13979 13983 13984 13980)
4(13785 13786 13986 13985)
4(13981 13985 13986 13982)
4(13787 13788 13988 13987)
4(13983 13987 13988 13984)
4(13789 13790 13990 13989)
4(13985 13989 13990 13986)
4(13791 13792 13992 13991)
4(13987 13991 13992 13988)
4(13793 13794 13994 13993)
4(13989 13993 13994 13990)
4(13795 13796 13996 13995)
4(13991 13995 13996 13992)
4(13797 13798 13998 13997)
4(13993 13997 13998 13994)
4(13799 13800 14000 13999)
4(13995 13999 14000 13996)
4(13801 13802 14002 14001)
4(13997 14001 14002 13998)
4(13803 13804 14004 14003)
4(13999 14003 14004 14000)
4(13805 13806 14006 14005)
4(14001 14005 14006 14002)
4(13807 13808 14008 14007)
4(14003 14007 14008 14004)
4(13809 13810 14010 14009)
4(14005 14009 14010 14006)
4(13811 13812 14012 14011)
4(14007 14011 14012 14008)
4(13813 13814 14014 14013)
4(14009 14013 14014 14010)
4(13815 13816 14016 14015)
4(14011 14015 14016 14012)
4(13817 13818 14018 14017)
4(14013 14017 14018 14014)
4(13819 13820 14020 14019)
4(14015 14019 14020 14016)
4(13821 13822 14022 14021)
4(14017 14021 14022 14018)
4(13823 13824 14024 14023)
4(14019 14023 14024 14020)
4(13825 13826 14026 14025)
4(14021 14025 14026 14022)
4(13827 13828 14028 14027)
4(14023 14027 14028 14024)
4(13829 13830 14030 14029)
4(14025 14029 14030 14026)
4(13831 13832 14032 14031)
4(14027 14031 14032 14028)
4(13833 13834 14034 14033)
4(14029 14033 14034 14030)
4(13835 13836 14036 14035)
4(14031 14035 14036 14032)
4(13837 13838 14038 14037)
4(14033 14037 14038 14034)
4(13839 13840 14040 14039)
4(14035 14039 14040 14036)
4(13841 13842 14042 14041)
4(14037 14041 14042 14038)
4(13843 13844 14044 14043)
4(14039 14043 14044 14040)
4(13845 13846 14046 14045)
4(14041 14045 14046 14042)
4(13847 13848 14048 14047)
4(14043 14047 14048 14044)
4(13849 13850 14050 14049)
4(14045 14049 14050 14046)
4(13851 13852 14052 14051)
4(14047 14051 14052 14048)
4(13853 13854 14054 14053)
4(14049 14053 14054 14050)
4(13855 13856 14056 14055)
4(14051 14055 14056 14052)
4(13857 13858 14058 14057)
4(14053 14057 14058 14054)
4(13859 13860 14060 14059)
4(14055 14059 14060 14056)
4(13861 13862 14062 14061)
4(14057 14061 14062 14058)
4(13863 13864 14064 14063)
4(14059 14063 14064 14060)
4(13865 13866 14066 14065)
4(14061 14065 14066 14062)
4(13867 13868 14068 14067)
4(14063 14067 14068 14064)
4(13869 13870 14070 14069)
4(14065 14069 14070 14066)
4(13871 13872 14072 14071)
4(14067 14071 14072 14068)
4(13873 13874 14074 14073)
4(14069 14073 14074 14070)
4(13875 13876 14076 14075)
4(14071 14075 14076 14072)
4(13877 13878 14078 14077)
4(14073 14077 14078 14074)
4(13879 13880 14080 14079)
4(14075 14079 14080 14076)
4(13881 13882 14082 14081)
4(14077 14081 14082 14078)
4(13883 13884 14084 14083)
4(14079 14083 14084 14080)
4(13885 13886 14086 14085)
4(14081 14085 14086 14082)
4(13887 13888 14088 14087)
4(14083 14087 14088 14084)
4(13889 13890 14090 14089)
4(14085 14089 14090 14086)
4(13891 13892 14092 14091)
4(14087 14091 14092 14088)
4(13893 13894 14094 14093)
4(14089 14093 14094 14090)
4(13895 13896 14096 14095)
4(14091 14095 14096 14092)
4(13897 13898 14098 14097)
4(14093 14097 14098 14094)
4(13899 13900 14100 14099)
4(14095 14099 14100 14096)
4(13901 13902 14102 14101)
4(14097 14101 14102 14098)
4(13903 13904 14104 14103)
4(14099 14103 14104 14100)
4(13905 13906 14106 14105)
4(14101 14105 14106 14102)
4(13907 13908 14108 14107)
4(14103 14107 14108 14104)
4(13909 13910 14110 14109)
4(14105 14109 14110 14106)
4(13911 13912 14112 14111)
4(14107 14111 14112 14108)
4(13913 13914 14114 14113)
4(14109 14113 14114 14110)
4(13915 13916 14116 14115)
4(14111 14115 14116 14112)
4(13917 13918 14118 14117)
4(14113 14117 14118 14114)
4(13919 13920 14120 14119)
4(14115 14119 14120 14116)
4(13921 13922 14122 14121)
4(14117 14121 14122 14118)
4(13923 13924 14124 14123)
4(14119 14123 14124 14120)
4(13925 13926 14126 14125)
4(14121 14125 14126 14122)
4(13933 13934 14134 14133)
4(14123 14133 14134 14124)
4(13926 14126 14136 13936)
4(14125 14135 14136 14126)
4(13927 14127 14137 13937)
4(14126 14136 14137 14127)
4(13928 14128 14138 13938)
4(14127 14137 14138 14128)
4(13929 14129 14139 13939)
4(14128 14138 14139 14129)
4(13930 14130 14140 13940)
4(14129 14139 14140 14130)
4(13931 14131 14141 13941)
4(14130 14140 14141 14131)
4(13932 14132 14142 13942)
4(14131 14141 14142 14132)
4(13933 14133 14143 13943)
4(14132 14142 14143 14133)
4(14133 14143 14144 14134)
4(13949 13950 14156 14155)
4(14145 14155 14156 14146)
4(13951 13952 14164 14163)
4(14153 14163 14164 14154)
4(13953 13954 14166 14165)
4(14155 14165 14166 14156)
4(13955 13956 14174 14173)
4(14163 14173 14174 14164)
4(13957 13958 14176 14175)
4(14165 14175 14176 14166)
4(13959 13960 14184 14183)
4(14173 14183 14184 14174)
4(13961 13962 14186 14185)
4(14175 14185 14186 14176)
4(13963 13964 14194 14193)
4(14183 14193 14194 14184)
4(13965 13966 14196 14195)
4(14185 14195 14196 14186)
4(13967 13968 14204 14203)
4(14193 14203 14204 14194)
4(13969 13970 14206 14205)
4(14195 14205 14206 14196)
4(13971 13972 14214 14213)
4(14203 14213 14214 14204)
4(13973 13974 14216 14215)
4(14205 14215 14216 14206)
4(13975 13976 14224 14223)
4(14213 14223 14224 14214)
4(13977 13978 14226 14225)
4(14215 14225 14226 14216)
4(13979 13980 14234 14233)
4(14223 14233 14234 14224)
4(13981 13982 14236 14235)
4(14225 14235 14236 14226)
4(13983 13984 14244 14243)
4(14233 14243 14244 14234)
4(13985 13986 14246 14245)
4(14235 14245 14246 14236)
4(13987 13988 14254 14253)
4(14243 14253 14254 14244)
4(13989 13990 14256 14255)
4(14245 14255 14256 14246)
4(13991 13992 14264 14263)
4(14253 14263 14264 14254)
4(13993 13994 14266 14265)
4(14255 14265 14266 14256)
4(13995 13996 14274 14273)
4(14263 14273 14274 14264)
4(13997 13998 14276 14275)
4(14265 14275 14276 14266)
4(13999 14000 14284 14283)
4(14273 14283 14284 14274)
4(14001 14002 14286 14285)
4(14275 14285 14286 14276)
4(14003 14004 14294 14293)
4(14283 14293 14294 14284)
4(14005 14006 14296 14295)
4(14285 14295 14296 14286)
4(14007 14008 14304 14303)
4(14293 14303 14304 14294)
4(14009 14010 14306 14305)
4(14295 14305 14306 14296)
4(14011 14012 14314 14313)
4(14303 14313 14314 14304)
4(14013 14014 14316 14315)
4(14305 14315 14316 14306)
4(14015 14016 14324 14323)
4(14313 14323 14324 14314)
4(14017 14018 14326 14325)
4(14315 14325 14326 14316)
4(14019 14020 14334 14333)
4(14323 14333 14334 14324)
4(14021 14022 14336 14335)
4(14325 14335 14336 14326)
4(14023 14024 14344 14343)
4(14333 14343 14344 14334)
4(14025 14026 14346 14345)
4(14335 14345 14346 14336)
4(14027 14028 14354 14353)
4(14343 14353 14354 14344)
4(14029 14030 14356 14355)
4(14345 14355 14356 14346)
4(14031 14032 14364 14363)
4(14353 14363 14364 14354)
4(14033 14034 14366 14365)
4(14355 14365 14366 14356)
4(14035 14036 14374 14373)
4(14363 14373 14374 14364)
4(14037 14038 14376 14375)
4(14365 14375 14376 14366)
4(14039 14040 14384 14383)
4(14373 14383 14384 14374)
4(14041 14042 14386 14385)
4(14375 14385 14386 14376)
4(14043 14044 14394 14393)
4(14383 14393 14394 14384)
4(14045 14046 14396 14395)
4(14385 14395 14396 14386)
4(14047 14048 14404 14403)
4(14393 14403 14404 14394)
4(14049 14050 14406 14405)
4(14395 14405 14406 14396)
4(14051 14052 14414 14413)
4(14403 14413 14414 14404)
4(14053 14054 14416 14415)
4(14405 14415 14416 14406)
4(14055 14056 14424 14423)
4(14413 14423 14424 14414)
4(14057 14058 14426 14425)
4(14415 14425 14426 14416)
4(14059 14060 14434 14433)
4(14423 14433 14434 14424)
4(14061 14062 14436 14435)
4(14425 14435 14436 14426)
4(14063 14064 14444 14443)
4(14433 14443 14444 14434)
4(14065 14066 14446 14445)
4(14435 14445 14446 14436)
4(14067 14068 14454 14453)
4(14443 14453 14454 14444)
4(14069 14070 14456 14455)
4(14445 14455 14456 14446)
4(14071 14072 14464 14463)
4(14453 14463 14464 14454)
4(14073 14074 14466 14465)
4(14455 14465 14466 14456)
4(14075 14076 14474 14473)
4(14463 14473 14474 14464)
4(14077 14078 14476 14475)
4(14465 14475 14476 14466)
4(14079 14080 14484 14483)
4(14473 14483 14484 14474)
4(14081 14082 14486 14485)
4(14475 14485 14486 14476)
4(14083 14084 14494 14493)
4(14483 14493 14494 14484)
4(14085 14086 14496 14495)
4(14485 14495 14496 14486)
4(14087 14088 14504 14503)
4(14493 14503 14504 14494)
4(14089 14090 14506 14505)
4(14495 14505 14506 14496)
4(14091 14092 14514 14513)
4(14503 14513 14514 14504)
4(14093 14094 14516 14515)
4(14505 14515 14516 14506)
4(14095 14096 14524 14523)
4(14513 14523 14524 14514)
4(14097 14098 14526 14525)
4(14515 14525 14526 14516)
4(14099 14100 14534 14533)
4(14523 14533 14534 14524)
4(14101 14102 14536 14535)
4(14525 14535 14536 14526)
4(14103 14104 14544 14543)
4(14533 14543 14544 14534)
4(14105 14106 14546 14545)
4(14535 14545 14546 14536)
4(14107 14108 14554 14553)
4(14543 14553 14554 14544)
4(14109 14110 14556 14555)
4(14545 14555 14556 14546)
4(14111 14112 14564 14563)
4(14553 14563 14564 14554)
4(14113 14114 14566 14565)
4(14555 14565 14566 14556)
4(14115 14116 14574 14573)
4(14563 14573 14574 14564)
4(14117 14118 14576 14575)
4(14565 14575 14576 14566)
4(14119 14120 14584 14583)
4(14573 14583 14584 14574)
4(14121 14122 14586 14585)
4(14575 14585 14586 14576)
4(14123 14124 14594 14593)
4(14583 14593 14594 14584)
4(14125 14126 14596 14595)
4(14585 14595 14596 14586)
4(14133 14134 14604 14603)
4(14593 14603 14604 14594)
4(14126 14596 14606 14136)
4(14595 14605 14606 14596)
4(14127 14597 14607 14137)
4(14596 14606 14607 14597)
4(14128 14598 14608 14138)
4(14597 14607 14608 14598)
4(14129 14599 14609 14139)
4(14598 14608 14609 14599)
4(14130 14600 14610 14140)
4(14599 14609 14610 14600)
4(14131 14601 14611 14141)
4(14600 14610 14611 14601)
4(14132 14602 14612 14142)
4(14601 14611 14612 14602)
4(14133 14603 14613 14143)
4(14602 14612 14613 14603)
4(14603 14613 14614 14604)
4(14146 14616 14626 14156)
4(14155 14156 14626 14625)
4(14147 14617 14627 14157)
4(14156 14157 14627 14626)
4(14148 14618 14628 14158)
4(14157 14158 14628 14627)
4(14149 14619 14629 14159)
4(14158 14159 14629 14628)
4(14150 14620 14630 14160)
4(14159 14160 14630 14629)
4(14151 14621 14631 14161)
4(14160 14161 14631 14630)
4(14152 14622 14632 14162)
4(14161 14162 14632 14631)
4(14153 14623 14633 14163)
4(14162 14163 14633 14632)
4(14163 14164 14634 14633)
4(14156 14626 14636 14166)
4(14165 14166 14636 14635)
4(14157 14627 14637 14167)
4(14166 14167 14637 14636)
4(14158 14628 14638 14168)
4(14167 14168 14638 14637)
4(14159 14629 14639 14169)
4(14168 14169 14639 14638)
4(14160 14630 14640 14170)
4(14169 14170 14640 14639)
4(14161 14631 14641 14171)
4(14170 14171 14641 14640)
4(14162 14632 14642 14172)
4(14171 14172 14642 14641)
4(14163 14633 14643 14173)
4(14172 14173 14643 14642)
4(14173 14174 14644 14643)
4(14166 14636 14646 14176)
4(14175 14176 14646 14645)
4(14167 14637 14647 14177)
4(14176 14177 14647 14646)
4(14168 14638 14648 14178)
4(14177 14178 14648 14647)
4(14169 14639 14649 14179)
4(14178 14179 14649 14648)
4(14170 14640 14650 14180)
4(14179 14180 14650 14649)
4(14171 14641 14651 14181)
4(14180 14181 14651 14650)
4(14172 14642 14652 14182)
4(14181 14182 14652 14651)
4(14173 14643 14653 14183)
4(14182 14183 14653 14652)
4(14183 14184 14654 14653)
4(14176 14646 14656 14186)
4(14185 14186 14656 14655)
4(14177 14647 14657 14187)
4(14186 14187 14657 14656)
4(14178 14648 14658 14188)
4(14187 14188 14658 14657)
4(14179 14649 14659 14189)
4(14188 14189 14659 14658)
4(14180 14650 14660 14190)
4(14189 14190 14660 14659)
4(14181 14651 14661 14191)
4(14190 14191 14661 14660)
4(14182 14652 14662 14192)
4(14191 14192 14662 14661)
4(14183 14653 14663 14193)
4(14192 14193 14663 14662)
4(14193 14194 14664 14663)
4(14186 14656 14666 14196)
4(14195 14196 14666 14665)
4(14187 14657 14667 14197)
4(14196 14197 14667 14666)
4(14188 14658 14668 14198)
4(14197 14198 14668 14667)
4(14189 14659 14669 14199)
4(14198 14199 14669 14668)
4(14190 14660 14670 14200)
4(14199 14200 14670 14669)
4(14191 14661 14671 14201)
4(14200 14201 14671 14670)
4(14192 14662 14672 14202)
4(14201 14202 14672 14671)
4(14193 14663 14673 14203)
4(14202 14203 14673 14672)
4(14203 14204 14674 14673)
4(14196 14666 14676 14206)
4(14205 14206 14676 14675)
4(14197 14667 14677 14207)
4(14206 14207 14677 14676)
4(14198 14668 14678 14208)
4(14207 14208 14678 14677)
4(14199 14669 14679 14209)
4(14208 14209 14679 14678)
4(14200 14670 14680 14210)
4(14209 14210 14680 14679)
4(14201 14671 14681 14211)
4(14210 14211 14681 14680)
4(14202 14672 14682 14212)
4(14211 14212 14682 14681)
4(14203 14673 14683 14213)
4(14212 14213 14683 14682)
4(14213 14214 14684 14683)
4(14206 14676 14686 14216)
4(14215 14216 14686 14685)
4(14207 14677 14687 14217)
4(14216 14217 14687 14686)
4(14208 14678 14688 14218)
4(14217 14218 14688 14687)
4(14209 14679 14689 14219)
4(14218 14219 14689 14688)
4(14210 14680 14690 14220)
4(14219 14220 14690 14689)
4(14211 14681 14691 14221)
4(14220 14221 14691 14690)
4(14212 14682 14692 14222)
4(14221 14222 14692 14691)
4(14213 14683 14693 14223)
4(14222 14223 14693 14692)
4(14223 14224 14694 14693)
4(14216 14686 14696 14226)
4(14225 14226 14696 14695)
4(14217 14687 14697 14227)
4(14226 14227 14697 14696)
4(14218 14688 14698 14228)
4(14227 14228 14698 14697)
4(14219 14689 14699 14229)
4(14228 14229 14699 14698)
4(14220 14690 14700 14230)
4(14229 14230 14700 14699)
4(14221 14691 14701 14231)
4(14230 14231 14701 14700)
4(14222 14692 14702 14232)
4(14231 14232 14702 14701)
4(14223 14693 14703 14233)
4(14232 14233 14703 14702)
4(14233 14234 14704 14703)
4(14226 14696 14706 14236)
4(14235 14236 14706 14705)
4(14227 14697 14707 14237)
4(14236 14237 14707 14706)
4(14228 14698 14708 14238)
4(14237 14238 14708 14707)
4(14229 14699 14709 14239)
4(14238 14239 14709 14708)
4(14230 14700 14710 14240)
4(14239 14240 14710 14709)
4(14231 14701 14711 14241)
4(14240 14241 14711 14710)
4(14232 14702 14712 14242)
4(14241 14242 14712 14711)
4(14233 14703 14713 14243)
4(14242 14243 14713 14712)
4(14243 14244 14714 14713)
4(14236 14706 14716 14246)
4(14245 14246 14716 14715)
4(14237 14707 14717 14247)
4(14246 14247 14717 14716)
4(14238 14708 14718 14248)
4(14247 14248 14718 14717)
4(14239 14709 14719 14249)
4(14248 14249 14719 14718)
4(14240 14710 14720 14250)
4(14249 14250 14720 14719)
4(14241 14711 14721 14251)
4(14250 14251 14721 14720)
4(14242 14712 14722 14252)
4(14251 14252 14722 14721)
4(14243 14713 14723 14253)
4(14252 14253 14723 14722)
4(14253 14254 14724 14723)
4(14246 14716 14726 14256)
4(14255 14256 14726 14725)
4(14247 14717 14727 14257)
4(14256 14257 14727 14726)
4(14248 14718 14728 14258)
4(14257 14258 14728 14727)
4(14249 14719 14729 14259)
4(14258 14259 14729 14728)
4(14250 14720 14730 14260)
4(14259 14260 14730 14729)
4(14251 14721 14731 14261)
4(14260 14261 14731 14730)
4(14252 14722 14732 14262)
4(14261 14262 14732 14731)
4(14253 14723 14733 14263)
4(14262 14263 14733 14732)
4(14263 14264 14734 14733)
4(14256 14726 14736 14266)
4(14265 14266 14736 14735)
4(14257 14727 14737 14267)
4(14266 14267 14737 14736)
4(14258 14728 14738 14268)
4(14267 14268 14738 14737)
4(14259 14729 14739 14269)
4(14268 14269 14739 14738)
4(14260 14730 14740 14270)
4(14269 14270 14740 14739)
4(14261 14731 14741 14271)
4(14270 14271 14741 14740)
4(14262 14732 14742 14272)
4(14271 14272 14742 14741)
4(14263 14733 14743 14273)
4(14272 14273 14743 14742)
4(14273 14274 14744 14743)
4(14266 14736 14746 14276)
4(14275 14276 14746 14745)
4(14267 14737 14747 14277)
4(14276 14277 14747 14746)
4(14268 14738 14748 14278)
4(14277 14278 14748 14747)
4(14269 14739 14749 14279)
4(14278 14279 14749 14748)
4(14270 14740 14750 14280)
4(14279 14280 14750 14749)
4(14271 14741 14751 14281)
4(14280 14281 14751 14750)
4(14272 14742 14752 14282)
4(14281 14282 14752 14751)
4(14273 14743 14753 14283)
4(14282 14283 14753 14752)
4(14283 14284 14754 14753)
4(14276 14746 14756 14286)
4(14285 14286 14756 14755)
4(14277 14747 14757 14287)
4(14286 14287 14757 14756)
4(14278 14748 14758 14288)
4(14287 14288 14758 14757)
4(14279 14749 14759 14289)
4(14288 14289 14759 14758)
4(14280 14750 14760 14290)
4(14289 14290 14760 14759)
4(14281 14751 14761 14291)
4(14290 14291 14761 14760)
4(14282 14752 14762 14292)
4(14291 14292 14762 14761)
4(14283 14753 14763 14293)
4(14292 14293 14763 14762)
4(14293 14294 14764 14763)
4(14286 14756 14766 14296)
4(14295 14296 14766 14765)
4(14287 14757 14767 14297)
4(14296 14297 14767 14766)
4(14288 14758 14768 14298)
4(14297 14298 14768 14767)
4(14289 14759 14769 14299)
4(14298 14299 14769 14768)
4(14290 14760 14770 14300)
4(14299 14300 14770 14769)
4(14291 14761 14771 14301)
4(14300 14301 14771 14770)
4(14292 14762 14772 14302)
4(14301 14302 14772 14771)
4(14293 14763 14773 14303)
4(14302 14303 14773 14772)
4(14303 14304 14774 14773)
4(14296 14766 14776 14306)
4(14305 14306 14776 14775)
4(14297 14767 14777 14307)
4(14306 14307 14777 14776)
4(14298 14768 14778 14308)
4(14307 14308 14778 14777)
4(14299 14769 14779 14309)
4(14308 14309 14779 14778)
4(14300 14770 14780 14310)
4(14309 14310 14780 14779)
4(14301 14771 14781 14311)
4(14310 14311 14781 14780)
4(14302 14772 14782 14312)
4(14311 14312 14782 14781)
4(14303 14773 14783 14313)
4(14312 14313 14783 14782)
4(14313 14314 14784 14783)
4(14306 14776 14786 14316)
4(14315 14316 14786 14785)
4(14307 14777 14787 14317)
4(14316 14317 14787 14786)
4(14308 14778 14788 14318)
4(14317 14318 14788 14787)
4(14309 14779 14789 14319)
4(14318 14319 14789 14788)
4(14310 14780 14790 14320)
4(14319 14320 14790 14789)
4(14311 14781 14791 14321)
4(14320 14321 14791 14790)
4(14312 14782 14792 14322)
4(14321 14322 14792 14791)
4(14313 14783 14793 14323)
4(14322 14323 14793 14792)
4(14323 14324 14794 14793)
4(14316 14786 14796 14326)
4(14325 14326 14796 14795)
4(14317 14787 14797 14327)
4(14326 14327 14797 14796)
4(14318 14788 14798 14328)
4(14327 14328 14798 14797)
4(14319 14789 14799 14329)
4(14328 14329 14799 14798)
4(14320 14790 14800 14330)
4(14329 14330 14800 14799)
4(14321 14791 14801 14331)
4(14330 14331 14801 14800)
4(14322 14792 14802 14332)
4(14331 14332 14802 14801)
4(14323 14793 14803 14333)
4(14332 14333 14803 14802)
4(14333 14334 14804 14803)
4(14326 14796 14806 14336)
4(14335 14336 14806 14805)
4(14327 14797 14807 14337)
4(14336 14337 14807 14806)
4(14328 14798 14808 14338)
4(14337 14338 14808 14807)
4(14329 14799 14809 14339)
4(14338 14339 14809 14808)
4(14330 14800 14810 14340)
4(14339 14340 14810 14809)
4(14331 14801 14811 14341)
4(14340 14341 14811 14810)
4(14332 14802 14812 14342)
4(14341 14342 14812 14811)
4(14333 14803 14813 14343)
4(14342 14343 14813 14812)
4(14343 14344 14814 14813)
4(14336 14806 14816 14346)
4(14345 14346 14816 14815)
4(14337 14807 14817 14347)
4(14346 14347 14817 14816)
4(14338 14808 14818 14348)
4(14347 14348 14818 14817)
4(14339 14809 14819 14349)
4(14348 14349 14819 14818)
4(14340 14810 14820 14350)
4(14349 14350 14820 14819)
4(14341 14811 14821 14351)
4(14350 14351 14821 14820)
4(14342 14812 14822 14352)
4(14351 14352 14822 14821)
4(14343 14813 14823 14353)
4(14352 14353 14823 14822)
4(14353 14354 14824 14823)
4(14346 14816 14826 14356)
4(14355 14356 14826 14825)
4(14347 14817 14827 14357)
4(14356 14357 14827 14826)
4(14348 14818 14828 14358)
4(14357 14358 14828 14827)
4(14349 14819 14829 14359)
4(14358 14359 14829 14828)
4(14350 14820 14830 14360)
4(14359 14360 14830 14829)
4(14351 14821 14831 14361)
4(14360 14361 14831 14830)
4(14352 14822 14832 14362)
4(14361 14362 14832 14831)
4(14353 14823 14833 14363)
4(14362 14363 14833 14832)
4(14363 14364 14834 14833)
4(14356 14826 14836 14366)
4(14365 14366 14836 14835)
4(14357 14827 14837 14367)
4(14366 14367 14837 14836)
4(14358 14828 14838 14368)
4(14367 14368 14838 14837)
4(14359 14829 14839 14369)
4(14368 14369 14839 14838)
4(14360 14830 14840 14370)
4(14369 14370 14840 14839)
4(14361 14831 14841 14371)
4(14370 14371 14841 14840)
4(14362 14832 14842 14372)
4(14371 14372 14842 14841)
4(14363 14833 14843 14373)
4(14372 14373 14843 14842)
4(14373 14374 14844 14843)
4(14366 14836 14846 14376)
4(14375 14376 14846 14845)
4(14367 14837 14847 14377)
4(14376 14377 14847 14846)
4(14368 14838 14848 14378)
4(14377 14378 14848 14847)
4(14369 14839 14849 14379)
4(14378 14379 14849 14848)
4(14370 14840 14850 14380)
4(14379 14380 14850 14849)
4(14371 14841 14851 14381)
4(14380 14381 14851 14850)
4(14372 14842 14852 14382)
4(14381 14382 14852 14851)
4(14373 14843 14853 14383)
4(14382 14383 14853 14852)
4(14383 14384 14854 14853)
4(14376 14846 14856 14386)
4(14385 14386 14856 14855)
4(14377 14847 14857 14387)
4(14386 14387 14857 14856)
4(14378 14848 14858 14388)
4(14387 14388 14858 14857)
4(14379 14849 14859 14389)
4(14388 14389 14859 14858)
4(14380 14850 14860 14390)
4(14389 14390 14860 14859)
4(14381 14851 14861 14391)
4(14390 14391 14861 14860)
4(14382 14852 14862 14392)
4(14391 14392 14862 14861)
4(14383 14853 14863 14393)
4(14392 14393 14863 14862)
4(14393 14394 14864 14863)
4(14386 14856 14866 14396)
4(14395 14396 14866 14865)
4(14387 14857 14867 14397)
4(14396 14397 14867 14866)
4(14388 14858 14868 14398)
4(14397 14398 14868 14867)
4(14389 14859 14869 14399)
4(14398 14399 14869 14868)
4(14390 14860 14870 14400)
4(14399 14400 14870 14869)
4(14391 14861 14871 14401)
4(14400 14401 14871 14870)
4(14392 14862 14872 14402)
4(14401 14402 14872 14871)
4(14393 14863 14873 14403)
4(14402 14403 14873 14872)
4(14403 14404 14874 14873)
4(14396 14866 14876 14406)
4(14405 14406 14876 14875)
4(14397 14867 14877 14407)
4(14406 14407 14877 14876)
4(14398 14868 14878 14408)
4(14407 14408 14878 14877)
4(14399 14869 14879 14409)
4(14408 14409 14879 14878)
4(14400 14870 14880 14410)
4(14409 14410 14880 14879)
4(14401 14871 14881 14411)
4(14410 14411 14881 14880)
4(14402 14872 14882 14412)
4(14411 14412 14882 14881)
4(14403 14873 14883 14413)
4(14412 14413 14883 14882)
4(14413 14414 14884 14883)
4(14406 14876 14886 14416)
4(14415 14416 14886 14885)
4(14407 14877 14887 14417)
4(14416 14417 14887 14886)
4(14408 14878 14888 14418)
4(14417 14418 14888 14887)
4(14409 14879 14889 14419)
4(14418 14419 14889 14888)
4(14410 14880 14890 14420)
4(14419 14420 14890 14889)
4(14411 14881 14891 14421)
4(14420 14421 14891 14890)
4(14412 14882 14892 14422)
4(14421 14422 14892 14891)
4(14413 14883 14893 14423)
4(14422 14423 14893 14892)
4(14423 14424 14894 14893)
4(14416 14886 14896 14426)
4(14425 14426 14896 14895)
4(14417 14887 14897 14427)
4(14426 14427 14897 14896)
4(14418 14888 14898 14428)
4(14427 14428 14898 14897)
4(14419 14889 14899 14429)
4(14428 14429 14899 14898)
4(14420 14890 14900 14430)
4(14429 14430 14900 14899)
4(14421 14891 14901 14431)
4(14430 14431 14901 14900)
4(14422 14892 14902 14432)
4(14431 14432 14902 14901)
4(14423 14893 14903 14433)
4(14432 14433 14903 14902)
4(14433 14434 14904 14903)
4(14426 14896 14906 14436)
4(14435 14436 14906 14905)
4(14427 14897 14907 14437)
4(14436 14437 14907 14906)
4(14428 14898 14908 14438)
4(14437 14438 14908 14907)
4(14429 14899 14909 14439)
4(14438 14439 14909 14908)
4(14430 14900 14910 14440)
4(14439 14440 14910 14909)
4(14431 14901 14911 14441)
4(14440 14441 14911 14910)
4(14432 14902 14912 14442)
4(14441 14442 14912 14911)
4(14433 14903 14913 14443)
4(14442 14443 14913 14912)
4(14443 14444 14914 14913)
4(14436 14906 14916 14446)
4(14445 14446 14916 14915)
4(14437 14907 14917 14447)
4(14446 14447 14917 14916)
4(14438 14908 14918 14448)
4(14447 14448 14918 14917)
4(14439 14909 14919 14449)
4(14448 14449 14919 14918)
4(14440 14910 14920 14450)
4(14449 14450 14920 14919)
4(14441 14911 14921 14451)
4(14450 14451 14921 14920)
4(14442 14912 14922 14452)
4(14451 14452 14922 14921)
4(14443 14913 14923 14453)
4(14452 14453 14923 14922)
4(14453 14454 14924 14923)
4(14446 14916 14926 14456)
4(14455 14456 14926 14925)
4(14447 14917 14927 14457)
4(14456 14457 14927 14926)
4(14448 14918 14928 14458)
4(14457 14458 14928 14927)
4(14449 14919 14929 14459)
4(14458 14459 14929 14928)
4(14450 14920 14930 14460)
4(14459 14460 14930 14929)
4(14451 14921 14931 14461)
4(14460 14461 14931 14930)
4(14452 14922 14932 14462)
4(14461 14462 14932 14931)
4(14453 14923 14933 14463)
4(14462 14463 14933 14932)
4(14463 14464 14934 14933)
4(14456 14926 14936 14466)
4(14465 14466 14936 14935)
4(14457 14927 14937 14467)
4(14466 14467 14937 14936)
4(14458 14928 14938 14468)
4(14467 14468 14938 14937)
4(14459 14929 14939 14469)
4(14468 14469 14939 14938)
4(14460 14930 14940 14470)
4(14469 14470 14940 14939)
4(14461 14931 14941 14471)
4(14470 14471 14941 14940)
4(14462 14932 14942 14472)
4(14471 14472 14942 14941)
4(14463 14933 14943 14473)
4(14472 14473 14943 14942)
4(14473 14474 14944 14943)
4(14466 14936 14946 14476)
4(14475 14476 14946 14945)
4(14467 14937 14947 14477)
4(14476 14477 14947 14946)
4(14468 14938 14948 14478)
4(14477 14478 14948 14947)
4(14469 14939 14949 14479)
4(14478 14479 14949 14948)
4(14470 14940 14950 14480)
4(14479 14480 14950 14949)
4(14471 14941 14951 14481)
4(14480 14481 14951 14950)
4(14472 14942 14952 14482)
4(14481 14482 14952 14951)
4(14473 14943 14953 14483)
4(14482 14483 14953 14952)
4(14483 14484 14954 14953)
4(14476 14946 14956 14486)
4(14485 14486 14956 14955)
4(14477 14947 14957 14487)
4(14486 14487 14957 14956)
4(14478 14948 14958 14488)
4(14487 14488 14958 14957)
4(14479 14949 14959 14489)
4(14488 14489 14959 14958)
4(14480 14950 14960 14490)
4(14489 14490 14960 14959)
4(14481 14951 14961 14491)
4(14490 14491 14961 14960)
4(14482 14952 14962 14492)
4(14491 14492 14962 14961)
4(14483 14953 14963 14493)
4(14492 14493 14963 14962)
4(14493 14494 14964 14963)
4(14486 14956 14966 14496)
4(14495 14496 14966 14965)
4(14487 14957 14967 14497)
4(14496 14497 14967 14966)
4(14488 14958 14968 14498)
4(14497 14498 14968 14967)
4(14489 14959 14969 14499)
4(14498 14499 14969 14968)
4(14490 14960 14970 14500)
4(14499 14500 14970 14969)
4(14491 14961 14971 14501)
4(14500 14501 14971 14970)
4(14492 14962 14972 14502)
4(14501 14502 14972 14971)
4(14493 14963 14973 14503)
4(14502 14503 14973 14972)
4(14503 14504 14974 14973)
4(14496 14966 14976 14506)
4(14505 14506 14976 14975)
4(14497 14967 14977 14507)
4(14506 14507 14977 14976)
4(14498 14968 14978 14508)
4(14507 14508 14978 14977)
4(14499 14969 14979 14509)
4(14508 14509 14979 14978)
4(14500 14970 14980 14510)
4(14509 14510 14980 14979)
4(14501 14971 14981 14511)
4(14510 14511 14981 14980)
4(14502 14972 14982 14512)
4(14511 14512 14982 14981)
4(14503 14973 14983 14513)
4(14512 14513 14983 14982)
4(14513 14514 14984 14983)
4(14506 14976 14986 14516)
4(14515 14516 14986 14985)
4(14507 14977 14987 14517)
4(14516 14517 14987 14986)
4(14508 14978 14988 14518)
4(14517 14518 14988 14987)
4(14509 14979 14989 14519)
4(14518 14519 14989 14988)
4(14510 14980 14990 14520)
4(14519 14520 14990 14989)
4(14511 14981 14991 14521)
4(14520 14521 14991 14990)
4(14512 14982 14992 14522)
4(14521 14522 14992 14991)
4(14513 14983 14993 14523)
4(14522 14523 14993 14992)
4(14523 14524 14994 14993)
4(14516 14986 14996 14526)
4(14525 14526 14996 14995)
4(14517 14987 14997 14527)
4(14526 14527 14997 14996)
4(14518 14988 14998 14528)
4(14527 14528 14998 14997)
4(14519 14989 14999 14529)
4(14528 14529 14999 14998)
4(14520 14990 15000 14530)
4(14529 14530 15000 14999)
4(14521 14991 15001 14531)
4(14530 14531 15001 15000)
4(14522 14992 15002 14532)
4(14531 14532 15002 15001)
4(14523 14993 15003 14533)
4(14532 14533 15003 15002)
4(14533 14534 15004 15003)
4(14526 14996 15006 14536)
4(14535 14536 15006 15005)
4(14527 14997 15007 14537)
4(14536 14537 15007 15006)
4(14528 14998 15008 14538)
4(14537 14538 15008 15007)
4(14529 14999 15009 14539)
4(14538 14539 15009 15008)
4(14530 15000 15010 14540)
4(14539 14540 15010 15009)
4(14531 15001 15011 14541)
4(14540 14541 15011 15010)
4(14532 15002 15012 14542)
4(14541 14542 15012 15011)
4(14533 15003 15013 14543)
4(14542 14543 15013 15012)
4(14543 14544 15014 15013)
4(14536 15006 15016 14546)
4(14545 14546 15016 15015)
4(14537 15007 15017 14547)
4(14546 14547 15017 15016)
4(14538 15008 15018 14548)
4(14547 14548 15018 15017)
4(14539 15009 15019 14549)
4(14548 14549 15019 15018)
4(14540 15010 15020 14550)
4(14549 14550 15020 15019)
4(14541 15011 15021 14551)
4(14550 14551 15021 15020)
4(14542 15012 15022 14552)
4(14551 14552 15022 15021)
4(14543 15013 15023 14553)
4(14552 14553 15023 15022)
4(14553 14554 15024 15023)
4(14546 15016 15026 14556)
4(14555 14556 15026 15025)
4(14547 15017 15027 14557)
4(14556 14557 15027 15026)
4(14548 15018 15028 14558)
4(14557 14558 15028 15027)
4(14549 15019 15029 14559)
4(14558 14559 15029 15028)
4(14550 15020 15030 14560)
4(14559 14560 15030 15029)
4(14551 15021 15031 14561)
4(14560 14561 15031 15030)
4(14552 15022 15032 14562)
4(14561 14562 15032 15031)
4(14553 15023 15033 14563)
4(14562 14563 15033 15032)
4(14563 14564 15034 15033)
4(14556 15026 15036 14566)
4(14565 14566 15036 15035)
4(14557 15027 15037 14567)
4(14566 14567 15037 15036)
4(14558 15028 15038 14568)
4(14567 14568 15038 15037)
4(14559 15029 15039 14569)
4(14568 14569 15039 15038)
4(14560 15030 15040 14570)
4(14569 14570 15040 15039)
4(14561 15031 15041 14571)
4(14570 14571 15041 15040)
4(14562 15032 15042 14572)
4(14571 14572 15042 15041)
4(14563 15033 15043 14573)
4(14572 14573 15043 15042)
4(14573 14574 15044 15043)
4(14566 15036 15046 14576)
4(14575 14576 15046 15045)
4(14567 15037 15047 14577)
4(14576 14577 15047 15046)
4(14568 15038 15048 14578)
4(14577 14578 15048 15047)
4(14569 15039 15049 14579)
4(14578 14579 15049 15048)
4(14570 15040 15050 14580)
4(14579 14580 15050 15049)
4(14571 15041 15051 14581)
4(14580 14581 15051 15050)
4(14572 15042 15052 14582)
4(14581 14582 15052 15051)
4(14573 15043 15053 14583)
4(14582 14583 15053 15052)
4(14583 14584 15054 15053)
4(14576 15046 15056 14586)
4(14585 14586 15056 15055)
4(14577 15047 15057 14587)
4(14586 14587 15057 15056)
4(14578 15048 15058 14588)
4(14587 14588 15058 15057)
4(14579 15049 15059 14589)
4(14588 14589 15059 15058)
4(14580 15050 15060 14590)
4(14589 14590 15060 15059)
4(14581 15051 15061 14591)
4(14590 14591 15061 15060)
4(14582 15052 15062 14592)
4(14591 14592 15062 15061)
4(14583 15053 15063 14593)
4(14592 14593 15063 15062)
4(14593 14594 15064 15063)
4(14586 15056 15066 14596)
4(14595 14596 15066 15065)
4(14587 15057 15067 14597)
4(14596 14597 15067 15066)
4(14588 15058 15068 14598)
4(14597 14598 15068 15067)
4(14589 15059 15069 14599)
4(14598 14599 15069 15068)
4(14590 15060 15070 14600)
4(14599 14600 15070 15069)
4(14591 15061 15071 14601)
4(14600 14601 15071 15070)
4(14592 15062 15072 14602)
4(14601 14602 15072 15071)
4(14593 15063 15073 14603)
4(14602 14603 15073 15072)
4(14603 14604 15074 15073)
4(14596 15066 15076 14606)
4(14597 15067 15077 14607)
4(14598 15068 15078 14608)
4(14599 15069 15079 14609)
4(14600 15070 15080 14610)
4(14601 15071 15081 14611)
4(14602 15072 15082 14612)
4(14603 15073 15083 14613)
4(0 10 480 470)
4(10 20 490 480)
4(20 30 500 490)
4(30 40 510 500)
4(40 50 520 510)
4(50 60 530 520)
4(60 70 540 530)
4(70 80 550 540)
4(80 90 560 550)
4(90 100 570 560)
4(100 110 580 570)
4(110 120 590 580)
4(120 130 600 590)
4(130 140 610 600)
4(140 150 620 610)
4(150 160 630 620)
4(160 170 640 630)
4(170 180 650 640)
4(180 190 660 650)
4(190 200 670 660)
4(200 210 680 670)
4(210 220 690 680)
4(220 230 700 690)
4(230 240 710 700)
4(240 250 720 710)
4(250 260 730 720)
4(260 270 740 730)
4(270 280 750 740)
4(280 290 760 750)
4(290 300 770 760)
4(300 310 780 770)
4(310 320 790 780)
4(320 330 800 790)
4(330 340 810 800)
4(340 350 820 810)
4(350 360 830 820)
4(360 370 840 830)
4(370 380 850 840)
4(380 390 860 850)
4(390 400 870 860)
4(400 410 880 870)
4(410 420 890 880)
4(420 430 900 890)
4(430 440 910 900)
4(440 450 920 910)
4(450 460 930 920)
4(470 480 944 940)
4(480 490 948 944)
4(490 500 952 948)
4(500 510 956 952)
4(510 520 960 956)
4(520 530 964 960)
4(530 540 968 964)
4(540 550 972 968)
4(550 560 976 972)
4(560 570 980 976)
4(570 580 984 980)
4(580 590 988 984)
4(590 600 992 988)
4(600 610 996 992)
4(610 620 1000 996)
4(620 630 1004 1000)
4(630 640 1008 1004)
4(640 650 1012 1008)
4(650 660 1016 1012)
4(660 670 1020 1016)
4(670 680 1024 1020)
4(680 690 1028 1024)
4(690 700 1032 1028)
4(700 710 1036 1032)
4(710 720 1040 1036)
4(720 730 1044 1040)
4(730 740 1048 1044)
4(740 750 1052 1048)
4(750 760 1056 1052)
4(760 770 1060 1056)
4(770 780 1064 1060)
4(780 790 1068 1064)
4(790 800 1072 1068)
4(800 810 1076 1072)
4(810 820 1080 1076)
4(820 830 1084 1080)
4(830 840 1088 1084)
4(840 850 1092 1088)
4(850 860 1096 1092)
4(860 870 1100 1096)
4(870 880 1104 1100)
4(880 890 1108 1104)
4(890 900 1112 1108)
4(900 910 1116 1112)
4(910 920 1120 1116)
4(920 930 1130 1120)
4(940 944 1144 1140)
4(944 948 1148 1144)
4(948 952 1152 1148)
4(952 956 1156 1152)
4(956 960 1160 1156)
4(960 964 1164 1160)
4(964 968 1168 1164)
4(968 972 1172 1168)
4(972 976 1176 1172)
4(976 980 1180 1176)
4(980 984 1184 1180)
4(984 988 1188 1184)
4(988 992 1192 1188)
4(992 996 1196 1192)
4(996 1000 1200 1196)
4(1000 1004 1204 1200)
4(1004 1008 1208 1204)
4(1008 1012 1212 1208)
4(1012 1016 1216 1212)
4(1016 1020 1220 1216)
4(1020 1024 1224 1220)
4(1024 1028 1228 1224)
4(1028 1032 1232 1228)
4(1032 1036 1236 1232)
4(1036 1040 1240 1236)
4(1040 1044 1244 1240)
4(1044 1048 1248 1244)
4(1048 1052 1252 1248)
4(1052 1056 1256 1252)
4(1056 1060 1260 1256)
4(1060 1064 1264 1260)
4(1064 1068 1268 1264)
4(1068 1072 1272 1268)
4(1072 1076 1276 1272)
4(1076 1080 1280 1276)
4(1080 1084 1284 1280)
4(1084 1088 1288 1284)
4(1088 1092 1292 1288)
4(1092 1096 1296 1292)
4(1096 1100 1300 1296)
4(1100 1104 1304 1300)
4(1104 1108 1308 1304)
4(1108 1112 1312 1308)
4(1112 1116 1316 1312)
4(1116 1120 1320 1316)
4(1120 1130 1330 1320)
4(1140 1144 1344 1340)
4(1144 1148 1348 1344)
4(1148 1152 1352 1348)
4(1152 1156 1356 1352)
4(1156 1160 1360 1356)
4(1160 1164 1364 1360)
4(1164 1168 1368 1364)
4(1168 1172 1372 1368)
4(1172 1176 1376 1372)
4(1176 1180 1380 1376)
4(1180 1184 1384 1380)
4(1184 1188 1388 1384)
4(1188 1192 1392 1388)
4(1192 1196 1396 1392)
4(1196 1200 1400 1396)
4(1200 1204 1404 1400)
4(1204 1208 1408 1404)
4(1208 1212 1412 1408)
4(1212 1216 1416 1412)
4(1216 1220 1420 1416)
4(1220 1224 1424 1420)
4(1224 1228 1428 1424)
4(1228 1232 1432 1428)
4(1232 1236 1436 1432)
4(1236 1240 1440 1436)
4(1240 1244 1444 1440)
4(1244 1248 1448 1444)
4(1248 1252 1452 1448)
4(1252 1256 1456 1452)
4(1256 1260 1460 1456)
4(1260 1264 1464 1460)
4(1264 1268 1468 1464)
4(1268 1272 1472 1468)
4(1272 1276 1476 1472)
4(1276 1280 1480 1476)
4(1280 1284 1484 1480)
4(1284 1288 1488 1484)
4(1288 1292 1492 1488)
4(1292 1296 1496 1492)
4(1296 1300 1500 1496)
4(1300 1304 1504 1500)
4(1304 1308 1508 1504)
4(1308 1312 1512 1508)
4(1312 1316 1516 1512)
4(1316 1320 1520 1516)
4(1320 1330 1530 1520)
4(1340 1344 1544 1540)
4(1344 1348 1548 1544)
4(1348 1352 1552 1548)
4(1352 1356 1556 1552)
4(1356 1360 1560 1556)
4(1360 1364 1564 1560)
4(1364 1368 1568 1564)
4(1368 1372 1572 1568)
4(1372 1376 1576 1572)
4(1376 1380 1580 1576)
4(1380 1384 1584 1580)
4(1384 1388 1594 1584)
4(1388 1392 1604 1594)
4(1392 1396 1614 1604)
4(1396 1400 1624 1614)
4(1400 1404 1634 1624)
4(1404 1408 1644 1634)
4(1408 1412 1654 1644)
4(1412 1416 1664 1654)
4(1416 1420 1674 1664)
4(1420 1424 1684 1674)
4(1424 1428 1694 1684)
4(1428 1432 1704 1694)
4(1432 1436 1714 1704)
4(1436 1440 1724 1714)
4(1440 1444 1734 1724)
4(1444 1448 1744 1734)
4(1448 1452 1754 1744)
4(1452 1456 1764 1754)
4(1456 1460 1774 1764)
4(1460 1464 1784 1774)
4(1464 1468 1794 1784)
4(1468 1472 1804 1794)
4(1472 1476 1808 1804)
4(1476 1480 1812 1808)
4(1480 1484 1816 1812)
4(1484 1488 1820 1816)
4(1488 1492 1824 1820)
4(1492 1496 1828 1824)
4(1496 1500 1832 1828)
4(1500 1504 1836 1832)
4(1504 1508 1840 1836)
4(1508 1512 1844 1840)
4(1512 1516 1848 1844)
4(1516 1520 1852 1848)
4(1520 1530 1862 1852)
4(1540 1544 1876 1872)
4(1544 1548 1880 1876)
4(1548 1552 1884 1880)
4(1552 1556 1888 1884)
4(1556 1560 1892 1888)
4(1560 1564 1896 1892)
4(1564 1568 1900 1896)
4(1568 1572 1904 1900)
4(1572 1576 1908 1904)
4(1576 1580 1912 1908)
4(1580 1584 1916 1912)
4(1584 1594 1926 1916)
4(1594 1604 1936 1926)
4(1604 1614 1946 1936)
4(1614 1624 1956 1946)
4(1624 1634 1966 1956)
4(1634 1644 1976 1966)
4(1644 1654 1986 1976)
4(1654 1664 1996 1986)
4(1664 1674 2006 1996)
4(1674 1684 2016 2006)
4(1684 1694 2026 2016)
4(1694 1704 2036 2026)
4(1704 1714 2046 2036)
4(1714 1724 2056 2046)
4(1724 1734 2066 2056)
4(1734 1744 2076 2066)
4(1744 1754 2086 2076)
4(1754 1764 2096 2086)
4(1764 1774 2106 2096)
4(1774 1784 2116 2106)
4(1784 1794 2126 2116)
4(1794 1804 2136 2126)
4(1804 1808 2140 2136)
4(1808 1812 2144 2140)
4(1812 1816 2148 2144)
4(1816 1820 2152 2148)
4(1820 1824 2156 2152)
4(1824 1828 2160 2156)
4(1828 1832 2164 2160)
4(1832 1836 2168 2164)
4(1836 1840 2172 2168)
4(1840 1844 2176 2172)
4(1844 1848 2180 2176)
4(1848 1852 2184 2180)
4(1852 1862 2194 2184)
4(1872 1876 2208 2204)
4(1876 1880 2212 2208)
4(1880 1884 2216 2212)
4(1884 1888 2220 2216)
4(1888 1892 2224 2220)
4(1892 1896 2228 2224)
4(1896 1900 2232 2228)
4(1900 1904 2236 2232)
4(1904 1908 2240 2236)
4(1908 1912 2244 2240)
4(1912 1916 2248 2244)
4(1916 1926 2258 2248)
4(1926 1936 2268 2258)
4(1936 1946 2278 2268)
4(1946 1956 2288 2278)
4(1956 1966 2298 2288)
4(1966 1976 2308 2298)
4(1976 1986 2318 2308)
4(1986 1996 2328 2318)
4(1996 2006 2338 2328)
4(2006 2016 2348 2338)
4(2016 2026 2358 2348)
4(2026 2036 2368 2358)
4(2036 2046 2378 2368)
4(2046 2056 2388 2378)
4(2056 2066 2398 2388)
4(2066 2076 2408 2398)
4(2076 2086 2418 2408)
4(2086 2096 2428 2418)
4(2096 2106 2438 2428)
4(2106 2116 2448 2438)
4(2116 2126 2458 2448)
4(2126 2136 2468 2458)
4(2136 2140 2472 2468)
4(2140 2144 2476 2472)
4(2144 2148 2480 2476)
4(2148 2152 2484 2480)
4(2152 2156 2488 2484)
4(2156 2160 2492 2488)
4(2160 2164 2496 2492)
4(2164 2168 2500 2496)
4(2168 2172 2504 2500)
4(2172 2176 2508 2504)
4(2176 2180 2512 2508)
4(2180 2184 2516 2512)
4(2184 2194 2526 2516)
4(2204 2208 2540 2536)
4(2208 2212 2544 2540)
4(2212 2216 2548 2544)
4(2216 2220 2552 2548)
4(2220 2224 2556 2552)
4(2224 2228 2560 2556)
4(2228 2232 2564 2560)
4(2232 2236 2568 2564)
4(2236 2240 2572 2568)
4(2240 2244 2576 2572)
4(2244 2248 2580 2576)
4(2248 2258 2590 2580)
4(2258 2268 2600 2590)
4(2268 2278 2610 2600)
4(2278 2288 2620 2610)
4(2288 2298 2630 2620)
4(2298 2308 2640 2630)
4(2308 2318 2650 2640)
4(2318 2328 2660 2650)
4(2328 2338 2670 2660)
4(2338 2348 2680 2670)
4(2348 2358 2690 2680)
4(2358 2368 2700 2690)
4(2368 2378 2710 2700)
4(2378 2388 2720 2710)
4(2388 2398 2730 2720)
4(2398 2408 2740 2730)
4(2408 2418 2750 2740)
4(2418 2428 2760 2750)
4(2428 2438 2770 2760)
4(2438 2448 2780 2770)
4(2448 2458 2790 2780)
4(2458 2468 2800 2790)
4(2468 2472 2804 2800)
4(2472 2476 2808 2804)
4(2476 2480 2812 2808)
4(2480 2484 2816 2812)
4(2484 2488 2820 2816)
4(2488 2492 2824 2820)
4(2492 2496 2828 2824)
4(2496 2500 2832 2828)
4(2500 2504 2836 2832)
4(2504 2508 2840 2836)
4(2508 2512 2844 2840)
4(2512 2516 2848 2844)
4(2516 2526 2858 2848)
4(2536 2540 2872 2868)
4(2540 2544 2876 2872)
4(2544 2548 2880 2876)
4(2548 2552 2884 2880)
4(2552 2556 2888 2884)
4(2556 2560 2892 2888)
4(2560 2564 2896 2892)
4(2564 2568 2900 2896)
4(2568 2572 2904 2900)
4(2572 2576 2908 2904)
4(2576 2580 2912 2908)
4(2580 2590 2922 2912)
4(2590 2600 2932 2922)
4(2600 2610 2942 2932)
4(2610 2620 2952 2942)
4(2620 2630 2962 2952)
4(2630 2640 2972 2962)
4(2640 2650 2982 2972)
4(2650 2660 2992 2982)
4(2660 2670 3002 2992)
4(2670 2680 3012 3002)
4(2680 2690 3022 3012)
4(2690 2700 3032 3022)
4(2700 2710 3042 3032)
4(2710 2720 3052 3042)
4(2720 2730 3062 3052)
4(2730 2740 3072 3062)
4(2740 2750 3082 3072)
4(2750 2760 3092 3082)
4(2760 2770 3102 3092)
4(2770 2780 3112 3102)
4(2780 2790 3122 3112)
4(2790 2800 3132 3122)
4(2800 2804 3136 3132)
4(2804 2808 3140 3136)
4(2808 2812 3144 3140)
4(2812 2816 3148 3144)
4(2816 2820 3152 3148)
4(2820 2824 3156 3152)
4(2824 2828 3160 3156)
4(2828 2832 3164 3160)
4(2832 2836 3168 3164)
4(2836 2840 3172 3168)
4(2840 2844 3176 3172)
4(2844 2848 3180 3176)
4(2848 2858 3190 3180)
4(2868 2872 3204 3200)
4(2872 2876 3208 3204)
4(2876 2880 3212 3208)
4(2880 2884 3216 3212)
4(2884 2888 3220 3216)
4(2888 2892 3224 3220)
4(2892 2896 3228 3224)
4(2896 2900 3232 3228)
4(2900 2904 3236 3232)
4(2904 2908 3240 3236)
4(2908 2912 3244 3240)
4(2912 2922 3254 3244)
4(2922 2932 3264 3254)
4(2932 2942 3274 3264)
4(2942 2952 3284 3274)
4(2952 2962 3294 3284)
4(2962 2972 3304 3294)
4(2972 2982 3314 3304)
4(2982 2992 3324 3314)
4(2992 3002 3334 3324)
4(3002 3012 3344 3334)
4(3012 3022 3354 3344)
4(3022 3032 3364 3354)
4(3032 3042 3374 3364)
4(3042 3052 3384 3374)
4(3052 3062 3394 3384)
4(3062 3072 3404 3394)
4(3072 3082 3414 3404)
4(3082 3092 3424 3414)
4(3092 3102 3434 3424)
4(3102 3112 3444 3434)
4(3112 3122 3454 3444)
4(3122 3132 3464 3454)
4(3132 3136 3468 3464)
4(3136 3140 3472 3468)
4(3140 3144 3476 3472)
4(3144 3148 3480 3476)
4(3148 3152 3484 3480)
4(3152 3156 3488 3484)
4(3156 3160 3492 3488)
4(3160 3164 3496 3492)
4(3164 3168 3500 3496)
4(3168 3172 3504 3500)
4(3172 3176 3508 3504)
4(3176 3180 3512 3508)
4(3180 3190 3522 3512)
4(3200 3204 3536 3532)
4(3204 3208 3540 3536)
4(3208 3212 3544 3540)
4(3212 3216 3548 3544)
4(3216 3220 3552 3548)
4(3220 3224 3556 3552)
4(3224 3228 3560 3556)
4(3228 3232 3564 3560)
4(3232 3236 3568 3564)
4(3236 3240 3572 3568)
4(3240 3244 3576 3572)
4(3244 3254 3586 3576)
4(3254 3264 3596 3586)
4(3264 3274 3606 3596)
4(3274 3284 3616 3606)
4(3284 3294 3626 3616)
4(3294 3304 3636 3626)
4(3304 3314 3646 3636)
4(3314 3324 3656 3646)
4(3324 3334 3666 3656)
4(3334 3344 3676 3666)
4(3344 3354 3686 3676)
4(3354 3364 3696 3686)
4(3364 3374 3706 3696)
4(3374 3384 3716 3706)
4(3384 3394 3726 3716)
4(3394 3404 3736 3726)
4(3404 3414 3746 3736)
4(3414 3424 3756 3746)
4(3424 3434 3766 3756)
4(3434 3444 3776 3766)
4(3444 3454 3786 3776)
4(3454 3464 3796 3786)
4(3464 3468 3800 3796)
4(3468 3472 3804 3800)
4(3472 3476 3808 3804)
4(3476 3480 3812 3808)
4(3480 3484 3816 3812)
4(3484 3488 3820 3816)
4(3488 3492 3824 3820)
4(3492 3496 3828 3824)
4(3496 3500 3832 3828)
4(3500 3504 3836 3832)
4(3504 3508 3840 3836)
4(3508 3512 3844 3840)
4(3512 3522 3854 3844)
4(3532 3536 3868 3864)
4(3536 3540 3872 3868)
4(3540 3544 3876 3872)
4(3544 3548 3880 3876)
4(3548 3552 3884 3880)
4(3552 3556 3888 3884)
4(3556 3560 3892 3888)
4(3560 3564 3896 3892)
4(3564 3568 3900 3896)
4(3568 3572 3904 3900)
4(3572 3576 3908 3904)
4(3576 3586 3918 3908)
4(3586 3596 3928 3918)
4(3596 3606 3938 3928)
4(3606 3616 3948 3938)
4(3616 3626 3958 3948)
4(3626 3636 3968 3958)
4(3636 3646 3978 3968)
4(3646 3656 3988 3978)
4(3656 3666 3998 3988)
4(3666 3676 4008 3998)
4(3676 3686 4018 4008)
4(3686 3696 4028 4018)
4(3696 3706 4038 4028)
4(3706 3716 4048 4038)
4(3716 3726 4058 4048)
4(3726 3736 4068 4058)
4(3736 3746 4078 4068)
4(3746 3756 4088 4078)
4(3756 3766 4098 4088)
4(3766 3776 4108 4098)
4(3776 3786 4118 4108)
4(3786 3796 4128 4118)
4(3796 3800 4132 4128)
4(3800 3804 4136 4132)
4(3804 3808 4140 4136)
4(3808 3812 4144 4140)
4(3812 3816 4148 4144)
4(3816 3820 4152 4148)
4(3820 3824 4156 4152)
4(3824 3828 4160 4156)
4(3828 3832 4164 4160)
4(3832 3836 4168 4164)
4(3836 3840 4172 4168)
4(3840 3844 4176 4172)
4(3844 3854 4186 4176)
4(3864 3868 4200 4196)
4(3868 3872 4204 4200)
4(3872 3876 4208 4204)
4(3876 3880 4212 4208)
4(3880 3884 4216 4212)
4(3884 3888 4220 4216)
4(3888 3892 4224 4220)
4(3892 3896 4228 4224)
4(3896 3900 4232 4228)
4(3900 3904 4236 4232)
4(3904 3908 4240 4236)
4(3908 3918 4250 4240)
4(3918 3928 4260 4250)
4(3928 3938 4270 4260)
4(3938 3948 4280 4270)
4(3948 3958 4290 4280)
4(3958 3968 4300 4290)
4(3968 3978 4310 4300)
4(3978 3988 4320 4310)
4(3988 3998 4330 4320)
4(3998 4008 4340 4330)
4(4008 4018 4350 4340)
4(4018 4028 4360 4350)
4(4028 4038 4370 4360)
4(4038 4048 4380 4370)
4(4048 4058 4390 4380)
4(4058 4068 4400 4390)
4(4068 4078 4410 4400)
4(4078 4088 4420 4410)
4(4088 4098 4430 4420)
4(4098 4108 4440 4430)
4(4108 4118 4450 4440)
4(4118 4128 4460 4450)
4(4128 4132 4464 4460)
4(4132 4136 4468 4464)
4(4136 4140 4472 4468)
4(4140 4144 4476 4472)
4(4144 4148 4480 4476)
4(4148 4152 4484 4480)
4(4152 4156 4488 4484)
4(4156 4160 4492 4488)
4(4160 4164 4496 4492)
4(4164 4168 4500 4496)
4(4168 4172 4504 4500)
4(4172 4176 4508 4504)
4(4176 4186 4518 4508)
4(4196 4200 4532 4528)
4(4200 4204 4536 4532)
4(4204 4208 4540 4536)
4(4208 4212 4544 4540)
4(4212 4216 4548 4544)
4(4216 4220 4552 4548)
4(4220 4224 4556 4552)
4(4224 4228 4560 4556)
4(4228 4232 4564 4560)
4(4232 4236 4568 4564)
4(4236 4240 4572 4568)
4(4240 4250 4582 4572)
4(4250 4260 4592 4582)
4(4260 4270 4602 4592)
4(4270 4280 4612 4602)
4(4280 4290 4622 4612)
4(4290 4300 4632 4622)
4(4300 4310 4642 4632)
4(4310 4320 4652 4642)
4(4320 4330 4662 4652)
4(4330 4340 4672 4662)
4(4340 4350 4682 4672)
4(4350 4360 4692 4682)
4(4360 4370 4702 4692)
4(4370 4380 4712 4702)
4(4380 4390 4722 4712)
4(4390 4400 4732 4722)
4(4400 4410 4742 4732)
4(4410 4420 4752 4742)
4(4420 4430 4762 4752)
4(4430 4440 4772 4762)
4(4440 4450 4782 4772)
4(4450 4460 4792 4782)
4(4460 4464 4796 4792)
4(4464 4468 4800 4796)
4(4468 4472 4804 4800)
4(4472 4476 4808 4804)
4(4476 4480 4812 4808)
4(4480 4484 4816 4812)
4(4484 4488 4820 4816)
4(4488 4492 4824 4820)
4(4492 4496 4828 4824)
4(4496 4500 4832 4828)
4(4500 4504 4836 4832)
4(4504 4508 4840 4836)
4(4508 4518 4850 4840)
4(4528 4532 4870 4860)
4(4532 4536 4880 4870)
4(4536 4540 4884 4880)
4(4540 4544 4888 4884)
4(4544 4548 4892 4888)
4(4548 4552 4896 4892)
4(4552 4556 4900 4896)
4(4556 4560 4904 4900)
4(4560 4564 4908 4904)
4(4564 4568 4912 4908)
4(4568 4572 4916 4912)
4(4572 4582 4926 4916)
4(4582 4592 4936 4926)
4(4592 4602 4946 4936)
4(4602 4612 4956 4946)
4(4612 4622 4966 4956)
4(4622 4632 4976 4966)
4(4632 4642 4986 4976)
4(4642 4652 4996 4986)
4(4652 4662 5006 4996)
4(4662 4672 5016 5006)
4(4672 4682 5026 5016)
4(4682 4692 5036 5026)
4(4692 4702 5046 5036)
4(4702 4712 5056 5046)
4(4712 4722 5066 5056)
4(4722 4732 5076 5066)
4(4732 4742 5086 5076)
4(4742 4752 5096 5086)
4(4752 4762 5106 5096)
4(4762 4772 5116 5106)
4(4772 4782 5126 5116)
4(4782 4792 5136 5126)
4(4792 4796 5140 5136)
4(4796 4800 5144 5140)
4(4800 4804 5148 5144)
4(4804 4808 5152 5148)
4(4808 4812 5156 5152)
4(4812 4816 5160 5156)
4(4816 4820 5164 5160)
4(4820 4824 5168 5164)
4(4824 4828 5172 5168)
4(4828 4832 5176 5172)
4(4832 4836 5180 5176)
4(4836 4840 5184 5180)
4(4840 4850 5194 5184)
4(4860 4870 5214 5204)
4(4870 4880 5224 5214)
4(4880 4884 5228 5224)
4(4884 4888 5232 5228)
4(4888 4892 5236 5232)
4(4892 4896 5240 5236)
4(4896 4900 5244 5240)
4(4900 4904 5248 5244)
4(4904 4908 5252 5248)
4(4908 4912 5256 5252)
4(4912 4916 5260 5256)
4(4916 4926 5270 5260)
4(4926 4936 5280 5270)
4(4936 4946 5290 5280)
4(4946 4956 5300 5290)
4(4956 4966 5310 5300)
4(4966 4976 5320 5310)
4(4976 4986 5330 5320)
4(4986 4996 5340 5330)
4(4996 5006 5350 5340)
4(5006 5016 5360 5350)
4(5016 5026 5370 5360)
4(5026 5036 5380 5370)
4(5036 5046 5390 5380)
4(5046 5056 5400 5390)
4(5056 5066 5410 5400)
4(5066 5076 5420 5410)
4(5076 5086 5430 5420)
4(5086 5096 5440 5430)
4(5096 5106 5450 5440)
4(5106 5116 5460 5450)
4(5116 5126 5470 5460)
4(5126 5136 5480 5470)
4(5136 5140 5484 5480)
4(5140 5144 5488 5484)
4(5144 5148 5492 5488)
4(5148 5152 5496 5492)
4(5152 5156 5500 5496)
4(5156 5160 5504 5500)
4(5160 5164 5508 5504)
4(5164 5168 5512 5508)
4(5168 5172 5516 5512)
4(5172 5176 5520 5516)
4(5176 5180 5524 5520)
4(5180 5184 5528 5524)
4(5184 5194 5538 5528)
4(5204 5214 5558 5548)
4(5214 5224 5568 5558)
4(5224 5228 5572 5568)
4(5228 5232 5576 5572)
4(5232 5236 5580 5576)
4(5236 5240 5584 5580)
4(5240 5244 5588 5584)
4(5244 5248 5592 5588)
4(5248 5252 5596 5592)
4(5252 5256 5600 5596)
4(5256 5260 5604 5600)
4(5260 5270 5614 5604)
4(5270 5280 5624 5614)
4(5280 5290 5634 5624)
4(5290 5300 5644 5634)
4(5300 5310 5654 5644)
4(5310 5320 5664 5654)
4(5320 5330 5674 5664)
4(5330 5340 5684 5674)
4(5340 5350 5694 5684)
4(5350 5360 5704 5694)
4(5360 5370 5714 5704)
4(5370 5380 5724 5714)
4(5380 5390 5734 5724)
4(5390 5400 5744 5734)
4(5400 5410 5754 5744)
4(5410 5420 5764 5754)
4(5420 5430 5774 5764)
4(5430 5440 5784 5774)
4(5440 5450 5794 5784)
4(5450 5460 5804 5794)
4(5460 5470 5814 5804)
4(5470 5480 5824 5814)
4(5480 5484 5828 5824)
4(5484 5488 5832 5828)
4(5488 5492 5836 5832)
4(5492 5496 5840 5836)
4(5496 5500 5844 5840)
4(5500 5504 5848 5844)
4(5504 5508 5852 5848)
4(5508 5512 5856 5852)
4(5512 5516 5860 5856)
4(5516 5520 5864 5860)
4(5520 5524 5868 5864)
4(5524 5528 5872 5868)
4(5528 5538 5882 5872)
4(5548 5558 5902 5892)
4(5558 5568 5912 5902)
4(5568 5572 5916 5912)
4(5572 5576 5920 5916)
4(5576 5580 5924 5920)
4(5580 5584 5928 5924)
4(5584 5588 5932 5928)
4(5588 5592 5936 5932)
4(5592 5596 5940 5936)
4(5596 5600 5944 5940)
4(5600 5604 5948 5944)
4(5604 5614 5958 5948)
4(5614 5624 5968 5958)
4(5624 5634 5978 5968)
4(5634 5644 5988 5978)
4(5644 5654 5998 5988)
4(5654 5664 6008 5998)
4(5664 5674 6018 6008)
4(5674 5684 6028 6018)
4(5684 5694 6038 6028)
4(5694 5704 6048 6038)
4(5704 5714 6058 6048)
4(5714 5724 6068 6058)
4(5724 5734 6078 6068)
4(5734 5744 6088 6078)
4(5744 5754 6098 6088)
4(5754 5764 6108 6098)
4(5764 5774 6118 6108)
4(5774 5784 6128 6118)
4(5784 5794 6138 6128)
4(5794 5804 6148 6138)
4(5804 5814 6158 6148)
4(5814 5824 6168 6158)
4(5824 5828 6172 6168)
4(5828 5832 6176 6172)
4(5832 5836 6180 6176)
4(5836 5840 6184 6180)
4(5840 5844 6188 6184)
4(5844 5848 6192 6188)
4(5848 5852 6196 6192)
4(5852 5856 6200 6196)
4(5856 5860 6204 6200)
4(5860 5864 6208 6204)
4(5864 5868 6212 6208)
4(5868 5872 6216 6212)
4(5872 5882 6226 6216)
4(5892 5902 6246 6236)
4(5902 5912 6256 6246)
4(5912 5916 6260 6256)
4(5916 5920 6264 6260)
4(5920 5924 6268 6264)
4(5924 5928 6272 6268)
4(5928 5932 6276 6272)
4(5932 5936 6280 6276)
4(5936 5940 6284 6280)
4(5940 5944 6288 6284)
4(5944 5948 6292 6288)
4(5948 5958 6302 6292)
4(5958 5968 6312 6302)
4(5968 5978 6322 6312)
4(5978 5988 6332 6322)
4(5988 5998 6342 6332)
4(5998 6008 6352 6342)
4(6008 6018 6362 6352)
4(6018 6028 6372 6362)
4(6028 6038 6382 6372)
4(6038 6048 6392 6382)
4(6048 6058 6402 6392)
4(6058 6068 6412 6402)
4(6068 6078 6422 6412)
4(6078 6088 6432 6422)
4(6088 6098 6442 6432)
4(6098 6108 6452 6442)
4(6108 6118 6462 6452)
4(6118 6128 6472 6462)
4(6128 6138 6482 6472)
4(6138 6148 6492 6482)
4(6148 6158 6502 6492)
4(6158 6168 6512 6502)
4(6168 6172 6516 6512)
4(6172 6176 6520 6516)
4(6176 6180 6524 6520)
4(6180 6184 6528 6524)
4(6184 6188 6532 6528)
4(6188 6192 6536 6532)
4(6192 6196 6540 6536)
4(6196 6200 6544 6540)
4(6200 6204 6548 6544)
4(6204 6208 6552 6548)
4(6208 6212 6556 6552)
4(6212 6216 6560 6556)
4(6216 6226 6570 6560)
4(6236 6246 6590 6580)
4(6246 6256 6600 6590)
4(6256 6260 6604 6600)
4(6260 6264 6608 6604)
4(6264 6268 6612 6608)
4(6268 6272 6616 6612)
4(6272 6276 6620 6616)
4(6276 6280 6624 6620)
4(6280 6284 6628 6624)
4(6284 6288 6632 6628)
4(6288 6292 6636 6632)
4(6292 6302 6646 6636)
4(6302 6312 6656 6646)
4(6312 6322 6666 6656)
4(6322 6332 6676 6666)
4(6332 6342 6686 6676)
4(6342 6352 6696 6686)
4(6352 6362 6706 6696)
4(6362 6372 6716 6706)
4(6372 6382 6726 6716)
4(6382 6392 6736 6726)
4(6392 6402 6746 6736)
4(6402 6412 6756 6746)
4(6412 6422 6766 6756)
4(6422 6432 6776 6766)
4(6432 6442 6786 6776)
4(6442 6452 6796 6786)
4(6452 6462 6806 6796)
4(6462 6472 6816 6806)
4(6472 6482 6826 6816)
4(6482 6492 6836 6826)
4(6492 6502 6846 6836)
4(6502 6512 6856 6846)
4(6512 6516 6860 6856)
4(6516 6520 6864 6860)
4(6520 6524 6868 6864)
4(6524 6528 6872 6868)
4(6528 6532 6876 6872)
4(6532 6536 6880 6876)
4(6536 6540 6884 6880)
4(6540 6544 6888 6884)
4(6544 6548 6892 6888)
4(6548 6552 6896 6892)
4(6552 6556 6900 6896)
4(6556 6560 6904 6900)
4(6560 6570 6914 6904)
4(6580 6590 6934 6924)
4(6590 6600 6944 6934)
4(6600 6604 6948 6944)
4(6604 6608 6952 6948)
4(6608 6612 6956 6952)
4(6612 6616 6960 6956)
4(6616 6620 6964 6960)
4(6620 6624 6968 6964)
4(6624 6628 6972 6968)
4(6628 6632 6976 6972)
4(6632 6636 6980 6976)
4(6636 6646 6990 6980)
4(6646 6656 7000 6990)
4(6656 6666 7010 7000)
4(6666 6676 7020 7010)
4(6676 6686 7030 7020)
4(6686 6696 7040 7030)
4(6696 6706 7050 7040)
4(6706 6716 7060 7050)
4(6716 6726 7070 7060)
4(6726 6736 7080 7070)
4(6736 6746 7090 7080)
4(6746 6756 7100 7090)
4(6756 6766 7110 7100)
4(6766 6776 7120 7110)
4(6776 6786 7130 7120)
4(6786 6796 7140 7130)
4(6796 6806 7150 7140)
4(6806 6816 7160 7150)
4(6816 6826 7170 7160)
4(6826 6836 7180 7170)
4(6836 6846 7190 7180)
4(6846 6856 7200 7190)
4(6856 6860 7204 7200)
4(6860 6864 7208 7204)
4(6864 6868 7212 7208)
4(6868 6872 7216 7212)
4(6872 6876 7220 7216)
4(6876 6880 7224 7220)
4(6880 6884 7228 7224)
4(6884 6888 7232 7228)
4(6888 6892 7236 7232)
4(6892 6896 7240 7236)
4(6896 6900 7244 7240)
4(6900 6904 7248 7244)
4(6904 6914 7258 7248)
4(6924 6934 7278 7268)
4(6934 6944 7288 7278)
4(6944 6948 7292 7288)
4(6948 6952 7296 7292)
4(6952 6956 7300 7296)
4(6956 6960 7304 7300)
4(6960 6964 7308 7304)
4(6964 6968 7312 7308)
4(6968 6972 7316 7312)
4(6972 6976 7320 7316)
4(6976 6980 7324 7320)
4(6980 6990 7334 7324)
4(6990 7000 7344 7334)
4(7000 7010 7354 7344)
4(7010 7020 7364 7354)
4(7020 7030 7374 7364)
4(7030 7040 7384 7374)
4(7040 7050 7394 7384)
4(7050 7060 7404 7394)
4(7060 7070 7414 7404)
4(7070 7080 7424 7414)
4(7080 7090 7434 7424)
4(7090 7100 7444 7434)
4(7100 7110 7454 7444)
4(7110 7120 7464 7454)
4(7120 7130 7474 7464)
4(7130 7140 7484 7474)
4(7140 7150 7494 7484)
4(7150 7160 7504 7494)
4(7160 7170 7514 7504)
4(7170 7180 7524 7514)
4(7180 7190 7534 7524)
4(7190 7200 7544 7534)
4(7200 7204 7548 7544)
4(7204 7208 7552 7548)
4(7208 7212 7556 7552)
4(7212 7216 7560 7556)
4(7216 7220 7564 7560)
4(7220 7224 7568 7564)
4(7224 7228 7572 7568)
4(7228 7232 7576 7572)
4(7232 7236 7580 7576)
4(7236 7240 7584 7580)
4(7240 7244 7588 7584)
4(7244 7248 7592 7588)
4(7248 7258 7602 7592)
4(7268 7278 7622 7612)
4(7278 7288 7632 7622)
4(7288 7292 7636 7632)
4(7292 7296 7640 7636)
4(7296 7300 7644 7640)
4(7300 7304 7648 7644)
4(7304 7308 7652 7648)
4(7308 7312 7656 7652)
4(7312 7316 7660 7656)
4(7316 7320 7664 7660)
4(7320 7324 7668 7664)
4(7324 7334 7672 7668)
4(7334 7344 7676 7672)
4(7344 7354 7680 7676)
4(7354 7364 7684 7680)
4(7364 7374 7688 7684)
4(7374 7384 7692 7688)
4(7384 7394 7696 7692)
4(7394 7404 7700 7696)
4(7404 7414 7704 7700)
4(7414 7424 7708 7704)
4(7424 7434 7712 7708)
4(7434 7444 7716 7712)
4(7444 7454 7720 7716)
4(7454 7464 7724 7720)
4(7464 7474 7728 7724)
4(7474 7484 7732 7728)
4(7484 7494 7736 7732)
4(7494 7504 7740 7736)
4(7504 7514 7744 7740)
4(7514 7524 7748 7744)
4(7524 7534 7752 7748)
4(7534 7544 7756 7752)
4(7544 7548 7760 7756)
4(7548 7552 7764 7760)
4(7552 7556 7768 7764)
4(7556 7560 7772 7768)
4(7560 7564 7776 7772)
4(7564 7568 7780 7776)
4(7568 7572 7784 7780)
4(7572 7576 7788 7784)
4(7576 7580 7792 7788)
4(7580 7584 7796 7792)
4(7584 7588 7800 7796)
4(7588 7592 7804 7800)
4(7592 7602 7814 7804)
4(7612 7622 7834 7824)
4(7622 7632 7844 7834)
4(7632 7636 7848 7844)
4(7636 7640 7852 7848)
4(7640 7644 7856 7852)
4(7644 7648 7860 7856)
4(7648 7652 7864 7860)
4(7652 7656 7868 7864)
4(7656 7660 7872 7868)
4(7660 7664 7876 7872)
4(7664 7668 7880 7876)
4(7668 7672 7884 7880)
4(7672 7676 7888 7884)
4(7676 7680 7892 7888)
4(7680 7684 7896 7892)
4(7684 7688 7900 7896)
4(7688 7692 7904 7900)
4(7692 7696 7908 7904)
4(7696 7700 7912 7908)
4(7700 7704 7916 7912)
4(7704 7708 7920 7916)
4(7708 7712 7924 7920)
4(7712 7716 7928 7924)
4(7716 7720 7932 7928)
4(7720 7724 7936 7932)
4(7724 7728 7940 7936)
4(7728 7732 7944 7940)
4(7732 7736 7948 7944)
4(7736 7740 7952 7948)
4(7740 7744 7956 7952)
4(7744 7748 7960 7956)
4(7748 7752 7964 7960)
4(7752 7756 7968 7964)
4(7756 7760 7972 7968)
4(7760 7764 7976 7972)
4(7764 7768 7980 7976)
4(7768 7772 7984 7980)
4(7772 7776 7988 7984)
4(7776 7780 7992 7988)
4(7780 7784 7996 7992)
4(7784 7788 8000 7996)
4(7788 7792 8004 8000)
4(7792 7796 8008 8004)
4(7796 7800 8012 8008)
4(7800 7804 8016 8012)
4(7804 7814 8026 8016)
4(7824 7834 8046 8036)
4(7834 7844 8056 8046)
4(7844 7848 8060 8056)
4(7848 7852 8064 8060)
4(7852 7856 8068 8064)
4(7856 7860 8072 8068)
4(7860 7864 8076 8072)
4(7864 7868 8080 8076)
4(7868 7872 8084 8080)
4(7872 7876 8088 8084)
4(7876 7880 8092 8088)
4(7880 7884 8096 8092)
4(7884 7888 8100 8096)
4(7888 7892 8104 8100)
4(7892 7896 8108 8104)
4(7896 7900 8112 8108)
4(7900 7904 8116 8112)
4(7904 7908 8120 8116)
4(7908 7912 8124 8120)
4(7912 7916 8128 8124)
4(7916 7920 8132 8128)
4(7920 7924 8136 8132)
4(7924 7928 8140 8136)
4(7928 7932 8144 8140)
4(7932 7936 8148 8144)
4(7936 7940 8152 8148)
4(7940 7944 8156 8152)
4(7944 7948 8160 8156)
4(7948 7952 8164 8160)
4(7952 7956 8168 8164)
4(7956 7960 8172 8168)
4(7960 7964 8176 8172)
4(7964 7968 8180 8176)
4(7968 7972 8184 8180)
4(7972 7976 8188 8184)
4(7976 7980 8192 8188)
4(7980 7984 8196 8192)
4(7984 7988 8200 8196)
4(7988 7992 8204 8200)
4(7992 7996 8208 8204)
4(7996 8000 8212 8208)
4(8000 8004 8216 8212)
4(8004 8008 8220 8216)
4(8008 8012 8224 8220)
4(8012 8016 8228 8224)
4(8016 8026 8238 8228)
4(8036 8046 8258 8248)
4(8046 8056 8268 8258)
4(8056 8060 8272 8268)
4(8060 8064 8276 8272)
4(8064 8068 8280 8276)
4(8068 8072 8284 8280)
4(8072 8076 8288 8284)
4(8076 8080 8292 8288)
4(8080 8084 8296 8292)
4(8084 8088 8300 8296)
4(8088 8092 8304 8300)
4(8092 8096 8308 8304)
4(8096 8100 8312 8308)
4(8100 8104 8316 8312)
4(8104 8108 8320 8316)
4(8108 8112 8324 8320)
4(8112 8116 8328 8324)
4(8116 8120 8332 8328)
4(8120 8124 8336 8332)
4(8124 8128 8340 8336)
4(8128 8132 8344 8340)
4(8132 8136 8348 8344)
4(8136 8140 8352 8348)
4(8140 8144 8356 8352)
4(8144 8148 8360 8356)
4(8148 8152 8364 8360)
4(8152 8156 8368 8364)
4(8156 8160 8372 8368)
4(8160 8164 8376 8372)
4(8164 8168 8380 8376)
4(8168 8172 8384 8380)
4(8172 8176 8388 8384)
4(8176 8180 8392 8388)
4(8180 8184 8396 8392)
4(8184 8188 8400 8396)
4(8188 8192 8404 8400)
4(8192 8196 8408 8404)
4(8196 8200 8412 8408)
4(8200 8204 8416 8412)
4(8204 8208 8420 8416)
4(8208 8212 8424 8420)
4(8212 8216 8428 8424)
4(8216 8220 8432 8428)
4(8220 8224 8436 8432)
4(8224 8228 8440 8436)
4(8228 8238 8450 8440)
4(8248 8258 8470 8460)
4(8258 8268 8480 8470)
4(8268 8272 8484 8480)
4(8272 8276 8488 8484)
4(8276 8280 8492 8488)
4(8280 8284 8496 8492)
4(8284 8288 8500 8496)
4(8288 8292 8504 8500)
4(8292 8296 8508 8504)
4(8296 8300 8512 8508)
4(8300 8304 8516 8512)
4(8304 8308 8520 8516)
4(8308 8312 8524 8520)
4(8312 8316 8528 8524)
4(8316 8320 8532 8528)
4(8320 8324 8536 8532)
4(8324 8328 8540 8536)
4(8328 8332 8544 8540)
4(8332 8336 8548 8544)
4(8336 8340 8552 8548)
4(8340 8344 8556 8552)
4(8344 8348 8560 8556)
4(8348 8352 8564 8560)
4(8352 8356 8568 8564)
4(8356 8360 8572 8568)
4(8360 8364 8576 8572)
4(8364 8368 8580 8576)
4(8368 8372 8584 8580)
4(8372 8376 8588 8584)
4(8376 8380 8592 8588)
4(8380 8384 8596 8592)
4(8384 8388 8600 8596)
4(8388 8392 8604 8600)
4(8392 8396 8608 8604)
4(8396 8400 8612 8608)
4(8400 8404 8616 8612)
4(8404 8408 8620 8616)
4(8408 8412 8624 8620)
4(8412 8416 8628 8624)
4(8416 8420 8632 8628)
4(8420 8424 8636 8632)
4(8424 8428 8640 8636)
4(8428 8432 8644 8640)
4(8432 8436 8648 8644)
4(8436 8440 8652 8648)
4(8440 8450 8662 8652)
4(8460 8470 8682 8672)
4(8470 8480 8692 8682)
4(8480 8484 8696 8692)
4(8484 8488 8700 8696)
4(8488 8492 8707 8700)
4(8492 8496 8714 8707)
4(8496 8500 8721 8714)
4(8500 8504 8728 8721)
4(8504 8508 8735 8728)
4(8508 8512 8742 8735)
4(8512 8516 8749 8742)
4(8516 8520 8756 8749)
4(8520 8524 8763 8756)
4(8524 8528 8770 8763)
4(8528 8532 8777 8770)
4(8532 8536 8784 8777)
4(8536 8540 8791 8784)
4(8540 8544 8798 8791)
4(8544 8548 8805 8798)
4(8548 8552 8812 8805)
4(8552 8556 8819 8812)
4(8556 8560 8826 8819)
4(8560 8564 8833 8826)
4(8564 8568 8840 8833)
4(8568 8572 8847 8840)
4(8572 8576 8854 8847)
4(8576 8580 8861 8854)
4(8580 8584 8868 8861)
4(8584 8588 8875 8868)
4(8588 8592 8879 8875)
4(8592 8596 8883 8879)
4(8596 8600 8887 8883)
4(8600 8604 8891 8887)
4(8604 8608 8895 8891)
4(8608 8612 8899 8895)
4(8612 8616 8903 8899)
4(8616 8620 8907 8903)
4(8620 8624 8911 8907)
4(8624 8628 8915 8911)
4(8628 8632 8919 8915)
4(8632 8636 8923 8919)
4(8636 8640 8927 8923)
4(8640 8644 8931 8927)
4(8644 8648 8935 8931)
4(8648 8652 8939 8935)
4(8652 8662 8949 8939)
4(8672 8682 8969 8959)
4(8682 8692 8979 8969)
4(8692 8696 8983 8979)
4(8696 8700 8987 8983)
4(8700 8707 8994 8987)
4(8707 8714 9001 8994)
4(8714 8721 9008 9001)
4(8721 8728 9015 9008)
4(8728 8735 9022 9015)
4(8735 8742 9029 9022)
4(8742 8749 9036 9029)
4(8749 8756 9043 9036)
4(8756 8763 9050 9043)
4(8763 8770 9057 9050)
4(8770 8777 9064 9057)
4(8777 8784 9071 9064)
4(8784 8791 9078 9071)
4(8791 8798 9085 9078)
4(8798 8805 9092 9085)
4(8805 8812 9099 9092)
4(8812 8819 9106 9099)
4(8819 8826 9113 9106)
4(8826 8833 9120 9113)
4(8833 8840 9127 9120)
4(8840 8847 9134 9127)
4(8847 8854 9141 9134)
4(8854 8861 9148 9141)
4(8861 8868 9155 9148)
4(8868 8875 9162 9155)
4(8875 8879 9166 9162)
4(8879 8883 9170 9166)
4(8883 8887 9174 9170)
4(8887 8891 9178 9174)
4(8891 8895 9182 9178)
4(8895 8899 9186 9182)
4(8899 8903 9190 9186)
4(8903 8907 9194 9190)
4(8907 8911 9198 9194)
4(8911 8915 9202 9198)
4(8915 8919 9206 9202)
4(8919 8923 9210 9206)
4(8923 8927 9214 9210)
4(8927 8931 9218 9214)
4(8931 8935 9222 9218)
4(8935 8939 9226 9222)
4(8939 8949 9236 9226)
4(8959 8969 9256 9246)
4(8969 8979 9266 9256)
4(8979 8983 9270 9266)
4(8983 8987 9274 9270)
4(8987 8994 9281 9274)
4(8994 9001 9288 9281)
4(9001 9008 9295 9288)
4(9008 9015 9302 9295)
4(9015 9022 9309 9302)
4(9022 9029 9316 9309)
4(9029 9036 9323 9316)
4(9036 9043 9330 9323)
4(9043 9050 9337 9330)
4(9050 9057 9344 9337)
4(9057 9064 9351 9344)
4(9064 9071 9358 9351)
4(9071 9078 9365 9358)
4(9078 9085 9372 9365)
4(9085 9092 9379 9372)
4(9092 9099 9386 9379)
4(9099 9106 9393 9386)
4(9106 9113 9400 9393)
4(9113 9120 9407 9400)
4(9120 9127 9414 9407)
4(9127 9134 9421 9414)
4(9134 9141 9428 9421)
4(9141 9148 9435 9428)
4(9148 9155 9442 9435)
4(9155 9162 9449 9442)
4(9162 9166 9453 9449)
4(9166 9170 9457 9453)
4(9170 9174 9461 9457)
4(9174 9178 9465 9461)
4(9178 9182 9469 9465)
4(9182 9186 9473 9469)
4(9186 9190 9477 9473)
4(9190 9194 9481 9477)
4(9194 9198 9485 9481)
4(9198 9202 9489 9485)
4(9202 9206 9493 9489)
4(9206 9210 9497 9493)
4(9210 9214 9501 9497)
4(9214 9218 9505 9501)
4(9218 9222 9509 9505)
4(9222 9226 9513 9509)
4(9226 9236 9523 9513)
4(9246 9256 9537 9533)
4(9256 9266 9541 9537)
4(9266 9270 9545 9541)
4(9270 9274 9549 9545)
4(9274 9281 9556 9549)
4(9281 9288 9563 9556)
4(9288 9295 9570 9563)
4(9295 9302 9577 9570)
4(9302 9309 9584 9577)
4(9309 9316 9591 9584)
4(9316 9323 9598 9591)
4(9323 9330 9605 9598)
4(9330 9337 9612 9605)
4(9337 9344 9619 9612)
4(9344 9351 9626 9619)
4(9351 9358 9633 9626)
4(9358 9365 9640 9633)
4(9365 9372 9647 9640)
4(9372 9379 9654 9647)
4(9379 9386 9661 9654)
4(9386 9393 9668 9661)
4(9393 9400 9675 9668)
4(9400 9407 9682 9675)
4(9407 9414 9689 9682)
4(9414 9421 9696 9689)
4(9421 9428 9703 9696)
4(9428 9435 9710 9703)
4(9435 9442 9717 9710)
4(9442 9449 9724 9717)
4(9449 9453 9728 9724)
4(9453 9457 9732 9728)
4(9457 9461 9736 9732)
4(9461 9465 9740 9736)
4(9465 9469 9744 9740)
4(9469 9473 9748 9744)
4(9473 9477 9752 9748)
4(9477 9481 9756 9752)
4(9481 9485 9760 9756)
4(9485 9489 9764 9760)
4(9489 9493 9768 9764)
4(9493 9497 9772 9768)
4(9497 9501 9776 9772)
4(9501 9505 9780 9776)
4(9505 9509 9784 9780)
4(9509 9513 9788 9784)
4(9513 9523 9798 9788)
4(9533 9537 9812 9808)
4(9537 9541 9816 9812)
4(9541 9545 9820 9816)
4(9545 9549 9824 9820)
4(9549 9556 9831 9824)
4(9556 9563 9838 9831)
4(9563 9570 9845 9838)
4(9570 9577 9852 9845)
4(9577 9584 9859 9852)
4(9584 9591 9866 9859)
4(9591 9598 9873 9866)
4(9598 9605 9880 9873)
4(9605 9612 9887 9880)
4(9612 9619 9894 9887)
4(9619 9626 9901 9894)
4(9626 9633 9908 9901)
4(9633 9640 9915 9908)
4(9640 9647 9922 9915)
4(9647 9654 9929 9922)
4(9654 9661 9936 9929)
4(9661 9668 9943 9936)
4(9668 9675 9950 9943)
4(9675 9682 9957 9950)
4(9682 9689 9964 9957)
4(9689 9696 9971 9964)
4(9696 9703 9978 9971)
4(9703 9710 9985 9978)
4(9710 9717 9992 9985)
4(9717 9724 9999 9992)
4(9724 9728 10003 9999)
4(9728 9732 10007 10003)
4(9732 9736 10011 10007)
4(9736 9740 10015 10011)
4(9740 9744 10019 10015)
4(9744 9748 10023 10019)
4(9748 9752 10027 10023)
4(9752 9756 10031 10027)
4(9756 9760 10035 10031)
4(9760 9764 10039 10035)
4(9764 9768 10043 10039)
4(9768 9772 10047 10043)
4(9772 9776 10051 10047)
4(9776 9780 10055 10051)
4(9780 9784 10059 10055)
4(9784 9788 10063 10059)
4(9788 9798 10073 10063)
4(9808 9812 10087 10083)
4(9812 9816 10091 10087)
4(9816 9820 10095 10091)
4(9820 9824 10099 10095)
4(9824 9831 10106 10099)
4(9831 9838 10113 10106)
4(9838 9845 10120 10113)
4(9845 9852 10127 10120)
4(9852 9859 10134 10127)
4(9859 9866 10141 10134)
4(9866 9873 10148 10141)
4(9873 9880 10155 10148)
4(9880 9887 10162 10155)
4(9887 9894 10169 10162)
4(9894 9901 10176 10169)
4(9901 9908 10183 10176)
4(9908 9915 10190 10183)
4(9915 9922 10197 10190)
4(9922 9929 10204 10197)
4(9929 9936 10211 10204)
4(9936 9943 10218 10211)
4(9943 9950 10225 10218)
4(9950 9957 10232 10225)
4(9957 9964 10239 10232)
4(9964 9971 10246 10239)
4(9971 9978 10253 10246)
4(9978 9985 10260 10253)
4(9985 9992 10267 10260)
4(9992 9999 10274 10267)
4(9999 10003 10278 10274)
4(10003 10007 10282 10278)
4(10007 10011 10286 10282)
4(10011 10015 10290 10286)
4(10015 10019 10294 10290)
4(10019 10023 10298 10294)
4(10023 10027 10302 10298)
4(10027 10031 10306 10302)
4(10031 10035 10310 10306)
4(10035 10039 10314 10310)
4(10039 10043 10318 10314)
4(10043 10047 10322 10318)
4(10047 10051 10326 10322)
4(10051 10055 10330 10326)
4(10055 10059 10334 10330)
4(10059 10063 10338 10334)
4(10063 10073 10348 10338)
4(10083 10087 10362 10358)
4(10087 10091 10366 10362)
4(10091 10095 10370 10366)
4(10095 10099 10374 10370)
4(10099 10106 10381 10374)
4(10106 10113 10388 10381)
4(10113 10120 10395 10388)
4(10120 10127 10402 10395)
4(10127 10134 10409 10402)
4(10134 10141 10416 10409)
4(10141 10148 10423 10416)
4(10148 10155 10430 10423)
4(10155 10162 10437 10430)
4(10162 10169 10444 10437)
4(10169 10176 10451 10444)
4(10176 10183 10458 10451)
4(10183 10190 10465 10458)
4(10190 10197 10472 10465)
4(10197 10204 10479 10472)
4(10204 10211 10486 10479)
4(10211 10218 10493 10486)
4(10218 10225 10500 10493)
4(10225 10232 10507 10500)
4(10232 10239 10514 10507)
4(10239 10246 10521 10514)
4(10246 10253 10528 10521)
4(10253 10260 10535 10528)
4(10260 10267 10542 10535)
4(10267 10274 10549 10542)
4(10274 10278 10553 10549)
4(10278 10282 10557 10553)
4(10282 10286 10561 10557)
4(10286 10290 10565 10561)
4(10290 10294 10569 10565)
4(10294 10298 10573 10569)
4(10298 10302 10577 10573)
4(10302 10306 10581 10577)
4(10306 10310 10585 10581)
4(10310 10314 10589 10585)
4(10314 10318 10593 10589)
4(10318 10322 10597 10593)
4(10322 10326 10601 10597)
4(10326 10330 10605 10601)
4(10330 10334 10609 10605)
4(10334 10338 10613 10609)
4(10338 10348 10621 10613)
4(10358 10362 10633 10629)
4(10362 10366 10637 10633)
4(10366 10370 10641 10637)
4(10370 10374 10645 10641)
4(10374 10381 10652 10645)
4(10381 10388 10659 10652)
4(10388 10395 10666 10659)
4(10395 10402 10673 10666)
4(10402 10409 10680 10673)
4(10409 10416 10687 10680)
4(10416 10423 10694 10687)
4(10423 10430 10701 10694)
4(10430 10437 10708 10701)
4(10437 10444 10715 10708)
4(10444 10451 10722 10715)
4(10451 10458 10729 10722)
4(10458 10465 10736 10729)
4(10465 10472 10743 10736)
4(10472 10479 10750 10743)
4(10479 10486 10757 10750)
4(10486 10493 10764 10757)
4(10493 10500 10771 10764)
4(10500 10507 10778 10771)
4(10507 10514 10785 10778)
4(10514 10521 10792 10785)
4(10521 10528 10799 10792)
4(10528 10535 10806 10799)
4(10535 10542 10813 10806)
4(10542 10549 10820 10813)
4(10549 10553 10824 10820)
4(10553 10557 10828 10824)
4(10557 10561 10832 10828)
4(10561 10565 10836 10832)
4(10565 10569 10840 10836)
4(10569 10573 10844 10840)
4(10573 10577 10848 10844)
4(10577 10581 10852 10848)
4(10581 10585 10856 10852)
4(10585 10589 10860 10856)
4(10589 10593 10864 10860)
4(10593 10597 10868 10864)
4(10597 10601 10872 10868)
4(10601 10605 10876 10872)
4(10605 10609 10880 10876)
4(10609 10613 10884 10880)
4(10613 10621 10889 10884)
4(10629 10633 10898 10894)
4(10633 10637 10902 10898)
4(10637 10641 10906 10902)
4(10641 10645 10910 10906)
4(10645 10652 10917 10910)
4(10652 10659 10924 10917)
4(10659 10666 10931 10924)
4(10666 10673 10938 10931)
4(10673 10680 10945 10938)
4(10680 10687 10952 10945)
4(10687 10694 10959 10952)
4(10694 10701 10966 10959)
4(10701 10708 10973 10966)
4(10708 10715 10980 10973)
4(10715 10722 10987 10980)
4(10722 10729 10994 10987)
4(10729 10736 11001 10994)
4(10736 10743 11008 11001)
4(10743 10750 11015 11008)
4(10750 10757 11022 11015)
4(10757 10764 11029 11022)
4(10764 10771 11036 11029)
4(10771 10778 11043 11036)
4(10778 10785 11050 11043)
4(10785 10792 11057 11050)
4(10792 10799 11064 11057)
4(10799 10806 11071 11064)
4(10806 10813 11078 11071)
4(10813 10820 11085 11078)
4(10820 10824 11089 11085)
4(10824 10828 11093 11089)
4(10828 10832 11097 11093)
4(10832 10836 11101 11097)
4(10836 10840 11105 11101)
4(10840 10844 11109 11105)
4(10844 10848 11113 11109)
4(10848 10852 11117 11113)
4(10852 10856 11121 11117)
4(10856 10860 11125 11121)
4(10860 10864 11129 11125)
4(10864 10868 11133 11129)
4(10868 10872 11137 11133)
4(10872 10876 11141 11137)
4(10876 10880 11145 11141)
4(10880 10884 11149 11145)
4(10884 10889 11153 11149)
4(10894 10898 11161 11157)
4(10898 10902 11165 11161)
4(10902 10906 11169 11165)
4(10906 10910 11173 11169)
4(10910 10917 11180 11173)
4(10917 10924 11187 11180)
4(10924 10931 11194 11187)
4(10931 10938 11201 11194)
4(10938 10945 11208 11201)
4(10945 10952 11215 11208)
4(10952 10959 11222 11215)
4(10959 10966 11229 11222)
4(10966 10973 11236 11229)
4(10973 10980 11243 11236)
4(10980 10987 11250 11243)
4(10987 10994 11257 11250)
4(10994 11001 11264 11257)
4(11001 11008 11271 11264)
4(11008 11015 11278 11271)
4(11015 11022 11285 11278)
4(11022 11029 11292 11285)
4(11029 11036 11299 11292)
4(11036 11043 11306 11299)
4(11043 11050 11313 11306)
4(11050 11057 11320 11313)
4(11057 11064 11327 11320)
4(11064 11071 11334 11327)
4(11071 11078 11341 11334)
4(11078 11085 11348 11341)
4(11085 11089 11352 11348)
4(11089 11093 11356 11352)
4(11093 11097 11360 11356)
4(11097 11101 11364 11360)
4(11101 11105 11368 11364)
4(11105 11109 11372 11368)
4(11109 11113 11376 11372)
4(11113 11117 11380 11376)
4(11117 11121 11384 11380)
4(11121 11125 11388 11384)
4(11125 11129 11392 11388)
4(11129 11133 11396 11392)
4(11133 11137 11400 11396)
4(11137 11141 11404 11400)
4(11141 11145 11408 11404)
4(11145 11149 11412 11408)
4(11149 11153 11418 11412)
4(11157 11161 11428 11424)
4(11161 11165 11432 11428)
4(11165 11169 11436 11432)
4(11169 11173 11440 11436)
4(11173 11180 11447 11440)
4(11180 11187 11454 11447)
4(11187 11194 11461 11454)
4(11194 11201 11468 11461)
4(11201 11208 11475 11468)
4(11208 11215 11482 11475)
4(11215 11222 11489 11482)
4(11222 11229 11496 11489)
4(11229 11236 11503 11496)
4(11236 11243 11510 11503)
4(11243 11250 11517 11510)
4(11250 11257 11524 11517)
4(11257 11264 11531 11524)
4(11264 11271 11538 11531)
4(11271 11278 11545 11538)
4(11278 11285 11552 11545)
4(11285 11292 11559 11552)
4(11292 11299 11566 11559)
4(11299 11306 11573 11566)
4(11306 11313 11580 11573)
4(11313 11320 11587 11580)
4(11320 11327 11594 11587)
4(11327 11334 11601 11594)
4(11334 11341 11608 11601)
4(11341 11348 11615 11608)
4(11348 11352 11619 11615)
4(11352 11356 11623 11619)
4(11356 11360 11627 11623)
4(11360 11364 11631 11627)
4(11364 11368 11635 11631)
4(11368 11372 11639 11635)
4(11372 11376 11643 11639)
4(11376 11380 11647 11643)
4(11380 11384 11651 11647)
4(11384 11388 11655 11651)
4(11388 11392 11659 11655)
4(11392 11396 11663 11659)
4(11396 11400 11667 11663)
4(11400 11404 11671 11667)
4(11404 11408 11675 11671)
4(11408 11412 11679 11675)
4(11412 11418 11687 11679)
4(11424 11428 11699 11695)
4(11428 11432 11703 11699)
4(11432 11436 11707 11703)
4(11436 11440 11711 11707)
4(11440 11447 11718 11711)
4(11447 11454 11725 11718)
4(11454 11461 11732 11725)
4(11461 11468 11739 11732)
4(11468 11475 11746 11739)
4(11475 11482 11753 11746)
4(11482 11489 11760 11753)
4(11489 11496 11767 11760)
4(11496 11503 11774 11767)
4(11503 11510 11781 11774)
4(11510 11517 11788 11781)
4(11517 11524 11795 11788)
4(11524 11531 11802 11795)
4(11531 11538 11809 11802)
4(11538 11545 11816 11809)
4(11545 11552 11823 11816)
4(11552 11559 11830 11823)
4(11559 11566 11837 11830)
4(11566 11573 11844 11837)
4(11573 11580 11851 11844)
4(11580 11587 11858 11851)
4(11587 11594 11865 11858)
4(11594 11601 11872 11865)
4(11601 11608 11879 11872)
4(11608 11615 11886 11879)
4(11615 11619 11890 11886)
4(11619 11623 11894 11890)
4(11623 11627 11898 11894)
4(11627 11631 11902 11898)
4(11631 11635 11906 11902)
4(11635 11639 11910 11906)
4(11639 11643 11914 11910)
4(11643 11647 11918 11914)
4(11647 11651 11922 11918)
4(11651 11655 11926 11922)
4(11655 11659 11930 11926)
4(11659 11663 11934 11930)
4(11663 11667 11938 11934)
4(11667 11671 11942 11938)
4(11671 11675 11946 11942)
4(11675 11679 11950 11946)
4(11679 11687 11960 11950)
4(11695 11699 11974 11970)
4(11699 11703 11978 11974)
4(11703 11707 11982 11978)
4(11707 11711 11986 11982)
4(11711 11718 11993 11986)
4(11718 11725 12000 11993)
4(11725 11732 12007 12000)
4(11732 11739 12014 12007)
4(11739 11746 12021 12014)
4(11746 11753 12028 12021)
4(11753 11760 12035 12028)
4(11760 11767 12042 12035)
4(11767 11774 12049 12042)
4(11774 11781 12056 12049)
4(11781 11788 12063 12056)
4(11788 11795 12070 12063)
4(11795 11802 12077 12070)
4(11802 11809 12084 12077)
4(11809 11816 12091 12084)
4(11816 11823 12098 12091)
4(11823 11830 12105 12098)
4(11830 11837 12112 12105)
4(11837 11844 12119 12112)
4(11844 11851 12126 12119)
4(11851 11858 12133 12126)
4(11858 11865 12140 12133)
4(11865 11872 12147 12140)
4(11872 11879 12154 12147)
4(11879 11886 12161 12154)
4(11886 11890 12165 12161)
4(11890 11894 12169 12165)
4(11894 11898 12173 12169)
4(11898 11902 12177 12173)
4(11902 11906 12181 12177)
4(11906 11910 12185 12181)
4(11910 11914 12189 12185)
4(11914 11918 12193 12189)
4(11918 11922 12197 12193)
4(11922 11926 12201 12197)
4(11926 11930 12205 12201)
4(11930 11934 12209 12205)
4(11934 11938 12213 12209)
4(11938 11942 12217 12213)
4(11942 11946 12221 12217)
4(11946 11950 12225 12221)
4(11950 11960 12235 12225)
4(11970 11974 12249 12245)
4(11974 11978 12253 12249)
4(11978 11982 12257 12253)
4(11982 11986 12261 12257)
4(11986 11993 12268 12261)
4(11993 12000 12275 12268)
4(12000 12007 12282 12275)
4(12007 12014 12289 12282)
4(12014 12021 12296 12289)
4(12021 12028 12303 12296)
4(12028 12035 12310 12303)
4(12035 12042 12317 12310)
4(12042 12049 12324 12317)
4(12049 12056 12331 12324)
4(12056 12063 12338 12331)
4(12063 12070 12345 12338)
4(12070 12077 12352 12345)
4(12077 12084 12359 12352)
4(12084 12091 12366 12359)
4(12091 12098 12373 12366)
4(12098 12105 12380 12373)
4(12105 12112 12387 12380)
4(12112 12119 12394 12387)
4(12119 12126 12401 12394)
4(12126 12133 12408 12401)
4(12133 12140 12415 12408)
4(12140 12147 12422 12415)
4(12147 12154 12429 12422)
4(12154 12161 12436 12429)
4(12161 12165 12440 12436)
4(12165 12169 12444 12440)
4(12169 12173 12448 12444)
4(12173 12177 12452 12448)
4(12177 12181 12456 12452)
4(12181 12185 12460 12456)
4(12185 12189 12464 12460)
4(12189 12193 12468 12464)
4(12193 12197 12472 12468)
4(12197 12201 12476 12472)
4(12201 12205 12480 12476)
4(12205 12209 12484 12480)
4(12209 12213 12488 12484)
4(12213 12217 12492 12488)
4(12217 12221 12496 12492)
4(12221 12225 12500 12496)
4(12225 12235 12510 12500)
4(12245 12249 12524 12520)
4(12249 12253 12528 12524)
4(12253 12257 12532 12528)
4(12257 12261 12536 12532)
4(12261 12268 12543 12536)
4(12268 12275 12550 12543)
4(12275 12282 12557 12550)
4(12282 12289 12564 12557)
4(12289 12296 12571 12564)
4(12296 12303 12578 12571)
4(12303 12310 12585 12578)
4(12310 12317 12592 12585)
4(12317 12324 12599 12592)
4(12324 12331 12606 12599)
4(12331 12338 12613 12606)
4(12338 12345 12620 12613)
4(12345 12352 12627 12620)
4(12352 12359 12634 12627)
4(12359 12366 12641 12634)
4(12366 12373 12648 12641)
4(12373 12380 12655 12648)
4(12380 12387 12662 12655)
4(12387 12394 12669 12662)
4(12394 12401 12676 12669)
4(12401 12408 12683 12676)
4(12408 12415 12690 12683)
4(12415 12422 12697 12690)
4(12422 12429 12704 12697)
4(12429 12436 12711 12704)
4(12436 12440 12715 12711)
4(12440 12444 12719 12715)
4(12444 12448 12723 12719)
4(12448 12452 12727 12723)
4(12452 12456 12731 12727)
4(12456 12460 12735 12731)
4(12460 12464 12739 12735)
4(12464 12468 12743 12739)
4(12468 12472 12747 12743)
4(12472 12476 12751 12747)
4(12476 12480 12755 12751)
4(12480 12484 12759 12755)
4(12484 12488 12763 12759)
4(12488 12492 12767 12763)
4(12492 12496 12771 12767)
4(12496 12500 12775 12771)
4(12500 12510 12785 12775)
4(12520 12524 12799 12795)
4(12524 12528 12803 12799)
4(12528 12532 12807 12803)
4(12532 12536 12811 12807)
4(12536 12543 12818 12811)
4(12543 12550 12825 12818)
4(12550 12557 12832 12825)
4(12557 12564 12839 12832)
4(12564 12571 12846 12839)
4(12571 12578 12853 12846)
4(12578 12585 12860 12853)
4(12585 12592 12867 12860)
4(12592 12599 12874 12867)
4(12599 12606 12881 12874)
4(12606 12613 12888 12881)
4(12613 12620 12895 12888)
4(12620 12627 12902 12895)
4(12627 12634 12909 12902)
4(12634 12641 12916 12909)
4(12641 12648 12923 12916)
4(12648 12655 12930 12923)
4(12655 12662 12937 12930)
4(12662 12669 12944 12937)
4(12669 12676 12951 12944)
4(12676 12683 12958 12951)
4(12683 12690 12965 12958)
4(12690 12697 12972 12965)
4(12697 12704 12979 12972)
4(12704 12711 12986 12979)
4(12711 12715 12990 12986)
4(12715 12719 12994 12990)
4(12719 12723 12998 12994)
4(12723 12727 13002 12998)
4(12727 12731 13006 13002)
4(12731 12735 13010 13006)
4(12735 12739 13014 13010)
4(12739 12743 13018 13014)
4(12743 12747 13022 13018)
4(12747 12751 13026 13022)
4(12751 12755 13030 13026)
4(12755 12759 13034 13030)
4(12759 12763 13038 13034)
4(12763 12767 13042 13038)
4(12767 12771 13046 13042)
4(12771 12775 13050 13046)
4(12775 12785 13060 13050)
4(12795 12799 13074 13070)
4(12799 12803 13078 13074)
4(12803 12807 13082 13078)
4(12807 12811 13086 13082)
4(12811 12818 13093 13086)
4(12818 12825 13100 13093)
4(12825 12832 13107 13100)
4(12832 12839 13114 13107)
4(12839 12846 13121 13114)
4(12846 12853 13128 13121)
4(12853 12860 13135 13128)
4(12860 12867 13142 13135)
4(12867 12874 13149 13142)
4(12874 12881 13156 13149)
4(12881 12888 13163 13156)
4(12888 12895 13170 13163)
4(12895 12902 13177 13170)
4(12902 12909 13184 13177)
4(12909 12916 13191 13184)
4(12916 12923 13198 13191)
4(12923 12930 13205 13198)
4(12930 12937 13212 13205)
4(12937 12944 13219 13212)
4(12944 12951 13226 13219)
4(12951 12958 13233 13226)
4(12958 12965 13240 13233)
4(12965 12972 13247 13240)
4(12972 12979 13254 13247)
4(12979 12986 13261 13254)
4(12986 12990 13265 13261)
4(12990 12994 13269 13265)
4(12994 12998 13273 13269)
4(12998 13002 13277 13273)
4(13002 13006 13281 13277)
4(13006 13010 13285 13281)
4(13010 13014 13289 13285)
4(13014 13018 13293 13289)
4(13018 13022 13297 13293)
4(13022 13026 13301 13297)
4(13026 13030 13305 13301)
4(13030 13034 13309 13305)
4(13034 13038 13313 13309)
4(13038 13042 13317 13313)
4(13042 13046 13321 13317)
4(13046 13050 13325 13321)
4(13050 13060 13335 13325)
4(13070 13074 13349 13345)
4(13074 13078 13353 13349)
4(13078 13082 13357 13353)
4(13082 13086 13361 13357)
4(13086 13093 13365 13361)
4(13093 13100 13369 13365)
4(13100 13107 13373 13369)
4(13107 13114 13377 13373)
4(13114 13121 13381 13377)
4(13121 13128 13385 13381)
4(13128 13135 13389 13385)
4(13135 13142 13393 13389)
4(13142 13149 13397 13393)
4(13149 13156 13401 13397)
4(13156 13163 13405 13401)
4(13163 13170 13409 13405)
4(13170 13177 13413 13409)
4(13177 13184 13417 13413)
4(13184 13191 13421 13417)
4(13191 13198 13425 13421)
4(13198 13205 13429 13425)
4(13205 13212 13433 13429)
4(13212 13219 13437 13433)
4(13219 13226 13441 13437)
4(13226 13233 13445 13441)
4(13233 13240 13449 13445)
4(13240 13247 13453 13449)
4(13247 13254 13457 13453)
4(13254 13261 13461 13457)
4(13261 13265 13465 13461)
4(13265 13269 13469 13465)
4(13269 13273 13473 13469)
4(13273 13277 13477 13473)
4(13277 13281 13481 13477)
4(13281 13285 13485 13481)
4(13285 13289 13489 13485)
4(13289 13293 13493 13489)
4(13293 13297 13497 13493)
4(13297 13301 13501 13497)
4(13301 13305 13505 13501)
4(13305 13309 13509 13505)
4(13309 13313 13513 13509)
4(13313 13317 13517 13513)
4(13317 13321 13521 13517)
4(13321 13325 13525 13521)
4(13325 13335 13535 13525)
4(13345 13349 13549 13545)
4(13349 13353 13553 13549)
4(13353 13357 13557 13553)
4(13357 13361 13561 13557)
4(13361 13365 13565 13561)
4(13365 13369 13569 13565)
4(13369 13373 13573 13569)
4(13373 13377 13577 13573)
4(13377 13381 13581 13577)
4(13381 13385 13585 13581)
4(13385 13389 13589 13585)
4(13389 13393 13593 13589)
4(13393 13397 13597 13593)
4(13397 13401 13601 13597)
4(13401 13405 13605 13601)
4(13405 13409 13609 13605)
4(13409 13413 13613 13609)
4(13413 13417 13617 13613)
4(13417 13421 13621 13617)
4(13421 13425 13625 13621)
4(13425 13429 13629 13625)
4(13429 13433 13633 13629)
4(13433 13437 13637 13633)
4(13437 13441 13641 13637)
4(13441 13445 13645 13641)
4(13445 13449 13649 13645)
4(13449 13453 13653 13649)
4(13453 13457 13657 13653)
4(13457 13461 13661 13657)
4(13461 13465 13665 13661)
4(13465 13469 13669 13665)
4(13469 13473 13673 13669)
4(13473 13477 13677 13673)
4(13477 13481 13681 13677)
4(13481 13485 13685 13681)
4(13485 13489 13689 13685)
4(13489 13493 13693 13689)
4(13493 13497 13697 13693)
4(13497 13501 13701 13697)
4(13501 13505 13705 13701)
4(13505 13509 13709 13705)
4(13509 13513 13713 13709)
4(13513 13517 13717 13713)
4(13517 13521 13721 13717)
4(13521 13525 13725 13721)
4(13525 13535 13735 13725)
4(13545 13549 13749 13745)
4(13549 13553 13753 13749)
4(13553 13557 13757 13753)
4(13557 13561 13761 13757)
4(13561 13565 13765 13761)
4(13565 13569 13769 13765)
4(13569 13573 13773 13769)
4(13573 13577 13777 13773)
4(13577 13581 13781 13777)
4(13581 13585 13785 13781)
4(13585 13589 13789 13785)
4(13589 13593 13793 13789)
4(13593 13597 13797 13793)
4(13597 13601 13801 13797)
4(13601 13605 13805 13801)
4(13605 13609 13809 13805)
4(13609 13613 13813 13809)
4(13613 13617 13817 13813)
4(13617 13621 13821 13817)
4(13621 13625 13825 13821)
4(13625 13629 13829 13825)
4(13629 13633 13833 13829)
4(13633 13637 13837 13833)
4(13637 13641 13841 13837)
4(13641 13645 13845 13841)
4(13645 13649 13849 13845)
4(13649 13653 13853 13849)
4(13653 13657 13857 13853)
4(13657 13661 13861 13857)
4(13661 13665 13865 13861)
4(13665 13669 13869 13865)
4(13669 13673 13873 13869)
4(13673 13677 13877 13873)
4(13677 13681 13881 13877)
4(13681 13685 13885 13881)
4(13685 13689 13889 13885)
4(13689 13693 13893 13889)
4(13693 13697 13897 13893)
4(13697 13701 13901 13897)
4(13701 13705 13905 13901)
4(13705 13709 13909 13905)
4(13709 13713 13913 13909)
4(13713 13717 13917 13913)
4(13717 13721 13921 13917)
4(13721 13725 13925 13921)
4(13725 13735 13935 13925)
4(13745 13749 13949 13945)
4(13749 13753 13953 13949)
4(13753 13757 13957 13953)
4(13757 13761 13961 13957)
4(13761 13765 13965 13961)
4(13765 13769 13969 13965)
4(13769 13773 13973 13969)
4(13773 13777 13977 13973)
4(13777 13781 13981 13977)
4(13781 13785 13985 13981)
4(13785 13789 13989 13985)
4(13789 13793 13993 13989)
4(13793 13797 13997 13993)
4(13797 13801 14001 13997)
4(13801 13805 14005 14001)
4(13805 13809 14009 14005)
4(13809 13813 14013 14009)
4(13813 13817 14017 14013)
4(13817 13821 14021 14017)
4(13821 13825 14025 14021)
4(13825 13829 14029 14025)
4(13829 13833 14033 14029)
4(13833 13837 14037 14033)
4(13837 13841 14041 14037)
4(13841 13845 14045 14041)
4(13845 13849 14049 14045)
4(13849 13853 14053 14049)
4(13853 13857 14057 14053)
4(13857 13861 14061 14057)
4(13861 13865 14065 14061)
4(13865 13869 14069 14065)
4(13869 13873 14073 14069)
4(13873 13877 14077 14073)
4(13877 13881 14081 14077)
4(13881 13885 14085 14081)
4(13885 13889 14089 14085)
4(13889 13893 14093 14089)
4(13893 13897 14097 14093)
4(13897 13901 14101 14097)
4(13901 13905 14105 14101)
4(13905 13909 14109 14105)
4(13909 13913 14113 14109)
4(13913 13917 14117 14113)
4(13917 13921 14121 14117)
4(13921 13925 14125 14121)
4(13925 13935 14135 14125)
4(13945 13949 14155 14145)
4(13949 13953 14165 14155)
4(13953 13957 14175 14165)
4(13957 13961 14185 14175)
4(13961 13965 14195 14185)
4(13965 13969 14205 14195)
4(13969 13973 14215 14205)
4(13973 13977 14225 14215)
4(13977 13981 14235 14225)
4(13981 13985 14245 14235)
4(13985 13989 14255 14245)
4(13989 13993 14265 14255)
4(13993 13997 14275 14265)
4(13997 14001 14285 14275)
4(14001 14005 14295 14285)
4(14005 14009 14305 14295)
4(14009 14013 14315 14305)
4(14013 14017 14325 14315)
4(14017 14021 14335 14325)
4(14021 14025 14345 14335)
4(14025 14029 14355 14345)
4(14029 14033 14365 14355)
4(14033 14037 14375 14365)
4(14037 14041 14385 14375)
4(14041 14045 14395 14385)
4(14045 14049 14405 14395)
4(14049 14053 14415 14405)
4(14053 14057 14425 14415)
4(14057 14061 14435 14425)
4(14061 14065 14445 14435)
4(14065 14069 14455 14445)
4(14069 14073 14465 14455)
4(14073 14077 14475 14465)
4(14077 14081 14485 14475)
4(14081 14085 14495 14485)
4(14085 14089 14505 14495)
4(14089 14093 14515 14505)
4(14093 14097 14525 14515)
4(14097 14101 14535 14525)
4(14101 14105 14545 14535)
4(14105 14109 14555 14545)
4(14109 14113 14565 14555)
4(14113 14117 14575 14565)
4(14117 14121 14585 14575)
4(14121 14125 14595 14585)
4(14125 14135 14605 14595)
4(14145 14155 14625 14615)
4(14155 14165 14635 14625)
4(14165 14175 14645 14635)
4(14175 14185 14655 14645)
4(14185 14195 14665 14655)
4(14195 14205 14675 14665)
4(14205 14215 14685 14675)
4(14215 14225 14695 14685)
4(14225 14235 14705 14695)
4(14235 14245 14715 14705)
4(14245 14255 14725 14715)
4(14255 14265 14735 14725)
4(14265 14275 14745 14735)
4(14275 14285 14755 14745)
4(14285 14295 14765 14755)
4(14295 14305 14775 14765)
4(14305 14315 14785 14775)
4(14315 14325 14795 14785)
4(14325 14335 14805 14795)
4(14335 14345 14815 14805)
4(14345 14355 14825 14815)
4(14355 14365 14835 14825)
4(14365 14375 14845 14835)
4(14375 14385 14855 14845)
4(14385 14395 14865 14855)
4(14395 14405 14875 14865)
4(14405 14415 14885 14875)
4(14415 14425 14895 14885)
4(14425 14435 14905 14895)
4(14435 14445 14915 14905)
4(14445 14455 14925 14915)
4(14455 14465 14935 14925)
4(14465 14475 14945 14935)
4(14475 14485 14955 14945)
4(14485 14495 14965 14955)
4(14495 14505 14975 14965)
4(14505 14515 14985 14975)
4(14515 14525 14995 14985)
4(14525 14535 15005 14995)
4(14535 14545 15015 15005)
4(14545 14555 15025 15015)
4(14555 14565 15035 15025)
4(14565 14575 15045 15035)
4(14575 14585 15055 15045)
4(14585 14595 15065 15055)
4(14595 14605 15075 15065)
4(0 1 11 10)
4(1 2 12 11)
4(2 3 13 12)
4(3 4 14 13)
4(4 5 15 14)
4(5 6 16 15)
4(6 7 17 16)
4(7 8 18 17)
4(8 9 19 18)
4(10 11 21 20)
4(11 12 22 21)
4(12 13 23 22)
4(13 14 24 23)
4(14 15 25 24)
4(15 16 26 25)
4(16 17 27 26)
4(17 18 28 27)
4(18 19 29 28)
4(20 21 31 30)
4(21 22 32 31)
4(22 23 33 32)
4(23 24 34 33)
4(24 25 35 34)
4(25 26 36 35)
4(26 27 37 36)
4(27 28 38 37)
4(28 29 39 38)
4(30 31 41 40)
4(31 32 42 41)
4(32 33 43 42)
4(33 34 44 43)
4(34 35 45 44)
4(35 36 46 45)
4(36 37 47 46)
4(37 38 48 47)
4(38 39 49 48)
4(40 41 51 50)
4(41 42 52 51)
4(42 43 53 52)
4(43 44 54 53)
4(44 45 55 54)
4(45 46 56 55)
4(46 47 57 56)
4(47 48 58 57)
4(48 49 59 58)
4(50 51 61 60)
4(51 52 62 61)
4(52 53 63 62)
4(53 54 64 63)
4(54 55 65 64)
4(55 56 66 65)
4(56 57 67 66)
4(57 58 68 67)
4(58 59 69 68)
4(60 61 71 70)
4(61 62 72 71)
4(62 63 73 72)
4(63 64 74 73)
4(64 65 75 74)
4(65 66 76 75)
4(66 67 77 76)
4(67 68 78 77)
4(68 69 79 78)
4(70 71 81 80)
4(71 72 82 81)
4(72 73 83 82)
4(73 74 84 83)
4(74 75 85 84)
4(75 76 86 85)
4(76 77 87 86)
4(77 78 88 87)
4(78 79 89 88)
4(80 81 91 90)
4(81 82 92 91)
4(82 83 93 92)
4(83 84 94 93)
4(84 85 95 94)
4(85 86 96 95)
4(86 87 97 96)
4(87 88 98 97)
4(88 89 99 98)
4(90 91 101 100)
4(91 92 102 101)
4(92 93 103 102)
4(93 94 104 103)
4(94 95 105 104)
4(95 96 106 105)
4(96 97 107 106)
4(97 98 108 107)
4(98 99 109 108)
4(100 101 111 110)
4(101 102 112 111)
4(102 103 113 112)
4(103 104 114 113)
4(104 105 115 114)
4(105 106 116 115)
4(106 107 117 116)
4(107 108 118 117)
4(108 109 119 118)
4(110 111 121 120)
4(111 112 122 121)
4(112 113 123 122)
4(113 114 124 123)
4(114 115 125 124)
4(115 116 126 125)
4(116 117 127 126)
4(117 118 128 127)
4(118 119 129 128)
4(120 121 131 130)
4(121 122 132 131)
4(122 123 133 132)
4(123 124 134 133)
4(124 125 135 134)
4(125 126 136 135)
4(126 127 137 136)
4(127 128 138 137)
4(128 129 139 138)
4(130 131 141 140)
4(131 132 142 141)
4(132 133 143 142)
4(133 134 144 143)
4(134 135 145 144)
4(135 136 146 145)
4(136 137 147 146)
4(137 138 148 147)
4(138 139 149 148)
4(140 141 151 150)
4(141 142 152 151)
4(142 143 153 152)
4(143 144 154 153)
4(144 145 155 154)
4(145 146 156 155)
4(146 147 157 156)
4(147 148 158 157)
4(148 149 159 158)
4(150 151 161 160)
4(151 152 162 161)
4(152 153 163 162)
4(153 154 164 163)
4(154 155 165 164)
4(155 156 166 165)
4(156 157 167 166)
4(157 158 168 167)
4(158 159 169 168)
4(160 161 171 170)
4(161 162 172 171)
4(162 163 173 172)
4(163 164 174 173)
4(164 165 175 174)
4(165 166 176 175)
4(166 167 177 176)
4(167 168 178 177)
4(168 169 179 178)
4(170 171 181 180)
4(171 172 182 181)
4(172 173 183 182)
4(173 174 184 183)
4(174 175 185 184)
4(175 176 186 185)
4(176 177 187 186)
4(177 178 188 187)
4(178 179 189 188)
4(180 181 191 190)
4(181 182 192 191)
4(182 183 193 192)
4(183 184 194 193)
4(184 185 195 194)
4(185 186 196 195)
4(186 187 197 196)
4(187 188 198 197)
4(188 189 199 198)
4(190 191 201 200)
4(191 192 202 201)
4(192 193 203 202)
4(193 194 204 203)
4(194 195 205 204)
4(195 196 206 205)
4(196 197 207 206)
4(197 198 208 207)
4(198 199 209 208)
4(200 201 211 210)
4(201 202 212 211)
4(202 203 213 212)
4(203 204 214 213)
4(204 205 215 214)
4(205 206 216 215)
4(206 207 217 216)
4(207 208 218 217)
4(208 209 219 218)
4(210 211 221 220)
4(211 212 222 221)
4(212 213 223 222)
4(213 214 224 223)
4(214 215 225 224)
4(215 216 226 225)
4(216 217 227 226)
4(217 218 228 227)
4(218 219 229 228)
4(220 221 231 230)
4(221 222 232 231)
4(222 223 233 232)
4(223 224 234 233)
4(224 225 235 234)
4(225 226 236 235)
4(226 227 237 236)
4(227 228 238 237)
4(228 229 239 238)
4(230 231 241 240)
4(231 232 242 241)
4(232 233 243 242)
4(233 234 244 243)
4(234 235 245 244)
4(235 236 246 245)
4(236 237 247 246)
4(237 238 248 247)
4(238 239 249 248)
4(240 241 251 250)
4(241 242 252 251)
4(242 243 253 252)
4(243 244 254 253)
4(244 245 255 254)
4(245 246 256 255)
4(246 247 257 256)
4(247 248 258 257)
4(248 249 259 258)
4(250 251 261 260)
4(251 252 262 261)
4(252 253 263 262)
4(253 254 264 263)
4(254 255 265 264)
4(255 256 266 265)
4(256 257 267 266)
4(257 258 268 267)
4(258 259 269 268)
4(260 261 271 270)
4(261 262 272 271)
4(262 263 273 272)
4(263 264 274 273)
4(264 265 275 274)
4(265 266 276 275)
4(266 267 277 276)
4(267 268 278 277)
4(268 269 279 278)
4(270 271 281 280)
4(271 272 282 281)
4(272 273 283 282)
4(273 274 284 283)
4(274 275 285 284)
4(275 276 286 285)
4(276 277 287 286)
4(277 278 288 287)
4(278 279 289 288)
4(280 281 291 290)
4(281 282 292 291)
4(282 283 293 292)
4(283 284 294 293)
4(284 285 295 294)
4(285 286 296 295)
4(286 287 297 296)
4(287 288 298 297)
4(288 289 299 298)
4(290 291 301 300)
4(291 292 302 301)
4(292 293 303 302)
4(293 294 304 303)
4(294 295 305 304)
4(295 296 306 305)
4(296 297 307 306)
4(297 298 308 307)
4(298 299 309 308)
4(300 301 311 310)
4(301 302 312 311)
4(302 303 313 312)
4(303 304 314 313)
4(304 305 315 314)
4(305 306 316 315)
4(306 307 317 316)
4(307 308 318 317)
4(308 309 319 318)
4(310 311 321 320)
4(311 312 322 321)
4(312 313 323 322)
4(313 314 324 323)
4(314 315 325 324)
4(315 316 326 325)
4(316 317 327 326)
4(317 318 328 327)
4(318 319 329 328)
4(320 321 331 330)
4(321 322 332 331)
4(322 323 333 332)
4(323 324 334 333)
4(324 325 335 334)
4(325 326 336 335)
4(326 327 337 336)
4(327 328 338 337)
4(328 329 339 338)
4(330 331 341 340)
4(331 332 342 341)
4(332 333 343 342)
4(333 334 344 343)
4(334 335 345 344)
4(335 336 346 345)
4(336 337 347 346)
4(337 338 348 347)
4(338 339 349 348)
4(340 341 351 350)
4(341 342 352 351)
4(342 343 353 352)
4(343 344 354 353)
4(344 345 355 354)
4(345 346 356 355)
4(346 347 357 356)
4(347 348 358 357)
4(348 349 359 358)
4(350 351 361 360)
4(351 352 362 361)
4(352 353 363 362)
4(353 354 364 363)
4(354 355 365 364)
4(355 356 366 365)
4(356 357 367 366)
4(357 358 368 367)
4(358 359 369 368)
4(360 361 371 370)
4(361 362 372 371)
4(362 363 373 372)
4(363 364 374 373)
4(364 365 375 374)
4(365 366 376 375)
4(366 367 377 376)
4(367 368 378 377)
4(368 369 379 378)
4(370 371 381 380)
4(371 372 382 381)
4(372 373 383 382)
4(373 374 384 383)
4(374 375 385 384)
4(375 376 386 385)
4(376 377 387 386)
4(377 378 388 387)
4(378 379 389 388)
4(380 381 391 390)
4(381 382 392 391)
4(382 383 393 392)
4(383 384 394 393)
4(384 385 395 394)
4(385 386 396 395)
4(386 387 397 396)
4(387 388 398 397)
4(388 389 399 398)
4(390 391 401 400)
4(391 392 402 401)
4(392 393 403 402)
4(393 394 404 403)
4(394 395 405 404)
4(395 396 406 405)
4(396 397 407 406)
4(397 398 408 407)
4(398 399 409 408)
4(400 401 411 410)
4(401 402 412 411)
4(402 403 413 412)
4(403 404 414 413)
4(404 405 415 414)
4(405 406 416 415)
4(406 407 417 416)
4(407 408 418 417)
4(408 409 419 418)
4(410 411 421 420)
4(411 412 422 421)
4(412 413 423 422)
4(413 414 424 423)
4(414 415 425 424)
4(415 416 426 425)
4(416 417 427 426)
4(417 418 428 427)
4(418 419 429 428)
4(420 421 431 430)
4(421 422 432 431)
4(422 423 433 432)
4(423 424 434 433)
4(424 425 435 434)
4(425 426 436 435)
4(426 427 437 436)
4(427 428 438 437)
4(428 429 439 438)
4(430 431 441 440)
4(431 432 442 441)
4(432 433 443 442)
4(433 434 444 443)
4(434 435 445 444)
4(435 436 446 445)
4(436 437 447 446)
4(437 438 448 447)
4(438 439 449 448)
4(440 441 451 450)
4(441 442 452 451)
4(442 443 453 452)
4(443 444 454 453)
4(444 445 455 454)
4(445 446 456 455)
4(446 447 457 456)
4(447 448 458 457)
4(448 449 459 458)
4(450 451 461 460)
4(451 452 462 461)
4(452 453 463 462)
4(453 454 464 463)
4(454 455 465 464)
4(455 456 466 465)
4(456 457 467 466)
4(457 458 468 467)
4(458 459 469 468)
4(0 470 471 1)
4(1 471 472 2)
4(2 472 473 3)
4(3 473 474 4)
4(4 474 475 5)
4(5 475 476 6)
4(6 476 477 7)
4(7 477 478 8)
4(8 478 479 9)
4(471 481 482 472)
4(472 482 483 473)
4(473 483 484 474)
4(474 484 485 475)
4(475 485 486 476)
4(476 486 487 477)
4(477 487 488 478)
4(9 479 489 19)
4(481 491 492 482)
4(482 492 493 483)
4(483 493 494 484)
4(484 494 495 485)
4(485 495 496 486)
4(486 496 497 487)
4(487 497 498 488)
4(19 489 499 29)
4(491 501 502 492)
4(492 502 503 493)
4(493 503 504 494)
4(494 504 505 495)
4(495 505 506 496)
4(496 506 507 497)
4(497 507 508 498)
4(29 499 509 39)
4(501 511 512 502)
4(502 512 513 503)
4(503 513 514 504)
4(504 514 515 505)
4(505 515 516 506)
4(506 516 517 507)
4(507 517 518 508)
4(39 509 519 49)
4(511 521 522 512)
4(512 522 523 513)
4(513 523 524 514)
4(514 524 525 515)
4(515 525 526 516)
4(516 526 527 517)
4(517 527 528 518)
4(49 519 529 59)
4(521 531 532 522)
4(522 532 533 523)
4(523 533 534 524)
4(524 534 535 525)
4(525 535 536 526)
4(526 536 537 527)
4(527 537 538 528)
4(59 529 539 69)
4(531 541 542 532)
4(532 542 543 533)
4(533 543 544 534)
4(534 544 545 535)
4(535 545 546 536)
4(536 546 547 537)
4(537 547 548 538)
4(69 539 549 79)
4(541 551 552 542)
4(542 552 553 543)
4(543 553 554 544)
4(544 554 555 545)
4(545 555 556 546)
4(546 556 557 547)
4(547 557 558 548)
4(79 549 559 89)
4(551 561 562 552)
4(552 562 563 553)
4(553 563 564 554)
4(554 564 565 555)
4(555 565 566 556)
4(556 566 567 557)
4(557 567 568 558)
4(89 559 569 99)
4(561 571 572 562)
4(562 572 573 563)
4(563 573 574 564)
4(564 574 575 565)
4(565 575 576 566)
4(566 576 577 567)
4(567 577 578 568)
4(99 569 579 109)
4(571 581 582 572)
4(572 582 583 573)
4(573 583 584 574)
4(574 584 585 575)
4(575 585 586 576)
4(576 586 587 577)
4(577 587 588 578)
4(109 579 589 119)
4(581 591 592 582)
4(582 592 593 583)
4(583 593 594 584)
4(584 594 595 585)
4(585 595 596 586)
4(586 596 597 587)
4(587 597 598 588)
4(119 589 599 129)
4(591 601 602 592)
4(592 602 603 593)
4(593 603 604 594)
4(594 604 605 595)
4(595 605 606 596)
4(596 606 607 597)
4(597 607 608 598)
4(129 599 609 139)
4(601 611 612 602)
4(602 612 613 603)
4(603 613 614 604)
4(604 614 615 605)
4(605 615 616 606)
4(606 616 617 607)
4(607 617 618 608)
4(139 609 619 149)
4(611 621 622 612)
4(612 622 623 613)
4(613 623 624 614)
4(614 624 625 615)
4(615 625 626 616)
4(616 626 627 617)
4(617 627 628 618)
4(149 619 629 159)
4(621 631 632 622)
4(622 632 633 623)
4(623 633 634 624)
4(624 634 635 625)
4(625 635 636 626)
4(626 636 637 627)
4(627 637 638 628)
4(159 629 639 169)
4(631 641 642 632)
4(632 642 643 633)
4(633 643 644 634)
4(634 644 645 635)
4(635 645 646 636)
4(636 646 647 637)
4(637 647 648 638)
4(169 639 649 179)
4(641 651 652 642)
4(642 652 653 643)
4(643 653 654 644)
4(644 654 655 645)
4(645 655 656 646)
4(646 656 657 647)
4(647 657 658 648)
4(179 649 659 189)
4(651 661 662 652)
4(652 662 663 653)
4(653 663 664 654)
4(654 664 665 655)
4(655 665 666 656)
4(656 666 667 657)
4(657 667 668 658)
4(189 659 669 199)
4(661 671 672 662)
4(662 672 673 663)
4(663 673 674 664)
4(664 674 675 665)
4(665 675 676 666)
4(666 676 677 667)
4(667 677 678 668)
4(199 669 679 209)
4(671 681 682 672)
4(672 682 683 673)
4(673 683 684 674)
4(674 684 685 675)
4(675 685 686 676)
4(676 686 687 677)
4(677 687 688 678)
4(209 679 689 219)
4(681 691 692 682)
4(682 692 693 683)
4(683 693 694 684)
4(684 694 695 685)
4(685 695 696 686)
4(686 696 697 687)
4(687 697 698 688)
4(219 689 699 229)
4(691 701 702 692)
4(692 702 703 693)
4(693 703 704 694)
4(694 704 705 695)
4(695 705 706 696)
4(696 706 707 697)
4(697 707 708 698)
4(229 699 709 239)
4(701 711 712 702)
4(702 712 713 703)
4(703 713 714 704)
4(704 714 715 705)
4(705 715 716 706)
4(706 716 717 707)
4(707 717 718 708)
4(239 709 719 249)
4(711 721 722 712)
4(712 722 723 713)
4(713 723 724 714)
4(714 724 725 715)
4(715 725 726 716)
4(716 726 727 717)
4(717 727 728 718)
4(249 719 729 259)
4(721 731 732 722)
4(722 732 733 723)
4(723 733 734 724)
4(724 734 735 725)
4(725 735 736 726)
4(726 736 737 727)
4(727 737 738 728)
4(259 729 739 269)
4(731 741 742 732)
4(732 742 743 733)
4(733 743 744 734)
4(734 744 745 735)
4(735 745 746 736)
4(736 746 747 737)
4(737 747 748 738)
4(269 739 749 279)
4(741 751 752 742)
4(742 752 753 743)
4(743 753 754 744)
4(744 754 755 745)
4(745 755 756 746)
4(746 756 757 747)
4(747 757 758 748)
4(279 749 759 289)
4(751 761 762 752)
4(752 762 763 753)
4(753 763 764 754)
4(754 764 765 755)
4(755 765 766 756)
4(756 766 767 757)
4(757 767 768 758)
4(289 759 769 299)
4(761 771 772 762)
4(762 772 773 763)
4(763 773 774 764)
4(764 774 775 765)
4(765 775 776 766)
4(766 776 777 767)
4(767 777 778 768)
4(299 769 779 309)
4(771 781 782 772)
4(772 782 783 773)
4(773 783 784 774)
4(774 784 785 775)
4(775 785 786 776)
4(776 786 787 777)
4(777 787 788 778)
4(309 779 789 319)
4(781 791 792 782)
4(782 792 793 783)
4(783 793 794 784)
4(784 794 795 785)
4(785 795 796 786)
4(786 796 797 787)
4(787 797 798 788)
4(319 789 799 329)
4(791 801 802 792)
4(792 802 803 793)
4(793 803 804 794)
4(794 804 805 795)
4(795 805 806 796)
4(796 806 807 797)
4(797 807 808 798)
4(329 799 809 339)
4(801 811 812 802)
4(802 812 813 803)
4(803 813 814 804)
4(804 814 815 805)
4(805 815 816 806)
4(806 816 817 807)
4(807 817 818 808)
4(339 809 819 349)
4(811 821 822 812)
4(812 822 823 813)
4(813 823 824 814)
4(814 824 825 815)
4(815 825 826 816)
4(816 826 827 817)
4(817 827 828 818)
4(349 819 829 359)
4(821 831 832 822)
4(822 832 833 823)
4(823 833 834 824)
4(824 834 835 825)
4(825 835 836 826)
4(826 836 837 827)
4(827 837 838 828)
4(359 829 839 369)
4(831 841 842 832)
4(832 842 843 833)
4(833 843 844 834)
4(834 844 845 835)
4(835 845 846 836)
4(836 846 847 837)
4(837 847 848 838)
4(369 839 849 379)
4(841 851 852 842)
4(842 852 853 843)
4(843 853 854 844)
4(844 854 855 845)
4(845 855 856 846)
4(846 856 857 847)
4(847 857 858 848)
4(379 849 859 389)
4(851 861 862 852)
4(852 862 863 853)
4(853 863 864 854)
4(854 864 865 855)
4(855 865 866 856)
4(856 866 867 857)
4(857 867 868 858)
4(389 859 869 399)
4(861 871 872 862)
4(862 872 873 863)
4(863 873 874 864)
4(864 874 875 865)
4(865 875 876 866)
4(866 876 877 867)
4(867 877 878 868)
4(399 869 879 409)
4(871 881 882 872)
4(872 882 883 873)
4(873 883 884 874)
4(874 884 885 875)
4(875 885 886 876)
4(876 886 887 877)
4(877 887 888 878)
4(409 879 889 419)
4(881 891 892 882)
4(882 892 893 883)
4(883 893 894 884)
4(884 894 895 885)
4(885 895 896 886)
4(886 896 897 887)
4(887 897 898 888)
4(419 889 899 429)
4(891 901 902 892)
4(892 902 903 893)
4(893 903 904 894)
4(894 904 905 895)
4(895 905 906 896)
4(896 906 907 897)
4(897 907 908 898)
4(429 899 909 439)
4(901 911 912 902)
4(902 912 913 903)
4(903 913 914 904)
4(904 914 915 905)
4(905 915 916 906)
4(906 916 917 907)
4(907 917 918 908)
4(439 909 919 449)
4(911 921 922 912)
4(912 922 923 913)
4(913 923 924 914)
4(914 924 925 915)
4(915 925 926 916)
4(916 926 927 917)
4(917 927 928 918)
4(449 919 929 459)
4(460 461 931 930)
4(461 462 932 931)
4(462 463 933 932)
4(463 464 934 933)
4(464 465 935 934)
4(465 466 936 935)
4(466 467 937 936)
4(467 468 938 937)
4(459 929 939 469)
4(468 469 939 938)
4(470 940 941 471)
4(478 942 943 479)
4(471 941 945 481)
4(478 488 946 942)
4(479 943 947 489)
4(481 945 949 491)
4(488 498 950 946)
4(489 947 951 499)
4(491 949 953 501)
4(498 508 954 950)
4(499 951 955 509)
4(501 953 957 511)
4(508 518 958 954)
4(509 955 959 519)
4(511 957 961 521)
4(518 528 962 958)
4(519 959 963 529)
4(521 961 965 531)
4(528 538 966 962)
4(529 963 967 539)
4(531 965 969 541)
4(538 548 970 966)
4(539 967 971 549)
4(541 969 973 551)
4(548 558 974 970)
4(549 971 975 559)
4(551 973 977 561)
4(558 568 978 974)
4(559 975 979 569)
4(561 977 981 571)
4(568 578 982 978)
4(569 979 983 579)
4(571 981 985 581)
4(578 588 986 982)
4(579 983 987 589)
4(581 985 989 591)
4(588 598 990 986)
4(589 987 991 599)
4(591 989 993 601)
4(598 608 994 990)
4(599 991 995 609)
4(601 993 997 611)
4(608 618 998 994)
4(609 995 999 619)
4(611 997 1001 621)
4(618 628 1002 998)
4(619 999 1003 629)
4(621 1001 1005 631)
4(628 638 1006 1002)
4(629 1003 1007 639)
4(631 1005 1009 641)
4(638 648 1010 1006)
4(639 1007 1011 649)
4(641 1009 1013 651)
4(648 658 1014 1010)
4(649 1011 1015 659)
4(651 1013 1017 661)
4(658 668 1018 1014)
4(659 1015 1019 669)
4(661 1017 1021 671)
4(668 678 1022 1018)
4(669 1019 1023 679)
4(671 1021 1025 681)
4(678 688 1026 1022)
4(679 1023 1027 689)
4(681 1025 1029 691)
4(688 698 1030 1026)
4(689 1027 1031 699)
4(691 1029 1033 701)
4(698 708 1034 1030)
4(699 1031 1035 709)
4(701 1033 1037 711)
4(708 718 1038 1034)
4(709 1035 1039 719)
4(711 1037 1041 721)
4(718 728 1042 1038)
4(719 1039 1043 729)
4(721 1041 1045 731)
4(728 738 1046 1042)
4(729 1043 1047 739)
4(731 1045 1049 741)
4(738 748 1050 1046)
4(739 1047 1051 749)
4(741 1049 1053 751)
4(748 758 1054 1050)
4(749 1051 1055 759)
4(751 1053 1057 761)
4(758 768 1058 1054)
4(759 1055 1059 769)
4(761 1057 1061 771)
4(768 778 1062 1058)
4(769 1059 1063 779)
4(771 1061 1065 781)
4(778 788 1066 1062)
4(779 1063 1067 789)
4(781 1065 1069 791)
4(788 798 1070 1066)
4(789 1067 1071 799)
4(791 1069 1073 801)
4(798 808 1074 1070)
4(799 1071 1075 809)
4(801 1073 1077 811)
4(808 818 1078 1074)
4(809 1075 1079 819)
4(811 1077 1081 821)
4(818 828 1082 1078)
4(819 1079 1083 829)
4(821 1081 1085 831)
4(828 838 1086 1082)
4(829 1083 1087 839)
4(831 1085 1089 841)
4(838 848 1090 1086)
4(839 1087 1091 849)
4(841 1089 1093 851)
4(848 858 1094 1090)
4(849 1091 1095 859)
4(851 1093 1097 861)
4(858 868 1098 1094)
4(859 1095 1099 869)
4(861 1097 1101 871)
4(868 878 1102 1098)
4(869 1099 1103 879)
4(871 1101 1105 881)
4(878 888 1106 1102)
4(879 1103 1107 889)
4(881 1105 1109 891)
4(888 898 1110 1106)
4(889 1107 1111 899)
4(891 1109 1113 901)
4(898 908 1114 1110)
4(899 1111 1115 909)
4(901 1113 1117 911)
4(908 918 1118 1114)
4(909 1115 1119 919)
4(911 1117 1121 921)
4(921 1121 1122 922)
4(922 1122 1123 923)
4(923 1123 1124 924)
4(924 1124 1125 925)
4(925 1125 1126 926)
4(926 1126 1127 927)
4(918 928 1128 1118)
4(927 1127 1128 928)
4(919 1119 1129 929)
4(930 931 1131 1130)
4(931 932 1132 1131)
4(932 933 1133 1132)
4(933 934 1134 1133)
4(934 935 1135 1134)
4(935 936 1136 1135)
4(936 937 1137 1136)
4(937 938 1138 1137)
4(929 1129 1139 939)
4(938 939 1139 1138)
4(940 1140 1141 941)
4(942 1142 1143 943)
4(941 1141 1145 945)
4(942 946 1146 1142)
4(943 1143 1147 947)
4(945 1145 1149 949)
4(946 950 1150 1146)
4(947 1147 1151 951)
4(949 1149 1153 953)
4(950 954 1154 1150)
4(951 1151 1155 955)
4(953 1153 1157 957)
4(954 958 1158 1154)
4(955 1155 1159 959)
4(957 1157 1161 961)
4(958 962 1162 1158)
4(959 1159 1163 963)
4(961 1161 1165 965)
4(962 966 1166 1162)
4(963 1163 1167 967)
4(965 1165 1169 969)
4(966 970 1170 1166)
4(967 1167 1171 971)
4(969 1169 1173 973)
4(970 974 1174 1170)
4(971 1171 1175 975)
4(973 1173 1177 977)
4(974 978 1178 1174)
4(975 1175 1179 979)
4(977 1177 1181 981)
4(978 982 1182 1178)
4(979 1179 1183 983)
4(981 1181 1185 985)
4(982 986 1186 1182)
4(983 1183 1187 987)
4(985 1185 1189 989)
4(986 990 1190 1186)
4(987 1187 1191 991)
4(989 1189 1193 993)
4(990 994 1194 1190)
4(991 1191 1195 995)
4(993 1193 1197 997)
4(994 998 1198 1194)
4(995 1195 1199 999)
4(997 1197 1201 1001)
4(998 1002 1202 1198)
4(999 1199 1203 1003)
4(1001 1201 1205 1005)
4(1002 1006 1206 1202)
4(1003 1203 1207 1007)
4(1005 1205 1209 1009)
4(1006 1010 1210 1206)
4(1007 1207 1211 1011)
4(1009 1209 1213 1013)
4(1010 1014 1214 1210)
4(1011 1211 1215 1015)
4(1013 1213 1217 1017)
4(1014 1018 1218 1214)
4(1015 1215 1219 1019)
4(1017 1217 1221 1021)
4(1018 1022 1222 1218)
4(1019 1219 1223 1023)
4(1021 1221 1225 1025)
4(1022 1026 1226 1222)
4(1023 1223 1227 1027)
4(1025 1225 1229 1029)
4(1026 1030 1230 1226)
4(1027 1227 1231 1031)
4(1029 1229 1233 1033)
4(1030 1034 1234 1230)
4(1031 1231 1235 1035)
4(1033 1233 1237 1037)
4(1034 1038 1238 1234)
4(1035 1235 1239 1039)
4(1037 1237 1241 1041)
4(1038 1042 1242 1238)
4(1039 1239 1243 1043)
4(1041 1241 1245 1045)
4(1042 1046 1246 1242)
4(1043 1243 1247 1047)
4(1045 1245 1249 1049)
4(1046 1050 1250 1246)
4(1047 1247 1251 1051)
4(1049 1249 1253 1053)
4(1050 1054 1254 1250)
4(1051 1251 1255 1055)
4(1053 1253 1257 1057)
4(1054 1058 1258 1254)
4(1055 1255 1259 1059)
4(1057 1257 1261 1061)
4(1058 1062 1262 1258)
4(1059 1259 1263 1063)
4(1061 1261 1265 1065)
4(1062 1066 1266 1262)
4(1063 1263 1267 1067)
4(1065 1265 1269 1069)
4(1066 1070 1270 1266)
4(1067 1267 1271 1071)
4(1069 1269 1273 1073)
4(1070 1074 1274 1270)
4(1071 1271 1275 1075)
4(1073 1273 1277 1077)
4(1074 1078 1278 1274)
4(1075 1275 1279 1079)
4(1077 1277 1281 1081)
4(1078 1082 1282 1278)
4(1079 1279 1283 1083)
4(1081 1281 1285 1085)
4(1082 1086 1286 1282)
4(1083 1283 1287 1087)
4(1085 1285 1289 1089)
4(1086 1090 1290 1286)
4(1087 1287 1291 1091)
4(1089 1289 1293 1093)
4(1090 1094 1294 1290)
4(1091 1291 1295 1095)
4(1093 1293 1297 1097)
4(1094 1098 1298 1294)
4(1095 1295 1299 1099)
4(1097 1297 1301 1101)
4(1098 1102 1302 1298)
4(1099 1299 1303 1103)
4(1101 1301 1305 1105)
4(1102 1106 1306 1302)
4(1103 1303 1307 1107)
4(1105 1305 1309 1109)
4(1106 1110 1310 1306)
4(1107 1307 1311 1111)
4(1109 1309 1313 1113)
4(1110 1114 1314 1310)
4(1111 1311 1315 1115)
4(1113 1313 1317 1117)
4(1114 1118 1318 1314)
4(1115 1315 1319 1119)
4(1117 1317 1321 1121)
4(1121 1321 1322 1122)
4(1122 1322 1323 1123)
4(1123 1323 1324 1124)
4(1124 1324 1325 1125)
4(1125 1325 1326 1126)
4(1126 1326 1327 1127)
4(1118 1128 1328 1318)
4(1127 1327 1328 1128)
4(1119 1319 1329 1129)
4(1130 1131 1331 1330)
4(1131 1132 1332 1331)
4(1132 1133 1333 1332)
4(1133 1134 1334 1333)
4(1134 1135 1335 1334)
4(1135 1136 1336 1335)
4(1136 1137 1337 1336)
4(1137 1138 1338 1337)
4(1129 1329 1339 1139)
4(1138 1139 1339 1338)
4(1140 1340 1341 1141)
4(1142 1342 1343 1143)
4(1141 1341 1345 1145)
4(1142 1146 1346 1342)
4(1143 1343 1347 1147)
4(1145 1345 1349 1149)
4(1146 1150 1350 1346)
4(1147 1347 1351 1151)
4(1149 1349 1353 1153)
4(1150 1154 1354 1350)
4(1151 1351 1355 1155)
4(1153 1353 1357 1157)
4(1154 1158 1358 1354)
4(1155 1355 1359 1159)
4(1157 1357 1361 1161)
4(1158 1162 1362 1358)
4(1159 1359 1363 1163)
4(1161 1361 1365 1165)
4(1162 1166 1366 1362)
4(1163 1363 1367 1167)
4(1165 1365 1369 1169)
4(1166 1170 1370 1366)
4(1167 1367 1371 1171)
4(1169 1369 1373 1173)
4(1170 1174 1374 1370)
4(1171 1371 1375 1175)
4(1173 1373 1377 1177)
4(1174 1178 1378 1374)
4(1175 1375 1379 1179)
4(1177 1377 1381 1181)
4(1178 1182 1382 1378)
4(1179 1379 1383 1183)
4(1181 1381 1385 1185)
4(1182 1186 1386 1382)
4(1183 1383 1387 1187)
4(1185 1385 1389 1189)
4(1186 1190 1390 1386)
4(1187 1387 1391 1191)
4(1189 1389 1393 1193)
4(1190 1194 1394 1390)
4(1191 1391 1395 1195)
4(1193 1393 1397 1197)
4(1194 1198 1398 1394)
4(1195 1395 1399 1199)
4(1197 1397 1401 1201)
4(1198 1202 1402 1398)
4(1199 1399 1403 1203)
4(1201 1401 1405 1205)
4(1202 1206 1406 1402)
4(1203 1403 1407 1207)
4(1205 1405 1409 1209)
4(1206 1210 1410 1406)
4(1207 1407 1411 1211)
4(1209 1409 1413 1213)
4(1210 1214 1414 1410)
4(1211 1411 1415 1215)
4(1213 1413 1417 1217)
4(1214 1218 1418 1414)
4(1215 1415 1419 1219)
4(1217 1417 1421 1221)
4(1218 1222 1422 1418)
4(1219 1419 1423 1223)
4(1221 1421 1425 1225)
4(1222 1226 1426 1422)
4(1223 1423 1427 1227)
4(1225 1425 1429 1229)
4(1226 1230 1430 1426)
4(1227 1427 1431 1231)
4(1229 1429 1433 1233)
4(1230 1234 1434 1430)
4(1231 1431 1435 1235)
4(1233 1433 1437 1237)
4(1234 1238 1438 1434)
4(1235 1435 1439 1239)
4(1237 1437 1441 1241)
4(1238 1242 1442 1438)
4(1239 1439 1443 1243)
4(1241 1441 1445 1245)
4(1242 1246 1446 1442)
4(1243 1443 1447 1247)
4(1245 1445 1449 1249)
4(1246 1250 1450 1446)
4(1247 1447 1451 1251)
4(1249 1449 1453 1253)
4(1250 1254 1454 1450)
4(1251 1451 1455 1255)
4(1253 1453 1457 1257)
4(1254 1258 1458 1454)
4(1255 1455 1459 1259)
4(1257 1457 1461 1261)
4(1258 1262 1462 1458)
4(1259 1459 1463 1263)
4(1261 1461 1465 1265)
4(1262 1266 1466 1462)
4(1263 1463 1467 1267)
4(1265 1465 1469 1269)
4(1266 1270 1470 1466)
4(1267 1467 1471 1271)
4(1269 1469 1473 1273)
4(1270 1274 1474 1470)
4(1271 1471 1475 1275)
4(1273 1473 1477 1277)
4(1274 1278 1478 1474)
4(1275 1475 1479 1279)
4(1277 1477 1481 1281)
4(1278 1282 1482 1478)
4(1279 1479 1483 1283)
4(1281 1481 1485 1285)
4(1282 1286 1486 1482)
4(1283 1483 1487 1287)
4(1285 1485 1489 1289)
4(1286 1290 1490 1486)
4(1287 1487 1491 1291)
4(1289 1489 1493 1293)
4(1290 1294 1494 1490)
4(1291 1491 1495 1295)
4(1293 1493 1497 1297)
4(1294 1298 1498 1494)
4(1295 1495 1499 1299)
4(1297 1497 1501 1301)
4(1298 1302 1502 1498)
4(1299 1499 1503 1303)
4(1301 1501 1505 1305)
4(1302 1306 1506 1502)
4(1303 1503 1507 1307)
4(1305 1505 1509 1309)
4(1306 1310 1510 1506)
4(1307 1507 1511 1311)
4(1309 1509 1513 1313)
4(1310 1314 1514 1510)
4(1311 1511 1515 1315)
4(1313 1513 1517 1317)
4(1314 1318 1518 1514)
4(1315 1515 1519 1319)
4(1317 1517 1521 1321)
4(1321 1521 1522 1322)
4(1322 1522 1523 1323)
4(1323 1523 1524 1324)
4(1324 1524 1525 1325)
4(1325 1525 1526 1326)
4(1326 1526 1527 1327)
4(1318 1328 1528 1518)
4(1327 1527 1528 1328)
4(1319 1519 1529 1329)
4(1330 1331 1531 1530)
4(1331 1332 1532 1531)
4(1332 1333 1533 1532)
4(1333 1334 1534 1533)
4(1334 1335 1535 1534)
4(1335 1336 1536 1535)
4(1336 1337 1537 1536)
4(1337 1338 1538 1537)
4(1329 1529 1539 1339)
4(1338 1339 1539 1538)
4(1340 1540 1541 1341)
4(1342 1542 1543 1343)
4(1341 1541 1545 1345)
4(1342 1346 1546 1542)
4(1343 1543 1547 1347)
4(1345 1545 1549 1349)
4(1346 1350 1550 1546)
4(1347 1547 1551 1351)
4(1349 1549 1553 1353)
4(1350 1354 1554 1550)
4(1351 1551 1555 1355)
4(1353 1553 1557 1357)
4(1354 1358 1558 1554)
4(1355 1555 1559 1359)
4(1357 1557 1561 1361)
4(1358 1362 1562 1558)
4(1359 1559 1563 1363)
4(1361 1561 1565 1365)
4(1362 1366 1566 1562)
4(1363 1563 1567 1367)
4(1365 1565 1569 1369)
4(1366 1370 1570 1566)
4(1367 1567 1571 1371)
4(1369 1569 1573 1373)
4(1370 1374 1574 1570)
4(1371 1571 1575 1375)
4(1373 1573 1577 1377)
4(1374 1378 1578 1574)
4(1375 1575 1579 1379)
4(1377 1577 1581 1381)
4(1378 1382 1582 1578)
4(1379 1579 1583 1383)
4(1381 1581 1585 1385)
4(1382 1386 1592 1582)
4(1383 1583 1593 1387)
4(1385 1585 1595 1389)
4(1586 1587 1597 1596)
4(1587 1588 1598 1597)
4(1588 1589 1599 1598)
4(1589 1590 1600 1599)
4(1590 1591 1601 1600)
4(1386 1390 1602 1592)
4(1387 1593 1603 1391)
4(1389 1595 1605 1393)
4(1596 1597 1607 1606)
4(1597 1598 1608 1607)
4(1598 1599 1609 1608)
4(1599 1600 1610 1609)
4(1600 1601 1611 1610)
4(1390 1394 1612 1602)
4(1391 1603 1613 1395)
4(1393 1605 1615 1397)
4(1606 1607 1617 1616)
4(1607 1608 1618 1617)
4(1608 1609 1619 1618)
4(1609 1610 1620 1619)
4(1610 1611 1621 1620)
4(1394 1398 1622 1612)
4(1395 1613 1623 1399)
4(1397 1615 1625 1401)
4(1616 1617 1627 1626)
4(1617 1618 1628 1627)
4(1618 1619 1629 1628)
4(1619 1620 1630 1629)
4(1620 1621 1631 1630)
4(1398 1402 1632 1622)
4(1399 1623 1633 1403)
4(1401 1625 1635 1405)
4(1626 1627 1637 1636)
4(1627 1628 1638 1637)
4(1628 1629 1639 1638)
4(1629 1630 1640 1639)
4(1630 1631 1641 1640)
4(1402 1406 1642 1632)
4(1403 1633 1643 1407)
4(1405 1635 1645 1409)
4(1636 1637 1647 1646)
4(1637 1638 1648 1647)
4(1638 1639 1649 1648)
4(1639 1640 1650 1649)
4(1640 1641 1651 1650)
4(1406 1410 1652 1642)
4(1407 1643 1653 1411)
4(1409 1645 1655 1413)
4(1646 1647 1657 1656)
4(1647 1648 1658 1657)
4(1648 1649 1659 1658)
4(1649 1650 1660 1659)
4(1650 1651 1661 1660)
4(1410 1414 1662 1652)
4(1411 1653 1663 1415)
4(1413 1655 1665 1417)
4(1656 1657 1667 1666)
4(1657 1658 1668 1667)
4(1658 1659 1669 1668)
4(1659 1660 1670 1669)
4(1660 1661 1671 1670)
4(1414 1418 1672 1662)
4(1415 1663 1673 1419)
4(1417 1665 1675 1421)
4(1666 1667 1677 1676)
4(1667 1668 1678 1677)
4(1668 1669 1679 1678)
4(1669 1670 1680 1679)
4(1670 1671 1681 1680)
4(1418 1422 1682 1672)
4(1419 1673 1683 1423)
4(1421 1675 1685 1425)
4(1676 1677 1687 1686)
4(1677 1678 1688 1687)
4(1678 1679 1689 1688)
4(1679 1680 1690 1689)
4(1680 1681 1691 1690)
4(1422 1426 1692 1682)
4(1423 1683 1693 1427)
4(1425 1685 1695 1429)
4(1686 1687 1697 1696)
4(1687 1688 1698 1697)
4(1688 1689 1699 1698)
4(1689 1690 1700 1699)
4(1690 1691 1701 1700)
4(1426 1430 1702 1692)
4(1427 1693 1703 1431)
4(1429 1695 1705 1433)
4(1696 1697 1707 1706)
4(1697 1698 1708 1707)
4(1698 1699 1709 1708)
4(1699 1700 1710 1709)
4(1700 1701 1711 1710)
4(1430 1434 1712 1702)
4(1431 1703 1713 1435)
4(1433 1705 1715 1437)
4(1706 1707 1717 1716)
4(1707 1708 1718 1717)
4(1708 1709 1719 1718)
4(1709 1710 1720 1719)
4(1710 1711 1721 1720)
4(1434 1438 1722 1712)
4(1435 1713 1723 1439)
4(1437 1715 1725 1441)
4(1716 1717 1727 1726)
4(1717 1718 1728 1727)
4(1718 1719 1729 1728)
4(1719 1720 1730 1729)
4(1720 1721 1731 1730)
4(1438 1442 1732 1722)
4(1439 1723 1733 1443)
4(1441 1725 1735 1445)
4(1726 1727 1737 1736)
4(1727 1728 1738 1737)
4(1728 1729 1739 1738)
4(1729 1730 1740 1739)
4(1730 1731 1741 1740)
4(1442 1446 1742 1732)
4(1443 1733 1743 1447)
4(1445 1735 1745 1449)
4(1736 1737 1747 1746)
4(1737 1738 1748 1747)
4(1738 1739 1749 1748)
4(1739 1740 1750 1749)
4(1740 1741 1751 1750)
4(1446 1450 1752 1742)
4(1447 1743 1753 1451)
4(1449 1745 1755 1453)
4(1746 1747 1757 1756)
4(1747 1748 1758 1757)
4(1748 1749 1759 1758)
4(1749 1750 1760 1759)
4(1750 1751 1761 1760)
4(1450 1454 1762 1752)
4(1451 1753 1763 1455)
4(1453 1755 1765 1457)
4(1756 1757 1767 1766)
4(1757 1758 1768 1767)
4(1758 1759 1769 1768)
4(1759 1760 1770 1769)
4(1760 1761 1771 1770)
4(1454 1458 1772 1762)
4(1455 1763 1773 1459)
4(1457 1765 1775 1461)
4(1766 1767 1777 1776)
4(1767 1768 1778 1777)
4(1768 1769 1779 1778)
4(1769 1770 1780 1779)
4(1770 1771 1781 1780)
4(1458 1462 1782 1772)
4(1459 1773 1783 1463)
4(1461 1775 1785 1465)
4(1776 1777 1787 1786)
4(1777 1778 1788 1787)
4(1778 1779 1789 1788)
4(1779 1780 1790 1789)
4(1780 1781 1791 1790)
4(1462 1466 1792 1782)
4(1463 1783 1793 1467)
4(1465 1785 1795 1469)
4(1786 1787 1797 1796)
4(1787 1788 1798 1797)
4(1788 1789 1799 1798)
4(1789 1790 1800 1799)
4(1790 1791 1801 1800)
4(1466 1470 1802 1792)
4(1467 1793 1803 1471)
4(1469 1795 1805 1473)
4(1470 1474 1806 1802)
4(1471 1803 1807 1475)
4(1473 1805 1809 1477)
4(1474 1478 1810 1806)
4(1475 1807 1811 1479)
4(1477 1809 1813 1481)
4(1478 1482 1814 1810)
4(1479 1811 1815 1483)
4(1481 1813 1817 1485)
4(1482 1486 1818 1814)
4(1483 1815 1819 1487)
4(1485 1817 1821 1489)
4(1486 1490 1822 1818)
4(1487 1819 1823 1491)
4(1489 1821 1825 1493)
4(1490 1494 1826 1822)
4(1491 1823 1827 1495)
4(1493 1825 1829 1497)
4(1494 1498 1830 1826)
4(1495 1827 1831 1499)
4(1497 1829 1833 1501)
4(1498 1502 1834 1830)
4(1499 1831 1835 1503)
4(1501 1833 1837 1505)
4(1502 1506 1838 1834)
4(1503 1835 1839 1507)
4(1505 1837 1841 1509)
4(1506 1510 1842 1838)
4(1507 1839 1843 1511)
4(1509 1841 1845 1513)
4(1510 1514 1846 1842)
4(1511 1843 1847 1515)
4(1513 1845 1849 1517)
4(1514 1518 1850 1846)
4(1515 1847 1851 1519)
4(1517 1849 1853 1521)
4(1521 1853 1854 1522)
4(1522 1854 1855 1523)
4(1523 1855 1856 1524)
4(1524 1856 1857 1525)
4(1525 1857 1858 1526)
4(1526 1858 1859 1527)
4(1518 1528 1860 1850)
4(1527 1859 1860 1528)
4(1519 1851 1861 1529)
4(1530 1531 1863 1862)
4(1531 1532 1864 1863)
4(1532 1533 1865 1864)
4(1533 1534 1866 1865)
4(1534 1535 1867 1866)
4(1535 1536 1868 1867)
4(1536 1537 1869 1868)
4(1537 1538 1870 1869)
4(1529 1861 1871 1539)
4(1538 1539 1871 1870)
4(1540 1872 1873 1541)
4(1542 1874 1875 1543)
4(1541 1873 1877 1545)
4(1542 1546 1878 1874)
4(1543 1875 1879 1547)
4(1545 1877 1881 1549)
4(1546 1550 1882 1878)
4(1547 1879 1883 1551)
4(1549 1881 1885 1553)
4(1550 1554 1886 1882)
4(1551 1883 1887 1555)
4(1553 1885 1889 1557)
4(1554 1558 1890 1886)
4(1555 1887 1891 1559)
4(1557 1889 1893 1561)
4(1558 1562 1894 1890)
4(1559 1891 1895 1563)
4(1561 1893 1897 1565)
4(1562 1566 1898 1894)
4(1563 1895 1899 1567)
4(1565 1897 1901 1569)
4(1566 1570 1902 1898)
4(1567 1899 1903 1571)
4(1569 1901 1905 1573)
4(1570 1574 1906 1902)
4(1571 1903 1907 1575)
4(1573 1905 1909 1577)
4(1574 1578 1910 1906)
4(1575 1907 1911 1579)
4(1577 1909 1913 1581)
4(1578 1582 1914 1910)
4(1579 1911 1915 1583)
4(1581 1913 1917 1585)
4(1586 1918 1919 1587)
4(1587 1919 1920 1588)
4(1588 1920 1921 1589)
4(1589 1921 1922 1590)
4(1590 1922 1923 1591)
4(1582 1592 1924 1914)
4(1583 1915 1925 1593)
4(1585 1917 1927 1595)
4(1586 1596 1928 1918)
4(1591 1923 1933 1601)
4(1592 1602 1934 1924)
4(1593 1925 1935 1603)
4(1595 1927 1937 1605)
4(1596 1606 1938 1928)
4(1601 1933 1943 1611)
4(1602 1612 1944 1934)
4(1603 1935 1945 1613)
4(1605 1937 1947 1615)
4(1606 1616 1948 1938)
4(1611 1943 1953 1621)
4(1612 1622 1954 1944)
4(1613 1945 1955 1623)
4(1615 1947 1957 1625)
4(1616 1626 1958 1948)
4(1621 1953 1963 1631)
4(1622 1632 1964 1954)
4(1623 1955 1965 1633)
4(1625 1957 1967 1635)
4(1626 1636 1968 1958)
4(1631 1963 1973 1641)
4(1632 1642 1974 1964)
4(1633 1965 1975 1643)
4(1635 1967 1977 1645)
4(1636 1646 1978 1968)
4(1641 1973 1983 1651)
4(1642 1652 1984 1974)
4(1643 1975 1985 1653)
4(1645 1977 1987 1655)
4(1646 1656 1988 1978)
4(1651 1983 1993 1661)
4(1652 1662 1994 1984)
4(1653 1985 1995 1663)
4(1655 1987 1997 1665)
4(1656 1666 1998 1988)
4(1661 1993 2003 1671)
4(1662 1672 2004 1994)
4(1663 1995 2005 1673)
4(1665 1997 2007 1675)
4(1666 1676 2008 1998)
4(1671 2003 2013 1681)
4(1672 1682 2014 2004)
4(1673 2005 2015 1683)
4(1675 2007 2017 1685)
4(1676 1686 2018 2008)
4(1681 2013 2023 1691)
4(1682 1692 2024 2014)
4(1683 2015 2025 1693)
4(1685 2017 2027 1695)
4(1686 1696 2028 2018)
4(1691 2023 2033 1701)
4(1692 1702 2034 2024)
4(1693 2025 2035 1703)
4(1695 2027 2037 1705)
4(1696 1706 2038 2028)
4(1701 2033 2043 1711)
4(1702 1712 2044 2034)
4(1703 2035 2045 1713)
4(1705 2037 2047 1715)
4(1706 1716 2048 2038)
4(1711 2043 2053 1721)
4(1712 1722 2054 2044)
4(1713 2045 2055 1723)
4(1715 2047 2057 1725)
4(1716 1726 2058 2048)
4(1721 2053 2063 1731)
4(1722 1732 2064 2054)
4(1723 2055 2065 1733)
4(1725 2057 2067 1735)
4(1726 1736 2068 2058)
4(1731 2063 2073 1741)
4(1732 1742 2074 2064)
4(1733 2065 2075 1743)
4(1735 2067 2077 1745)
4(1736 1746 2078 2068)
4(1741 2073 2083 1751)
4(1742 1752 2084 2074)
4(1743 2075 2085 1753)
4(1745 2077 2087 1755)
4(1746 1756 2088 2078)
4(1751 2083 2093 1761)
4(1752 1762 2094 2084)
4(1753 2085 2095 1763)
4(1755 2087 2097 1765)
4(1756 1766 2098 2088)
4(1761 2093 2103 1771)
4(1762 1772 2104 2094)
4(1763 2095 2105 1773)
4(1765 2097 2107 1775)
4(1766 1776 2108 2098)
4(1771 2103 2113 1781)
4(1772 1782 2114 2104)
4(1773 2105 2115 1783)
4(1775 2107 2117 1785)
4(1776 1786 2118 2108)
4(1781 2113 2123 1791)
4(1782 1792 2124 2114)
4(1783 2115 2125 1793)
4(1785 2117 2127 1795)
4(1786 1796 2128 2118)
4(1796 1797 2129 2128)
4(1797 1798 2130 2129)
4(1798 1799 2131 2130)
4(1799 1800 2132 2131)
4(1791 2123 2133 1801)
4(1800 1801 2133 2132)
4(1792 1802 2134 2124)
4(1793 2125 2135 1803)
4(1795 2127 2137 1805)
4(1802 1806 2138 2134)
4(1803 2135 2139 1807)
4(1805 2137 2141 1809)
4(1806 1810 2142 2138)
4(1807 2139 2143 1811)
4(1809 2141 2145 1813)
4(1810 1814 2146 2142)
4(1811 2143 2147 1815)
4(1813 2145 2149 1817)
4(1814 1818 2150 2146)
4(1815 2147 2151 1819)
4(1817 2149 2153 1821)
4(1818 1822 2154 2150)
4(1819 2151 2155 1823)
4(1821 2153 2157 1825)
4(1822 1826 2158 2154)
4(1823 2155 2159 1827)
4(1825 2157 2161 1829)
4(1826 1830 2162 2158)
4(1827 2159 2163 1831)
4(1829 2161 2165 1833)
4(1830 1834 2166 2162)
4(1831 2163 2167 1835)
4(1833 2165 2169 1837)
4(1834 1838 2170 2166)
4(1835 2167 2171 1839)
4(1837 2169 2173 1841)
4(1838 1842 2174 2170)
4(1839 2171 2175 1843)
4(1841 2173 2177 1845)
4(1842 1846 2178 2174)
4(1843 2175 2179 1847)
4(1845 2177 2181 1849)
4(1846 1850 2182 2178)
4(1847 2179 2183 1851)
4(1849 2181 2185 1853)
4(1853 2185 2186 1854)
4(1854 2186 2187 1855)
4(1855 2187 2188 1856)
4(1856 2188 2189 1857)
4(1857 2189 2190 1858)
4(1858 2190 2191 1859)
4(1850 1860 2192 2182)
4(1859 2191 2192 1860)
4(1851 2183 2193 1861)
4(1862 1863 2195 2194)
4(1863 1864 2196 2195)
4(1864 1865 2197 2196)
4(1865 1866 2198 2197)
4(1866 1867 2199 2198)
4(1867 1868 2200 2199)
4(1868 1869 2201 2200)
4(1869 1870 2202 2201)
4(1861 2193 2203 1871)
4(1870 1871 2203 2202)
4(1872 2204 2205 1873)
4(1874 2206 2207 1875)
4(1873 2205 2209 1877)
4(1874 1878 2210 2206)
4(1875 2207 2211 1879)
4(1877 2209 2213 1881)
4(1878 1882 2214 2210)
4(1879 2211 2215 1883)
4(1881 2213 2217 1885)
4(1882 1886 2218 2214)
4(1883 2215 2219 1887)
4(1885 2217 2221 1889)
4(1886 1890 2222 2218)
4(1887 2219 2223 1891)
4(1889 2221 2225 1893)
4(1890 1894 2226 2222)
4(1891 2223 2227 1895)
4(1893 2225 2229 1897)
4(1894 1898 2230 2226)
4(1895 2227 2231 1899)
4(1897 2229 2233 1901)
4(1898 1902 2234 2230)
4(1899 2231 2235 1903)
4(1901 2233 2237 1905)
4(1902 1906 2238 2234)
4(1903 2235 2239 1907)
4(1905 2237 2241 1909)
4(1906 1910 2242 2238)
4(1907 2239 2243 1911)
4(1909 2241 2245 1913)
4(1910 1914 2246 2242)
4(1911 2243 2247 1915)
4(1913 2245 2249 1917)
4(1918 2250 2251 1919)
4(1919 2251 2252 1920)
4(1920 2252 2253 1921)
4(1921 2253 2254 1922)
4(1922 2254 2255 1923)
4(1914 1924 2256 2246)
4(1915 2247 2257 1925)
4(1917 2249 2259 1927)
4(1918 1928 2260 2250)
4(1923 2255 2265 1933)
4(1924 1934 2266 2256)
4(1925 2257 2267 1935)
4(1927 2259 2269 1937)
4(1928 1938 2270 2260)
4(1933 2265 2275 1943)
4(1934 1944 2276 2266)
4(1935 2267 2277 1945)
4(1937 2269 2279 1947)
4(1938 1948 2280 2270)
4(1943 2275 2285 1953)
4(1944 1954 2286 2276)
4(1945 2277 2287 1955)
4(1947 2279 2289 1957)
4(1948 1958 2290 2280)
4(1953 2285 2295 1963)
4(1954 1964 2296 2286)
4(1955 2287 2297 1965)
4(1957 2289 2299 1967)
4(1958 1968 2300 2290)
4(1963 2295 2305 1973)
4(1964 1974 2306 2296)
4(1965 2297 2307 1975)
4(1967 2299 2309 1977)
4(1968 1978 2310 2300)
4(1973 2305 2315 1983)
4(1974 1984 2316 2306)
4(1975 2307 2317 1985)
4(1977 2309 2319 1987)
4(1978 1988 2320 2310)
4(1983 2315 2325 1993)
4(1984 1994 2326 2316)
4(1985 2317 2327 1995)
4(1987 2319 2329 1997)
4(1988 1998 2330 2320)
4(1993 2325 2335 2003)
4(1994 2004 2336 2326)
4(1995 2327 2337 2005)
4(1997 2329 2339 2007)
4(1998 2008 2340 2330)
4(2003 2335 2345 2013)
4(2004 2014 2346 2336)
4(2005 2337 2347 2015)
4(2007 2339 2349 2017)
4(2008 2018 2350 2340)
4(2013 2345 2355 2023)
4(2014 2024 2356 2346)
4(2015 2347 2357 2025)
4(2017 2349 2359 2027)
4(2018 2028 2360 2350)
4(2023 2355 2365 2033)
4(2024 2034 2366 2356)
4(2025 2357 2367 2035)
4(2027 2359 2369 2037)
4(2028 2038 2370 2360)
4(2033 2365 2375 2043)
4(2034 2044 2376 2366)
4(2035 2367 2377 2045)
4(2037 2369 2379 2047)
4(2038 2048 2380 2370)
4(2043 2375 2385 2053)
4(2044 2054 2386 2376)
4(2045 2377 2387 2055)
4(2047 2379 2389 2057)
4(2048 2058 2390 2380)
4(2053 2385 2395 2063)
4(2054 2064 2396 2386)
4(2055 2387 2397 2065)
4(2057 2389 2399 2067)
4(2058 2068 2400 2390)
4(2063 2395 2405 2073)
4(2064 2074 2406 2396)
4(2065 2397 2407 2075)
4(2067 2399 2409 2077)
4(2068 2078 2410 2400)
4(2073 2405 2415 2083)
4(2074 2084 2416 2406)
4(2075 2407 2417 2085)
4(2077 2409 2419 2087)
4(2078 2088 2420 2410)
4(2083 2415 2425 2093)
4(2084 2094 2426 2416)
4(2085 2417 2427 2095)
4(2087 2419 2429 2097)
4(2088 2098 2430 2420)
4(2093 2425 2435 2103)
4(2094 2104 2436 2426)
4(2095 2427 2437 2105)
4(2097 2429 2439 2107)
4(2098 2108 2440 2430)
4(2103 2435 2445 2113)
4(2104 2114 2446 2436)
4(2105 2437 2447 2115)
4(2107 2439 2449 2117)
4(2108 2118 2450 2440)
4(2113 2445 2455 2123)
4(2114 2124 2456 2446)
4(2115 2447 2457 2125)
4(2117 2449 2459 2127)
4(2118 2128 2460 2450)
4(2128 2129 2461 2460)
4(2129 2130 2462 2461)
4(2130 2131 2463 2462)
4(2131 2132 2464 2463)
4(2123 2455 2465 2133)
4(2132 2133 2465 2464)
4(2124 2134 2466 2456)
4(2125 2457 2467 2135)
4(2127 2459 2469 2137)
4(2134 2138 2470 2466)
4(2135 2467 2471 2139)
4(2137 2469 2473 2141)
4(2138 2142 2474 2470)
4(2139 2471 2475 2143)
4(2141 2473 2477 2145)
4(2142 2146 2478 2474)
4(2143 2475 2479 2147)
4(2145 2477 2481 2149)
4(2146 2150 2482 2478)
4(2147 2479 2483 2151)
4(2149 2481 2485 2153)
4(2150 2154 2486 2482)
4(2151 2483 2487 2155)
4(2153 2485 2489 2157)
4(2154 2158 2490 2486)
4(2155 2487 2491 2159)
4(2157 2489 2493 2161)
4(2158 2162 2494 2490)
4(2159 2491 2495 2163)
4(2161 2493 2497 2165)
4(2162 2166 2498 2494)
4(2163 2495 2499 2167)
4(2165 2497 2501 2169)
4(2166 2170 2502 2498)
4(2167 2499 2503 2171)
4(2169 2501 2505 2173)
4(2170 2174 2506 2502)
4(2171 2503 2507 2175)
4(2173 2505 2509 2177)
4(2174 2178 2510 2506)
4(2175 2507 2511 2179)
4(2177 2509 2513 2181)
4(2178 2182 2514 2510)
4(2179 2511 2515 2183)
4(2181 2513 2517 2185)
4(2185 2517 2518 2186)
4(2186 2518 2519 2187)
4(2187 2519 2520 2188)
4(2188 2520 2521 2189)
4(2189 2521 2522 2190)
4(2190 2522 2523 2191)
4(2182 2192 2524 2514)
4(2191 2523 2524 2192)
4(2183 2515 2525 2193)
4(2194 2195 2527 2526)
4(2195 2196 2528 2527)
4(2196 2197 2529 2528)
4(2197 2198 2530 2529)
4(2198 2199 2531 2530)
4(2199 2200 2532 2531)
4(2200 2201 2533 2532)
4(2201 2202 2534 2533)
4(2193 2525 2535 2203)
4(2202 2203 2535 2534)
4(2204 2536 2537 2205)
4(2206 2538 2539 2207)
4(2205 2537 2541 2209)
4(2206 2210 2542 2538)
4(2207 2539 2543 2211)
4(2209 2541 2545 2213)
4(2210 2214 2546 2542)
4(2211 2543 2547 2215)
4(2213 2545 2549 2217)
4(2214 2218 2550 2546)
4(2215 2547 2551 2219)
4(2217 2549 2553 2221)
4(2218 2222 2554 2550)
4(2219 2551 2555 2223)
4(2221 2553 2557 2225)
4(2222 2226 2558 2554)
4(2223 2555 2559 2227)
4(2225 2557 2561 2229)
4(2226 2230 2562 2558)
4(2227 2559 2563 2231)
4(2229 2561 2565 2233)
4(2230 2234 2566 2562)
4(2231 2563 2567 2235)
4(2233 2565 2569 2237)
4(2234 2238 2570 2566)
4(2235 2567 2571 2239)
4(2237 2569 2573 2241)
4(2238 2242 2574 2570)
4(2239 2571 2575 2243)
4(2241 2573 2577 2245)
4(2242 2246 2578 2574)
4(2243 2575 2579 2247)
4(2245 2577 2581 2249)
4(2250 2582 2583 2251)
4(2251 2583 2584 2252)
4(2252 2584 2585 2253)
4(2253 2585 2586 2254)
4(2254 2586 2587 2255)
4(2246 2256 2588 2578)
4(2247 2579 2589 2257)
4(2249 2581 2591 2259)
4(2250 2260 2592 2582)
4(2255 2587 2597 2265)
4(2256 2266 2598 2588)
4(2257 2589 2599 2267)
4(2259 2591 2601 2269)
4(2260 2270 2602 2592)
4(2265 2597 2607 2275)
4(2266 2276 2608 2598)
4(2267 2599 2609 2277)
4(2269 2601 2611 2279)
4(2270 2280 2612 2602)
4(2275 2607 2617 2285)
4(2276 2286 2618 2608)
4(2277 2609 2619 2287)
4(2279 2611 2621 2289)
4(2280 2290 2622 2612)
4(2285 2617 2627 2295)
4(2286 2296 2628 2618)
4(2287 2619 2629 2297)
4(2289 2621 2631 2299)
4(2290 2300 2632 2622)
4(2295 2627 2637 2305)
4(2296 2306 2638 2628)
4(2297 2629 2639 2307)
4(2299 2631 2641 2309)
4(2300 2310 2642 2632)
4(2305 2637 2647 2315)
4(2306 2316 2648 2638)
4(2307 2639 2649 2317)
4(2309 2641 2651 2319)
4(2310 2320 2652 2642)
4(2315 2647 2657 2325)
4(2316 2326 2658 2648)
4(2317 2649 2659 2327)
4(2319 2651 2661 2329)
4(2320 2330 2662 2652)
4(2325 2657 2667 2335)
4(2326 2336 2668 2658)
4(2327 2659 2669 2337)
4(2329 2661 2671 2339)
4(2330 2340 2672 2662)
4(2335 2667 2677 2345)
4(2336 2346 2678 2668)
4(2337 2669 2679 2347)
4(2339 2671 2681 2349)
4(2340 2350 2682 2672)
4(2345 2677 2687 2355)
4(2346 2356 2688 2678)
4(2347 2679 2689 2357)
4(2349 2681 2691 2359)
4(2350 2360 2692 2682)
4(2355 2687 2697 2365)
4(2356 2366 2698 2688)
4(2357 2689 2699 2367)
4(2359 2691 2701 2369)
4(2360 2370 2702 2692)
4(2365 2697 2707 2375)
4(2366 2376 2708 2698)
4(2367 2699 2709 2377)
4(2369 2701 2711 2379)
4(2370 2380 2712 2702)
4(2375 2707 2717 2385)
4(2376 2386 2718 2708)
4(2377 2709 2719 2387)
4(2379 2711 2721 2389)
4(2380 2390 2722 2712)
4(2385 2717 2727 2395)
4(2386 2396 2728 2718)
4(2387 2719 2729 2397)
4(2389 2721 2731 2399)
4(2390 2400 2732 2722)
4(2395 2727 2737 2405)
4(2396 2406 2738 2728)
4(2397 2729 2739 2407)
4(2399 2731 2741 2409)
4(2400 2410 2742 2732)
4(2405 2737 2747 2415)
4(2406 2416 2748 2738)
4(2407 2739 2749 2417)
4(2409 2741 2751 2419)
4(2410 2420 2752 2742)
4(2415 2747 2757 2425)
4(2416 2426 2758 2748)
4(2417 2749 2759 2427)
4(2419 2751 2761 2429)
4(2420 2430 2762 2752)
4(2425 2757 2767 2435)
4(2426 2436 2768 2758)
4(2427 2759 2769 2437)
4(2429 2761 2771 2439)
4(2430 2440 2772 2762)
4(2435 2767 2777 2445)
4(2436 2446 2778 2768)
4(2437 2769 2779 2447)
4(2439 2771 2781 2449)
4(2440 2450 2782 2772)
4(2445 2777 2787 2455)
4(2446 2456 2788 2778)
4(2447 2779 2789 2457)
4(2449 2781 2791 2459)
4(2450 2460 2792 2782)
4(2460 2461 2793 2792)
4(2461 2462 2794 2793)
4(2462 2463 2795 2794)
4(2463 2464 2796 2795)
4(2455 2787 2797 2465)
4(2464 2465 2797 2796)
4(2456 2466 2798 2788)
4(2457 2789 2799 2467)
4(2459 2791 2801 2469)
4(2466 2470 2802 2798)
4(2467 2799 2803 2471)
4(2469 2801 2805 2473)
4(2470 2474 2806 2802)
4(2471 2803 2807 2475)
4(2473 2805 2809 2477)
4(2474 2478 2810 2806)
4(2475 2807 2811 2479)
4(2477 2809 2813 2481)
4(2478 2482 2814 2810)
4(2479 2811 2815 2483)
4(2481 2813 2817 2485)
4(2482 2486 2818 2814)
4(2483 2815 2819 2487)
4(2485 2817 2821 2489)
4(2486 2490 2822 2818)
4(2487 2819 2823 2491)
4(2489 2821 2825 2493)
4(2490 2494 2826 2822)
4(2491 2823 2827 2495)
4(2493 2825 2829 2497)
4(2494 2498 2830 2826)
4(2495 2827 2831 2499)
4(2497 2829 2833 2501)
4(2498 2502 2834 2830)
4(2499 2831 2835 2503)
4(2501 2833 2837 2505)
4(2502 2506 2838 2834)
4(2503 2835 2839 2507)
4(2505 2837 2841 2509)
4(2506 2510 2842 2838)
4(2507 2839 2843 2511)
4(2509 2841 2845 2513)
4(2510 2514 2846 2842)
4(2511 2843 2847 2515)
4(2513 2845 2849 2517)
4(2517 2849 2850 2518)
4(2518 2850 2851 2519)
4(2519 2851 2852 2520)
4(2520 2852 2853 2521)
4(2521 2853 2854 2522)
4(2522 2854 2855 2523)
4(2514 2524 2856 2846)
4(2523 2855 2856 2524)
4(2515 2847 2857 2525)
4(2526 2527 2859 2858)
4(2527 2528 2860 2859)
4(2528 2529 2861 2860)
4(2529 2530 2862 2861)
4(2530 2531 2863 2862)
4(2531 2532 2864 2863)
4(2532 2533 2865 2864)
4(2533 2534 2866 2865)
4(2525 2857 2867 2535)
4(2534 2535 2867 2866)
4(2536 2868 2869 2537)
4(2538 2870 2871 2539)
4(2537 2869 2873 2541)
4(2538 2542 2874 2870)
4(2539 2871 2875 2543)
4(2541 2873 2877 2545)
4(2542 2546 2878 2874)
4(2543 2875 2879 2547)
4(2545 2877 2881 2549)
4(2546 2550 2882 2878)
4(2547 2879 2883 2551)
4(2549 2881 2885 2553)
4(2550 2554 2886 2882)
4(2551 2883 2887 2555)
4(2553 2885 2889 2557)
4(2554 2558 2890 2886)
4(2555 2887 2891 2559)
4(2557 2889 2893 2561)
4(2558 2562 2894 2890)
4(2559 2891 2895 2563)
4(2561 2893 2897 2565)
4(2562 2566 2898 2894)
4(2563 2895 2899 2567)
4(2565 2897 2901 2569)
4(2566 2570 2902 2898)
4(2567 2899 2903 2571)
4(2569 2901 2905 2573)
4(2570 2574 2906 2902)
4(2571 2903 2907 2575)
4(2573 2905 2909 2577)
4(2574 2578 2910 2906)
4(2575 2907 2911 2579)
4(2577 2909 2913 2581)
4(2582 2914 2915 2583)
4(2583 2915 2916 2584)
4(2584 2916 2917 2585)
4(2585 2917 2918 2586)
4(2586 2918 2919 2587)
4(2578 2588 2920 2910)
4(2579 2911 2921 2589)
4(2581 2913 2923 2591)
4(2582 2592 2924 2914)
4(2587 2919 2929 2597)
4(2588 2598 2930 2920)
4(2589 2921 2931 2599)
4(2591 2923 2933 2601)
4(2592 2602 2934 2924)
4(2597 2929 2939 2607)
4(2598 2608 2940 2930)
4(2599 2931 2941 2609)
4(2601 2933 2943 2611)
4(2602 2612 2944 2934)
4(2607 2939 2949 2617)
4(2608 2618 2950 2940)
4(2609 2941 2951 2619)
4(2611 2943 2953 2621)
4(2612 2622 2954 2944)
4(2617 2949 2959 2627)
4(2618 2628 2960 2950)
4(2619 2951 2961 2629)
4(2621 2953 2963 2631)
4(2622 2632 2964 2954)
4(2627 2959 2969 2637)
4(2628 2638 2970 2960)
4(2629 2961 2971 2639)
4(2631 2963 2973 2641)
4(2632 2642 2974 2964)
4(2637 2969 2979 2647)
4(2638 2648 2980 2970)
4(2639 2971 2981 2649)
4(2641 2973 2983 2651)
4(2642 2652 2984 2974)
4(2647 2979 2989 2657)
4(2648 2658 2990 2980)
4(2649 2981 2991 2659)
4(2651 2983 2993 2661)
4(2652 2662 2994 2984)
4(2657 2989 2999 2667)
4(2658 2668 3000 2990)
4(2659 2991 3001 2669)
4(2661 2993 3003 2671)
4(2662 2672 3004 2994)
4(2667 2999 3009 2677)
4(2668 2678 3010 3000)
4(2669 3001 3011 2679)
4(2671 3003 3013 2681)
4(2672 2682 3014 3004)
4(2677 3009 3019 2687)
4(2678 2688 3020 3010)
4(2679 3011 3021 2689)
4(2681 3013 3023 2691)
4(2682 2692 3024 3014)
4(2687 3019 3029 2697)
4(2688 2698 3030 3020)
4(2689 3021 3031 2699)
4(2691 3023 3033 2701)
4(2692 2702 3034 3024)
4(2697 3029 3039 2707)
4(2698 2708 3040 3030)
4(2699 3031 3041 2709)
4(2701 3033 3043 2711)
4(2702 2712 3044 3034)
4(2707 3039 3049 2717)
4(2708 2718 3050 3040)
4(2709 3041 3051 2719)
4(2711 3043 3053 2721)
4(2712 2722 3054 3044)
4(2717 3049 3059 2727)
4(2718 2728 3060 3050)
4(2719 3051 3061 2729)
4(2721 3053 3063 2731)
4(2722 2732 3064 3054)
4(2727 3059 3069 2737)
4(2728 2738 3070 3060)
4(2729 3061 3071 2739)
4(2731 3063 3073 2741)
4(2732 2742 3074 3064)
4(2737 3069 3079 2747)
4(2738 2748 3080 3070)
4(2739 3071 3081 2749)
4(2741 3073 3083 2751)
4(2742 2752 3084 3074)
4(2747 3079 3089 2757)
4(2748 2758 3090 3080)
4(2749 3081 3091 2759)
4(2751 3083 3093 2761)
4(2752 2762 3094 3084)
4(2757 3089 3099 2767)
4(2758 2768 3100 3090)
4(2759 3091 3101 2769)
4(2761 3093 3103 2771)
4(2762 2772 3104 3094)
4(2767 3099 3109 2777)
4(2768 2778 3110 3100)
4(2769 3101 3111 2779)
4(2771 3103 3113 2781)
4(2772 2782 3114 3104)
4(2777 3109 3119 2787)
4(2778 2788 3120 3110)
4(2779 3111 3121 2789)
4(2781 3113 3123 2791)
4(2782 2792 3124 3114)
4(2792 2793 3125 3124)
4(2793 2794 3126 3125)
4(2794 2795 3127 3126)
4(2795 2796 3128 3127)
4(2787 3119 3129 2797)
4(2796 2797 3129 3128)
4(2788 2798 3130 3120)
4(2789 3121 3131 2799)
4(2791 3123 3133 2801)
4(2798 2802 3134 3130)
4(2799 3131 3135 2803)
4(2801 3133 3137 2805)
4(2802 2806 3138 3134)
4(2803 3135 3139 2807)
4(2805 3137 3141 2809)
4(2806 2810 3142 3138)
4(2807 3139 3143 2811)
4(2809 3141 3145 2813)
4(2810 2814 3146 3142)
4(2811 3143 3147 2815)
4(2813 3145 3149 2817)
4(2814 2818 3150 3146)
4(2815 3147 3151 2819)
4(2817 3149 3153 2821)
4(2818 2822 3154 3150)
4(2819 3151 3155 2823)
4(2821 3153 3157 2825)
4(2822 2826 3158 3154)
4(2823 3155 3159 2827)
4(2825 3157 3161 2829)
4(2826 2830 3162 3158)
4(2827 3159 3163 2831)
4(2829 3161 3165 2833)
4(2830 2834 3166 3162)
4(2831 3163 3167 2835)
4(2833 3165 3169 2837)
4(2834 2838 3170 3166)
4(2835 3167 3171 2839)
4(2837 3169 3173 2841)
4(2838 2842 3174 3170)
4(2839 3171 3175 2843)
4(2841 3173 3177 2845)
4(2842 2846 3178 3174)
4(2843 3175 3179 2847)
4(2845 3177 3181 2849)
4(2849 3181 3182 2850)
4(2850 3182 3183 2851)
4(2851 3183 3184 2852)
4(2852 3184 3185 2853)
4(2853 3185 3186 2854)
4(2854 3186 3187 2855)
4(2846 2856 3188 3178)
4(2855 3187 3188 2856)
4(2847 3179 3189 2857)
4(2858 2859 3191 3190)
4(2859 2860 3192 3191)
4(2860 2861 3193 3192)
4(2861 2862 3194 3193)
4(2862 2863 3195 3194)
4(2863 2864 3196 3195)
4(2864 2865 3197 3196)
4(2865 2866 3198 3197)
4(2857 3189 3199 2867)
4(2866 2867 3199 3198)
4(2868 3200 3201 2869)
4(2870 3202 3203 2871)
4(2869 3201 3205 2873)
4(2870 2874 3206 3202)
4(2871 3203 3207 2875)
4(2873 3205 3209 2877)
4(2874 2878 3210 3206)
4(2875 3207 3211 2879)
4(2877 3209 3213 2881)
4(2878 2882 3214 3210)
4(2879 3211 3215 2883)
4(2881 3213 3217 2885)
4(2882 2886 3218 3214)
4(2883 3215 3219 2887)
4(2885 3217 3221 2889)
4(2886 2890 3222 3218)
4(2887 3219 3223 2891)
4(2889 3221 3225 2893)
4(2890 2894 3226 3222)
4(2891 3223 3227 2895)
4(2893 3225 3229 2897)
4(2894 2898 3230 3226)
4(2895 3227 3231 2899)
4(2897 3229 3233 2901)
4(2898 2902 3234 3230)
4(2899 3231 3235 2903)
4(2901 3233 3237 2905)
4(2902 2906 3238 3234)
4(2903 3235 3239 2907)
4(2905 3237 3241 2909)
4(2906 2910 3242 3238)
4(2907 3239 3243 2911)
4(2909 3241 3245 2913)
4(2914 3246 3247 2915)
4(2915 3247 3248 2916)
4(2916 3248 3249 2917)
4(2917 3249 3250 2918)
4(2918 3250 3251 2919)
4(2910 2920 3252 3242)
4(2911 3243 3253 2921)
4(2913 3245 3255 2923)
4(2914 2924 3256 3246)
4(2919 3251 3261 2929)
4(2920 2930 3262 3252)
4(2921 3253 3263 2931)
4(2923 3255 3265 2933)
4(2924 2934 3266 3256)
4(2929 3261 3271 2939)
4(2930 2940 3272 3262)
4(2931 3263 3273 2941)
4(2933 3265 3275 2943)
4(2934 2944 3276 3266)
4(2939 3271 3281 2949)
4(2940 2950 3282 3272)
4(2941 3273 3283 2951)
4(2943 3275 3285 2953)
4(2944 2954 3286 3276)
4(2949 3281 3291 2959)
4(2950 2960 3292 3282)
4(2951 3283 3293 2961)
4(2953 3285 3295 2963)
4(2954 2964 3296 3286)
4(2959 3291 3301 2969)
4(2960 2970 3302 3292)
4(2961 3293 3303 2971)
4(2963 3295 3305 2973)
4(2964 2974 3306 3296)
4(2969 3301 3311 2979)
4(2970 2980 3312 3302)
4(2971 3303 3313 2981)
4(2973 3305 3315 2983)
4(2974 2984 3316 3306)
4(2979 3311 3321 2989)
4(2980 2990 3322 3312)
4(2981 3313 3323 2991)
4(2983 3315 3325 2993)
4(2984 2994 3326 3316)
4(2989 3321 3331 2999)
4(2990 3000 3332 3322)
4(2991 3323 3333 3001)
4(2993 3325 3335 3003)
4(2994 3004 3336 3326)
4(2999 3331 3341 3009)
4(3000 3010 3342 3332)
4(3001 3333 3343 3011)
4(3003 3335 3345 3013)
4(3004 3014 3346 3336)
4(3009 3341 3351 3019)
4(3010 3020 3352 3342)
4(3011 3343 3353 3021)
4(3013 3345 3355 3023)
4(3014 3024 3356 3346)
4(3019 3351 3361 3029)
4(3020 3030 3362 3352)
4(3021 3353 3363 3031)
4(3023 3355 3365 3033)
4(3024 3034 3366 3356)
4(3029 3361 3371 3039)
4(3030 3040 3372 3362)
4(3031 3363 3373 3041)
4(3033 3365 3375 3043)
4(3034 3044 3376 3366)
4(3039 3371 3381 3049)
4(3040 3050 3382 3372)
4(3041 3373 3383 3051)
4(3043 3375 3385 3053)
4(3044 3054 3386 3376)
4(3049 3381 3391 3059)
4(3050 3060 3392 3382)
4(3051 3383 3393 3061)
4(3053 3385 3395 3063)
4(3054 3064 3396 3386)
4(3059 3391 3401 3069)
4(3060 3070 3402 3392)
4(3061 3393 3403 3071)
4(3063 3395 3405 3073)
4(3064 3074 3406 3396)
4(3069 3401 3411 3079)
4(3070 3080 3412 3402)
4(3071 3403 3413 3081)
4(3073 3405 3415 3083)
4(3074 3084 3416 3406)
4(3079 3411 3421 3089)
4(3080 3090 3422 3412)
4(3081 3413 3423 3091)
4(3083 3415 3425 3093)
4(3084 3094 3426 3416)
4(3089 3421 3431 3099)
4(3090 3100 3432 3422)
4(3091 3423 3433 3101)
4(3093 3425 3435 3103)
4(3094 3104 3436 3426)
4(3099 3431 3441 3109)
4(3100 3110 3442 3432)
4(3101 3433 3443 3111)
4(3103 3435 3445 3113)
4(3104 3114 3446 3436)
4(3109 3441 3451 3119)
4(3110 3120 3452 3442)
4(3111 3443 3453 3121)
4(3113 3445 3455 3123)
4(3114 3124 3456 3446)
4(3124 3125 3457 3456)
4(3125 3126 3458 3457)
4(3126 3127 3459 3458)
4(3127 3128 3460 3459)
4(3119 3451 3461 3129)
4(3128 3129 3461 3460)
4(3120 3130 3462 3452)
4(3121 3453 3463 3131)
4(3123 3455 3465 3133)
4(3130 3134 3466 3462)
4(3131 3463 3467 3135)
4(3133 3465 3469 3137)
4(3134 3138 3470 3466)
4(3135 3467 3471 3139)
4(3137 3469 3473 3141)
4(3138 3142 3474 3470)
4(3139 3471 3475 3143)
4(3141 3473 3477 3145)
4(3142 3146 3478 3474)
4(3143 3475 3479 3147)
4(3145 3477 3481 3149)
4(3146 3150 3482 3478)
4(3147 3479 3483 3151)
4(3149 3481 3485 3153)
4(3150 3154 3486 3482)
4(3151 3483 3487 3155)
4(3153 3485 3489 3157)
4(3154 3158 3490 3486)
4(3155 3487 3491 3159)
4(3157 3489 3493 3161)
4(3158 3162 3494 3490)
4(3159 3491 3495 3163)
4(3161 3493 3497 3165)
4(3162 3166 3498 3494)
4(3163 3495 3499 3167)
4(3165 3497 3501 3169)
4(3166 3170 3502 3498)
4(3167 3499 3503 3171)
4(3169 3501 3505 3173)
4(3170 3174 3506 3502)
4(3171 3503 3507 3175)
4(3173 3505 3509 3177)
4(3174 3178 3510 3506)
4(3175 3507 3511 3179)
4(3177 3509 3513 3181)
4(3181 3513 3514 3182)
4(3182 3514 3515 3183)
4(3183 3515 3516 3184)
4(3184 3516 3517 3185)
4(3185 3517 3518 3186)
4(3186 3518 3519 3187)
4(3178 3188 3520 3510)
4(3187 3519 3520 3188)
4(3179 3511 3521 3189)
4(3190 3191 3523 3522)
4(3191 3192 3524 3523)
4(3192 3193 3525 3524)
4(3193 3194 3526 3525)
4(3194 3195 3527 3526)
4(3195 3196 3528 3527)
4(3196 3197 3529 3528)
4(3197 3198 3530 3529)
4(3189 3521 3531 3199)
4(3198 3199 3531 3530)
4(3200 3532 3533 3201)
4(3202 3534 3535 3203)
4(3201 3533 3537 3205)
4(3202 3206 3538 3534)
4(3203 3535 3539 3207)
4(3205 3537 3541 3209)
4(3206 3210 3542 3538)
4(3207 3539 3543 3211)
4(3209 3541 3545 3213)
4(3210 3214 3546 3542)
4(3211 3543 3547 3215)
4(3213 3545 3549 3217)
4(3214 3218 3550 3546)
4(3215 3547 3551 3219)
4(3217 3549 3553 3221)
4(3218 3222 3554 3550)
4(3219 3551 3555 3223)
4(3221 3553 3557 3225)
4(3222 3226 3558 3554)
4(3223 3555 3559 3227)
4(3225 3557 3561 3229)
4(3226 3230 3562 3558)
4(3227 3559 3563 3231)
4(3229 3561 3565 3233)
4(3230 3234 3566 3562)
4(3231 3563 3567 3235)
4(3233 3565 3569 3237)
4(3234 3238 3570 3566)
4(3235 3567 3571 3239)
4(3237 3569 3573 3241)
4(3238 3242 3574 3570)
4(3239 3571 3575 3243)
4(3241 3573 3577 3245)
4(3246 3578 3579 3247)
4(3247 3579 3580 3248)
4(3248 3580 3581 3249)
4(3249 3581 3582 3250)
4(3250 3582 3583 3251)
4(3242 3252 3584 3574)
4(3243 3575 3585 3253)
4(3245 3577 3587 3255)
4(3246 3256 3588 3578)
4(3251 3583 3593 3261)
4(3252 3262 3594 3584)
4(3253 3585 3595 3263)
4(3255 3587 3597 3265)
4(3256 3266 3598 3588)
4(3261 3593 3603 3271)
4(3262 3272 3604 3594)
4(3263 3595 3605 3273)
4(3265 3597 3607 3275)
4(3266 3276 3608 3598)
4(3271 3603 3613 3281)
4(3272 3282 3614 3604)
4(3273 3605 3615 3283)
4(3275 3607 3617 3285)
4(3276 3286 3618 3608)
4(3281 3613 3623 3291)
4(3282 3292 3624 3614)
4(3283 3615 3625 3293)
4(3285 3617 3627 3295)
4(3286 3296 3628 3618)
4(3291 3623 3633 3301)
4(3292 3302 3634 3624)
4(3293 3625 3635 3303)
4(3295 3627 3637 3305)
4(3296 3306 3638 3628)
4(3301 3633 3643 3311)
4(3302 3312 3644 3634)
4(3303 3635 3645 3313)
4(3305 3637 3647 3315)
4(3306 3316 3648 3638)
4(3311 3643 3653 3321)
4(3312 3322 3654 3644)
4(3313 3645 3655 3323)
4(3315 3647 3657 3325)
4(3316 3326 3658 3648)
4(3321 3653 3663 3331)
4(3322 3332 3664 3654)
4(3323 3655 3665 3333)
4(3325 3657 3667 3335)
4(3326 3336 3668 3658)
4(3331 3663 3673 3341)
4(3332 3342 3674 3664)
4(3333 3665 3675 3343)
4(3335 3667 3677 3345)
4(3336 3346 3678 3668)
4(3341 3673 3683 3351)
4(3342 3352 3684 3674)
4(3343 3675 3685 3353)
4(3345 3677 3687 3355)
4(3346 3356 3688 3678)
4(3351 3683 3693 3361)
4(3352 3362 3694 3684)
4(3353 3685 3695 3363)
4(3355 3687 3697 3365)
4(3356 3366 3698 3688)
4(3361 3693 3703 3371)
4(3362 3372 3704 3694)
4(3363 3695 3705 3373)
4(3365 3697 3707 3375)
4(3366 3376 3708 3698)
4(3371 3703 3713 3381)
4(3372 3382 3714 3704)
4(3373 3705 3715 3383)
4(3375 3707 3717 3385)
4(3376 3386 3718 3708)
4(3381 3713 3723 3391)
4(3382 3392 3724 3714)
4(3383 3715 3725 3393)
4(3385 3717 3727 3395)
4(3386 3396 3728 3718)
4(3391 3723 3733 3401)
4(3392 3402 3734 3724)
4(3393 3725 3735 3403)
4(3395 3727 3737 3405)
4(3396 3406 3738 3728)
4(3401 3733 3743 3411)
4(3402 3412 3744 3734)
4(3403 3735 3745 3413)
4(3405 3737 3747 3415)
4(3406 3416 3748 3738)
4(3411 3743 3753 3421)
4(3412 3422 3754 3744)
4(3413 3745 3755 3423)
4(3415 3747 3757 3425)
4(3416 3426 3758 3748)
4(3421 3753 3763 3431)
4(3422 3432 3764 3754)
4(3423 3755 3765 3433)
4(3425 3757 3767 3435)
4(3426 3436 3768 3758)
4(3431 3763 3773 3441)
4(3432 3442 3774 3764)
4(3433 3765 3775 3443)
4(3435 3767 3777 3445)
4(3436 3446 3778 3768)
4(3441 3773 3783 3451)
4(3442 3452 3784 3774)
4(3443 3775 3785 3453)
4(3445 3777 3787 3455)
4(3446 3456 3788 3778)
4(3456 3457 3789 3788)
4(3457 3458 3790 3789)
4(3458 3459 3791 3790)
4(3459 3460 3792 3791)
4(3451 3783 3793 3461)
4(3460 3461 3793 3792)
4(3452 3462 3794 3784)
4(3453 3785 3795 3463)
4(3455 3787 3797 3465)
4(3462 3466 3798 3794)
4(3463 3795 3799 3467)
4(3465 3797 3801 3469)
4(3466 3470 3802 3798)
4(3467 3799 3803 3471)
4(3469 3801 3805 3473)
4(3470 3474 3806 3802)
4(3471 3803 3807 3475)
4(3473 3805 3809 3477)
4(3474 3478 3810 3806)
4(3475 3807 3811 3479)
4(3477 3809 3813 3481)
4(3478 3482 3814 3810)
4(3479 3811 3815 3483)
4(3481 3813 3817 3485)
4(3482 3486 3818 3814)
4(3483 3815 3819 3487)
4(3485 3817 3821 3489)
4(3486 3490 3822 3818)
4(3487 3819 3823 3491)
4(3489 3821 3825 3493)
4(3490 3494 3826 3822)
4(3491 3823 3827 3495)
4(3493 3825 3829 3497)
4(3494 3498 3830 3826)
4(3495 3827 3831 3499)
4(3497 3829 3833 3501)
4(3498 3502 3834 3830)
4(3499 3831 3835 3503)
4(3501 3833 3837 3505)
4(3502 3506 3838 3834)
4(3503 3835 3839 3507)
4(3505 3837 3841 3509)
4(3506 3510 3842 3838)
4(3507 3839 3843 3511)
4(3509 3841 3845 3513)
4(3513 3845 3846 3514)
4(3514 3846 3847 3515)
4(3515 3847 3848 3516)
4(3516 3848 3849 3517)
4(3517 3849 3850 3518)
4(3518 3850 3851 3519)
4(3510 3520 3852 3842)
4(3519 3851 3852 3520)
4(3511 3843 3853 3521)
4(3522 3523 3855 3854)
4(3523 3524 3856 3855)
4(3524 3525 3857 3856)
4(3525 3526 3858 3857)
4(3526 3527 3859 3858)
4(3527 3528 3860 3859)
4(3528 3529 3861 3860)
4(3529 3530 3862 3861)
4(3521 3853 3863 3531)
4(3530 3531 3863 3862)
4(3532 3864 3865 3533)
4(3534 3866 3867 3535)
4(3533 3865 3869 3537)
4(3534 3538 3870 3866)
4(3535 3867 3871 3539)
4(3537 3869 3873 3541)
4(3538 3542 3874 3870)
4(3539 3871 3875 3543)
4(3541 3873 3877 3545)
4(3542 3546 3878 3874)
4(3543 3875 3879 3547)
4(3545 3877 3881 3549)
4(3546 3550 3882 3878)
4(3547 3879 3883 3551)
4(3549 3881 3885 3553)
4(3550 3554 3886 3882)
4(3551 3883 3887 3555)
4(3553 3885 3889 3557)
4(3554 3558 3890 3886)
4(3555 3887 3891 3559)
4(3557 3889 3893 3561)
4(3558 3562 3894 3890)
4(3559 3891 3895 3563)
4(3561 3893 3897 3565)
4(3562 3566 3898 3894)
4(3563 3895 3899 3567)
4(3565 3897 3901 3569)
4(3566 3570 3902 3898)
4(3567 3899 3903 3571)
4(3569 3901 3905 3573)
4(3570 3574 3906 3902)
4(3571 3903 3907 3575)
4(3573 3905 3909 3577)
4(3578 3910 3911 3579)
4(3579 3911 3912 3580)
4(3580 3912 3913 3581)
4(3581 3913 3914 3582)
4(3582 3914 3915 3583)
4(3574 3584 3916 3906)
4(3575 3907 3917 3585)
4(3577 3909 3919 3587)
4(3578 3588 3920 3910)
4(3583 3915 3925 3593)
4(3584 3594 3926 3916)
4(3585 3917 3927 3595)
4(3587 3919 3929 3597)
4(3588 3598 3930 3920)
4(3593 3925 3935 3603)
4(3594 3604 3936 3926)
4(3595 3927 3937 3605)
4(3597 3929 3939 3607)
4(3598 3608 3940 3930)
4(3603 3935 3945 3613)
4(3604 3614 3946 3936)
4(3605 3937 3947 3615)
4(3607 3939 3949 3617)
4(3608 3618 3950 3940)
4(3613 3945 3955 3623)
4(3614 3624 3956 3946)
4(3615 3947 3957 3625)
4(3617 3949 3959 3627)
4(3618 3628 3960 3950)
4(3623 3955 3965 3633)
4(3624 3634 3966 3956)
4(3625 3957 3967 3635)
4(3627 3959 3969 3637)
4(3628 3638 3970 3960)
4(3633 3965 3975 3643)
4(3634 3644 3976 3966)
4(3635 3967 3977 3645)
4(3637 3969 3979 3647)
4(3638 3648 3980 3970)
4(3643 3975 3985 3653)
4(3644 3654 3986 3976)
4(3645 3977 3987 3655)
4(3647 3979 3989 3657)
4(3648 3658 3990 3980)
4(3653 3985 3995 3663)
4(3654 3664 3996 3986)
4(3655 3987 3997 3665)
4(3657 3989 3999 3667)
4(3658 3668 4000 3990)
4(3663 3995 4005 3673)
4(3664 3674 4006 3996)
4(3665 3997 4007 3675)
4(3667 3999 4009 3677)
4(3668 3678 4010 4000)
4(3673 4005 4015 3683)
4(3674 3684 4016 4006)
4(3675 4007 4017 3685)
4(3677 4009 4019 3687)
4(3678 3688 4020 4010)
4(3683 4015 4025 3693)
4(3684 3694 4026 4016)
4(3685 4017 4027 3695)
4(3687 4019 4029 3697)
4(3688 3698 4030 4020)
4(3693 4025 4035 3703)
4(3694 3704 4036 4026)
4(3695 4027 4037 3705)
4(3697 4029 4039 3707)
4(3698 3708 4040 4030)
4(3703 4035 4045 3713)
4(3704 3714 4046 4036)
4(3705 4037 4047 3715)
4(3707 4039 4049 3717)
4(3708 3718 4050 4040)
4(3713 4045 4055 3723)
4(3714 3724 4056 4046)
4(3715 4047 4057 3725)
4(3717 4049 4059 3727)
4(3718 3728 4060 4050)
4(3723 4055 4065 3733)
4(3724 3734 4066 4056)
4(3725 4057 4067 3735)
4(3727 4059 4069 3737)
4(3728 3738 4070 4060)
4(3733 4065 4075 3743)
4(3734 3744 4076 4066)
4(3735 4067 4077 3745)
4(3737 4069 4079 3747)
4(3738 3748 4080 4070)
4(3743 4075 4085 3753)
4(3744 3754 4086 4076)
4(3745 4077 4087 3755)
4(3747 4079 4089 3757)
4(3748 3758 4090 4080)
4(3753 4085 4095 3763)
4(3754 3764 4096 4086)
4(3755 4087 4097 3765)
4(3757 4089 4099 3767)
4(3758 3768 4100 4090)
4(3763 4095 4105 3773)
4(3764 3774 4106 4096)
4(3765 4097 4107 3775)
4(3767 4099 4109 3777)
4(3768 3778 4110 4100)
4(3773 4105 4115 3783)
4(3774 3784 4116 4106)
4(3775 4107 4117 3785)
4(3777 4109 4119 3787)
4(3778 3788 4120 4110)
4(3788 3789 4121 4120)
4(3789 3790 4122 4121)
4(3790 3791 4123 4122)
4(3791 3792 4124 4123)
4(3783 4115 4125 3793)
4(3792 3793 4125 4124)
4(3784 3794 4126 4116)
4(3785 4117 4127 3795)
4(3787 4119 4129 3797)
4(3794 3798 4130 4126)
4(3795 4127 4131 3799)
4(3797 4129 4133 3801)
4(3798 3802 4134 4130)
4(3799 4131 4135 3803)
4(3801 4133 4137 3805)
4(3802 3806 4138 4134)
4(3803 4135 4139 3807)
4(3805 4137 4141 3809)
4(3806 3810 4142 4138)
4(3807 4139 4143 3811)
4(3809 4141 4145 3813)
4(3810 3814 4146 4142)
4(3811 4143 4147 3815)
4(3813 4145 4149 3817)
4(3814 3818 4150 4146)
4(3815 4147 4151 3819)
4(3817 4149 4153 3821)
4(3818 3822 4154 4150)
4(3819 4151 4155 3823)
4(3821 4153 4157 3825)
4(3822 3826 4158 4154)
4(3823 4155 4159 3827)
4(3825 4157 4161 3829)
4(3826 3830 4162 4158)
4(3827 4159 4163 3831)
4(3829 4161 4165 3833)
4(3830 3834 4166 4162)
4(3831 4163 4167 3835)
4(3833 4165 4169 3837)
4(3834 3838 4170 4166)
4(3835 4167 4171 3839)
4(3837 4169 4173 3841)
4(3838 3842 4174 4170)
4(3839 4171 4175 3843)
4(3841 4173 4177 3845)
4(3845 4177 4178 3846)
4(3846 4178 4179 3847)
4(3847 4179 4180 3848)
4(3848 4180 4181 3849)
4(3849 4181 4182 3850)
4(3850 4182 4183 3851)
4(3842 3852 4184 4174)
4(3851 4183 4184 3852)
4(3843 4175 4185 3853)
4(3854 3855 4187 4186)
4(3855 3856 4188 4187)
4(3856 3857 4189 4188)
4(3857 3858 4190 4189)
4(3858 3859 4191 4190)
4(3859 3860 4192 4191)
4(3860 3861 4193 4192)
4(3861 3862 4194 4193)
4(3853 4185 4195 3863)
4(3862 3863 4195 4194)
4(3864 4196 4197 3865)
4(3866 4198 4199 3867)
4(3865 4197 4201 3869)
4(3866 3870 4202 4198)
4(3867 4199 4203 3871)
4(3869 4201 4205 3873)
4(3870 3874 4206 4202)
4(3871 4203 4207 3875)
4(3873 4205 4209 3877)
4(3874 3878 4210 4206)
4(3875 4207 4211 3879)
4(3877 4209 4213 3881)
4(3878 3882 4214 4210)
4(3879 4211 4215 3883)
4(3881 4213 4217 3885)
4(3882 3886 4218 4214)
4(3883 4215 4219 3887)
4(3885 4217 4221 3889)
4(3886 3890 4222 4218)
4(3887 4219 4223 3891)
4(3889 4221 4225 3893)
4(3890 3894 4226 4222)
4(3891 4223 4227 3895)
4(3893 4225 4229 3897)
4(3894 3898 4230 4226)
4(3895 4227 4231 3899)
4(3897 4229 4233 3901)
4(3898 3902 4234 4230)
4(3899 4231 4235 3903)
4(3901 4233 4237 3905)
4(3902 3906 4238 4234)
4(3903 4235 4239 3907)
4(3905 4237 4241 3909)
4(3910 4242 4243 3911)
4(3911 4243 4244 3912)
4(3912 4244 4245 3913)
4(3913 4245 4246 3914)
4(3914 4246 4247 3915)
4(3906 3916 4248 4238)
4(3907 4239 4249 3917)
4(3909 4241 4251 3919)
4(3910 3920 4252 4242)
4(3915 4247 4257 3925)
4(3916 3926 4258 4248)
4(3917 4249 4259 3927)
4(3919 4251 4261 3929)
4(3920 3930 4262 4252)
4(3925 4257 4267 3935)
4(3926 3936 4268 4258)
4(3927 4259 4269 3937)
4(3929 4261 4271 3939)
4(3930 3940 4272 4262)
4(3935 4267 4277 3945)
4(3936 3946 4278 4268)
4(3937 4269 4279 3947)
4(3939 4271 4281 3949)
4(3940 3950 4282 4272)
4(3945 4277 4287 3955)
4(3946 3956 4288 4278)
4(3947 4279 4289 3957)
4(3949 4281 4291 3959)
4(3950 3960 4292 4282)
4(3955 4287 4297 3965)
4(3956 3966 4298 4288)
4(3957 4289 4299 3967)
4(3959 4291 4301 3969)
4(3960 3970 4302 4292)
4(3965 4297 4307 3975)
4(3966 3976 4308 4298)
4(3967 4299 4309 3977)
4(3969 4301 4311 3979)
4(3970 3980 4312 4302)
4(3975 4307 4317 3985)
4(3976 3986 4318 4308)
4(3977 4309 4319 3987)
4(3979 4311 4321 3989)
4(3980 3990 4322 4312)
4(3985 4317 4327 3995)
4(3986 3996 4328 4318)
4(3987 4319 4329 3997)
4(3989 4321 4331 3999)
4(3990 4000 4332 4322)
4(3995 4327 4337 4005)
4(3996 4006 4338 4328)
4(3997 4329 4339 4007)
4(3999 4331 4341 4009)
4(4000 4010 4342 4332)
4(4005 4337 4347 4015)
4(4006 4016 4348 4338)
4(4007 4339 4349 4017)
4(4009 4341 4351 4019)
4(4010 4020 4352 4342)
4(4015 4347 4357 4025)
4(4016 4026 4358 4348)
4(4017 4349 4359 4027)
4(4019 4351 4361 4029)
4(4020 4030 4362 4352)
4(4025 4357 4367 4035)
4(4026 4036 4368 4358)
4(4027 4359 4369 4037)
4(4029 4361 4371 4039)
4(4030 4040 4372 4362)
4(4035 4367 4377 4045)
4(4036 4046 4378 4368)
4(4037 4369 4379 4047)
4(4039 4371 4381 4049)
4(4040 4050 4382 4372)
4(4045 4377 4387 4055)
4(4046 4056 4388 4378)
4(4047 4379 4389 4057)
4(4049 4381 4391 4059)
4(4050 4060 4392 4382)
4(4055 4387 4397 4065)
4(4056 4066 4398 4388)
4(4057 4389 4399 4067)
4(4059 4391 4401 4069)
4(4060 4070 4402 4392)
4(4065 4397 4407 4075)
4(4066 4076 4408 4398)
4(4067 4399 4409 4077)
4(4069 4401 4411 4079)
4(4070 4080 4412 4402)
4(4075 4407 4417 4085)
4(4076 4086 4418 4408)
4(4077 4409 4419 4087)
4(4079 4411 4421 4089)
4(4080 4090 4422 4412)
4(4085 4417 4427 4095)
4(4086 4096 4428 4418)
4(4087 4419 4429 4097)
4(4089 4421 4431 4099)
4(4090 4100 4432 4422)
4(4095 4427 4437 4105)
4(4096 4106 4438 4428)
4(4097 4429 4439 4107)
4(4099 4431 4441 4109)
4(4100 4110 4442 4432)
4(4105 4437 4447 4115)
4(4106 4116 4448 4438)
4(4107 4439 4449 4117)
4(4109 4441 4451 4119)
4(4110 4120 4452 4442)
4(4120 4121 4453 4452)
4(4121 4122 4454 4453)
4(4122 4123 4455 4454)
4(4123 4124 4456 4455)
4(4115 4447 4457 4125)
4(4124 4125 4457 4456)
4(4116 4126 4458 4448)
4(4117 4449 4459 4127)
4(4119 4451 4461 4129)
4(4126 4130 4462 4458)
4(4127 4459 4463 4131)
4(4129 4461 4465 4133)
4(4130 4134 4466 4462)
4(4131 4463 4467 4135)
4(4133 4465 4469 4137)
4(4134 4138 4470 4466)
4(4135 4467 4471 4139)
4(4137 4469 4473 4141)
4(4138 4142 4474 4470)
4(4139 4471 4475 4143)
4(4141 4473 4477 4145)
4(4142 4146 4478 4474)
4(4143 4475 4479 4147)
4(4145 4477 4481 4149)
4(4146 4150 4482 4478)
4(4147 4479 4483 4151)
4(4149 4481 4485 4153)
4(4150 4154 4486 4482)
4(4151 4483 4487 4155)
4(4153 4485 4489 4157)
4(4154 4158 4490 4486)
4(4155 4487 4491 4159)
4(4157 4489 4493 4161)
4(4158 4162 4494 4490)
4(4159 4491 4495 4163)
4(4161 4493 4497 4165)
4(4162 4166 4498 4494)
4(4163 4495 4499 4167)
4(4165 4497 4501 4169)
4(4166 4170 4502 4498)
4(4167 4499 4503 4171)
4(4169 4501 4505 4173)
4(4170 4174 4506 4502)
4(4171 4503 4507 4175)
4(4173 4505 4509 4177)
4(4177 4509 4510 4178)
4(4178 4510 4511 4179)
4(4179 4511 4512 4180)
4(4180 4512 4513 4181)
4(4181 4513 4514 4182)
4(4182 4514 4515 4183)
4(4174 4184 4516 4506)
4(4183 4515 4516 4184)
4(4175 4507 4517 4185)
4(4186 4187 4519 4518)
4(4187 4188 4520 4519)
4(4188 4189 4521 4520)
4(4189 4190 4522 4521)
4(4190 4191 4523 4522)
4(4191 4192 4524 4523)
4(4192 4193 4525 4524)
4(4193 4194 4526 4525)
4(4185 4517 4527 4195)
4(4194 4195 4527 4526)
4(4196 4528 4529 4197)
4(4198 4530 4531 4199)
4(4197 4529 4533 4201)
4(4198 4202 4534 4530)
4(4199 4531 4535 4203)
4(4201 4533 4537 4205)
4(4202 4206 4538 4534)
4(4203 4535 4539 4207)
4(4205 4537 4541 4209)
4(4206 4210 4542 4538)
4(4207 4539 4543 4211)
4(4209 4541 4545 4213)
4(4210 4214 4546 4542)
4(4211 4543 4547 4215)
4(4213 4545 4549 4217)
4(4214 4218 4550 4546)
4(4215 4547 4551 4219)
4(4217 4549 4553 4221)
4(4218 4222 4554 4550)
4(4219 4551 4555 4223)
4(4221 4553 4557 4225)
4(4222 4226 4558 4554)
4(4223 4555 4559 4227)
4(4225 4557 4561 4229)
4(4226 4230 4562 4558)
4(4227 4559 4563 4231)
4(4229 4561 4565 4233)
4(4230 4234 4566 4562)
4(4231 4563 4567 4235)
4(4233 4565 4569 4237)
4(4234 4238 4570 4566)
4(4235 4567 4571 4239)
4(4237 4569 4573 4241)
4(4242 4574 4575 4243)
4(4243 4575 4576 4244)
4(4244 4576 4577 4245)
4(4245 4577 4578 4246)
4(4246 4578 4579 4247)
4(4238 4248 4580 4570)
4(4239 4571 4581 4249)
4(4241 4573 4583 4251)
4(4242 4252 4584 4574)
4(4247 4579 4589 4257)
4(4248 4258 4590 4580)
4(4249 4581 4591 4259)
4(4251 4583 4593 4261)
4(4252 4262 4594 4584)
4(4257 4589 4599 4267)
4(4258 4268 4600 4590)
4(4259 4591 4601 4269)
4(4261 4593 4603 4271)
4(4262 4272 4604 4594)
4(4267 4599 4609 4277)
4(4268 4278 4610 4600)
4(4269 4601 4611 4279)
4(4271 4603 4613 4281)
4(4272 4282 4614 4604)
4(4277 4609 4619 4287)
4(4278 4288 4620 4610)
4(4279 4611 4621 4289)
4(4281 4613 4623 4291)
4(4282 4292 4624 4614)
4(4287 4619 4629 4297)
4(4288 4298 4630 4620)
4(4289 4621 4631 4299)
4(4291 4623 4633 4301)
4(4292 4302 4634 4624)
4(4297 4629 4639 4307)
4(4298 4308 4640 4630)
4(4299 4631 4641 4309)
4(4301 4633 4643 4311)
4(4302 4312 4644 4634)
4(4307 4639 4649 4317)
4(4308 4318 4650 4640)
4(4309 4641 4651 4319)
4(4311 4643 4653 4321)
4(4312 4322 4654 4644)
4(4317 4649 4659 4327)
4(4318 4328 4660 4650)
4(4319 4651 4661 4329)
4(4321 4653 4663 4331)
4(4322 4332 4664 4654)
4(4327 4659 4669 4337)
4(4328 4338 4670 4660)
4(4329 4661 4671 4339)
4(4331 4663 4673 4341)
4(4332 4342 4674 4664)
4(4337 4669 4679 4347)
4(4338 4348 4680 4670)
4(4339 4671 4681 4349)
4(4341 4673 4683 4351)
4(4342 4352 4684 4674)
4(4347 4679 4689 4357)
4(4348 4358 4690 4680)
4(4349 4681 4691 4359)
4(4351 4683 4693 4361)
4(4352 4362 4694 4684)
4(4357 4689 4699 4367)
4(4358 4368 4700 4690)
4(4359 4691 4701 4369)
4(4361 4693 4703 4371)
4(4362 4372 4704 4694)
4(4367 4699 4709 4377)
4(4368 4378 4710 4700)
4(4369 4701 4711 4379)
4(4371 4703 4713 4381)
4(4372 4382 4714 4704)
4(4377 4709 4719 4387)
4(4378 4388 4720 4710)
4(4379 4711 4721 4389)
4(4381 4713 4723 4391)
4(4382 4392 4724 4714)
4(4387 4719 4729 4397)
4(4388 4398 4730 4720)
4(4389 4721 4731 4399)
4(4391 4723 4733 4401)
4(4392 4402 4734 4724)
4(4397 4729 4739 4407)
4(4398 4408 4740 4730)
4(4399 4731 4741 4409)
4(4401 4733 4743 4411)
4(4402 4412 4744 4734)
4(4407 4739 4749 4417)
4(4408 4418 4750 4740)
4(4409 4741 4751 4419)
4(4411 4743 4753 4421)
4(4412 4422 4754 4744)
4(4417 4749 4759 4427)
4(4418 4428 4760 4750)
4(4419 4751 4761 4429)
4(4421 4753 4763 4431)
4(4422 4432 4764 4754)
4(4427 4759 4769 4437)
4(4428 4438 4770 4760)
4(4429 4761 4771 4439)
4(4431 4763 4773 4441)
4(4432 4442 4774 4764)
4(4437 4769 4779 4447)
4(4438 4448 4780 4770)
4(4439 4771 4781 4449)
4(4441 4773 4783 4451)
4(4442 4452 4784 4774)
4(4452 4453 4785 4784)
4(4453 4454 4786 4785)
4(4454 4455 4787 4786)
4(4455 4456 4788 4787)
4(4447 4779 4789 4457)
4(4456 4457 4789 4788)
4(4448 4458 4790 4780)
4(4449 4781 4791 4459)
4(4451 4783 4793 4461)
4(4458 4462 4794 4790)
4(4459 4791 4795 4463)
4(4461 4793 4797 4465)
4(4462 4466 4798 4794)
4(4463 4795 4799 4467)
4(4465 4797 4801 4469)
4(4466 4470 4802 4798)
4(4467 4799 4803 4471)
4(4469 4801 4805 4473)
4(4470 4474 4806 4802)
4(4471 4803 4807 4475)
4(4473 4805 4809 4477)
4(4474 4478 4810 4806)
4(4475 4807 4811 4479)
4(4477 4809 4813 4481)
4(4478 4482 4814 4810)
4(4479 4811 4815 4483)
4(4481 4813 4817 4485)
4(4482 4486 4818 4814)
4(4483 4815 4819 4487)
4(4485 4817 4821 4489)
4(4486 4490 4822 4818)
4(4487 4819 4823 4491)
4(4489 4821 4825 4493)
4(4490 4494 4826 4822)
4(4491 4823 4827 4495)
4(4493 4825 4829 4497)
4(4494 4498 4830 4826)
4(4495 4827 4831 4499)
4(4497 4829 4833 4501)
4(4498 4502 4834 4830)
4(4499 4831 4835 4503)
4(4501 4833 4837 4505)
4(4502 4506 4838 4834)
4(4503 4835 4839 4507)
4(4505 4837 4841 4509)
4(4509 4841 4842 4510)
4(4510 4842 4843 4511)
4(4511 4843 4844 4512)
4(4512 4844 4845 4513)
4(4513 4845 4846 4514)
4(4514 4846 4847 4515)
4(4506 4516 4848 4838)
4(4515 4847 4848 4516)
4(4507 4839 4849 4517)
4(4518 4519 4851 4850)
4(4519 4520 4852 4851)
4(4520 4521 4853 4852)
4(4521 4522 4854 4853)
4(4522 4523 4855 4854)
4(4523 4524 4856 4855)
4(4524 4525 4857 4856)
4(4525 4526 4858 4857)
4(4517 4849 4859 4527)
4(4526 4527 4859 4858)
4(4528 4860 4861 4529)
4(4530 4868 4869 4531)
4(4529 4861 4871 4533)
4(4861 4862 4872 4871)
4(4862 4863 4873 4872)
4(4863 4864 4874 4873)
4(4864 4865 4875 4874)
4(4865 4866 4876 4875)
4(4866 4867 4877 4876)
4(4530 4534 4878 4868)
4(4867 4868 4878 4877)
4(4531 4869 4879 4535)
4(4533 4871 4881 4537)
4(4534 4538 4882 4878)
4(4535 4879 4883 4539)
4(4537 4881 4885 4541)
4(4538 4542 4886 4882)
4(4539 4883 4887 4543)
4(4541 4885 4889 4545)
4(4542 4546 4890 4886)
4(4543 4887 4891 4547)
4(4545 4889 4893 4549)
4(4546 4550 4894 4890)
4(4547 4891 4895 4551)
4(4549 4893 4897 4553)
4(4550 4554 4898 4894)
4(4551 4895 4899 4555)
4(4553 4897 4901 4557)
4(4554 4558 4902 4898)
4(4555 4899 4903 4559)
4(4557 4901 4905 4561)
4(4558 4562 4906 4902)
4(4559 4903 4907 4563)
4(4561 4905 4909 4565)
4(4562 4566 4910 4906)
4(4563 4907 4911 4567)
4(4565 4909 4913 4569)
4(4566 4570 4914 4910)
4(4567 4911 4915 4571)
4(4569 4913 4917 4573)
4(4574 4918 4919 4575)
4(4575 4919 4920 4576)
4(4576 4920 4921 4577)
4(4577 4921 4922 4578)
4(4578 4922 4923 4579)
4(4570 4580 4924 4914)
4(4571 4915 4925 4581)
4(4573 4917 4927 4583)
4(4574 4584 4928 4918)
4(4579 4923 4933 4589)
4(4580 4590 4934 4924)
4(4581 4925 4935 4591)
4(4583 4927 4937 4593)
4(4584 4594 4938 4928)
4(4589 4933 4943 4599)
4(4590 4600 4944 4934)
4(4591 4935 4945 4601)
4(4593 4937 4947 4603)
4(4594 4604 4948 4938)
4(4599 4943 4953 4609)
4(4600 4610 4954 4944)
4(4601 4945 4955 4611)
4(4603 4947 4957 4613)
4(4604 4614 4958 4948)
4(4609 4953 4963 4619)
4(4610 4620 4964 4954)
4(4611 4955 4965 4621)
4(4613 4957 4967 4623)
4(4614 4624 4968 4958)
4(4619 4963 4973 4629)
4(4620 4630 4974 4964)
4(4621 4965 4975 4631)
4(4623 4967 4977 4633)
4(4624 4634 4978 4968)
4(4629 4973 4983 4639)
4(4630 4640 4984 4974)
4(4631 4975 4985 4641)
4(4633 4977 4987 4643)
4(4634 4644 4988 4978)
4(4639 4983 4993 4649)
4(4640 4650 4994 4984)
4(4641 4985 4995 4651)
4(4643 4987 4997 4653)
4(4644 4654 4998 4988)
4(4649 4993 5003 4659)
4(4650 4660 5004 4994)
4(4651 4995 5005 4661)
4(4653 4997 5007 4663)
4(4654 4664 5008 4998)
4(4659 5003 5013 4669)
4(4660 4670 5014 5004)
4(4661 5005 5015 4671)
4(4663 5007 5017 4673)
4(4664 4674 5018 5008)
4(4669 5013 5023 4679)
4(4670 4680 5024 5014)
4(4671 5015 5025 4681)
4(4673 5017 5027 4683)
4(4674 4684 5028 5018)
4(4679 5023 5033 4689)
4(4680 4690 5034 5024)
4(4681 5025 5035 4691)
4(4683 5027 5037 4693)
4(4684 4694 5038 5028)
4(4689 5033 5043 4699)
4(4690 4700 5044 5034)
4(4691 5035 5045 4701)
4(4693 5037 5047 4703)
4(4694 4704 5048 5038)
4(4699 5043 5053 4709)
4(4700 4710 5054 5044)
4(4701 5045 5055 4711)
4(4703 5047 5057 4713)
4(4704 4714 5058 5048)
4(4709 5053 5063 4719)
4(4710 4720 5064 5054)
4(4711 5055 5065 4721)
4(4713 5057 5067 4723)
4(4714 4724 5068 5058)
4(4719 5063 5073 4729)
4(4720 4730 5074 5064)
4(4721 5065 5075 4731)
4(4723 5067 5077 4733)
4(4724 4734 5078 5068)
4(4729 5073 5083 4739)
4(4730 4740 5084 5074)
4(4731 5075 5085 4741)
4(4733 5077 5087 4743)
4(4734 4744 5088 5078)
4(4739 5083 5093 4749)
4(4740 4750 5094 5084)
4(4741 5085 5095 4751)
4(4743 5087 5097 4753)
4(4744 4754 5098 5088)
4(4749 5093 5103 4759)
4(4750 4760 5104 5094)
4(4751 5095 5105 4761)
4(4753 5097 5107 4763)
4(4754 4764 5108 5098)
4(4759 5103 5113 4769)
4(4760 4770 5114 5104)
4(4761 5105 5115 4771)
4(4763 5107 5117 4773)
4(4764 4774 5118 5108)
4(4769 5113 5123 4779)
4(4770 4780 5124 5114)
4(4771 5115 5125 4781)
4(4773 5117 5127 4783)
4(4774 4784 5128 5118)
4(4784 4785 5129 5128)
4(4785 4786 5130 5129)
4(4786 4787 5131 5130)
4(4787 4788 5132 5131)
4(4779 5123 5133 4789)
4(4788 4789 5133 5132)
4(4780 4790 5134 5124)
4(4781 5125 5135 4791)
4(4783 5127 5137 4793)
4(4790 4794 5138 5134)
4(4791 5135 5139 4795)
4(4793 5137 5141 4797)
4(4794 4798 5142 5138)
4(4795 5139 5143 4799)
4(4797 5141 5145 4801)
4(4798 4802 5146 5142)
4(4799 5143 5147 4803)
4(4801 5145 5149 4805)
4(4802 4806 5150 5146)
4(4803 5147 5151 4807)
4(4805 5149 5153 4809)
4(4806 4810 5154 5150)
4(4807 5151 5155 4811)
4(4809 5153 5157 4813)
4(4810 4814 5158 5154)
4(4811 5155 5159 4815)
4(4813 5157 5161 4817)
4(4814 4818 5162 5158)
4(4815 5159 5163 4819)
4(4817 5161 5165 4821)
4(4818 4822 5166 5162)
4(4819 5163 5167 4823)
4(4821 5165 5169 4825)
4(4822 4826 5170 5166)
4(4823 5167 5171 4827)
4(4825 5169 5173 4829)
4(4826 4830 5174 5170)
4(4827 5171 5175 4831)
4(4829 5173 5177 4833)
4(4830 4834 5178 5174)
4(4831 5175 5179 4835)
4(4833 5177 5181 4837)
4(4834 4838 5182 5178)
4(4835 5179 5183 4839)
4(4837 5181 5185 4841)
4(4841 5185 5186 4842)
4(4842 5186 5187 4843)
4(4843 5187 5188 4844)
4(4844 5188 5189 4845)
4(4845 5189 5190 4846)
4(4846 5190 5191 4847)
4(4838 4848 5192 5182)
4(4847 5191 5192 4848)
4(4839 5183 5193 4849)
4(4850 4851 5195 5194)
4(4851 4852 5196 5195)
4(4852 4853 5197 5196)
4(4853 4854 5198 5197)
4(4854 4855 5199 5198)
4(4855 4856 5200 5199)
4(4856 4857 5201 5200)
4(4857 4858 5202 5201)
4(4849 5193 5203 4859)
4(4858 4859 5203 5202)
4(4860 5204 5205 4861)
4(4861 5205 5206 4862)
4(4862 5206 5207 4863)
4(4863 5207 5208 4864)
4(4864 5208 5209 4865)
4(4865 5209 5210 4866)
4(4866 5210 5211 4867)
4(4867 5211 5212 4868)
4(4868 5212 5213 4869)
4(4871 4872 5216 5215)
4(4872 4873 5217 5216)
4(4873 4874 5218 5217)
4(4874 4875 5219 5218)
4(4875 4876 5220 5219)
4(4876 4877 5221 5220)
4(4877 4878 5222 5221)
4(4869 5213 5223 4879)
4(4871 5215 5225 4881)
4(4878 4882 5226 5222)
4(4879 5223 5227 4883)
4(4881 5225 5229 4885)
4(4882 4886 5230 5226)
4(4883 5227 5231 4887)
4(4885 5229 5233 4889)
4(4886 4890 5234 5230)
4(4887 5231 5235 4891)
4(4889 5233 5237 4893)
4(4890 4894 5238 5234)
4(4891 5235 5239 4895)
4(4893 5237 5241 4897)
4(4894 4898 5242 5238)
4(4895 5239 5243 4899)
4(4897 5241 5245 4901)
4(4898 4902 5246 5242)
4(4899 5243 5247 4903)
4(4901 5245 5249 4905)
4(4902 4906 5250 5246)
4(4903 5247 5251 4907)
4(4905 5249 5253 4909)
4(4906 4910 5254 5250)
4(4907 5251 5255 4911)
4(4909 5253 5257 4913)
4(4910 4914 5258 5254)
4(4911 5255 5259 4915)
4(4913 5257 5261 4917)
4(4918 5262 5263 4919)
4(4919 5263 5264 4920)
4(4920 5264 5265 4921)
4(4921 5265 5266 4922)
4(4922 5266 5267 4923)
4(4914 4924 5268 5258)
4(4915 5259 5269 4925)
4(4917 5261 5271 4927)
4(4918 4928 5272 5262)
4(4923 5267 5277 4933)
4(4924 4934 5278 5268)
4(4925 5269 5279 4935)
4(4927 5271 5281 4937)
4(4928 4938 5282 5272)
4(4933 5277 5287 4943)
4(4934 4944 5288 5278)
4(4935 5279 5289 4945)
4(4937 5281 5291 4947)
4(4938 4948 5292 5282)
4(4943 5287 5297 4953)
4(4944 4954 5298 5288)
4(4945 5289 5299 4955)
4(4947 5291 5301 4957)
4(4948 4958 5302 5292)
4(4953 5297 5307 4963)
4(4954 4964 5308 5298)
4(4955 5299 5309 4965)
4(4957 5301 5311 4967)
4(4958 4968 5312 5302)
4(4963 5307 5317 4973)
4(4964 4974 5318 5308)
4(4965 5309 5319 4975)
4(4967 5311 5321 4977)
4(4968 4978 5322 5312)
4(4973 5317 5327 4983)
4(4974 4984 5328 5318)
4(4975 5319 5329 4985)
4(4977 5321 5331 4987)
4(4978 4988 5332 5322)
4(4983 5327 5337 4993)
4(4984 4994 5338 5328)
4(4985 5329 5339 4995)
4(4987 5331 5341 4997)
4(4988 4998 5342 5332)
4(4993 5337 5347 5003)
4(4994 5004 5348 5338)
4(4995 5339 5349 5005)
4(4997 5341 5351 5007)
4(4998 5008 5352 5342)
4(5003 5347 5357 5013)
4(5004 5014 5358 5348)
4(5005 5349 5359 5015)
4(5007 5351 5361 5017)
4(5008 5018 5362 5352)
4(5013 5357 5367 5023)
4(5014 5024 5368 5358)
4(5015 5359 5369 5025)
4(5017 5361 5371 5027)
4(5018 5028 5372 5362)
4(5023 5367 5377 5033)
4(5024 5034 5378 5368)
4(5025 5369 5379 5035)
4(5027 5371 5381 5037)
4(5028 5038 5382 5372)
4(5033 5377 5387 5043)
4(5034 5044 5388 5378)
4(5035 5379 5389 5045)
4(5037 5381 5391 5047)
4(5038 5048 5392 5382)
4(5043 5387 5397 5053)
4(5044 5054 5398 5388)
4(5045 5389 5399 5055)
4(5047 5391 5401 5057)
4(5048 5058 5402 5392)
4(5053 5397 5407 5063)
4(5054 5064 5408 5398)
4(5055 5399 5409 5065)
4(5057 5401 5411 5067)
4(5058 5068 5412 5402)
4(5063 5407 5417 5073)
4(5064 5074 5418 5408)
4(5065 5409 5419 5075)
4(5067 5411 5421 5077)
4(5068 5078 5422 5412)
4(5073 5417 5427 5083)
4(5074 5084 5428 5418)
4(5075 5419 5429 5085)
4(5077 5421 5431 5087)
4(5078 5088 5432 5422)
4(5083 5427 5437 5093)
4(5084 5094 5438 5428)
4(5085 5429 5439 5095)
4(5087 5431 5441 5097)
4(5088 5098 5442 5432)
4(5093 5437 5447 5103)
4(5094 5104 5448 5438)
4(5095 5439 5449 5105)
4(5097 5441 5451 5107)
4(5098 5108 5452 5442)
4(5103 5447 5457 5113)
4(5104 5114 5458 5448)
4(5105 5449 5459 5115)
4(5107 5451 5461 5117)
4(5108 5118 5462 5452)
4(5113 5457 5467 5123)
4(5114 5124 5468 5458)
4(5115 5459 5469 5125)
4(5117 5461 5471 5127)
4(5118 5128 5472 5462)
4(5128 5129 5473 5472)
4(5129 5130 5474 5473)
4(5130 5131 5475 5474)
4(5131 5132 5476 5475)
4(5123 5467 5477 5133)
4(5132 5133 5477 5476)
4(5124 5134 5478 5468)
4(5125 5469 5479 5135)
4(5127 5471 5481 5137)
4(5134 5138 5482 5478)
4(5135 5479 5483 5139)
4(5137 5481 5485 5141)
4(5138 5142 5486 5482)
4(5139 5483 5487 5143)
4(5141 5485 5489 5145)
4(5142 5146 5490 5486)
4(5143 5487 5491 5147)
4(5145 5489 5493 5149)
4(5146 5150 5494 5490)
4(5147 5491 5495 5151)
4(5149 5493 5497 5153)
4(5150 5154 5498 5494)
4(5151 5495 5499 5155)
4(5153 5497 5501 5157)
4(5154 5158 5502 5498)
4(5155 5499 5503 5159)
4(5157 5501 5505 5161)
4(5158 5162 5506 5502)
4(5159 5503 5507 5163)
4(5161 5505 5509 5165)
4(5162 5166 5510 5506)
4(5163 5507 5511 5167)
4(5165 5509 5513 5169)
4(5166 5170 5514 5510)
4(5167 5511 5515 5171)
4(5169 5513 5517 5173)
4(5170 5174 5518 5514)
4(5171 5515 5519 5175)
4(5173 5517 5521 5177)
4(5174 5178 5522 5518)
4(5175 5519 5523 5179)
4(5177 5521 5525 5181)
4(5178 5182 5526 5522)
4(5179 5523 5527 5183)
4(5181 5525 5529 5185)
4(5185 5529 5530 5186)
4(5186 5530 5531 5187)
4(5187 5531 5532 5188)
4(5188 5532 5533 5189)
4(5189 5533 5534 5190)
4(5190 5534 5535 5191)
4(5182 5192 5536 5526)
4(5191 5535 5536 5192)
4(5183 5527 5537 5193)
4(5194 5195 5539 5538)
4(5195 5196 5540 5539)
4(5196 5197 5541 5540)
4(5197 5198 5542 5541)
4(5198 5199 5543 5542)
4(5199 5200 5544 5543)
4(5200 5201 5545 5544)
4(5201 5202 5546 5545)
4(5193 5537 5547 5203)
4(5202 5203 5547 5546)
4(5204 5548 5549 5205)
4(5205 5549 5550 5206)
4(5206 5550 5551 5207)
4(5207 5551 5552 5208)
4(5208 5552 5553 5209)
4(5209 5553 5554 5210)
4(5210 5554 5555 5211)
4(5211 5555 5556 5212)
4(5212 5556 5557 5213)
4(5215 5216 5560 5559)
4(5216 5217 5561 5560)
4(5217 5218 5562 5561)
4(5218 5219 5563 5562)
4(5219 5220 5564 5563)
4(5220 5221 5565 5564)
4(5221 5222 5566 5565)
4(5213 5557 5567 5223)
4(5215 5559 5569 5225)
4(5222 5226 5570 5566)
4(5223 5567 5571 5227)
4(5225 5569 5573 5229)
4(5226 5230 5574 5570)
4(5227 5571 5575 5231)
4(5229 5573 5577 5233)
4(5230 5234 5578 5574)
4(5231 5575 5579 5235)
4(5233 5577 5581 5237)
4(5234 5238 5582 5578)
4(5235 5579 5583 5239)
4(5237 5581 5585 5241)
4(5238 5242 5586 5582)
4(5239 5583 5587 5243)
4(5241 5585 5589 5245)
4(5242 5246 5590 5586)
4(5243 5587 5591 5247)
4(5245 5589 5593 5249)
4(5246 5250 5594 5590)
4(5247 5591 5595 5251)
4(5249 5593 5597 5253)
4(5250 5254 5598 5594)
4(5251 5595 5599 5255)
4(5253 5597 5601 5257)
4(5254 5258 5602 5598)
4(5255 5599 5603 5259)
4(5257 5601 5605 5261)
4(5262 5606 5607 5263)
4(5263 5607 5608 5264)
4(5264 5608 5609 5265)
4(5265 5609 5610 5266)
4(5266 5610 5611 5267)
4(5258 5268 5612 5602)
4(5259 5603 5613 5269)
4(5261 5605 5615 5271)
4(5262 5272 5616 5606)
4(5267 5611 5621 5277)
4(5268 5278 5622 5612)
4(5269 5613 5623 5279)
4(5271 5615 5625 5281)
4(5272 5282 5626 5616)
4(5277 5621 5631 5287)
4(5278 5288 5632 5622)
4(5279 5623 5633 5289)
4(5281 5625 5635 5291)
4(5282 5292 5636 5626)
4(5287 5631 5641 5297)
4(5288 5298 5642 5632)
4(5289 5633 5643 5299)
4(5291 5635 5645 5301)
4(5292 5302 5646 5636)
4(5297 5641 5651 5307)
4(5298 5308 5652 5642)
4(5299 5643 5653 5309)
4(5301 5645 5655 5311)
4(5302 5312 5656 5646)
4(5307 5651 5661 5317)
4(5308 5318 5662 5652)
4(5309 5653 5663 5319)
4(5311 5655 5665 5321)
4(5312 5322 5666 5656)
4(5317 5661 5671 5327)
4(5318 5328 5672 5662)
4(5319 5663 5673 5329)
4(5321 5665 5675 5331)
4(5322 5332 5676 5666)
4(5327 5671 5681 5337)
4(5328 5338 5682 5672)
4(5329 5673 5683 5339)
4(5331 5675 5685 5341)
4(5332 5342 5686 5676)
4(5337 5681 5691 5347)
4(5338 5348 5692 5682)
4(5339 5683 5693 5349)
4(5341 5685 5695 5351)
4(5342 5352 5696 5686)
4(5347 5691 5701 5357)
4(5348 5358 5702 5692)
4(5349 5693 5703 5359)
4(5351 5695 5705 5361)
4(5352 5362 5706 5696)
4(5357 5701 5711 5367)
4(5358 5368 5712 5702)
4(5359 5703 5713 5369)
4(5361 5705 5715 5371)
4(5362 5372 5716 5706)
4(5367 5711 5721 5377)
4(5368 5378 5722 5712)
4(5369 5713 5723 5379)
4(5371 5715 5725 5381)
4(5372 5382 5726 5716)
4(5377 5721 5731 5387)
4(5378 5388 5732 5722)
4(5379 5723 5733 5389)
4(5381 5725 5735 5391)
4(5382 5392 5736 5726)
4(5387 5731 5741 5397)
4(5388 5398 5742 5732)
4(5389 5733 5743 5399)
4(5391 5735 5745 5401)
4(5392 5402 5746 5736)
4(5397 5741 5751 5407)
4(5398 5408 5752 5742)
4(5399 5743 5753 5409)
4(5401 5745 5755 5411)
4(5402 5412 5756 5746)
4(5407 5751 5761 5417)
4(5408 5418 5762 5752)
4(5409 5753 5763 5419)
4(5411 5755 5765 5421)
4(5412 5422 5766 5756)
4(5417 5761 5771 5427)
4(5418 5428 5772 5762)
4(5419 5763 5773 5429)
4(5421 5765 5775 5431)
4(5422 5432 5776 5766)
4(5427 5771 5781 5437)
4(5428 5438 5782 5772)
4(5429 5773 5783 5439)
4(5431 5775 5785 5441)
4(5432 5442 5786 5776)
4(5437 5781 5791 5447)
4(5438 5448 5792 5782)
4(5439 5783 5793 5449)
4(5441 5785 5795 5451)
4(5442 5452 5796 5786)
4(5447 5791 5801 5457)
4(5448 5458 5802 5792)
4(5449 5793 5803 5459)
4(5451 5795 5805 5461)
4(5452 5462 5806 5796)
4(5457 5801 5811 5467)
4(5458 5468 5812 5802)
4(5459 5803 5813 5469)
4(5461 5805 5815 5471)
4(5462 5472 5816 5806)
4(5472 5473 5817 5816)
4(5473 5474 5818 5817)
4(5474 5475 5819 5818)
4(5475 5476 5820 5819)
4(5467 5811 5821 5477)
4(5476 5477 5821 5820)
4(5468 5478 5822 5812)
4(5469 5813 5823 5479)
4(5471 5815 5825 5481)
4(5478 5482 5826 5822)
4(5479 5823 5827 5483)
4(5481 5825 5829 5485)
4(5482 5486 5830 5826)
4(5483 5827 5831 5487)
4(5485 5829 5833 5489)
4(5486 5490 5834 5830)
4(5487 5831 5835 5491)
4(5489 5833 5837 5493)
4(5490 5494 5838 5834)
4(5491 5835 5839 5495)
4(5493 5837 5841 5497)
4(5494 5498 5842 5838)
4(5495 5839 5843 5499)
4(5497 5841 5845 5501)
4(5498 5502 5846 5842)
4(5499 5843 5847 5503)
4(5501 5845 5849 5505)
4(5502 5506 5850 5846)
4(5503 5847 5851 5507)
4(5505 5849 5853 5509)
4(5506 5510 5854 5850)
4(5507 5851 5855 5511)
4(5509 5853 5857 5513)
4(5510 5514 5858 5854)
4(5511 5855 5859 5515)
4(5513 5857 5861 5517)
4(5514 5518 5862 5858)
4(5515 5859 5863 5519)
4(5517 5861 5865 5521)
4(5518 5522 5866 5862)
4(5519 5863 5867 5523)
4(5521 5865 5869 5525)
4(5522 5526 5870 5866)
4(5523 5867 5871 5527)
4(5525 5869 5873 5529)
4(5529 5873 5874 5530)
4(5530 5874 5875 5531)
4(5531 5875 5876 5532)
4(5532 5876 5877 5533)
4(5533 5877 5878 5534)
4(5534 5878 5879 5535)
4(5526 5536 5880 5870)
4(5535 5879 5880 5536)
4(5527 5871 5881 5537)
4(5538 5539 5883 5882)
4(5539 5540 5884 5883)
4(5540 5541 5885 5884)
4(5541 5542 5886 5885)
4(5542 5543 5887 5886)
4(5543 5544 5888 5887)
4(5544 5545 5889 5888)
4(5545 5546 5890 5889)
4(5537 5881 5891 5547)
4(5546 5547 5891 5890)
4(5548 5892 5893 5549)
4(5549 5893 5894 5550)
4(5550 5894 5895 5551)
4(5551 5895 5896 5552)
4(5552 5896 5897 5553)
4(5553 5897 5898 5554)
4(5554 5898 5899 5555)
4(5555 5899 5900 5556)
4(5556 5900 5901 5557)
4(5559 5560 5904 5903)
4(5560 5561 5905 5904)
4(5561 5562 5906 5905)
4(5562 5563 5907 5906)
4(5563 5564 5908 5907)
4(5564 5565 5909 5908)
4(5565 5566 5910 5909)
4(5557 5901 5911 5567)
4(5559 5903 5913 5569)
4(5566 5570 5914 5910)
4(5567 5911 5915 5571)
4(5569 5913 5917 5573)
4(5570 5574 5918 5914)
4(5571 5915 5919 5575)
4(5573 5917 5921 5577)
4(5574 5578 5922 5918)
4(5575 5919 5923 5579)
4(5577 5921 5925 5581)
4(5578 5582 5926 5922)
4(5579 5923 5927 5583)
4(5581 5925 5929 5585)
4(5582 5586 5930 5926)
4(5583 5927 5931 5587)
4(5585 5929 5933 5589)
4(5586 5590 5934 5930)
4(5587 5931 5935 5591)
4(5589 5933 5937 5593)
4(5590 5594 5938 5934)
4(5591 5935 5939 5595)
4(5593 5937 5941 5597)
4(5594 5598 5942 5938)
4(5595 5939 5943 5599)
4(5597 5941 5945 5601)
4(5598 5602 5946 5942)
4(5599 5943 5947 5603)
4(5601 5945 5949 5605)
4(5606 5950 5951 5607)
4(5607 5951 5952 5608)
4(5608 5952 5953 5609)
4(5609 5953 5954 5610)
4(5610 5954 5955 5611)
4(5602 5612 5956 5946)
4(5603 5947 5957 5613)
4(5605 5949 5959 5615)
4(5606 5616 5960 5950)
4(5611 5955 5965 5621)
4(5612 5622 5966 5956)
4(5613 5957 5967 5623)
4(5615 5959 5969 5625)
4(5616 5626 5970 5960)
4(5621 5965 5975 5631)
4(5622 5632 5976 5966)
4(5623 5967 5977 5633)
4(5625 5969 5979 5635)
4(5626 5636 5980 5970)
4(5631 5975 5985 5641)
4(5632 5642 5986 5976)
4(5633 5977 5987 5643)
4(5635 5979 5989 5645)
4(5636 5646 5990 5980)
4(5641 5985 5995 5651)
4(5642 5652 5996 5986)
4(5643 5987 5997 5653)
4(5645 5989 5999 5655)
4(5646 5656 6000 5990)
4(5651 5995 6005 5661)
4(5652 5662 6006 5996)
4(5653 5997 6007 5663)
4(5655 5999 6009 5665)
4(5656 5666 6010 6000)
4(5661 6005 6015 5671)
4(5662 5672 6016 6006)
4(5663 6007 6017 5673)
4(5665 6009 6019 5675)
4(5666 5676 6020 6010)
4(5671 6015 6025 5681)
4(5672 5682 6026 6016)
4(5673 6017 6027 5683)
4(5675 6019 6029 5685)
4(5676 5686 6030 6020)
4(5681 6025 6035 5691)
4(5682 5692 6036 6026)
4(5683 6027 6037 5693)
4(5685 6029 6039 5695)
4(5686 5696 6040 6030)
4(5691 6035 6045 5701)
4(5692 5702 6046 6036)
4(5693 6037 6047 5703)
4(5695 6039 6049 5705)
4(5696 5706 6050 6040)
4(5701 6045 6055 5711)
4(5702 5712 6056 6046)
4(5703 6047 6057 5713)
4(5705 6049 6059 5715)
4(5706 5716 6060 6050)
4(5711 6055 6065 5721)
4(5712 5722 6066 6056)
4(5713 6057 6067 5723)
4(5715 6059 6069 5725)
4(5716 5726 6070 6060)
4(5721 6065 6075 5731)
4(5722 5732 6076 6066)
4(5723 6067 6077 5733)
4(5725 6069 6079 5735)
4(5726 5736 6080 6070)
4(5731 6075 6085 5741)
4(5732 5742 6086 6076)
4(5733 6077 6087 5743)
4(5735 6079 6089 5745)
4(5736 5746 6090 6080)
4(5741 6085 6095 5751)
4(5742 5752 6096 6086)
4(5743 6087 6097 5753)
4(5745 6089 6099 5755)
4(5746 5756 6100 6090)
4(5751 6095 6105 5761)
4(5752 5762 6106 6096)
4(5753 6097 6107 5763)
4(5755 6099 6109 5765)
4(5756 5766 6110 6100)
4(5761 6105 6115 5771)
4(5762 5772 6116 6106)
4(5763 6107 6117 5773)
4(5765 6109 6119 5775)
4(5766 5776 6120 6110)
4(5771 6115 6125 5781)
4(5772 5782 6126 6116)
4(5773 6117 6127 5783)
4(5775 6119 6129 5785)
4(5776 5786 6130 6120)
4(5781 6125 6135 5791)
4(5782 5792 6136 6126)
4(5783 6127 6137 5793)
4(5785 6129 6139 5795)
4(5786 5796 6140 6130)
4(5791 6135 6145 5801)
4(5792 5802 6146 6136)
4(5793 6137 6147 5803)
4(5795 6139 6149 5805)
4(5796 5806 6150 6140)
4(5801 6145 6155 5811)
4(5802 5812 6156 6146)
4(5803 6147 6157 5813)
4(5805 6149 6159 5815)
4(5806 5816 6160 6150)
4(5816 5817 6161 6160)
4(5817 5818 6162 6161)
4(5818 5819 6163 6162)
4(5819 5820 6164 6163)
4(5811 6155 6165 5821)
4(5820 5821 6165 6164)
4(5812 5822 6166 6156)
4(5813 6157 6167 5823)
4(5815 6159 6169 5825)
4(5822 5826 6170 6166)
4(5823 6167 6171 5827)
4(5825 6169 6173 5829)
4(5826 5830 6174 6170)
4(5827 6171 6175 5831)
4(5829 6173 6177 5833)
4(5830 5834 6178 6174)
4(5831 6175 6179 5835)
4(5833 6177 6181 5837)
4(5834 5838 6182 6178)
4(5835 6179 6183 5839)
4(5837 6181 6185 5841)
4(5838 5842 6186 6182)
4(5839 6183 6187 5843)
4(5841 6185 6189 5845)
4(5842 5846 6190 6186)
4(5843 6187 6191 5847)
4(5845 6189 6193 5849)
4(5846 5850 6194 6190)
4(5847 6191 6195 5851)
4(5849 6193 6197 5853)
4(5850 5854 6198 6194)
4(5851 6195 6199 5855)
4(5853 6197 6201 5857)
4(5854 5858 6202 6198)
4(5855 6199 6203 5859)
4(5857 6201 6205 5861)
4(5858 5862 6206 6202)
4(5859 6203 6207 5863)
4(5861 6205 6209 5865)
4(5862 5866 6210 6206)
4(5863 6207 6211 5867)
4(5865 6209 6213 5869)
4(5866 5870 6214 6210)
4(5867 6211 6215 5871)
4(5869 6213 6217 5873)
4(5873 6217 6218 5874)
4(5874 6218 6219 5875)
4(5875 6219 6220 5876)
4(5876 6220 6221 5877)
4(5877 6221 6222 5878)
4(5878 6222 6223 5879)
4(5870 5880 6224 6214)
4(5879 6223 6224 5880)
4(5871 6215 6225 5881)
4(5882 5883 6227 6226)
4(5883 5884 6228 6227)
4(5884 5885 6229 6228)
4(5885 5886 6230 6229)
4(5886 5887 6231 6230)
4(5887 5888 6232 6231)
4(5888 5889 6233 6232)
4(5889 5890 6234 6233)
4(5881 6225 6235 5891)
4(5890 5891 6235 6234)
4(5892 6236 6237 5893)
4(5893 6237 6238 5894)
4(5894 6238 6239 5895)
4(5895 6239 6240 5896)
4(5896 6240 6241 5897)
4(5897 6241 6242 5898)
4(5898 6242 6243 5899)
4(5899 6243 6244 5900)
4(5900 6244 6245 5901)
4(5903 5904 6248 6247)
4(5904 5905 6249 6248)
4(5905 5906 6250 6249)
4(5906 5907 6251 6250)
4(5907 5908 6252 6251)
4(5908 5909 6253 6252)
4(5909 5910 6254 6253)
4(5901 6245 6255 5911)
4(5903 6247 6257 5913)
4(5910 5914 6258 6254)
4(5911 6255 6259 5915)
4(5913 6257 6261 5917)
4(5914 5918 6262 6258)
4(5915 6259 6263 5919)
4(5917 6261 6265 5921)
4(5918 5922 6266 6262)
4(5919 6263 6267 5923)
4(5921 6265 6269 5925)
4(5922 5926 6270 6266)
4(5923 6267 6271 5927)
4(5925 6269 6273 5929)
4(5926 5930 6274 6270)
4(5927 6271 6275 5931)
4(5929 6273 6277 5933)
4(5930 5934 6278 6274)
4(5931 6275 6279 5935)
4(5933 6277 6281 5937)
4(5934 5938 6282 6278)
4(5935 6279 6283 5939)
4(5937 6281 6285 5941)
4(5938 5942 6286 6282)
4(5939 6283 6287 5943)
4(5941 6285 6289 5945)
4(5942 5946 6290 6286)
4(5943 6287 6291 5947)
4(5945 6289 6293 5949)
4(5950 6294 6295 5951)
4(5951 6295 6296 5952)
4(5952 6296 6297 5953)
4(5953 6297 6298 5954)
4(5954 6298 6299 5955)
4(5946 5956 6300 6290)
4(5947 6291 6301 5957)
4(5949 6293 6303 5959)
4(5950 5960 6304 6294)
4(5955 6299 6309 5965)
4(5956 5966 6310 6300)
4(5957 6301 6311 5967)
4(5959 6303 6313 5969)
4(5960 5970 6314 6304)
4(5965 6309 6319 5975)
4(5966 5976 6320 6310)
4(5967 6311 6321 5977)
4(5969 6313 6323 5979)
4(5970 5980 6324 6314)
4(5975 6319 6329 5985)
4(5976 5986 6330 6320)
4(5977 6321 6331 5987)
4(5979 6323 6333 5989)
4(5980 5990 6334 6324)
4(5985 6329 6339 5995)
4(5986 5996 6340 6330)
4(5987 6331 6341 5997)
4(5989 6333 6343 5999)
4(5990 6000 6344 6334)
4(5995 6339 6349 6005)
4(5996 6006 6350 6340)
4(5997 6341 6351 6007)
4(5999 6343 6353 6009)
4(6000 6010 6354 6344)
4(6005 6349 6359 6015)
4(6006 6016 6360 6350)
4(6007 6351 6361 6017)
4(6009 6353 6363 6019)
4(6010 6020 6364 6354)
4(6015 6359 6369 6025)
4(6016 6026 6370 6360)
4(6017 6361 6371 6027)
4(6019 6363 6373 6029)
4(6020 6030 6374 6364)
4(6025 6369 6379 6035)
4(6026 6036 6380 6370)
4(6027 6371 6381 6037)
4(6029 6373 6383 6039)
4(6030 6040 6384 6374)
4(6035 6379 6389 6045)
4(6036 6046 6390 6380)
4(6037 6381 6391 6047)
4(6039 6383 6393 6049)
4(6040 6050 6394 6384)
4(6045 6389 6399 6055)
4(6046 6056 6400 6390)
4(6047 6391 6401 6057)
4(6049 6393 6403 6059)
4(6050 6060 6404 6394)
4(6055 6399 6409 6065)
4(6056 6066 6410 6400)
4(6057 6401 6411 6067)
4(6059 6403 6413 6069)
4(6060 6070 6414 6404)
4(6065 6409 6419 6075)
4(6066 6076 6420 6410)
4(6067 6411 6421 6077)
4(6069 6413 6423 6079)
4(6070 6080 6424 6414)
4(6075 6419 6429 6085)
4(6076 6086 6430 6420)
4(6077 6421 6431 6087)
4(6079 6423 6433 6089)
4(6080 6090 6434 6424)
4(6085 6429 6439 6095)
4(6086 6096 6440 6430)
4(6087 6431 6441 6097)
4(6089 6433 6443 6099)
4(6090 6100 6444 6434)
4(6095 6439 6449 6105)
4(6096 6106 6450 6440)
4(6097 6441 6451 6107)
4(6099 6443 6453 6109)
4(6100 6110 6454 6444)
4(6105 6449 6459 6115)
4(6106 6116 6460 6450)
4(6107 6451 6461 6117)
4(6109 6453 6463 6119)
4(6110 6120 6464 6454)
4(6115 6459 6469 6125)
4(6116 6126 6470 6460)
4(6117 6461 6471 6127)
4(6119 6463 6473 6129)
4(6120 6130 6474 6464)
4(6125 6469 6479 6135)
4(6126 6136 6480 6470)
4(6127 6471 6481 6137)
4(6129 6473 6483 6139)
4(6130 6140 6484 6474)
4(6135 6479 6489 6145)
4(6136 6146 6490 6480)
4(6137 6481 6491 6147)
4(6139 6483 6493 6149)
4(6140 6150 6494 6484)
4(6145 6489 6499 6155)
4(6146 6156 6500 6490)
4(6147 6491 6501 6157)
4(6149 6493 6503 6159)
4(6150 6160 6504 6494)
4(6160 6161 6505 6504)
4(6161 6162 6506 6505)
4(6162 6163 6507 6506)
4(6163 6164 6508 6507)
4(6155 6499 6509 6165)
4(6164 6165 6509 6508)
4(6156 6166 6510 6500)
4(6157 6501 6511 6167)
4(6159 6503 6513 6169)
4(6166 6170 6514 6510)
4(6167 6511 6515 6171)
4(6169 6513 6517 6173)
4(6170 6174 6518 6514)
4(6171 6515 6519 6175)
4(6173 6517 6521 6177)
4(6174 6178 6522 6518)
4(6175 6519 6523 6179)
4(6177 6521 6525 6181)
4(6178 6182 6526 6522)
4(6179 6523 6527 6183)
4(6181 6525 6529 6185)
4(6182 6186 6530 6526)
4(6183 6527 6531 6187)
4(6185 6529 6533 6189)
4(6186 6190 6534 6530)
4(6187 6531 6535 6191)
4(6189 6533 6537 6193)
4(6190 6194 6538 6534)
4(6191 6535 6539 6195)
4(6193 6537 6541 6197)
4(6194 6198 6542 6538)
4(6195 6539 6543 6199)
4(6197 6541 6545 6201)
4(6198 6202 6546 6542)
4(6199 6543 6547 6203)
4(6201 6545 6549 6205)
4(6202 6206 6550 6546)
4(6203 6547 6551 6207)
4(6205 6549 6553 6209)
4(6206 6210 6554 6550)
4(6207 6551 6555 6211)
4(6209 6553 6557 6213)
4(6210 6214 6558 6554)
4(6211 6555 6559 6215)
4(6213 6557 6561 6217)
4(6217 6561 6562 6218)
4(6218 6562 6563 6219)
4(6219 6563 6564 6220)
4(6220 6564 6565 6221)
4(6221 6565 6566 6222)
4(6222 6566 6567 6223)
4(6214 6224 6568 6558)
4(6223 6567 6568 6224)
4(6215 6559 6569 6225)
4(6226 6227 6571 6570)
4(6227 6228 6572 6571)
4(6228 6229 6573 6572)
4(6229 6230 6574 6573)
4(6230 6231 6575 6574)
4(6231 6232 6576 6575)
4(6232 6233 6577 6576)
4(6233 6234 6578 6577)
4(6225 6569 6579 6235)
4(6234 6235 6579 6578)
4(6236 6580 6581 6237)
4(6237 6581 6582 6238)
4(6238 6582 6583 6239)
4(6239 6583 6584 6240)
4(6240 6584 6585 6241)
4(6241 6585 6586 6242)
4(6242 6586 6587 6243)
4(6243 6587 6588 6244)
4(6244 6588 6589 6245)
4(6247 6248 6592 6591)
4(6248 6249 6593 6592)
4(6249 6250 6594 6593)
4(6250 6251 6595 6594)
4(6251 6252 6596 6595)
4(6252 6253 6597 6596)
4(6253 6254 6598 6597)
4(6245 6589 6599 6255)
4(6247 6591 6601 6257)
4(6254 6258 6602 6598)
4(6255 6599 6603 6259)
4(6257 6601 6605 6261)
4(6258 6262 6606 6602)
4(6259 6603 6607 6263)
4(6261 6605 6609 6265)
4(6262 6266 6610 6606)
4(6263 6607 6611 6267)
4(6265 6609 6613 6269)
4(6266 6270 6614 6610)
4(6267 6611 6615 6271)
4(6269 6613 6617 6273)
4(6270 6274 6618 6614)
4(6271 6615 6619 6275)
4(6273 6617 6621 6277)
4(6274 6278 6622 6618)
4(6275 6619 6623 6279)
4(6277 6621 6625 6281)
4(6278 6282 6626 6622)
4(6279 6623 6627 6283)
4(6281 6625 6629 6285)
4(6282 6286 6630 6626)
4(6283 6627 6631 6287)
4(6285 6629 6633 6289)
4(6286 6290 6634 6630)
4(6287 6631 6635 6291)
4(6289 6633 6637 6293)
4(6294 6638 6639 6295)
4(6295 6639 6640 6296)
4(6296 6640 6641 6297)
4(6297 6641 6642 6298)
4(6298 6642 6643 6299)
4(6290 6300 6644 6634)
4(6291 6635 6645 6301)
4(6293 6637 6647 6303)
4(6294 6304 6648 6638)
4(6299 6643 6653 6309)
4(6300 6310 6654 6644)
4(6301 6645 6655 6311)
4(6303 6647 6657 6313)
4(6304 6314 6658 6648)
4(6309 6653 6663 6319)
4(6310 6320 6664 6654)
4(6311 6655 6665 6321)
4(6313 6657 6667 6323)
4(6314 6324 6668 6658)
4(6319 6663 6673 6329)
4(6320 6330 6674 6664)
4(6321 6665 6675 6331)
4(6323 6667 6677 6333)
4(6324 6334 6678 6668)
4(6329 6673 6683 6339)
4(6330 6340 6684 6674)
4(6331 6675 6685 6341)
4(6333 6677 6687 6343)
4(6334 6344 6688 6678)
4(6339 6683 6693 6349)
4(6340 6350 6694 6684)
4(6341 6685 6695 6351)
4(6343 6687 6697 6353)
4(6344 6354 6698 6688)
4(6349 6693 6703 6359)
4(6350 6360 6704 6694)
4(6351 6695 6705 6361)
4(6353 6697 6707 6363)
4(6354 6364 6708 6698)
4(6359 6703 6713 6369)
4(6360 6370 6714 6704)
4(6361 6705 6715 6371)
4(6363 6707 6717 6373)
4(6364 6374 6718 6708)
4(6369 6713 6723 6379)
4(6370 6380 6724 6714)
4(6371 6715 6725 6381)
4(6373 6717 6727 6383)
4(6374 6384 6728 6718)
4(6379 6723 6733 6389)
4(6380 6390 6734 6724)
4(6381 6725 6735 6391)
4(6383 6727 6737 6393)
4(6384 6394 6738 6728)
4(6389 6733 6743 6399)
4(6390 6400 6744 6734)
4(6391 6735 6745 6401)
4(6393 6737 6747 6403)
4(6394 6404 6748 6738)
4(6399 6743 6753 6409)
4(6400 6410 6754 6744)
4(6401 6745 6755 6411)
4(6403 6747 6757 6413)
4(6404 6414 6758 6748)
4(6409 6753 6763 6419)
4(6410 6420 6764 6754)
4(6411 6755 6765 6421)
4(6413 6757 6767 6423)
4(6414 6424 6768 6758)
4(6419 6763 6773 6429)
4(6420 6430 6774 6764)
4(6421 6765 6775 6431)
4(6423 6767 6777 6433)
4(6424 6434 6778 6768)
4(6429 6773 6783 6439)
4(6430 6440 6784 6774)
4(6431 6775 6785 6441)
4(6433 6777 6787 6443)
4(6434 6444 6788 6778)
4(6439 6783 6793 6449)
4(6440 6450 6794 6784)
4(6441 6785 6795 6451)
4(6443 6787 6797 6453)
4(6444 6454 6798 6788)
4(6449 6793 6803 6459)
4(6450 6460 6804 6794)
4(6451 6795 6805 6461)
4(6453 6797 6807 6463)
4(6454 6464 6808 6798)
4(6459 6803 6813 6469)
4(6460 6470 6814 6804)
4(6461 6805 6815 6471)
4(6463 6807 6817 6473)
4(6464 6474 6818 6808)
4(6469 6813 6823 6479)
4(6470 6480 6824 6814)
4(6471 6815 6825 6481)
4(6473 6817 6827 6483)
4(6474 6484 6828 6818)
4(6479 6823 6833 6489)
4(6480 6490 6834 6824)
4(6481 6825 6835 6491)
4(6483 6827 6837 6493)
4(6484 6494 6838 6828)
4(6489 6833 6843 6499)
4(6490 6500 6844 6834)
4(6491 6835 6845 6501)
4(6493 6837 6847 6503)
4(6494 6504 6848 6838)
4(6504 6505 6849 6848)
4(6505 6506 6850 6849)
4(6506 6507 6851 6850)
4(6507 6508 6852 6851)
4(6499 6843 6853 6509)
4(6508 6509 6853 6852)
4(6500 6510 6854 6844)
4(6501 6845 6855 6511)
4(6503 6847 6857 6513)
4(6510 6514 6858 6854)
4(6511 6855 6859 6515)
4(6513 6857 6861 6517)
4(6514 6518 6862 6858)
4(6515 6859 6863 6519)
4(6517 6861 6865 6521)
4(6518 6522 6866 6862)
4(6519 6863 6867 6523)
4(6521 6865 6869 6525)
4(6522 6526 6870 6866)
4(6523 6867 6871 6527)
4(6525 6869 6873 6529)
4(6526 6530 6874 6870)
4(6527 6871 6875 6531)
4(6529 6873 6877 6533)
4(6530 6534 6878 6874)
4(6531 6875 6879 6535)
4(6533 6877 6881 6537)
4(6534 6538 6882 6878)
4(6535 6879 6883 6539)
4(6537 6881 6885 6541)
4(6538 6542 6886 6882)
4(6539 6883 6887 6543)
4(6541 6885 6889 6545)
4(6542 6546 6890 6886)
4(6543 6887 6891 6547)
4(6545 6889 6893 6549)
4(6546 6550 6894 6890)
4(6547 6891 6895 6551)
4(6549 6893 6897 6553)
4(6550 6554 6898 6894)
4(6551 6895 6899 6555)
4(6553 6897 6901 6557)
4(6554 6558 6902 6898)
4(6555 6899 6903 6559)
4(6557 6901 6905 6561)
4(6561 6905 6906 6562)
4(6562 6906 6907 6563)
4(6563 6907 6908 6564)
4(6564 6908 6909 6565)
4(6565 6909 6910 6566)
4(6566 6910 6911 6567)
4(6558 6568 6912 6902)
4(6567 6911 6912 6568)
4(6559 6903 6913 6569)
4(6570 6571 6915 6914)
4(6571 6572 6916 6915)
4(6572 6573 6917 6916)
4(6573 6574 6918 6917)
4(6574 6575 6919 6918)
4(6575 6576 6920 6919)
4(6576 6577 6921 6920)
4(6577 6578 6922 6921)
4(6569 6913 6923 6579)
4(6578 6579 6923 6922)
4(6580 6924 6925 6581)
4(6581 6925 6926 6582)
4(6582 6926 6927 6583)
4(6583 6927 6928 6584)
4(6584 6928 6929 6585)
4(6585 6929 6930 6586)
4(6586 6930 6931 6587)
4(6587 6931 6932 6588)
4(6588 6932 6933 6589)
4(6591 6592 6936 6935)
4(6592 6593 6937 6936)
4(6593 6594 6938 6937)
4(6594 6595 6939 6938)
4(6595 6596 6940 6939)
4(6596 6597 6941 6940)
4(6597 6598 6942 6941)
4(6589 6933 6943 6599)
4(6591 6935 6945 6601)
4(6598 6602 6946 6942)
4(6599 6943 6947 6603)
4(6601 6945 6949 6605)
4(6602 6606 6950 6946)
4(6603 6947 6951 6607)
4(6605 6949 6953 6609)
4(6606 6610 6954 6950)
4(6607 6951 6955 6611)
4(6609 6953 6957 6613)
4(6610 6614 6958 6954)
4(6611 6955 6959 6615)
4(6613 6957 6961 6617)
4(6614 6618 6962 6958)
4(6615 6959 6963 6619)
4(6617 6961 6965 6621)
4(6618 6622 6966 6962)
4(6619 6963 6967 6623)
4(6621 6965 6969 6625)
4(6622 6626 6970 6966)
4(6623 6967 6971 6627)
4(6625 6969 6973 6629)
4(6626 6630 6974 6970)
4(6627 6971 6975 6631)
4(6629 6973 6977 6633)
4(6630 6634 6978 6974)
4(6631 6975 6979 6635)
4(6633 6977 6981 6637)
4(6638 6982 6983 6639)
4(6639 6983 6984 6640)
4(6640 6984 6985 6641)
4(6641 6985 6986 6642)
4(6642 6986 6987 6643)
4(6634 6644 6988 6978)
4(6635 6979 6989 6645)
4(6637 6981 6991 6647)
4(6638 6648 6992 6982)
4(6643 6987 6997 6653)
4(6644 6654 6998 6988)
4(6645 6989 6999 6655)
4(6647 6991 7001 6657)
4(6648 6658 7002 6992)
4(6653 6997 7007 6663)
4(6654 6664 7008 6998)
4(6655 6999 7009 6665)
4(6657 7001 7011 6667)
4(6658 6668 7012 7002)
4(6663 7007 7017 6673)
4(6664 6674 7018 7008)
4(6665 7009 7019 6675)
4(6667 7011 7021 6677)
4(6668 6678 7022 7012)
4(6673 7017 7027 6683)
4(6674 6684 7028 7018)
4(6675 7019 7029 6685)
4(6677 7021 7031 6687)
4(6678 6688 7032 7022)
4(6683 7027 7037 6693)
4(6684 6694 7038 7028)
4(6685 7029 7039 6695)
4(6687 7031 7041 6697)
4(6688 6698 7042 7032)
4(6693 7037 7047 6703)
4(6694 6704 7048 7038)
4(6695 7039 7049 6705)
4(6697 7041 7051 6707)
4(6698 6708 7052 7042)
4(6703 7047 7057 6713)
4(6704 6714 7058 7048)
4(6705 7049 7059 6715)
4(6707 7051 7061 6717)
4(6708 6718 7062 7052)
4(6713 7057 7067 6723)
4(6714 6724 7068 7058)
4(6715 7059 7069 6725)
4(6717 7061 7071 6727)
4(6718 6728 7072 7062)
4(6723 7067 7077 6733)
4(6724 6734 7078 7068)
4(6725 7069 7079 6735)
4(6727 7071 7081 6737)
4(6728 6738 7082 7072)
4(6733 7077 7087 6743)
4(6734 6744 7088 7078)
4(6735 7079 7089 6745)
4(6737 7081 7091 6747)
4(6738 6748 7092 7082)
4(6743 7087 7097 6753)
4(6744 6754 7098 7088)
4(6745 7089 7099 6755)
4(6747 7091 7101 6757)
4(6748 6758 7102 7092)
4(6753 7097 7107 6763)
4(6754 6764 7108 7098)
4(6755 7099 7109 6765)
4(6757 7101 7111 6767)
4(6758 6768 7112 7102)
4(6763 7107 7117 6773)
4(6764 6774 7118 7108)
4(6765 7109 7119 6775)
4(6767 7111 7121 6777)
4(6768 6778 7122 7112)
4(6773 7117 7127 6783)
4(6774 6784 7128 7118)
4(6775 7119 7129 6785)
4(6777 7121 7131 6787)
4(6778 6788 7132 7122)
4(6783 7127 7137 6793)
4(6784 6794 7138 7128)
4(6785 7129 7139 6795)
4(6787 7131 7141 6797)
4(6788 6798 7142 7132)
4(6793 7137 7147 6803)
4(6794 6804 7148 7138)
4(6795 7139 7149 6805)
4(6797 7141 7151 6807)
4(6798 6808 7152 7142)
4(6803 7147 7157 6813)
4(6804 6814 7158 7148)
4(6805 7149 7159 6815)
4(6807 7151 7161 6817)
4(6808 6818 7162 7152)
4(6813 7157 7167 6823)
4(6814 6824 7168 7158)
4(6815 7159 7169 6825)
4(6817 7161 7171 6827)
4(6818 6828 7172 7162)
4(6823 7167 7177 6833)
4(6824 6834 7178 7168)
4(6825 7169 7179 6835)
4(6827 7171 7181 6837)
4(6828 6838 7182 7172)
4(6833 7177 7187 6843)
4(6834 6844 7188 7178)
4(6835 7179 7189 6845)
4(6837 7181 7191 6847)
4(6838 6848 7192 7182)
4(6848 6849 7193 7192)
4(6849 6850 7194 7193)
4(6850 6851 7195 7194)
4(6851 6852 7196 7195)
4(6843 7187 7197 6853)
4(6852 6853 7197 7196)
4(6844 6854 7198 7188)
4(6845 7189 7199 6855)
4(6847 7191 7201 6857)
4(6854 6858 7202 7198)
4(6855 7199 7203 6859)
4(6857 7201 7205 6861)
4(6858 6862 7206 7202)
4(6859 7203 7207 6863)
4(6861 7205 7209 6865)
4(6862 6866 7210 7206)
4(6863 7207 7211 6867)
4(6865 7209 7213 6869)
4(6866 6870 7214 7210)
4(6867 7211 7215 6871)
4(6869 7213 7217 6873)
4(6870 6874 7218 7214)
4(6871 7215 7219 6875)
4(6873 7217 7221 6877)
4(6874 6878 7222 7218)
4(6875 7219 7223 6879)
4(6877 7221 7225 6881)
4(6878 6882 7226 7222)
4(6879 7223 7227 6883)
4(6881 7225 7229 6885)
4(6882 6886 7230 7226)
4(6883 7227 7231 6887)
4(6885 7229 7233 6889)
4(6886 6890 7234 7230)
4(6887 7231 7235 6891)
4(6889 7233 7237 6893)
4(6890 6894 7238 7234)
4(6891 7235 7239 6895)
4(6893 7237 7241 6897)
4(6894 6898 7242 7238)
4(6895 7239 7243 6899)
4(6897 7241 7245 6901)
4(6898 6902 7246 7242)
4(6899 7243 7247 6903)
4(6901 7245 7249 6905)
4(6905 7249 7250 6906)
4(6906 7250 7251 6907)
4(6907 7251 7252 6908)
4(6908 7252 7253 6909)
4(6909 7253 7254 6910)
4(6910 7254 7255 6911)
4(6902 6912 7256 7246)
4(6911 7255 7256 6912)
4(6903 7247 7257 6913)
4(6914 6915 7259 7258)
4(6915 6916 7260 7259)
4(6916 6917 7261 7260)
4(6917 6918 7262 7261)
4(6918 6919 7263 7262)
4(6919 6920 7264 7263)
4(6920 6921 7265 7264)
4(6921 6922 7266 7265)
4(6913 7257 7267 6923)
4(6922 6923 7267 7266)
4(6924 7268 7269 6925)
4(6925 7269 7270 6926)
4(6926 7270 7271 6927)
4(6927 7271 7272 6928)
4(6928 7272 7273 6929)
4(6929 7273 7274 6930)
4(6930 7274 7275 6931)
4(6931 7275 7276 6932)
4(6932 7276 7277 6933)
4(6935 6936 7280 7279)
4(6936 6937 7281 7280)
4(6937 6938 7282 7281)
4(6938 6939 7283 7282)
4(6939 6940 7284 7283)
4(6940 6941 7285 7284)
4(6941 6942 7286 7285)
4(6933 7277 7287 6943)
4(6935 7279 7289 6945)
4(6942 6946 7290 7286)
4(6943 7287 7291 6947)
4(6945 7289 7293 6949)
4(6946 6950 7294 7290)
4(6947 7291 7295 6951)
4(6949 7293 7297 6953)
4(6950 6954 7298 7294)
4(6951 7295 7299 6955)
4(6953 7297 7301 6957)
4(6954 6958 7302 7298)
4(6955 7299 7303 6959)
4(6957 7301 7305 6961)
4(6958 6962 7306 7302)
4(6959 7303 7307 6963)
4(6961 7305 7309 6965)
4(6962 6966 7310 7306)
4(6963 7307 7311 6967)
4(6965 7309 7313 6969)
4(6966 6970 7314 7310)
4(6967 7311 7315 6971)
4(6969 7313 7317 6973)
4(6970 6974 7318 7314)
4(6971 7315 7319 6975)
4(6973 7317 7321 6977)
4(6974 6978 7322 7318)
4(6975 7319 7323 6979)
4(6977 7321 7325 6981)
4(6982 7326 7327 6983)
4(6983 7327 7328 6984)
4(6984 7328 7329 6985)
4(6985 7329 7330 6986)
4(6986 7330 7331 6987)
4(6978 6988 7332 7322)
4(6979 7323 7333 6989)
4(6981 7325 7335 6991)
4(6982 6992 7336 7326)
4(7326 7336 7337 7327)
4(7327 7337 7338 7328)
4(7328 7338 7339 7329)
4(7329 7339 7340 7330)
4(6987 7331 7341 6997)
4(7330 7340 7341 7331)
4(6988 6998 7342 7332)
4(6989 7333 7343 6999)
4(6991 7335 7345 7001)
4(6992 7002 7346 7336)
4(7336 7346 7347 7337)
4(7337 7347 7348 7338)
4(7338 7348 7349 7339)
4(7339 7349 7350 7340)
4(6997 7341 7351 7007)
4(7340 7350 7351 7341)
4(6998 7008 7352 7342)
4(6999 7343 7353 7009)
4(7001 7345 7355 7011)
4(7002 7012 7356 7346)
4(7346 7356 7357 7347)
4(7347 7357 7358 7348)
4(7348 7358 7359 7349)
4(7349 7359 7360 7350)
4(7007 7351 7361 7017)
4(7350 7360 7361 7351)
4(7008 7018 7362 7352)
4(7009 7353 7363 7019)
4(7011 7355 7365 7021)
4(7012 7022 7366 7356)
4(7356 7366 7367 7357)
4(7357 7367 7368 7358)
4(7358 7368 7369 7359)
4(7359 7369 7370 7360)
4(7017 7361 7371 7027)
4(7360 7370 7371 7361)
4(7018 7028 7372 7362)
4(7019 7363 7373 7029)
4(7021 7365 7375 7031)
4(7022 7032 7376 7366)
4(7366 7376 7377 7367)
4(7367 7377 7378 7368)
4(7368 7378 7379 7369)
4(7369 7379 7380 7370)
4(7027 7371 7381 7037)
4(7370 7380 7381 7371)
4(7028 7038 7382 7372)
4(7029 7373 7383 7039)
4(7031 7375 7385 7041)
4(7032 7042 7386 7376)
4(7376 7386 7387 7377)
4(7377 7387 7388 7378)
4(7378 7388 7389 7379)
4(7379 7389 7390 7380)
4(7037 7381 7391 7047)
4(7380 7390 7391 7381)
4(7038 7048 7392 7382)
4(7039 7383 7393 7049)
4(7041 7385 7395 7051)
4(7042 7052 7396 7386)
4(7386 7396 7397 7387)
4(7387 7397 7398 7388)
4(7388 7398 7399 7389)
4(7389 7399 7400 7390)
4(7047 7391 7401 7057)
4(7390 7400 7401 7391)
4(7048 7058 7402 7392)
4(7049 7393 7403 7059)
4(7051 7395 7405 7061)
4(7052 7062 7406 7396)
4(7396 7406 7407 7397)
4(7397 7407 7408 7398)
4(7398 7408 7409 7399)
4(7399 7409 7410 7400)
4(7057 7401 7411 7067)
4(7400 7410 7411 7401)
4(7058 7068 7412 7402)
4(7059 7403 7413 7069)
4(7061 7405 7415 7071)
4(7062 7072 7416 7406)
4(7406 7416 7417 7407)
4(7407 7417 7418 7408)
4(7408 7418 7419 7409)
4(7409 7419 7420 7410)
4(7067 7411 7421 7077)
4(7410 7420 7421 7411)
4(7068 7078 7422 7412)
4(7069 7413 7423 7079)
4(7071 7415 7425 7081)
4(7072 7082 7426 7416)
4(7416 7426 7427 7417)
4(7417 7427 7428 7418)
4(7418 7428 7429 7419)
4(7419 7429 7430 7420)
4(7077 7421 7431 7087)
4(7420 7430 7431 7421)
4(7078 7088 7432 7422)
4(7079 7423 7433 7089)
4(7081 7425 7435 7091)
4(7082 7092 7436 7426)
4(7426 7436 7437 7427)
4(7427 7437 7438 7428)
4(7428 7438 7439 7429)
4(7429 7439 7440 7430)
4(7087 7431 7441 7097)
4(7430 7440 7441 7431)
4(7088 7098 7442 7432)
4(7089 7433 7443 7099)
4(7091 7435 7445 7101)
4(7092 7102 7446 7436)
4(7436 7446 7447 7437)
4(7437 7447 7448 7438)
4(7438 7448 7449 7439)
4(7439 7449 7450 7440)
4(7097 7441 7451 7107)
4(7440 7450 7451 7441)
4(7098 7108 7452 7442)
4(7099 7443 7453 7109)
4(7101 7445 7455 7111)
4(7102 7112 7456 7446)
4(7446 7456 7457 7447)
4(7447 7457 7458 7448)
4(7448 7458 7459 7449)
4(7449 7459 7460 7450)
4(7107 7451 7461 7117)
4(7450 7460 7461 7451)
4(7108 7118 7462 7452)
4(7109 7453 7463 7119)
4(7111 7455 7465 7121)
4(7112 7122 7466 7456)
4(7456 7466 7467 7457)
4(7457 7467 7468 7458)
4(7458 7468 7469 7459)
4(7459 7469 7470 7460)
4(7117 7461 7471 7127)
4(7460 7470 7471 7461)
4(7118 7128 7472 7462)
4(7119 7463 7473 7129)
4(7121 7465 7475 7131)
4(7122 7132 7476 7466)
4(7466 7476 7477 7467)
4(7467 7477 7478 7468)
4(7468 7478 7479 7469)
4(7469 7479 7480 7470)
4(7127 7471 7481 7137)
4(7470 7480 7481 7471)
4(7128 7138 7482 7472)
4(7129 7473 7483 7139)
4(7131 7475 7485 7141)
4(7132 7142 7486 7476)
4(7476 7486 7487 7477)
4(7477 7487 7488 7478)
4(7478 7488 7489 7479)
4(7479 7489 7490 7480)
4(7137 7481 7491 7147)
4(7480 7490 7491 7481)
4(7138 7148 7492 7482)
4(7139 7483 7493 7149)
4(7141 7485 7495 7151)
4(7142 7152 7496 7486)
4(7486 7496 7497 7487)
4(7487 7497 7498 7488)
4(7488 7498 7499 7489)
4(7489 7499 7500 7490)
4(7147 7491 7501 7157)
4(7490 7500 7501 7491)
4(7148 7158 7502 7492)
4(7149 7493 7503 7159)
4(7151 7495 7505 7161)
4(7152 7162 7506 7496)
4(7496 7506 7507 7497)
4(7497 7507 7508 7498)
4(7498 7508 7509 7499)
4(7499 7509 7510 7500)
4(7157 7501 7511 7167)
4(7500 7510 7511 7501)
4(7158 7168 7512 7502)
4(7159 7503 7513 7169)
4(7161 7505 7515 7171)
4(7162 7172 7516 7506)
4(7506 7516 7517 7507)
4(7507 7517 7518 7508)
4(7508 7518 7519 7509)
4(7509 7519 7520 7510)
4(7167 7511 7521 7177)
4(7510 7520 7521 7511)
4(7168 7178 7522 7512)
4(7169 7513 7523 7179)
4(7171 7515 7525 7181)
4(7172 7182 7526 7516)
4(7516 7526 7527 7517)
4(7517 7527 7528 7518)
4(7518 7528 7529 7519)
4(7519 7529 7530 7520)
4(7177 7521 7531 7187)
4(7520 7530 7531 7521)
4(7178 7188 7532 7522)
4(7179 7523 7533 7189)
4(7181 7525 7535 7191)
4(7182 7192 7536 7526)
4(7192 7193 7537 7536)
4(7526 7536 7537 7527)
4(7193 7194 7538 7537)
4(7527 7537 7538 7528)
4(7194 7195 7539 7538)
4(7528 7538 7539 7529)
4(7195 7196 7540 7539)
4(7529 7539 7540 7530)
4(7187 7531 7541 7197)
4(7196 7197 7541 7540)
4(7530 7540 7541 7531)
4(7188 7198 7542 7532)
4(7189 7533 7543 7199)
4(7191 7535 7545 7201)
4(7198 7202 7546 7542)
4(7199 7543 7547 7203)
4(7201 7545 7549 7205)
4(7202 7206 7550 7546)
4(7203 7547 7551 7207)
4(7205 7549 7553 7209)
4(7206 7210 7554 7550)
4(7207 7551 7555 7211)
4(7209 7553 7557 7213)
4(7210 7214 7558 7554)
4(7211 7555 7559 7215)
4(7213 7557 7561 7217)
4(7214 7218 7562 7558)
4(7215 7559 7563 7219)
4(7217 7561 7565 7221)
4(7218 7222 7566 7562)
4(7219 7563 7567 7223)
4(7221 7565 7569 7225)
4(7222 7226 7570 7566)
4(7223 7567 7571 7227)
4(7225 7569 7573 7229)
4(7226 7230 7574 7570)
4(7227 7571 7575 7231)
4(7229 7573 7577 7233)
4(7230 7234 7578 7574)
4(7231 7575 7579 7235)
4(7233 7577 7581 7237)
4(7234 7238 7582 7578)
4(7235 7579 7583 7239)
4(7237 7581 7585 7241)
4(7238 7242 7586 7582)
4(7239 7583 7587 7243)
4(7241 7585 7589 7245)
4(7242 7246 7590 7586)
4(7243 7587 7591 7247)
4(7245 7589 7593 7249)
4(7249 7593 7594 7250)
4(7250 7594 7595 7251)
4(7251 7595 7596 7252)
4(7252 7596 7597 7253)
4(7253 7597 7598 7254)
4(7254 7598 7599 7255)
4(7246 7256 7600 7590)
4(7255 7599 7600 7256)
4(7247 7591 7601 7257)
4(7258 7259 7603 7602)
4(7259 7260 7604 7603)
4(7260 7261 7605 7604)
4(7261 7262 7606 7605)
4(7262 7263 7607 7606)
4(7263 7264 7608 7607)
4(7264 7265 7609 7608)
4(7265 7266 7610 7609)
4(7257 7601 7611 7267)
4(7266 7267 7611 7610)
4(7268 7612 7613 7269)
4(7269 7613 7614 7270)
4(7270 7614 7615 7271)
4(7271 7615 7616 7272)
4(7272 7616 7617 7273)
4(7273 7617 7618 7274)
4(7274 7618 7619 7275)
4(7275 7619 7620 7276)
4(7276 7620 7621 7277)
4(7279 7280 7624 7623)
4(7280 7281 7625 7624)
4(7281 7282 7626 7625)
4(7282 7283 7627 7626)
4(7283 7284 7628 7627)
4(7284 7285 7629 7628)
4(7285 7286 7630 7629)
4(7277 7621 7631 7287)
4(7279 7623 7633 7289)
4(7286 7290 7634 7630)
4(7287 7631 7635 7291)
4(7289 7633 7637 7293)
4(7290 7294 7638 7634)
4(7291 7635 7639 7295)
4(7293 7637 7641 7297)
4(7294 7298 7642 7638)
4(7295 7639 7643 7299)
4(7297 7641 7645 7301)
4(7298 7302 7646 7642)
4(7299 7643 7647 7303)
4(7301 7645 7649 7305)
4(7302 7306 7650 7646)
4(7303 7647 7651 7307)
4(7305 7649 7653 7309)
4(7306 7310 7654 7650)
4(7307 7651 7655 7311)
4(7309 7653 7657 7313)
4(7310 7314 7658 7654)
4(7311 7655 7659 7315)
4(7313 7657 7661 7317)
4(7314 7318 7662 7658)
4(7315 7659 7663 7319)
4(7317 7661 7665 7321)
4(7318 7322 7666 7662)
4(7319 7663 7667 7323)
4(7321 7665 7669 7325)
4(7322 7332 7670 7666)
4(7323 7667 7671 7333)
4(7325 7669 7673 7335)
4(7332 7342 7674 7670)
4(7333 7671 7675 7343)
4(7335 7673 7677 7345)
4(7342 7352 7678 7674)
4(7343 7675 7679 7353)
4(7345 7677 7681 7355)
4(7352 7362 7682 7678)
4(7353 7679 7683 7363)
4(7355 7681 7685 7365)
4(7362 7372 7686 7682)
4(7363 7683 7687 7373)
4(7365 7685 7689 7375)
4(7372 7382 7690 7686)
4(7373 7687 7691 7383)
4(7375 7689 7693 7385)
4(7382 7392 7694 7690)
4(7383 7691 7695 7393)
4(7385 7693 7697 7395)
4(7392 7402 7698 7694)
4(7393 7695 7699 7403)
4(7395 7697 7701 7405)
4(7402 7412 7702 7698)
4(7403 7699 7703 7413)
4(7405 7701 7705 7415)
4(7412 7422 7706 7702)
4(7413 7703 7707 7423)
4(7415 7705 7709 7425)
4(7422 7432 7710 7706)
4(7423 7707 7711 7433)
4(7425 7709 7713 7435)
4(7432 7442 7714 7710)
4(7433 7711 7715 7443)
4(7435 7713 7717 7445)
4(7442 7452 7718 7714)
4(7443 7715 7719 7453)
4(7445 7717 7721 7455)
4(7452 7462 7722 7718)
4(7453 7719 7723 7463)
4(7455 7721 7725 7465)
4(7462 7472 7726 7722)
4(7463 7723 7727 7473)
4(7465 7725 7729 7475)
4(7472 7482 7730 7726)
4(7473 7727 7731 7483)
4(7475 7729 7733 7485)
4(7482 7492 7734 7730)
4(7483 7731 7735 7493)
4(7485 7733 7737 7495)
4(7492 7502 7738 7734)
4(7493 7735 7739 7503)
4(7495 7737 7741 7505)
4(7502 7512 7742 7738)
4(7503 7739 7743 7513)
4(7505 7741 7745 7515)
4(7512 7522 7746 7742)
4(7513 7743 7747 7523)
4(7515 7745 7749 7525)
4(7522 7532 7750 7746)
4(7523 7747 7751 7533)
4(7525 7749 7753 7535)
4(7532 7542 7754 7750)
4(7533 7751 7755 7543)
4(7535 7753 7757 7545)
4(7542 7546 7758 7754)
4(7543 7755 7759 7547)
4(7545 7757 7761 7549)
4(7546 7550 7762 7758)
4(7547 7759 7763 7551)
4(7549 7761 7765 7553)
4(7550 7554 7766 7762)
4(7551 7763 7767 7555)
4(7553 7765 7769 7557)
4(7554 7558 7770 7766)
4(7555 7767 7771 7559)
4(7557 7769 7773 7561)
4(7558 7562 7774 7770)
4(7559 7771 7775 7563)
4(7561 7773 7777 7565)
4(7562 7566 7778 7774)
4(7563 7775 7779 7567)
4(7565 7777 7781 7569)
4(7566 7570 7782 7778)
4(7567 7779 7783 7571)
4(7569 7781 7785 7573)
4(7570 7574 7786 7782)
4(7571 7783 7787 7575)
4(7573 7785 7789 7577)
4(7574 7578 7790 7786)
4(7575 7787 7791 7579)
4(7577 7789 7793 7581)
4(7578 7582 7794 7790)
4(7579 7791 7795 7583)
4(7581 7793 7797 7585)
4(7582 7586 7798 7794)
4(7583 7795 7799 7587)
4(7585 7797 7801 7589)
4(7586 7590 7802 7798)
4(7587 7799 7803 7591)
4(7589 7801 7805 7593)
4(7593 7805 7806 7594)
4(7594 7806 7807 7595)
4(7595 7807 7808 7596)
4(7596 7808 7809 7597)
4(7597 7809 7810 7598)
4(7598 7810 7811 7599)
4(7590 7600 7812 7802)
4(7599 7811 7812 7600)
4(7591 7803 7813 7601)
4(7602 7603 7815 7814)
4(7603 7604 7816 7815)
4(7604 7605 7817 7816)
4(7605 7606 7818 7817)
4(7606 7607 7819 7818)
4(7607 7608 7820 7819)
4(7608 7609 7821 7820)
4(7609 7610 7822 7821)
4(7601 7813 7823 7611)
4(7610 7611 7823 7822)
4(7612 7824 7825 7613)
4(7613 7825 7826 7614)
4(7614 7826 7827 7615)
4(7615 7827 7828 7616)
4(7616 7828 7829 7617)
4(7617 7829 7830 7618)
4(7618 7830 7831 7619)
4(7619 7831 7832 7620)
4(7620 7832 7833 7621)
4(7623 7624 7836 7835)
4(7624 7625 7837 7836)
4(7625 7626 7838 7837)
4(7626 7627 7839 7838)
4(7627 7628 7840 7839)
4(7628 7629 7841 7840)
4(7629 7630 7842 7841)
4(7621 7833 7843 7631)
4(7623 7835 7845 7633)
4(7630 7634 7846 7842)
4(7631 7843 7847 7635)
4(7633 7845 7849 7637)
4(7634 7638 7850 7846)
4(7635 7847 7851 7639)
4(7637 7849 7853 7641)
4(7638 7642 7854 7850)
4(7639 7851 7855 7643)
4(7641 7853 7857 7645)
4(7642 7646 7858 7854)
4(7643 7855 7859 7647)
4(7645 7857 7861 7649)
4(7646 7650 7862 7858)
4(7647 7859 7863 7651)
4(7649 7861 7865 7653)
4(7650 7654 7866 7862)
4(7651 7863 7867 7655)
4(7653 7865 7869 7657)
4(7654 7658 7870 7866)
4(7655 7867 7871 7659)
4(7657 7869 7873 7661)
4(7658 7662 7874 7870)
4(7659 7871 7875 7663)
4(7661 7873 7877 7665)
4(7662 7666 7878 7874)
4(7663 7875 7879 7667)
4(7665 7877 7881 7669)
4(7666 7670 7882 7878)
4(7667 7879 7883 7671)
4(7669 7881 7885 7673)
4(7670 7674 7886 7882)
4(7671 7883 7887 7675)
4(7673 7885 7889 7677)
4(7674 7678 7890 7886)
4(7675 7887 7891 7679)
4(7677 7889 7893 7681)
4(7678 7682 7894 7890)
4(7679 7891 7895 7683)
4(7681 7893 7897 7685)
4(7682 7686 7898 7894)
4(7683 7895 7899 7687)
4(7685 7897 7901 7689)
4(7686 7690 7902 7898)
4(7687 7899 7903 7691)
4(7689 7901 7905 7693)
4(7690 7694 7906 7902)
4(7691 7903 7907 7695)
4(7693 7905 7909 7697)
4(7694 7698 7910 7906)
4(7695 7907 7911 7699)
4(7697 7909 7913 7701)
4(7698 7702 7914 7910)
4(7699 7911 7915 7703)
4(7701 7913 7917 7705)
4(7702 7706 7918 7914)
4(7703 7915 7919 7707)
4(7705 7917 7921 7709)
4(7706 7710 7922 7918)
4(7707 7919 7923 7711)
4(7709 7921 7925 7713)
4(7710 7714 7926 7922)
4(7711 7923 7927 7715)
4(7713 7925 7929 7717)
4(7714 7718 7930 7926)
4(7715 7927 7931 7719)
4(7717 7929 7933 7721)
4(7718 7722 7934 7930)
4(7719 7931 7935 7723)
4(7721 7933 7937 7725)
4(7722 7726 7938 7934)
4(7723 7935 7939 7727)
4(7725 7937 7941 7729)
4(7726 7730 7942 7938)
4(7727 7939 7943 7731)
4(7729 7941 7945 7733)
4(7730 7734 7946 7942)
4(7731 7943 7947 7735)
4(7733 7945 7949 7737)
4(7734 7738 7950 7946)
4(7735 7947 7951 7739)
4(7737 7949 7953 7741)
4(7738 7742 7954 7950)
4(7739 7951 7955 7743)
4(7741 7953 7957 7745)
4(7742 7746 7958 7954)
4(7743 7955 7959 7747)
4(7745 7957 7961 7749)
4(7746 7750 7962 7958)
4(7747 7959 7963 7751)
4(7749 7961 7965 7753)
4(7750 7754 7966 7962)
4(7751 7963 7967 7755)
4(7753 7965 7969 7757)
4(7754 7758 7970 7966)
4(7755 7967 7971 7759)
4(7757 7969 7973 7761)
4(7758 7762 7974 7970)
4(7759 7971 7975 7763)
4(7761 7973 7977 7765)
4(7762 7766 7978 7974)
4(7763 7975 7979 7767)
4(7765 7977 7981 7769)
4(7766 7770 7982 7978)
4(7767 7979 7983 7771)
4(7769 7981 7985 7773)
4(7770 7774 7986 7982)
4(7771 7983 7987 7775)
4(7773 7985 7989 7777)
4(7774 7778 7990 7986)
4(7775 7987 7991 7779)
4(7777 7989 7993 7781)
4(7778 7782 7994 7990)
4(7779 7991 7995 7783)
4(7781 7993 7997 7785)
4(7782 7786 7998 7994)
4(7783 7995 7999 7787)
4(7785 7997 8001 7789)
4(7786 7790 8002 7998)
4(7787 7999 8003 7791)
4(7789 8001 8005 7793)
4(7790 7794 8006 8002)
4(7791 8003 8007 7795)
4(7793 8005 8009 7797)
4(7794 7798 8010 8006)
4(7795 8007 8011 7799)
4(7797 8009 8013 7801)
4(7798 7802 8014 8010)
4(7799 8011 8015 7803)
4(7801 8013 8017 7805)
4(7805 8017 8018 7806)
4(7806 8018 8019 7807)
4(7807 8019 8020 7808)
4(7808 8020 8021 7809)
4(7809 8021 8022 7810)
4(7810 8022 8023 7811)
4(7802 7812 8024 8014)
4(7811 8023 8024 7812)
4(7803 8015 8025 7813)
4(7814 7815 8027 8026)
4(7815 7816 8028 8027)
4(7816 7817 8029 8028)
4(7817 7818 8030 8029)
4(7818 7819 8031 8030)
4(7819 7820 8032 8031)
4(7820 7821 8033 8032)
4(7821 7822 8034 8033)
4(7813 8025 8035 7823)
4(7822 7823 8035 8034)
4(7824 8036 8037 7825)
4(7825 8037 8038 7826)
4(7826 8038 8039 7827)
4(7827 8039 8040 7828)
4(7828 8040 8041 7829)
4(7829 8041 8042 7830)
4(7830 8042 8043 7831)
4(7831 8043 8044 7832)
4(7832 8044 8045 7833)
4(7835 7836 8048 8047)
4(7836 7837 8049 8048)
4(7837 7838 8050 8049)
4(7838 7839 8051 8050)
4(7839 7840 8052 8051)
4(7840 7841 8053 8052)
4(7841 7842 8054 8053)
4(7833 8045 8055 7843)
4(7835 8047 8057 7845)
4(7842 7846 8058 8054)
4(7843 8055 8059 7847)
4(7845 8057 8061 7849)
4(7846 7850 8062 8058)
4(7847 8059 8063 7851)
4(7849 8061 8065 7853)
4(7850 7854 8066 8062)
4(7851 8063 8067 7855)
4(7853 8065 8069 7857)
4(7854 7858 8070 8066)
4(7855 8067 8071 7859)
4(7857 8069 8073 7861)
4(7858 7862 8074 8070)
4(7859 8071 8075 7863)
4(7861 8073 8077 7865)
4(7862 7866 8078 8074)
4(7863 8075 8079 7867)
4(7865 8077 8081 7869)
4(7866 7870 8082 8078)
4(7867 8079 8083 7871)
4(7869 8081 8085 7873)
4(7870 7874 8086 8082)
4(7871 8083 8087 7875)
4(7873 8085 8089 7877)
4(7874 7878 8090 8086)
4(7875 8087 8091 7879)
4(7877 8089 8093 7881)
4(7878 7882 8094 8090)
4(7879 8091 8095 7883)
4(7881 8093 8097 7885)
4(7882 7886 8098 8094)
4(7883 8095 8099 7887)
4(7885 8097 8101 7889)
4(7886 7890 8102 8098)
4(7887 8099 8103 7891)
4(7889 8101 8105 7893)
4(7890 7894 8106 8102)
4(7891 8103 8107 7895)
4(7893 8105 8109 7897)
4(7894 7898 8110 8106)
4(7895 8107 8111 7899)
4(7897 8109 8113 7901)
4(7898 7902 8114 8110)
4(7899 8111 8115 7903)
4(7901 8113 8117 7905)
4(7902 7906 8118 8114)
4(7903 8115 8119 7907)
4(7905 8117 8121 7909)
4(7906 7910 8122 8118)
4(7907 8119 8123 7911)
4(7909 8121 8125 7913)
4(7910 7914 8126 8122)
4(7911 8123 8127 7915)
4(7913 8125 8129 7917)
4(7914 7918 8130 8126)
4(7915 8127 8131 7919)
4(7917 8129 8133 7921)
4(7918 7922 8134 8130)
4(7919 8131 8135 7923)
4(7921 8133 8137 7925)
4(7922 7926 8138 8134)
4(7923 8135 8139 7927)
4(7925 8137 8141 7929)
4(7926 7930 8142 8138)
4(7927 8139 8143 7931)
4(7929 8141 8145 7933)
4(7930 7934 8146 8142)
4(7931 8143 8147 7935)
4(7933 8145 8149 7937)
4(7934 7938 8150 8146)
4(7935 8147 8151 7939)
4(7937 8149 8153 7941)
4(7938 7942 8154 8150)
4(7939 8151 8155 7943)
4(7941 8153 8157 7945)
4(7942 7946 8158 8154)
4(7943 8155 8159 7947)
4(7945 8157 8161 7949)
4(7946 7950 8162 8158)
4(7947 8159 8163 7951)
4(7949 8161 8165 7953)
4(7950 7954 8166 8162)
4(7951 8163 8167 7955)
4(7953 8165 8169 7957)
4(7954 7958 8170 8166)
4(7955 8167 8171 7959)
4(7957 8169 8173 7961)
4(7958 7962 8174 8170)
4(7959 8171 8175 7963)
4(7961 8173 8177 7965)
4(7962 7966 8178 8174)
4(7963 8175 8179 7967)
4(7965 8177 8181 7969)
4(7966 7970 8182 8178)
4(7967 8179 8183 7971)
4(7969 8181 8185 7973)
4(7970 7974 8186 8182)
4(7971 8183 8187 7975)
4(7973 8185 8189 7977)
4(7974 7978 8190 8186)
4(7975 8187 8191 7979)
4(7977 8189 8193 7981)
4(7978 7982 8194 8190)
4(7979 8191 8195 7983)
4(7981 8193 8197 7985)
4(7982 7986 8198 8194)
4(7983 8195 8199 7987)
4(7985 8197 8201 7989)
4(7986 7990 8202 8198)
4(7987 8199 8203 7991)
4(7989 8201 8205 7993)
4(7990 7994 8206 8202)
4(7991 8203 8207 7995)
4(7993 8205 8209 7997)
4(7994 7998 8210 8206)
4(7995 8207 8211 7999)
4(7997 8209 8213 8001)
4(7998 8002 8214 8210)
4(7999 8211 8215 8003)
4(8001 8213 8217 8005)
4(8002 8006 8218 8214)
4(8003 8215 8219 8007)
4(8005 8217 8221 8009)
4(8006 8010 8222 8218)
4(8007 8219 8223 8011)
4(8009 8221 8225 8013)
4(8010 8014 8226 8222)
4(8011 8223 8227 8015)
4(8013 8225 8229 8017)
4(8017 8229 8230 8018)
4(8018 8230 8231 8019)
4(8019 8231 8232 8020)
4(8020 8232 8233 8021)
4(8021 8233 8234 8022)
4(8022 8234 8235 8023)
4(8014 8024 8236 8226)
4(8023 8235 8236 8024)
4(8015 8227 8237 8025)
4(8026 8027 8239 8238)
4(8027 8028 8240 8239)
4(8028 8029 8241 8240)
4(8029 8030 8242 8241)
4(8030 8031 8243 8242)
4(8031 8032 8244 8243)
4(8032 8033 8245 8244)
4(8033 8034 8246 8245)
4(8025 8237 8247 8035)
4(8034 8035 8247 8246)
4(8036 8248 8249 8037)
4(8037 8249 8250 8038)
4(8038 8250 8251 8039)
4(8039 8251 8252 8040)
4(8040 8252 8253 8041)
4(8041 8253 8254 8042)
4(8042 8254 8255 8043)
4(8043 8255 8256 8044)
4(8044 8256 8257 8045)
4(8047 8048 8260 8259)
4(8048 8049 8261 8260)
4(8049 8050 8262 8261)
4(8050 8051 8263 8262)
4(8051 8052 8264 8263)
4(8052 8053 8265 8264)
4(8053 8054 8266 8265)
4(8045 8257 8267 8055)
4(8047 8259 8269 8057)
4(8054 8058 8270 8266)
4(8055 8267 8271 8059)
4(8057 8269 8273 8061)
4(8058 8062 8274 8270)
4(8059 8271 8275 8063)
4(8061 8273 8277 8065)
4(8062 8066 8278 8274)
4(8063 8275 8279 8067)
4(8065 8277 8281 8069)
4(8066 8070 8282 8278)
4(8067 8279 8283 8071)
4(8069 8281 8285 8073)
4(8070 8074 8286 8282)
4(8071 8283 8287 8075)
4(8073 8285 8289 8077)
4(8074 8078 8290 8286)
4(8075 8287 8291 8079)
4(8077 8289 8293 8081)
4(8078 8082 8294 8290)
4(8079 8291 8295 8083)
4(8081 8293 8297 8085)
4(8082 8086 8298 8294)
4(8083 8295 8299 8087)
4(8085 8297 8301 8089)
4(8086 8090 8302 8298)
4(8087 8299 8303 8091)
4(8089 8301 8305 8093)
4(8090 8094 8306 8302)
4(8091 8303 8307 8095)
4(8093 8305 8309 8097)
4(8094 8098 8310 8306)
4(8095 8307 8311 8099)
4(8097 8309 8313 8101)
4(8098 8102 8314 8310)
4(8099 8311 8315 8103)
4(8101 8313 8317 8105)
4(8102 8106 8318 8314)
4(8103 8315 8319 8107)
4(8105 8317 8321 8109)
4(8106 8110 8322 8318)
4(8107 8319 8323 8111)
4(8109 8321 8325 8113)
4(8110 8114 8326 8322)
4(8111 8323 8327 8115)
4(8113 8325 8329 8117)
4(8114 8118 8330 8326)
4(8115 8327 8331 8119)
4(8117 8329 8333 8121)
4(8118 8122 8334 8330)
4(8119 8331 8335 8123)
4(8121 8333 8337 8125)
4(8122 8126 8338 8334)
4(8123 8335 8339 8127)
4(8125 8337 8341 8129)
4(8126 8130 8342 8338)
4(8127 8339 8343 8131)
4(8129 8341 8345 8133)
4(8130 8134 8346 8342)
4(8131 8343 8347 8135)
4(8133 8345 8349 8137)
4(8134 8138 8350 8346)
4(8135 8347 8351 8139)
4(8137 8349 8353 8141)
4(8138 8142 8354 8350)
4(8139 8351 8355 8143)
4(8141 8353 8357 8145)
4(8142 8146 8358 8354)
4(8143 8355 8359 8147)
4(8145 8357 8361 8149)
4(8146 8150 8362 8358)
4(8147 8359 8363 8151)
4(8149 8361 8365 8153)
4(8150 8154 8366 8362)
4(8151 8363 8367 8155)
4(8153 8365 8369 8157)
4(8154 8158 8370 8366)
4(8155 8367 8371 8159)
4(8157 8369 8373 8161)
4(8158 8162 8374 8370)
4(8159 8371 8375 8163)
4(8161 8373 8377 8165)
4(8162 8166 8378 8374)
4(8163 8375 8379 8167)
4(8165 8377 8381 8169)
4(8166 8170 8382 8378)
4(8167 8379 8383 8171)
4(8169 8381 8385 8173)
4(8170 8174 8386 8382)
4(8171 8383 8387 8175)
4(8173 8385 8389 8177)
4(8174 8178 8390 8386)
4(8175 8387 8391 8179)
4(8177 8389 8393 8181)
4(8178 8182 8394 8390)
4(8179 8391 8395 8183)
4(8181 8393 8397 8185)
4(8182 8186 8398 8394)
4(8183 8395 8399 8187)
4(8185 8397 8401 8189)
4(8186 8190 8402 8398)
4(8187 8399 8403 8191)
4(8189 8401 8405 8193)
4(8190 8194 8406 8402)
4(8191 8403 8407 8195)
4(8193 8405 8409 8197)
4(8194 8198 8410 8406)
4(8195 8407 8411 8199)
4(8197 8409 8413 8201)
4(8198 8202 8414 8410)
4(8199 8411 8415 8203)
4(8201 8413 8417 8205)
4(8202 8206 8418 8414)
4(8203 8415 8419 8207)
4(8205 8417 8421 8209)
4(8206 8210 8422 8418)
4(8207 8419 8423 8211)
4(8209 8421 8425 8213)
4(8210 8214 8426 8422)
4(8211 8423 8427 8215)
4(8213 8425 8429 8217)
4(8214 8218 8430 8426)
4(8215 8427 8431 8219)
4(8217 8429 8433 8221)
4(8218 8222 8434 8430)
4(8219 8431 8435 8223)
4(8221 8433 8437 8225)
4(8222 8226 8438 8434)
4(8223 8435 8439 8227)
4(8225 8437 8441 8229)
4(8229 8441 8442 8230)
4(8230 8442 8443 8231)
4(8231 8443 8444 8232)
4(8232 8444 8445 8233)
4(8233 8445 8446 8234)
4(8234 8446 8447 8235)
4(8226 8236 8448 8438)
4(8235 8447 8448 8236)
4(8227 8439 8449 8237)
4(8238 8239 8451 8450)
4(8239 8240 8452 8451)
4(8240 8241 8453 8452)
4(8241 8242 8454 8453)
4(8242 8243 8455 8454)
4(8243 8244 8456 8455)
4(8244 8245 8457 8456)
4(8245 8246 8458 8457)
4(8237 8449 8459 8247)
4(8246 8247 8459 8458)
4(8248 8460 8461 8249)
4(8249 8461 8462 8250)
4(8250 8462 8463 8251)
4(8251 8463 8464 8252)
4(8252 8464 8465 8253)
4(8253 8465 8466 8254)
4(8254 8466 8467 8255)
4(8255 8467 8468 8256)
4(8256 8468 8469 8257)
4(8259 8260 8472 8471)
4(8260 8261 8473 8472)
4(8261 8262 8474 8473)
4(8262 8263 8475 8474)
4(8263 8264 8476 8475)
4(8264 8265 8477 8476)
4(8265 8266 8478 8477)
4(8257 8469 8479 8267)
4(8259 8471 8481 8269)
4(8266 8270 8482 8478)
4(8267 8479 8483 8271)
4(8269 8481 8485 8273)
4(8270 8274 8486 8482)
4(8271 8483 8487 8275)
4(8273 8485 8489 8277)
4(8274 8278 8490 8486)
4(8275 8487 8491 8279)
4(8277 8489 8493 8281)
4(8278 8282 8494 8490)
4(8279 8491 8495 8283)
4(8281 8493 8497 8285)
4(8282 8286 8498 8494)
4(8283 8495 8499 8287)
4(8285 8497 8501 8289)
4(8286 8290 8502 8498)
4(8287 8499 8503 8291)
4(8289 8501 8505 8293)
4(8290 8294 8506 8502)
4(8291 8503 8507 8295)
4(8293 8505 8509 8297)
4(8294 8298 8510 8506)
4(8295 8507 8511 8299)
4(8297 8509 8513 8301)
4(8298 8302 8514 8510)
4(8299 8511 8515 8303)
4(8301 8513 8517 8305)
4(8302 8306 8518 8514)
4(8303 8515 8519 8307)
4(8305 8517 8521 8309)
4(8306 8310 8522 8518)
4(8307 8519 8523 8311)
4(8309 8521 8525 8313)
4(8310 8314 8526 8522)
4(8311 8523 8527 8315)
4(8313 8525 8529 8317)
4(8314 8318 8530 8526)
4(8315 8527 8531 8319)
4(8317 8529 8533 8321)
4(8318 8322 8534 8530)
4(8319 8531 8535 8323)
4(8321 8533 8537 8325)
4(8322 8326 8538 8534)
4(8323 8535 8539 8327)
4(8325 8537 8541 8329)
4(8326 8330 8542 8538)
4(8327 8539 8543 8331)
4(8329 8541 8545 8333)
4(8330 8334 8546 8542)
4(8331 8543 8547 8335)
4(8333 8545 8549 8337)
4(8334 8338 8550 8546)
4(8335 8547 8551 8339)
4(8337 8549 8553 8341)
4(8338 8342 8554 8550)
4(8339 8551 8555 8343)
4(8341 8553 8557 8345)
4(8342 8346 8558 8554)
4(8343 8555 8559 8347)
4(8345 8557 8561 8349)
4(8346 8350 8562 8558)
4(8347 8559 8563 8351)
4(8349 8561 8565 8353)
4(8350 8354 8566 8562)
4(8351 8563 8567 8355)
4(8353 8565 8569 8357)
4(8354 8358 8570 8566)
4(8355 8567 8571 8359)
4(8357 8569 8573 8361)
4(8358 8362 8574 8570)
4(8359 8571 8575 8363)
4(8361 8573 8577 8365)
4(8362 8366 8578 8574)
4(8363 8575 8579 8367)
4(8365 8577 8581 8369)
4(8366 8370 8582 8578)
4(8367 8579 8583 8371)
4(8369 8581 8585 8373)
4(8370 8374 8586 8582)
4(8371 8583 8587 8375)
4(8373 8585 8589 8377)
4(8374 8378 8590 8586)
4(8375 8587 8591 8379)
4(8377 8589 8593 8381)
4(8378 8382 8594 8590)
4(8379 8591 8595 8383)
4(8381 8593 8597 8385)
4(8382 8386 8598 8594)
4(8383 8595 8599 8387)
4(8385 8597 8601 8389)
4(8386 8390 8602 8598)
4(8387 8599 8603 8391)
4(8389 8601 8605 8393)
4(8390 8394 8606 8602)
4(8391 8603 8607 8395)
4(8393 8605 8609 8397)
4(8394 8398 8610 8606)
4(8395 8607 8611 8399)
4(8397 8609 8613 8401)
4(8398 8402 8614 8610)
4(8399 8611 8615 8403)
4(8401 8613 8617 8405)
4(8402 8406 8618 8614)
4(8403 8615 8619 8407)
4(8405 8617 8621 8409)
4(8406 8410 8622 8618)
4(8407 8619 8623 8411)
4(8409 8621 8625 8413)
4(8410 8414 8626 8622)
4(8411 8623 8627 8415)
4(8413 8625 8629 8417)
4(8414 8418 8630 8626)
4(8415 8627 8631 8419)
4(8417 8629 8633 8421)
4(8418 8422 8634 8630)
4(8419 8631 8635 8423)
4(8421 8633 8637 8425)
4(8422 8426 8638 8634)
4(8423 8635 8639 8427)
4(8425 8637 8641 8429)
4(8426 8430 8642 8638)
4(8427 8639 8643 8431)
4(8429 8641 8645 8433)
4(8430 8434 8646 8642)
4(8431 8643 8647 8435)
4(8433 8645 8649 8437)
4(8434 8438 8650 8646)
4(8435 8647 8651 8439)
4(8437 8649 8653 8441)
4(8441 8653 8654 8442)
4(8442 8654 8655 8443)
4(8443 8655 8656 8444)
4(8444 8656 8657 8445)
4(8445 8657 8658 8446)
4(8446 8658 8659 8447)
4(8438 8448 8660 8650)
4(8447 8659 8660 8448)
4(8439 8651 8661 8449)
4(8450 8451 8663 8662)
4(8451 8452 8664 8663)
4(8452 8453 8665 8664)
4(8453 8454 8666 8665)
4(8454 8455 8667 8666)
4(8455 8456 8668 8667)
4(8456 8457 8669 8668)
4(8457 8458 8670 8669)
4(8449 8661 8671 8459)
4(8458 8459 8671 8670)
4(8460 8672 8673 8461)
4(8461 8673 8674 8462)
4(8462 8674 8675 8463)
4(8463 8675 8676 8464)
4(8464 8676 8677 8465)
4(8465 8677 8678 8466)
4(8466 8678 8679 8467)
4(8467 8679 8680 8468)
4(8468 8680 8681 8469)
4(8471 8472 8684 8683)
4(8472 8473 8685 8684)
4(8473 8474 8686 8685)
4(8474 8475 8687 8686)
4(8475 8476 8688 8687)
4(8476 8477 8689 8688)
4(8477 8478 8690 8689)
4(8469 8681 8691 8479)
4(8471 8683 8693 8481)
4(8478 8482 8694 8690)
4(8479 8691 8695 8483)
4(8481 8693 8697 8485)
4(8482 8486 8698 8694)
4(8483 8695 8699 8487)
4(8485 8697 8701 8489)
4(8486 8490 8705 8698)
4(8487 8699 8706 8491)
4(8489 8701 8708 8493)
4(8702 8703 8710 8709)
4(8703 8704 8711 8710)
4(8490 8494 8712 8705)
4(8491 8706 8713 8495)
4(8493 8708 8715 8497)
4(8709 8710 8717 8716)
4(8710 8711 8718 8717)
4(8494 8498 8719 8712)
4(8495 8713 8720 8499)
4(8497 8715 8722 8501)
4(8716 8717 8724 8723)
4(8717 8718 8725 8724)
4(8498 8502 8726 8719)
4(8499 8720 8727 8503)
4(8501 8722 8729 8505)
4(8723 8724 8731 8730)
4(8724 8725 8732 8731)
4(8502 8506 8733 8726)
4(8503 8727 8734 8507)
4(8505 8729 8736 8509)
4(8730 8731 8738 8737)
4(8731 8732 8739 8738)
4(8506 8510 8740 8733)
4(8507 8734 8741 8511)
4(8509 8736 8743 8513)
4(8737 8738 8745 8744)
4(8738 8739 8746 8745)
4(8510 8514 8747 8740)
4(8511 8741 8748 8515)
4(8513 8743 8750 8517)
4(8744 8745 8752 8751)
4(8745 8746 8753 8752)
4(8514 8518 8754 8747)
4(8515 8748 8755 8519)
4(8517 8750 8757 8521)
4(8751 8752 8759 8758)
4(8752 8753 8760 8759)
4(8518 8522 8761 8754)
4(8519 8755 8762 8523)
4(8521 8757 8764 8525)
4(8758 8759 8766 8765)
4(8759 8760 8767 8766)
4(8522 8526 8768 8761)
4(8523 8762 8769 8527)
4(8525 8764 8771 8529)
4(8765 8766 8773 8772)
4(8766 8767 8774 8773)
4(8526 8530 8775 8768)
4(8527 8769 8776 8531)
4(8529 8771 8778 8533)
4(8772 8773 8780 8779)
4(8773 8774 8781 8780)
4(8530 8534 8782 8775)
4(8531 8776 8783 8535)
4(8533 8778 8785 8537)
4(8779 8780 8787 8786)
4(8780 8781 8788 8787)
4(8534 8538 8789 8782)
4(8535 8783 8790 8539)
4(8537 8785 8792 8541)
4(8786 8787 8794 8793)
4(8787 8788 8795 8794)
4(8538 8542 8796 8789)
4(8539 8790 8797 8543)
4(8541 8792 8799 8545)
4(8793 8794 8801 8800)
4(8794 8795 8802 8801)
4(8542 8546 8803 8796)
4(8543 8797 8804 8547)
4(8545 8799 8806 8549)
4(8800 8801 8808 8807)
4(8801 8802 8809 8808)
4(8546 8550 8810 8803)
4(8547 8804 8811 8551)
4(8549 8806 8813 8553)
4(8807 8808 8815 8814)
4(8808 8809 8816 8815)
4(8550 8554 8817 8810)
4(8551 8811 8818 8555)
4(8553 8813 8820 8557)
4(8814 8815 8822 8821)
4(8815 8816 8823 8822)
4(8554 8558 8824 8817)
4(8555 8818 8825 8559)
4(8557 8820 8827 8561)
4(8821 8822 8829 8828)
4(8822 8823 8830 8829)
4(8558 8562 8831 8824)
4(8559 8825 8832 8563)
4(8561 8827 8834 8565)
4(8828 8829 8836 8835)
4(8829 8830 8837 8836)
4(8562 8566 8838 8831)
4(8563 8832 8839 8567)
4(8565 8834 8841 8569)
4(8835 8836 8843 8842)
4(8836 8837 8844 8843)
4(8566 8570 8845 8838)
4(8567 8839 8846 8571)
4(8569 8841 8848 8573)
4(8842 8843 8850 8849)
4(8843 8844 8851 8850)
4(8570 8574 8852 8845)
4(8571 8846 8853 8575)
4(8573 8848 8855 8577)
4(8849 8850 8857 8856)
4(8850 8851 8858 8857)
4(8574 8578 8859 8852)
4(8575 8853 8860 8579)
4(8577 8855 8862 8581)
4(8856 8857 8864 8863)
4(8857 8858 8865 8864)
4(8578 8582 8866 8859)
4(8579 8860 8867 8583)
4(8581 8862 8869 8585)
4(8863 8864 8871 8870)
4(8864 8865 8872 8871)
4(8582 8586 8873 8866)
4(8583 8867 8874 8587)
4(8585 8869 8876 8589)
4(8586 8590 8877 8873)
4(8587 8874 8878 8591)
4(8589 8876 8880 8593)
4(8590 8594 8881 8877)
4(8591 8878 8882 8595)
4(8593 8880 8884 8597)
4(8594 8598 8885 8881)
4(8595 8882 8886 8599)
4(8597 8884 8888 8601)
4(8598 8602 8889 8885)
4(8599 8886 8890 8603)
4(8601 8888 8892 8605)
4(8602 8606 8893 8889)
4(8603 8890 8894 8607)
4(8605 8892 8896 8609)
4(8606 8610 8897 8893)
4(8607 8894 8898 8611)
4(8609 8896 8900 8613)
4(8610 8614 8901 8897)
4(8611 8898 8902 8615)
4(8613 8900 8904 8617)
4(8614 8618 8905 8901)
4(8615 8902 8906 8619)
4(8617 8904 8908 8621)
4(8618 8622 8909 8905)
4(8619 8906 8910 8623)
4(8621 8908 8912 8625)
4(8622 8626 8913 8909)
4(8623 8910 8914 8627)
4(8625 8912 8916 8629)
4(8626 8630 8917 8913)
4(8627 8914 8918 8631)
4(8629 8916 8920 8633)
4(8630 8634 8921 8917)
4(8631 8918 8922 8635)
4(8633 8920 8924 8637)
4(8634 8638 8925 8921)
4(8635 8922 8926 8639)
4(8637 8924 8928 8641)
4(8638 8642 8929 8925)
4(8639 8926 8930 8643)
4(8641 8928 8932 8645)
4(8642 8646 8933 8929)
4(8643 8930 8934 8647)
4(8645 8932 8936 8649)
4(8646 8650 8937 8933)
4(8647 8934 8938 8651)
4(8649 8936 8940 8653)
4(8653 8940 8941 8654)
4(8654 8941 8942 8655)
4(8655 8942 8943 8656)
4(8656 8943 8944 8657)
4(8657 8944 8945 8658)
4(8658 8945 8946 8659)
4(8650 8660 8947 8937)
4(8659 8946 8947 8660)
4(8651 8938 8948 8661)
4(8662 8663 8950 8949)
4(8663 8664 8951 8950)
4(8664 8665 8952 8951)
4(8665 8666 8953 8952)
4(8666 8667 8954 8953)
4(8667 8668 8955 8954)
4(8668 8669 8956 8955)
4(8669 8670 8957 8956)
4(8661 8948 8958 8671)
4(8670 8671 8958 8957)
4(8672 8959 8960 8673)
4(8673 8960 8961 8674)
4(8674 8961 8962 8675)
4(8675 8962 8963 8676)
4(8676 8963 8964 8677)
4(8677 8964 8965 8678)
4(8678 8965 8966 8679)
4(8679 8966 8967 8680)
4(8680 8967 8968 8681)
4(8683 8684 8971 8970)
4(8684 8685 8972 8971)
4(8685 8686 8973 8972)
4(8686 8687 8974 8973)
4(8687 8688 8975 8974)
4(8688 8689 8976 8975)
4(8689 8690 8977 8976)
4(8681 8968 8978 8691)
4(8683 8970 8980 8693)
4(8690 8694 8981 8977)
4(8691 8978 8982 8695)
4(8693 8980 8984 8697)
4(8694 8698 8985 8981)
4(8695 8982 8986 8699)
4(8697 8984 8988 8701)
4(8702 8989 8990 8703)
4(8703 8990 8991 8704)
4(8698 8705 8992 8985)
4(8699 8986 8993 8706)
4(8701 8988 8995 8708)
4(8702 8709 8996 8989)
4(8704 8991 8998 8711)
4(8705 8712 8999 8992)
4(8706 8993 9000 8713)
4(8708 8995 9002 8715)
4(8709 8716 9003 8996)
4(8711 8998 9005 8718)
4(8712 8719 9006 8999)
4(8713 9000 9007 8720)
4(8715 9002 9009 8722)
4(8716 8723 9010 9003)
4(8718 9005 9012 8725)
4(8719 8726 9013 9006)
4(8720 9007 9014 8727)
4(8722 9009 9016 8729)
4(8723 8730 9017 9010)
4(8725 9012 9019 8732)
4(8726 8733 9020 9013)
4(8727 9014 9021 8734)
4(8729 9016 9023 8736)
4(8730 8737 9024 9017)
4(8732 9019 9026 8739)
4(8733 8740 9027 9020)
4(8734 9021 9028 8741)
4(8736 9023 9030 8743)
4(8737 8744 9031 9024)
4(8739 9026 9033 8746)
4(8740 8747 9034 9027)
4(8741 9028 9035 8748)
4(8743 9030 9037 8750)
4(8744 8751 9038 9031)
4(8746 9033 9040 8753)
4(8747 8754 9041 9034)
4(8748 9035 9042 8755)
4(8750 9037 9044 8757)
4(8751 8758 9045 9038)
4(8753 9040 9047 8760)
4(8754 8761 9048 9041)
4(8755 9042 9049 8762)
4(8757 9044 9051 8764)
4(8758 8765 9052 9045)
4(8760 9047 9054 8767)
4(8761 8768 9055 9048)
4(8762 9049 9056 8769)
4(8764 9051 9058 8771)
4(8765 8772 9059 9052)
4(8767 9054 9061 8774)
4(8768 8775 9062 9055)
4(8769 9056 9063 8776)
4(8771 9058 9065 8778)
4(8772 8779 9066 9059)
4(8774 9061 9068 8781)
4(8775 8782 9069 9062)
4(8776 9063 9070 8783)
4(8778 9065 9072 8785)
4(8779 8786 9073 9066)
4(8781 9068 9075 8788)
4(8782 8789 9076 9069)
4(8783 9070 9077 8790)
4(8785 9072 9079 8792)
4(8786 8793 9080 9073)
4(8788 9075 9082 8795)
4(8789 8796 9083 9076)
4(8790 9077 9084 8797)
4(8792 9079 9086 8799)
4(8793 8800 9087 9080)
4(8795 9082 9089 8802)
4(8796 8803 9090 9083)
4(8797 9084 9091 8804)
4(8799 9086 9093 8806)
4(8800 8807 9094 9087)
4(8802 9089 9096 8809)
4(8803 8810 9097 9090)
4(8804 9091 9098 8811)
4(8806 9093 9100 8813)
4(8807 8814 9101 9094)
4(8809 9096 9103 8816)
4(8810 8817 9104 9097)
4(8811 9098 9105 8818)
4(8813 9100 9107 8820)
4(8814 8821 9108 9101)
4(8816 9103 9110 8823)
4(8817 8824 9111 9104)
4(8818 9105 9112 8825)
4(8820 9107 9114 8827)
4(8821 8828 9115 9108)
4(8823 9110 9117 8830)
4(8824 8831 9118 9111)
4(8825 9112 9119 8832)
4(8827 9114 9121 8834)
4(8828 8835 9122 9115)
4(8830 9117 9124 8837)
4(8831 8838 9125 9118)
4(8832 9119 9126 8839)
4(8834 9121 9128 8841)
4(8835 8842 9129 9122)
4(8837 9124 9131 8844)
4(8838 8845 9132 9125)
4(8839 9126 9133 8846)
4(8841 9128 9135 8848)
4(8842 8849 9136 9129)
4(8844 9131 9138 8851)
4(8845 8852 9139 9132)
4(8846 9133 9140 8853)
4(8848 9135 9142 8855)
4(8849 8856 9143 9136)
4(8851 9138 9145 8858)
4(8852 8859 9146 9139)
4(8853 9140 9147 8860)
4(8855 9142 9149 8862)
4(8856 8863 9150 9143)
4(8858 9145 9152 8865)
4(8859 8866 9153 9146)
4(8860 9147 9154 8867)
4(8862 9149 9156 8869)
4(8863 8870 9157 9150)
4(8870 8871 9158 9157)
4(8865 9152 9159 8872)
4(8871 8872 9159 9158)
4(8866 8873 9160 9153)
4(8867 9154 9161 8874)
4(8869 9156 9163 8876)
4(8873 8877 9164 9160)
4(8874 9161 9165 8878)
4(8876 9163 9167 8880)
4(8877 8881 9168 9164)
4(8878 9165 9169 8882)
4(8880 9167 9171 8884)
4(8881 8885 9172 9168)
4(8882 9169 9173 8886)
4(8884 9171 9175 8888)
4(8885 8889 9176 9172)
4(8886 9173 9177 8890)
4(8888 9175 9179 8892)
4(8889 8893 9180 9176)
4(8890 9177 9181 8894)
4(8892 9179 9183 8896)
4(8893 8897 9184 9180)
4(8894 9181 9185 8898)
4(8896 9183 9187 8900)
4(8897 8901 9188 9184)
4(8898 9185 9189 8902)
4(8900 9187 9191 8904)
4(8901 8905 9192 9188)
4(8902 9189 9193 8906)
4(8904 9191 9195 8908)
4(8905 8909 9196 9192)
4(8906 9193 9197 8910)
4(8908 9195 9199 8912)
4(8909 8913 9200 9196)
4(8910 9197 9201 8914)
4(8912 9199 9203 8916)
4(8913 8917 9204 9200)
4(8914 9201 9205 8918)
4(8916 9203 9207 8920)
4(8917 8921 9208 9204)
4(8918 9205 9209 8922)
4(8920 9207 9211 8924)
4(8921 8925 9212 9208)
4(8922 9209 9213 8926)
4(8924 9211 9215 8928)
4(8925 8929 9216 9212)
4(8926 9213 9217 8930)
4(8928 9215 9219 8932)
4(8929 8933 9220 9216)
4(8930 9217 9221 8934)
4(8932 9219 9223 8936)
4(8933 8937 9224 9220)
4(8934 9221 9225 8938)
4(8936 9223 9227 8940)
4(8940 9227 9228 8941)
4(8941 9228 9229 8942)
4(8942 9229 9230 8943)
4(8943 9230 9231 8944)
4(8944 9231 9232 8945)
4(8945 9232 9233 8946)
4(8937 8947 9234 9224)
4(8946 9233 9234 8947)
4(8938 9225 9235 8948)
4(8949 8950 9237 9236)
4(8950 8951 9238 9237)
4(8951 8952 9239 9238)
4(8952 8953 9240 9239)
4(8953 8954 9241 9240)
4(8954 8955 9242 9241)
4(8955 8956 9243 9242)
4(8956 8957 9244 9243)
4(8948 9235 9245 8958)
4(8957 8958 9245 9244)
4(8959 9246 9247 8960)
4(8960 9247 9248 8961)
4(8961 9248 9249 8962)
4(8962 9249 9250 8963)
4(8963 9250 9251 8964)
4(8964 9251 9252 8965)
4(8965 9252 9253 8966)
4(8966 9253 9254 8967)
4(8967 9254 9255 8968)
4(8970 8971 9258 9257)
4(9247 9257 9258 9248)
4(8971 8972 9259 9258)
4(9248 9258 9259 9249)
4(8972 8973 9260 9259)
4(9249 9259 9260 9250)
4(8973 8974 9261 9260)
4(9250 9260 9261 9251)
4(8974 8975 9262 9261)
4(9251 9261 9262 9252)
4(8975 8976 9263 9262)
4(9252 9262 9263 9253)
4(8976 8977 9264 9263)
4(9253 9263 9264 9254)
4(8968 9255 9265 8978)
4(8970 9257 9267 8980)
4(8977 8981 9268 9264)
4(8978 9265 9269 8982)
4(8980 9267 9271 8984)
4(8981 8985 9272 9268)
4(8982 9269 9273 8986)
4(8984 9271 9275 8988)
4(8989 9276 9277 8990)
4(8990 9277 9278 8991)
4(8985 8992 9279 9272)
4(8986 9273 9280 8993)
4(8988 9275 9282 8995)
4(8989 8996 9283 9276)
4(8991 9278 9285 8998)
4(8992 8999 9286 9279)
4(8993 9280 9287 9000)
4(8995 9282 9289 9002)
4(8996 9003 9290 9283)
4(8998 9285 9292 9005)
4(8999 9006 9293 9286)
4(9000 9287 9294 9007)
4(9002 9289 9296 9009)
4(9003 9010 9297 9290)
4(9005 9292 9299 9012)
4(9006 9013 9300 9293)
4(9007 9294 9301 9014)
4(9009 9296 9303 9016)
4(9010 9017 9304 9297)
4(9012 9299 9306 9019)
4(9013 9020 9307 9300)
4(9014 9301 9308 9021)
4(9016 9303 9310 9023)
4(9017 9024 9311 9304)
4(9019 9306 9313 9026)
4(9020 9027 9314 9307)
4(9021 9308 9315 9028)
4(9023 9310 9317 9030)
4(9024 9031 9318 9311)
4(9026 9313 9320 9033)
4(9027 9034 9321 9314)
4(9028 9315 9322 9035)
4(9030 9317 9324 9037)
4(9031 9038 9325 9318)
4(9033 9320 9327 9040)
4(9034 9041 9328 9321)
4(9035 9322 9329 9042)
4(9037 9324 9331 9044)
4(9038 9045 9332 9325)
4(9040 9327 9334 9047)
4(9041 9048 9335 9328)
4(9042 9329 9336 9049)
4(9044 9331 9338 9051)
4(9045 9052 9339 9332)
4(9047 9334 9341 9054)
4(9048 9055 9342 9335)
4(9049 9336 9343 9056)
4(9051 9338 9345 9058)
4(9052 9059 9346 9339)
4(9054 9341 9348 9061)
4(9055 9062 9349 9342)
4(9056 9343 9350 9063)
4(9058 9345 9352 9065)
4(9059 9066 9353 9346)
4(9061 9348 9355 9068)
4(9062 9069 9356 9349)
4(9063 9350 9357 9070)
4(9065 9352 9359 9072)
4(9066 9073 9360 9353)
4(9068 9355 9362 9075)
4(9069 9076 9363 9356)
4(9070 9357 9364 9077)
4(9072 9359 9366 9079)
4(9073 9080 9367 9360)
4(9075 9362 9369 9082)
4(9076 9083 9370 9363)
4(9077 9364 9371 9084)
4(9079 9366 9373 9086)
4(9080 9087 9374 9367)
4(9082 9369 9376 9089)
4(9083 9090 9377 9370)
4(9084 9371 9378 9091)
4(9086 9373 9380 9093)
4(9087 9094 9381 9374)
4(9089 9376 9383 9096)
4(9090 9097 9384 9377)
4(9091 9378 9385 9098)
4(9093 9380 9387 9100)
4(9094 9101 9388 9381)
4(9096 9383 9390 9103)
4(9097 9104 9391 9384)
4(9098 9385 9392 9105)
4(9100 9387 9394 9107)
4(9101 9108 9395 9388)
4(9103 9390 9397 9110)
4(9104 9111 9398 9391)
4(9105 9392 9399 9112)
4(9107 9394 9401 9114)
4(9108 9115 9402 9395)
4(9110 9397 9404 9117)
4(9111 9118 9405 9398)
4(9112 9399 9406 9119)
4(9114 9401 9408 9121)
4(9115 9122 9409 9402)
4(9117 9404 9411 9124)
4(9118 9125 9412 9405)
4(9119 9406 9413 9126)
4(9121 9408 9415 9128)
4(9122 9129 9416 9409)
4(9124 9411 9418 9131)
4(9125 9132 9419 9412)
4(9126 9413 9420 9133)
4(9128 9415 9422 9135)
4(9129 9136 9423 9416)
4(9131 9418 9425 9138)
4(9132 9139 9426 9419)
4(9133 9420 9427 9140)
4(9135 9422 9429 9142)
4(9136 9143 9430 9423)
4(9138 9425 9432 9145)
4(9139 9146 9433 9426)
4(9140 9427 9434 9147)
4(9142 9429 9436 9149)
4(9143 9150 9437 9430)
4(9145 9432 9439 9152)
4(9146 9153 9440 9433)
4(9147 9434 9441 9154)
4(9149 9436 9443 9156)
4(9150 9157 9444 9437)
4(9157 9158 9445 9444)
4(9152 9439 9446 9159)
4(9158 9159 9446 9445)
4(9153 9160 9447 9440)
4(9154 9441 9448 9161)
4(9156 9443 9450 9163)
4(9160 9164 9451 9447)
4(9161 9448 9452 9165)
4(9163 9450 9454 9167)
4(9164 9168 9455 9451)
4(9165 9452 9456 9169)
4(9167 9454 9458 9171)
4(9168 9172 9459 9455)
4(9169 9456 9460 9173)
4(9171 9458 9462 9175)
4(9172 9176 9463 9459)
4(9173 9460 9464 9177)
4(9175 9462 9466 9179)
4(9176 9180 9467 9463)
4(9177 9464 9468 9181)
4(9179 9466 9470 9183)
4(9180 9184 9471 9467)
4(9181 9468 9472 9185)
4(9183 9470 9474 9187)
4(9184 9188 9475 9471)
4(9185 9472 9476 9189)
4(9187 9474 9478 9191)
4(9188 9192 9479 9475)
4(9189 9476 9480 9193)
4(9191 9478 9482 9195)
4(9192 9196 9483 9479)
4(9193 9480 9484 9197)
4(9195 9482 9486 9199)
4(9196 9200 9487 9483)
4(9197 9484 9488 9201)
4(9199 9486 9490 9203)
4(9200 9204 9491 9487)
4(9201 9488 9492 9205)
4(9203 9490 9494 9207)
4(9204 9208 9495 9491)
4(9205 9492 9496 9209)
4(9207 9494 9498 9211)
4(9208 9212 9499 9495)
4(9209 9496 9500 9213)
4(9211 9498 9502 9215)
4(9212 9216 9503 9499)
4(9213 9500 9504 9217)
4(9215 9502 9506 9219)
4(9216 9220 9507 9503)
4(9217 9504 9508 9221)
4(9219 9506 9510 9223)
4(9220 9224 9511 9507)
4(9221 9508 9512 9225)
4(9223 9510 9514 9227)
4(9227 9514 9515 9228)
4(9228 9515 9516 9229)
4(9229 9516 9517 9230)
4(9230 9517 9518 9231)
4(9231 9518 9519 9232)
4(9232 9519 9520 9233)
4(9224 9234 9521 9511)
4(9233 9520 9521 9234)
4(9225 9512 9522 9235)
4(9236 9237 9524 9523)
4(9237 9238 9525 9524)
4(9238 9239 9526 9525)
4(9239 9240 9527 9526)
4(9240 9241 9528 9527)
4(9241 9242 9529 9528)
4(9242 9243 9530 9529)
4(9243 9244 9531 9530)
4(9235 9522 9532 9245)
4(9244 9245 9532 9531)
4(9246 9533 9534 9247)
4(9254 9535 9536 9255)
4(9247 9534 9538 9257)
4(9254 9264 9539 9535)
4(9255 9536 9540 9265)
4(9257 9538 9542 9267)
4(9264 9268 9543 9539)
4(9265 9540 9544 9269)
4(9267 9542 9546 9271)
4(9268 9272 9547 9543)
4(9269 9544 9548 9273)
4(9271 9546 9550 9275)
4(9276 9551 9552 9277)
4(9277 9552 9553 9278)
4(9272 9279 9554 9547)
4(9273 9548 9555 9280)
4(9275 9550 9557 9282)
4(9276 9283 9558 9551)
4(9278 9553 9560 9285)
4(9279 9286 9561 9554)
4(9280 9555 9562 9287)
4(9282 9557 9564 9289)
4(9283 9290 9565 9558)
4(9285 9560 9567 9292)
4(9286 9293 9568 9561)
4(9287 9562 9569 9294)
4(9289 9564 9571 9296)
4(9290 9297 9572 9565)
4(9292 9567 9574 9299)
4(9293 9300 9575 9568)
4(9294 9569 9576 9301)
4(9296 9571 9578 9303)
4(9297 9304 9579 9572)
4(9299 9574 9581 9306)
4(9300 9307 9582 9575)
4(9301 9576 9583 9308)
4(9303 9578 9585 9310)
4(9304 9311 9586 9579)
4(9306 9581 9588 9313)
4(9307 9314 9589 9582)
4(9308 9583 9590 9315)
4(9310 9585 9592 9317)
4(9311 9318 9593 9586)
4(9313 9588 9595 9320)
4(9314 9321 9596 9589)
4(9315 9590 9597 9322)
4(9317 9592 9599 9324)
4(9318 9325 9600 9593)
4(9320 9595 9602 9327)
4(9321 9328 9603 9596)
4(9322 9597 9604 9329)
4(9324 9599 9606 9331)
4(9325 9332 9607 9600)
4(9327 9602 9609 9334)
4(9328 9335 9610 9603)
4(9329 9604 9611 9336)
4(9331 9606 9613 9338)
4(9332 9339 9614 9607)
4(9334 9609 9616 9341)
4(9335 9342 9617 9610)
4(9336 9611 9618 9343)
4(9338 9613 9620 9345)
4(9339 9346 9621 9614)
4(9341 9616 9623 9348)
4(9342 9349 9624 9617)
4(9343 9618 9625 9350)
4(9345 9620 9627 9352)
4(9346 9353 9628 9621)
4(9348 9623 9630 9355)
4(9349 9356 9631 9624)
4(9350 9625 9632 9357)
4(9352 9627 9634 9359)
4(9353 9360 9635 9628)
4(9355 9630 9637 9362)
4(9356 9363 9638 9631)
4(9357 9632 9639 9364)
4(9359 9634 9641 9366)
4(9360 9367 9642 9635)
4(9362 9637 9644 9369)
4(9363 9370 9645 9638)
4(9364 9639 9646 9371)
4(9366 9641 9648 9373)
4(9367 9374 9649 9642)
4(9369 9644 9651 9376)
4(9370 9377 9652 9645)
4(9371 9646 9653 9378)
4(9373 9648 9655 9380)
4(9374 9381 9656 9649)
4(9376 9651 9658 9383)
4(9377 9384 9659 9652)
4(9378 9653 9660 9385)
4(9380 9655 9662 9387)
4(9381 9388 9663 9656)
4(9383 9658 9665 9390)
4(9384 9391 9666 9659)
4(9385 9660 9667 9392)
4(9387 9662 9669 9394)
4(9388 9395 9670 9663)
4(9390 9665 9672 9397)
4(9391 9398 9673 9666)
4(9392 9667 9674 9399)
4(9394 9669 9676 9401)
4(9395 9402 9677 9670)
4(9397 9672 9679 9404)
4(9398 9405 9680 9673)
4(9399 9674 9681 9406)
4(9401 9676 9683 9408)
4(9402 9409 9684 9677)
4(9404 9679 9686 9411)
4(9405 9412 9687 9680)
4(9406 9681 9688 9413)
4(9408 9683 9690 9415)
4(9409 9416 9691 9684)
4(9411 9686 9693 9418)
4(9412 9419 9694 9687)
4(9413 9688 9695 9420)
4(9415 9690 9697 9422)
4(9416 9423 9698 9691)
4(9418 9693 9700 9425)
4(9419 9426 9701 9694)
4(9420 9695 9702 9427)
4(9422 9697 9704 9429)
4(9423 9430 9705 9698)
4(9425 9700 9707 9432)
4(9426 9433 9708 9701)
4(9427 9702 9709 9434)
4(9429 9704 9711 9436)
4(9430 9437 9712 9705)
4(9432 9707 9714 9439)
4(9433 9440 9715 9708)
4(9434 9709 9716 9441)
4(9436 9711 9718 9443)
4(9437 9444 9719 9712)
4(9444 9445 9720 9719)
4(9439 9714 9721 9446)
4(9445 9446 9721 9720)
4(9440 9447 9722 9715)
4(9441 9716 9723 9448)
4(9443 9718 9725 9450)
4(9447 9451 9726 9722)
4(9448 9723 9727 9452)
4(9450 9725 9729 9454)
4(9451 9455 9730 9726)
4(9452 9727 9731 9456)
4(9454 9729 9733 9458)
4(9455 9459 9734 9730)
4(9456 9731 9735 9460)
4(9458 9733 9737 9462)
4(9459 9463 9738 9734)
4(9460 9735 9739 9464)
4(9462 9737 9741 9466)
4(9463 9467 9742 9738)
4(9464 9739 9743 9468)
4(9466 9741 9745 9470)
4(9467 9471 9746 9742)
4(9468 9743 9747 9472)
4(9470 9745 9749 9474)
4(9471 9475 9750 9746)
4(9472 9747 9751 9476)
4(9474 9749 9753 9478)
4(9475 9479 9754 9750)
4(9476 9751 9755 9480)
4(9478 9753 9757 9482)
4(9479 9483 9758 9754)
4(9480 9755 9759 9484)
4(9482 9757 9761 9486)
4(9483 9487 9762 9758)
4(9484 9759 9763 9488)
4(9486 9761 9765 9490)
4(9487 9491 9766 9762)
4(9488 9763 9767 9492)
4(9490 9765 9769 9494)
4(9491 9495 9770 9766)
4(9492 9767 9771 9496)
4(9494 9769 9773 9498)
4(9495 9499 9774 9770)
4(9496 9771 9775 9500)
4(9498 9773 9777 9502)
4(9499 9503 9778 9774)
4(9500 9775 9779 9504)
4(9502 9777 9781 9506)
4(9503 9507 9782 9778)
4(9504 9779 9783 9508)
4(9506 9781 9785 9510)
4(9507 9511 9786 9782)
4(9508 9783 9787 9512)
4(9510 9785 9789 9514)
4(9514 9789 9790 9515)
4(9515 9790 9791 9516)
4(9516 9791 9792 9517)
4(9517 9792 9793 9518)
4(9518 9793 9794 9519)
4(9519 9794 9795 9520)
4(9511 9521 9796 9786)
4(9520 9795 9796 9521)
4(9512 9787 9797 9522)
4(9523 9524 9799 9798)
4(9524 9525 9800 9799)
4(9525 9526 9801 9800)
4(9526 9527 9802 9801)
4(9527 9528 9803 9802)
4(9528 9529 9804 9803)
4(9529 9530 9805 9804)
4(9530 9531 9806 9805)
4(9522 9797 9807 9532)
4(9531 9532 9807 9806)
4(9533 9808 9809 9534)
4(9535 9810 9811 9536)
4(9534 9809 9813 9538)
4(9535 9539 9814 9810)
4(9536 9811 9815 9540)
4(9538 9813 9817 9542)
4(9539 9543 9818 9814)
4(9540 9815 9819 9544)
4(9542 9817 9821 9546)
4(9543 9547 9822 9818)
4(9544 9819 9823 9548)
4(9546 9821 9825 9550)
4(9551 9826 9827 9552)
4(9552 9827 9828 9553)
4(9547 9554 9829 9822)
4(9548 9823 9830 9555)
4(9550 9825 9832 9557)
4(9551 9558 9833 9826)
4(9553 9828 9835 9560)
4(9554 9561 9836 9829)
4(9555 9830 9837 9562)
4(9557 9832 9839 9564)
4(9558 9565 9840 9833)
4(9560 9835 9842 9567)
4(9561 9568 9843 9836)
4(9562 9837 9844 9569)
4(9564 9839 9846 9571)
4(9565 9572 9847 9840)
4(9567 9842 9849 9574)
4(9568 9575 9850 9843)
4(9569 9844 9851 9576)
4(9571 9846 9853 9578)
4(9572 9579 9854 9847)
4(9574 9849 9856 9581)
4(9575 9582 9857 9850)
4(9576 9851 9858 9583)
4(9578 9853 9860 9585)
4(9579 9586 9861 9854)
4(9581 9856 9863 9588)
4(9582 9589 9864 9857)
4(9583 9858 9865 9590)
4(9585 9860 9867 9592)
4(9586 9593 9868 9861)
4(9588 9863 9870 9595)
4(9589 9596 9871 9864)
4(9590 9865 9872 9597)
4(9592 9867 9874 9599)
4(9593 9600 9875 9868)
4(9595 9870 9877 9602)
4(9596 9603 9878 9871)
4(9597 9872 9879 9604)
4(9599 9874 9881 9606)
4(9600 9607 9882 9875)
4(9602 9877 9884 9609)
4(9603 9610 9885 9878)
4(9604 9879 9886 9611)
4(9606 9881 9888 9613)
4(9607 9614 9889 9882)
4(9609 9884 9891 9616)
4(9610 9617 9892 9885)
4(9611 9886 9893 9618)
4(9613 9888 9895 9620)
4(9614 9621 9896 9889)
4(9616 9891 9898 9623)
4(9617 9624 9899 9892)
4(9618 9893 9900 9625)
4(9620 9895 9902 9627)
4(9621 9628 9903 9896)
4(9623 9898 9905 9630)
4(9624 9631 9906 9899)
4(9625 9900 9907 9632)
4(9627 9902 9909 9634)
4(9628 9635 9910 9903)
4(9630 9905 9912 9637)
4(9631 9638 9913 9906)
4(9632 9907 9914 9639)
4(9634 9909 9916 9641)
4(9635 9642 9917 9910)
4(9637 9912 9919 9644)
4(9638 9645 9920 9913)
4(9639 9914 9921 9646)
4(9641 9916 9923 9648)
4(9642 9649 9924 9917)
4(9644 9919 9926 9651)
4(9645 9652 9927 9920)
4(9646 9921 9928 9653)
4(9648 9923 9930 9655)
4(9649 9656 9931 9924)
4(9651 9926 9933 9658)
4(9652 9659 9934 9927)
4(9653 9928 9935 9660)
4(9655 9930 9937 9662)
4(9656 9663 9938 9931)
4(9658 9933 9940 9665)
4(9659 9666 9941 9934)
4(9660 9935 9942 9667)
4(9662 9937 9944 9669)
4(9663 9670 9945 9938)
4(9665 9940 9947 9672)
4(9666 9673 9948 9941)
4(9667 9942 9949 9674)
4(9669 9944 9951 9676)
4(9670 9677 9952 9945)
4(9672 9947 9954 9679)
4(9673 9680 9955 9948)
4(9674 9949 9956 9681)
4(9676 9951 9958 9683)
4(9677 9684 9959 9952)
4(9679 9954 9961 9686)
4(9680 9687 9962 9955)
4(9681 9956 9963 9688)
4(9683 9958 9965 9690)
4(9684 9691 9966 9959)
4(9686 9961 9968 9693)
4(9687 9694 9969 9962)
4(9688 9963 9970 9695)
4(9690 9965 9972 9697)
4(9691 9698 9973 9966)
4(9693 9968 9975 9700)
4(9694 9701 9976 9969)
4(9695 9970 9977 9702)
4(9697 9972 9979 9704)
4(9698 9705 9980 9973)
4(9700 9975 9982 9707)
4(9701 9708 9983 9976)
4(9702 9977 9984 9709)
4(9704 9979 9986 9711)
4(9705 9712 9987 9980)
4(9707 9982 9989 9714)
4(9708 9715 9990 9983)
4(9709 9984 9991 9716)
4(9711 9986 9993 9718)
4(9712 9719 9994 9987)
4(9719 9720 9995 9994)
4(9714 9989 9996 9721)
4(9720 9721 9996 9995)
4(9715 9722 9997 9990)
4(9716 9991 9998 9723)
4(9718 9993 10000 9725)
4(9722 9726 10001 9997)
4(9723 9998 10002 9727)
4(9725 10000 10004 9729)
4(9726 9730 10005 10001)
4(9727 10002 10006 9731)
4(9729 10004 10008 9733)
4(9730 9734 10009 10005)
4(9731 10006 10010 9735)
4(9733 10008 10012 9737)
4(9734 9738 10013 10009)
4(9735 10010 10014 9739)
4(9737 10012 10016 9741)
4(9738 9742 10017 10013)
4(9739 10014 10018 9743)
4(9741 10016 10020 9745)
4(9742 9746 10021 10017)
4(9743 10018 10022 9747)
4(9745 10020 10024 9749)
4(9746 9750 10025 10021)
4(9747 10022 10026 9751)
4(9749 10024 10028 9753)
4(9750 9754 10029 10025)
4(9751 10026 10030 9755)
4(9753 10028 10032 9757)
4(9754 9758 10033 10029)
4(9755 10030 10034 9759)
4(9757 10032 10036 9761)
4(9758 9762 10037 10033)
4(9759 10034 10038 9763)
4(9761 10036 10040 9765)
4(9762 9766 10041 10037)
4(9763 10038 10042 9767)
4(9765 10040 10044 9769)
4(9766 9770 10045 10041)
4(9767 10042 10046 9771)
4(9769 10044 10048 9773)
4(9770 9774 10049 10045)
4(9771 10046 10050 9775)
4(9773 10048 10052 9777)
4(9774 9778 10053 10049)
4(9775 10050 10054 9779)
4(9777 10052 10056 9781)
4(9778 9782 10057 10053)
4(9779 10054 10058 9783)
4(9781 10056 10060 9785)
4(9782 9786 10061 10057)
4(9783 10058 10062 9787)
4(9785 10060 10064 9789)
4(9789 10064 10065 9790)
4(9790 10065 10066 9791)
4(9791 10066 10067 9792)
4(9792 10067 10068 9793)
4(9793 10068 10069 9794)
4(9794 10069 10070 9795)
4(9786 9796 10071 10061)
4(9795 10070 10071 9796)
4(9787 10062 10072 9797)
4(9798 9799 10074 10073)
4(9799 9800 10075 10074)
4(9800 9801 10076 10075)
4(9801 9802 10077 10076)
4(9802 9803 10078 10077)
4(9803 9804 10079 10078)
4(9804 9805 10080 10079)
4(9805 9806 10081 10080)
4(9797 10072 10082 9807)
4(9806 9807 10082 10081)
4(9808 10083 10084 9809)
4(9810 10085 10086 9811)
4(9809 10084 10088 9813)
4(9810 9814 10089 10085)
4(9811 10086 10090 9815)
4(9813 10088 10092 9817)
4(9814 9818 10093 10089)
4(9815 10090 10094 9819)
4(9817 10092 10096 9821)
4(9818 9822 10097 10093)
4(9819 10094 10098 9823)
4(9821 10096 10100 9825)
4(9826 10101 10102 9827)
4(9827 10102 10103 9828)
4(9822 9829 10104 10097)
4(9823 10098 10105 9830)
4(9825 10100 10107 9832)
4(9826 9833 10108 10101)
4(9828 10103 10110 9835)
4(9829 9836 10111 10104)
4(9830 10105 10112 9837)
4(9832 10107 10114 9839)
4(9833 9840 10115 10108)
4(9835 10110 10117 9842)
4(9836 9843 10118 10111)
4(9837 10112 10119 9844)
4(9839 10114 10121 9846)
4(9840 9847 10122 10115)
4(9842 10117 10124 9849)
4(9843 9850 10125 10118)
4(9844 10119 10126 9851)
4(9846 10121 10128 9853)
4(9847 9854 10129 10122)
4(9849 10124 10131 9856)
4(9850 9857 10132 10125)
4(9851 10126 10133 9858)
4(9853 10128 10135 9860)
4(9854 9861 10136 10129)
4(9856 10131 10138 9863)
4(9857 9864 10139 10132)
4(9858 10133 10140 9865)
4(9860 10135 10142 9867)
4(9861 9868 10143 10136)
4(9863 10138 10145 9870)
4(9864 9871 10146 10139)
4(9865 10140 10147 9872)
4(9867 10142 10149 9874)
4(9868 9875 10150 10143)
4(9870 10145 10152 9877)
4(9871 9878 10153 10146)
4(9872 10147 10154 9879)
4(9874 10149 10156 9881)
4(9875 9882 10157 10150)
4(9877 10152 10159 9884)
4(9878 9885 10160 10153)
4(9879 10154 10161 9886)
4(9881 10156 10163 9888)
4(9882 9889 10164 10157)
4(9884 10159 10166 9891)
4(9885 9892 10167 10160)
4(9886 10161 10168 9893)
4(9888 10163 10170 9895)
4(9889 9896 10171 10164)
4(9891 10166 10173 9898)
4(9892 9899 10174 10167)
4(9893 10168 10175 9900)
4(9895 10170 10177 9902)
4(9896 9903 10178 10171)
4(9898 10173 10180 9905)
4(9899 9906 10181 10174)
4(9900 10175 10182 9907)
4(9902 10177 10184 9909)
4(9903 9910 10185 10178)
4(9905 10180 10187 9912)
4(9906 9913 10188 10181)
4(9907 10182 10189 9914)
4(9909 10184 10191 9916)
4(9910 9917 10192 10185)
4(9912 10187 10194 9919)
4(9913 9920 10195 10188)
4(9914 10189 10196 9921)
4(9916 10191 10198 9923)
4(9917 9924 10199 10192)
4(9919 10194 10201 9926)
4(9920 9927 10202 10195)
4(9921 10196 10203 9928)
4(9923 10198 10205 9930)
4(9924 9931 10206 10199)
4(9926 10201 10208 9933)
4(9927 9934 10209 10202)
4(9928 10203 10210 9935)
4(9930 10205 10212 9937)
4(9931 9938 10213 10206)
4(9933 10208 10215 9940)
4(9934 9941 10216 10209)
4(9935 10210 10217 9942)
4(9937 10212 10219 9944)
4(9938 9945 10220 10213)
4(9940 10215 10222 9947)
4(9941 9948 10223 10216)
4(9942 10217 10224 9949)
4(9944 10219 10226 9951)
4(9945 9952 10227 10220)
4(9947 10222 10229 9954)
4(9948 9955 10230 10223)
4(9949 10224 10231 9956)
4(9951 10226 10233 9958)
4(9952 9959 10234 10227)
4(9954 10229 10236 9961)
4(9955 9962 10237 10230)
4(9956 10231 10238 9963)
4(9958 10233 10240 9965)
4(9959 9966 10241 10234)
4(9961 10236 10243 9968)
4(9962 9969 10244 10237)
4(9963 10238 10245 9970)
4(9965 10240 10247 9972)
4(9966 9973 10248 10241)
4(9968 10243 10250 9975)
4(9969 9976 10251 10244)
4(9970 10245 10252 9977)
4(9972 10247 10254 9979)
4(9973 9980 10255 10248)
4(9975 10250 10257 9982)
4(9976 9983 10258 10251)
4(9977 10252 10259 9984)
4(9979 10254 10261 9986)
4(9980 9987 10262 10255)
4(9982 10257 10264 9989)
4(9983 9990 10265 10258)
4(9984 10259 10266 9991)
4(9986 10261 10268 9993)
4(9987 9994 10269 10262)
4(9994 9995 10270 10269)
4(9989 10264 10271 9996)
4(9995 9996 10271 10270)
4(9990 9997 10272 10265)
4(9991 10266 10273 9998)
4(9993 10268 10275 10000)
4(9997 10001 10276 10272)
4(9998 10273 10277 10002)
4(10000 10275 10279 10004)
4(10001 10005 10280 10276)
4(10002 10277 10281 10006)
4(10004 10279 10283 10008)
4(10005 10009 10284 10280)
4(10006 10281 10285 10010)
4(10008 10283 10287 10012)
4(10009 10013 10288 10284)
4(10010 10285 10289 10014)
4(10012 10287 10291 10016)
4(10013 10017 10292 10288)
4(10014 10289 10293 10018)
4(10016 10291 10295 10020)
4(10017 10021 10296 10292)
4(10018 10293 10297 10022)
4(10020 10295 10299 10024)
4(10021 10025 10300 10296)
4(10022 10297 10301 10026)
4(10024 10299 10303 10028)
4(10025 10029 10304 10300)
4(10026 10301 10305 10030)
4(10028 10303 10307 10032)
4(10029 10033 10308 10304)
4(10030 10305 10309 10034)
4(10032 10307 10311 10036)
4(10033 10037 10312 10308)
4(10034 10309 10313 10038)
4(10036 10311 10315 10040)
4(10037 10041 10316 10312)
4(10038 10313 10317 10042)
4(10040 10315 10319 10044)
4(10041 10045 10320 10316)
4(10042 10317 10321 10046)
4(10044 10319 10323 10048)
4(10045 10049 10324 10320)
4(10046 10321 10325 10050)
4(10048 10323 10327 10052)
4(10049 10053 10328 10324)
4(10050 10325 10329 10054)
4(10052 10327 10331 10056)
4(10053 10057 10332 10328)
4(10054 10329 10333 10058)
4(10056 10331 10335 10060)
4(10057 10061 10336 10332)
4(10058 10333 10337 10062)
4(10060 10335 10339 10064)
4(10064 10339 10340 10065)
4(10065 10340 10341 10066)
4(10066 10341 10342 10067)
4(10067 10342 10343 10068)
4(10068 10343 10344 10069)
4(10069 10344 10345 10070)
4(10061 10071 10346 10336)
4(10070 10345 10346 10071)
4(10062 10337 10347 10072)
4(10073 10074 10349 10348)
4(10074 10075 10350 10349)
4(10075 10076 10351 10350)
4(10076 10077 10352 10351)
4(10341 10351 10352 10342)
4(10077 10078 10353 10352)
4(10342 10352 10353 10343)
4(10078 10079 10354 10353)
4(10343 10353 10354 10344)
4(10079 10080 10355 10354)
4(10080 10081 10356 10355)
4(10072 10347 10357 10082)
4(10081 10082 10357 10356)
4(10083 10358 10359 10084)
4(10085 10360 10361 10086)
4(10084 10359 10363 10088)
4(10085 10089 10364 10360)
4(10086 10361 10365 10090)
4(10088 10363 10367 10092)
4(10089 10093 10368 10364)
4(10090 10365 10369 10094)
4(10092 10367 10371 10096)
4(10093 10097 10372 10368)
4(10094 10369 10373 10098)
4(10096 10371 10375 10100)
4(10101 10376 10377 10102)
4(10102 10377 10378 10103)
4(10097 10104 10379 10372)
4(10098 10373 10380 10105)
4(10100 10375 10382 10107)
4(10101 10108 10383 10376)
4(10103 10378 10385 10110)
4(10104 10111 10386 10379)
4(10105 10380 10387 10112)
4(10107 10382 10389 10114)
4(10108 10115 10390 10383)
4(10110 10385 10392 10117)
4(10111 10118 10393 10386)
4(10112 10387 10394 10119)
4(10114 10389 10396 10121)
4(10115 10122 10397 10390)
4(10117 10392 10399 10124)
4(10118 10125 10400 10393)
4(10119 10394 10401 10126)
4(10121 10396 10403 10128)
4(10122 10129 10404 10397)
4(10124 10399 10406 10131)
4(10125 10132 10407 10400)
4(10126 10401 10408 10133)
4(10128 10403 10410 10135)
4(10129 10136 10411 10404)
4(10131 10406 10413 10138)
4(10132 10139 10414 10407)
4(10133 10408 10415 10140)
4(10135 10410 10417 10142)
4(10136 10143 10418 10411)
4(10138 10413 10420 10145)
4(10139 10146 10421 10414)
4(10140 10415 10422 10147)
4(10142 10417 10424 10149)
4(10143 10150 10425 10418)
4(10145 10420 10427 10152)
4(10146 10153 10428 10421)
4(10147 10422 10429 10154)
4(10149 10424 10431 10156)
4(10150 10157 10432 10425)
4(10152 10427 10434 10159)
4(10153 10160 10435 10428)
4(10154 10429 10436 10161)
4(10156 10431 10438 10163)
4(10157 10164 10439 10432)
4(10159 10434 10441 10166)
4(10160 10167 10442 10435)
4(10161 10436 10443 10168)
4(10163 10438 10445 10170)
4(10164 10171 10446 10439)
4(10166 10441 10448 10173)
4(10167 10174 10449 10442)
4(10168 10443 10450 10175)
4(10170 10445 10452 10177)
4(10171 10178 10453 10446)
4(10173 10448 10455 10180)
4(10174 10181 10456 10449)
4(10175 10450 10457 10182)
4(10177 10452 10459 10184)
4(10178 10185 10460 10453)
4(10180 10455 10462 10187)
4(10181 10188 10463 10456)
4(10182 10457 10464 10189)
4(10184 10459 10466 10191)
4(10185 10192 10467 10460)
4(10187 10462 10469 10194)
4(10188 10195 10470 10463)
4(10189 10464 10471 10196)
4(10191 10466 10473 10198)
4(10192 10199 10474 10467)
4(10194 10469 10476 10201)
4(10195 10202 10477 10470)
4(10196 10471 10478 10203)
4(10198 10473 10480 10205)
4(10199 10206 10481 10474)
4(10201 10476 10483 10208)
4(10202 10209 10484 10477)
4(10203 10478 10485 10210)
4(10205 10480 10487 10212)
4(10206 10213 10488 10481)
4(10208 10483 10490 10215)
4(10209 10216 10491 10484)
4(10210 10485 10492 10217)
4(10212 10487 10494 10219)
4(10213 10220 10495 10488)
4(10215 10490 10497 10222)
4(10216 10223 10498 10491)
4(10217 10492 10499 10224)
4(10219 10494 10501 10226)
4(10220 10227 10502 10495)
4(10222 10497 10504 10229)
4(10223 10230 10505 10498)
4(10224 10499 10506 10231)
4(10226 10501 10508 10233)
4(10227 10234 10509 10502)
4(10229 10504 10511 10236)
4(10230 10237 10512 10505)
4(10231 10506 10513 10238)
4(10233 10508 10515 10240)
4(10234 10241 10516 10509)
4(10236 10511 10518 10243)
4(10237 10244 10519 10512)
4(10238 10513 10520 10245)
4(10240 10515 10522 10247)
4(10241 10248 10523 10516)
4(10243 10518 10525 10250)
4(10244 10251 10526 10519)
4(10245 10520 10527 10252)
4(10247 10522 10529 10254)
4(10248 10255 10530 10523)
4(10250 10525 10532 10257)
4(10251 10258 10533 10526)
4(10252 10527 10534 10259)
4(10254 10529 10536 10261)
4(10255 10262 10537 10530)
4(10257 10532 10539 10264)
4(10258 10265 10540 10533)
4(10259 10534 10541 10266)
4(10261 10536 10543 10268)
4(10262 10269 10544 10537)
4(10269 10270 10545 10544)
4(10264 10539 10546 10271)
4(10270 10271 10546 10545)
4(10265 10272 10547 10540)
4(10266 10541 10548 10273)
4(10268 10543 10550 10275)
4(10272 10276 10551 10547)
4(10273 10548 10552 10277)
4(10275 10550 10554 10279)
4(10276 10280 10555 10551)
4(10277 10552 10556 10281)
4(10279 10554 10558 10283)
4(10280 10284 10559 10555)
4(10281 10556 10560 10285)
4(10283 10558 10562 10287)
4(10284 10288 10563 10559)
4(10285 10560 10564 10289)
4(10287 10562 10566 10291)
4(10288 10292 10567 10563)
4(10289 10564 10568 10293)
4(10291 10566 10570 10295)
4(10292 10296 10571 10567)
4(10293 10568 10572 10297)
4(10295 10570 10574 10299)
4(10296 10300 10575 10571)
4(10297 10572 10576 10301)
4(10299 10574 10578 10303)
4(10300 10304 10579 10575)
4(10301 10576 10580 10305)
4(10303 10578 10582 10307)
4(10304 10308 10583 10579)
4(10305 10580 10584 10309)
4(10307 10582 10586 10311)
4(10308 10312 10587 10583)
4(10309 10584 10588 10313)
4(10311 10586 10590 10315)
4(10312 10316 10591 10587)
4(10313 10588 10592 10317)
4(10315 10590 10594 10319)
4(10316 10320 10595 10591)
4(10317 10592 10596 10321)
4(10319 10594 10598 10323)
4(10320 10324 10599 10595)
4(10321 10596 10600 10325)
4(10323 10598 10602 10327)
4(10324 10328 10603 10599)
4(10325 10600 10604 10329)
4(10327 10602 10606 10331)
4(10328 10332 10607 10603)
4(10329 10604 10608 10333)
4(10331 10606 10610 10335)
4(10332 10336 10611 10607)
4(10333 10608 10612 10337)
4(10335 10610 10614 10339)
4(10339 10614 10615 10340)
4(10340 10615 10616 10341)
4(10344 10617 10618 10345)
4(10336 10346 10619 10611)
4(10345 10618 10619 10346)
4(10337 10612 10620 10347)
4(10348 10349 10622 10621)
4(10349 10350 10623 10622)
4(10614 10622 10623 10615)
4(10341 10616 10624 10351)
4(10350 10351 10624 10623)
4(10615 10623 10624 10616)
4(10344 10354 10625 10617)
4(10354 10355 10626 10625)
4(10617 10625 10626 10618)
4(10355 10356 10627 10626)
4(10347 10620 10628 10357)
4(10356 10357 10628 10627)
4(10358 10629 10630 10359)
4(10360 10631 10632 10361)
4(10359 10630 10634 10363)
4(10360 10364 10635 10631)
4(10361 10632 10636 10365)
4(10363 10634 10638 10367)
4(10364 10368 10639 10635)
4(10365 10636 10640 10369)
4(10367 10638 10642 10371)
4(10368 10372 10643 10639)
4(10369 10640 10644 10373)
4(10371 10642 10646 10375)
4(10376 10647 10648 10377)
4(10377 10648 10649 10378)
4(10372 10379 10650 10643)
4(10373 10644 10651 10380)
4(10375 10646 10653 10382)
4(10376 10383 10654 10647)
4(10378 10649 10656 10385)
4(10379 10386 10657 10650)
4(10380 10651 10658 10387)
4(10382 10653 10660 10389)
4(10383 10390 10661 10654)
4(10385 10656 10663 10392)
4(10386 10393 10664 10657)
4(10387 10658 10665 10394)
4(10389 10660 10667 10396)
4(10390 10397 10668 10661)
4(10392 10663 10670 10399)
4(10393 10400 10671 10664)
4(10394 10665 10672 10401)
4(10396 10667 10674 10403)
4(10397 10404 10675 10668)
4(10399 10670 10677 10406)
4(10400 10407 10678 10671)
4(10401 10672 10679 10408)
4(10403 10674 10681 10410)
4(10404 10411 10682 10675)
4(10406 10677 10684 10413)
4(10407 10414 10685 10678)
4(10408 10679 10686 10415)
4(10410 10681 10688 10417)
4(10411 10418 10689 10682)
4(10413 10684 10691 10420)
4(10414 10421 10692 10685)
4(10415 10686 10693 10422)
4(10417 10688 10695 10424)
4(10418 10425 10696 10689)
4(10420 10691 10698 10427)
4(10421 10428 10699 10692)
4(10422 10693 10700 10429)
4(10424 10695 10702 10431)
4(10425 10432 10703 10696)
4(10427 10698 10705 10434)
4(10428 10435 10706 10699)
4(10429 10700 10707 10436)
4(10431 10702 10709 10438)
4(10432 10439 10710 10703)
4(10434 10705 10712 10441)
4(10435 10442 10713 10706)
4(10436 10707 10714 10443)
4(10438 10709 10716 10445)
4(10439 10446 10717 10710)
4(10441 10712 10719 10448)
4(10442 10449 10720 10713)
4(10443 10714 10721 10450)
4(10445 10716 10723 10452)
4(10446 10453 10724 10717)
4(10448 10719 10726 10455)
4(10449 10456 10727 10720)
4(10450 10721 10728 10457)
4(10452 10723 10730 10459)
4(10453 10460 10731 10724)
4(10455 10726 10733 10462)
4(10456 10463 10734 10727)
4(10457 10728 10735 10464)
4(10459 10730 10737 10466)
4(10460 10467 10738 10731)
4(10462 10733 10740 10469)
4(10463 10470 10741 10734)
4(10464 10735 10742 10471)
4(10466 10737 10744 10473)
4(10467 10474 10745 10738)
4(10469 10740 10747 10476)
4(10470 10477 10748 10741)
4(10471 10742 10749 10478)
4(10473 10744 10751 10480)
4(10474 10481 10752 10745)
4(10476 10747 10754 10483)
4(10477 10484 10755 10748)
4(10478 10749 10756 10485)
4(10480 10751 10758 10487)
4(10481 10488 10759 10752)
4(10483 10754 10761 10490)
4(10484 10491 10762 10755)
4(10485 10756 10763 10492)
4(10487 10758 10765 10494)
4(10488 10495 10766 10759)
4(10490 10761 10768 10497)
4(10491 10498 10769 10762)
4(10492 10763 10770 10499)
4(10494 10765 10772 10501)
4(10495 10502 10773 10766)
4(10497 10768 10775 10504)
4(10498 10505 10776 10769)
4(10499 10770 10777 10506)
4(10501 10772 10779 10508)
4(10502 10509 10780 10773)
4(10504 10775 10782 10511)
4(10505 10512 10783 10776)
4(10506 10777 10784 10513)
4(10508 10779 10786 10515)
4(10509 10516 10787 10780)
4(10511 10782 10789 10518)
4(10512 10519 10790 10783)
4(10513 10784 10791 10520)
4(10515 10786 10793 10522)
4(10516 10523 10794 10787)
4(10518 10789 10796 10525)
4(10519 10526 10797 10790)
4(10520 10791 10798 10527)
4(10522 10793 10800 10529)
4(10523 10530 10801 10794)
4(10525 10796 10803 10532)
4(10526 10533 10804 10797)
4(10527 10798 10805 10534)
4(10529 10800 10807 10536)
4(10530 10537 10808 10801)
4(10532 10803 10810 10539)
4(10533 10540 10811 10804)
4(10534 10805 10812 10541)
4(10536 10807 10814 10543)
4(10537 10544 10815 10808)
4(10544 10545 10816 10815)
4(10539 10810 10817 10546)
4(10545 10546 10817 10816)
4(10540 10547 10818 10811)
4(10541 10812 10819 10548)
4(10543 10814 10821 10550)
4(10547 10551 10822 10818)
4(10548 10819 10823 10552)
4(10550 10821 10825 10554)
4(10551 10555 10826 10822)
4(10552 10823 10827 10556)
4(10554 10825 10829 10558)
4(10555 10559 10830 10826)
4(10556 10827 10831 10560)
4(10558 10829 10833 10562)
4(10559 10563 10834 10830)
4(10560 10831 10835 10564)
4(10562 10833 10837 10566)
4(10563 10567 10838 10834)
4(10564 10835 10839 10568)
4(10566 10837 10841 10570)
4(10567 10571 10842 10838)
4(10568 10839 10843 10572)
4(10570 10841 10845 10574)
4(10571 10575 10846 10842)
4(10572 10843 10847 10576)
4(10574 10845 10849 10578)
4(10575 10579 10850 10846)
4(10576 10847 10851 10580)
4(10578 10849 10853 10582)
4(10579 10583 10854 10850)
4(10580 10851 10855 10584)
4(10582 10853 10857 10586)
4(10583 10587 10858 10854)
4(10584 10855 10859 10588)
4(10586 10857 10861 10590)
4(10587 10591 10862 10858)
4(10588 10859 10863 10592)
4(10590 10861 10865 10594)
4(10591 10595 10866 10862)
4(10592 10863 10867 10596)
4(10594 10865 10869 10598)
4(10595 10599 10870 10866)
4(10596 10867 10871 10600)
4(10598 10869 10873 10602)
4(10599 10603 10874 10870)
4(10600 10871 10875 10604)
4(10602 10873 10877 10606)
4(10603 10607 10878 10874)
4(10604 10875 10879 10608)
4(10606 10877 10881 10610)
4(10607 10611 10882 10878)
4(10608 10879 10883 10612)
4(10610 10881 10885 10614)
4(10611 10619 10887 10882)
4(10618 10886 10887 10619)
4(10612 10883 10888 10620)
4(10614 10885 10890 10622)
4(10621 10622 10890 10889)
4(10618 10626 10891 10886)
4(10626 10627 10892 10891)
4(10886 10891 10892 10887)
4(10620 10888 10893 10628)
4(10627 10628 10893 10892)
4(10629 10894 10895 10630)
4(10631 10896 10897 10632)
4(10630 10895 10899 10634)
4(10631 10635 10900 10896)
4(10632 10897 10901 10636)
4(10634 10899 10903 10638)
4(10635 10639 10904 10900)
4(10636 10901 10905 10640)
4(10638 10903 10907 10642)
4(10639 10643 10908 10904)
4(10640 10905 10909 10644)
4(10642 10907 10911 10646)
4(10647 10912 10913 10648)
4(10648 10913 10914 10649)
4(10643 10650 10915 10908)
4(10644 10909 10916 10651)
4(10646 10911 10918 10653)
4(10647 10654 10919 10912)
4(10649 10914 10921 10656)
4(10650 10657 10922 10915)
4(10651 10916 10923 10658)
4(10653 10918 10925 10660)
4(10654 10661 10926 10919)
4(10656 10921 10928 10663)
4(10657 10664 10929 10922)
4(10658 10923 10930 10665)
4(10660 10925 10932 10667)
4(10661 10668 10933 10926)
4(10663 10928 10935 10670)
4(10664 10671 10936 10929)
4(10665 10930 10937 10672)
4(10667 10932 10939 10674)
4(10668 10675 10940 10933)
4(10670 10935 10942 10677)
4(10671 10678 10943 10936)
4(10672 10937 10944 10679)
4(10674 10939 10946 10681)
4(10675 10682 10947 10940)
4(10677 10942 10949 10684)
4(10678 10685 10950 10943)
4(10679 10944 10951 10686)
4(10681 10946 10953 10688)
4(10682 10689 10954 10947)
4(10684 10949 10956 10691)
4(10685 10692 10957 10950)
4(10686 10951 10958 10693)
4(10688 10953 10960 10695)
4(10689 10696 10961 10954)
4(10691 10956 10963 10698)
4(10692 10699 10964 10957)
4(10693 10958 10965 10700)
4(10695 10960 10967 10702)
4(10696 10703 10968 10961)
4(10698 10963 10970 10705)
4(10699 10706 10971 10964)
4(10700 10965 10972 10707)
4(10702 10967 10974 10709)
4(10703 10710 10975 10968)
4(10705 10970 10977 10712)
4(10706 10713 10978 10971)
4(10707 10972 10979 10714)
4(10709 10974 10981 10716)
4(10710 10717 10982 10975)
4(10712 10977 10984 10719)
4(10713 10720 10985 10978)
4(10714 10979 10986 10721)
4(10716 10981 10988 10723)
4(10717 10724 10989 10982)
4(10719 10984 10991 10726)
4(10720 10727 10992 10985)
4(10721 10986 10993 10728)
4(10723 10988 10995 10730)
4(10724 10731 10996 10989)
4(10726 10991 10998 10733)
4(10727 10734 10999 10992)
4(10728 10993 11000 10735)
4(10730 10995 11002 10737)
4(10731 10738 11003 10996)
4(10733 10998 11005 10740)
4(10734 10741 11006 10999)
4(10735 11000 11007 10742)
4(10737 11002 11009 10744)
4(10738 10745 11010 11003)
4(10740 11005 11012 10747)
4(10741 10748 11013 11006)
4(10742 11007 11014 10749)
4(10744 11009 11016 10751)
4(10745 10752 11017 11010)
4(10747 11012 11019 10754)
4(10748 10755 11020 11013)
4(10749 11014 11021 10756)
4(10751 11016 11023 10758)
4(10752 10759 11024 11017)
4(10754 11019 11026 10761)
4(10755 10762 11027 11020)
4(10756 11021 11028 10763)
4(10758 11023 11030 10765)
4(10759 10766 11031 11024)
4(10761 11026 11033 10768)
4(10762 10769 11034 11027)
4(10763 11028 11035 10770)
4(10765 11030 11037 10772)
4(10766 10773 11038 11031)
4(10768 11033 11040 10775)
4(10769 10776 11041 11034)
4(10770 11035 11042 10777)
4(10772 11037 11044 10779)
4(10773 10780 11045 11038)
4(10775 11040 11047 10782)
4(10776 10783 11048 11041)
4(10777 11042 11049 10784)
4(10779 11044 11051 10786)
4(10780 10787 11052 11045)
4(10782 11047 11054 10789)
4(10783 10790 11055 11048)
4(10784 11049 11056 10791)
4(10786 11051 11058 10793)
4(10787 10794 11059 11052)
4(10789 11054 11061 10796)
4(10790 10797 11062 11055)
4(10791 11056 11063 10798)
4(10793 11058 11065 10800)
4(10794 10801 11066 11059)
4(10796 11061 11068 10803)
4(10797 10804 11069 11062)
4(10798 11063 11070 10805)
4(10800 11065 11072 10807)
4(10801 10808 11073 11066)
4(10803 11068 11075 10810)
4(10804 10811 11076 11069)
4(10805 11070 11077 10812)
4(10807 11072 11079 10814)
4(10808 10815 11080 11073)
4(10815 10816 11081 11080)
4(10810 11075 11082 10817)
4(10816 10817 11082 11081)
4(10811 10818 11083 11076)
4(10812 11077 11084 10819)
4(10814 11079 11086 10821)
4(10818 10822 11087 11083)
4(10819 11084 11088 10823)
4(10821 11086 11090 10825)
4(10822 10826 11091 11087)
4(10823 11088 11092 10827)
4(10825 11090 11094 10829)
4(10826 10830 11095 11091)
4(10827 11092 11096 10831)
4(10829 11094 11098 10833)
4(10830 10834 11099 11095)
4(10831 11096 11100 10835)
4(10833 11098 11102 10837)
4(10834 10838 11103 11099)
4(10835 11100 11104 10839)
4(10837 11102 11106 10841)
4(10838 10842 11107 11103)
4(10839 11104 11108 10843)
4(10841 11106 11110 10845)
4(10842 10846 11111 11107)
4(10843 11108 11112 10847)
4(10845 11110 11114 10849)
4(10846 10850 11115 11111)
4(10847 11112 11116 10851)
4(10849 11114 11118 10853)
4(10850 10854 11119 11115)
4(10851 11116 11120 10855)
4(10853 11118 11122 10857)
4(10854 10858 11123 11119)
4(10855 11120 11124 10859)
4(10857 11122 11126 10861)
4(10858 10862 11127 11123)
4(10859 11124 11128 10863)
4(10861 11126 11130 10865)
4(10862 10866 11131 11127)
4(10863 11128 11132 10867)
4(10865 11130 11134 10869)
4(10866 10870 11135 11131)
4(10867 11132 11136 10871)
4(10869 11134 11138 10873)
4(10870 10874 11139 11135)
4(10871 11136 11140 10875)
4(10873 11138 11142 10877)
4(10874 10878 11143 11139)
4(10875 11140 11144 10879)
4(10877 11142 11146 10881)
4(10878 10882 11147 11143)
4(10879 11144 11148 10883)
4(10881 11146 11150 10885)
4(10882 10887 11151 11147)
4(10883 11148 11152 10888)
4(10885 11150 11154 10890)
4(10889 10890 11154 11153)
4(10887 10892 11155 11151)
4(10888 11152 11156 10893)
4(10892 10893 11156 11155)
4(10894 11157 11158 10895)
4(10896 11159 11160 10897)
4(10895 11158 11162 10899)
4(10896 10900 11163 11159)
4(10897 11160 11164 10901)
4(10899 11162 11166 10903)
4(10900 10904 11167 11163)
4(10901 11164 11168 10905)
4(10903 11166 11170 10907)
4(10904 10908 11171 11167)
4(10905 11168 11172 10909)
4(10907 11170 11174 10911)
4(10912 11175 11176 10913)
4(10913 11176 11177 10914)
4(10908 10915 11178 11171)
4(10909 11172 11179 10916)
4(10911 11174 11181 10918)
4(10912 10919 11182 11175)
4(10914 11177 11184 10921)
4(10915 10922 11185 11178)
4(10916 11179 11186 10923)
4(10918 11181 11188 10925)
4(10919 10926 11189 11182)
4(10921 11184 11191 10928)
4(10922 10929 11192 11185)
4(10923 11186 11193 10930)
4(10925 11188 11195 10932)
4(10926 10933 11196 11189)
4(10928 11191 11198 10935)
4(10929 10936 11199 11192)
4(10930 11193 11200 10937)
4(10932 11195 11202 10939)
4(10933 10940 11203 11196)
4(10935 11198 11205 10942)
4(10936 10943 11206 11199)
4(10937 11200 11207 10944)
4(10939 11202 11209 10946)
4(10940 10947 11210 11203)
4(10942 11205 11212 10949)
4(10943 10950 11213 11206)
4(10944 11207 11214 10951)
4(10946 11209 11216 10953)
4(10947 10954 11217 11210)
4(10949 11212 11219 10956)
4(10950 10957 11220 11213)
4(10951 11214 11221 10958)
4(10953 11216 11223 10960)
4(10954 10961 11224 11217)
4(10956 11219 11226 10963)
4(10957 10964 11227 11220)
4(10958 11221 11228 10965)
4(10960 11223 11230 10967)
4(10961 10968 11231 11224)
4(10963 11226 11233 10970)
4(10964 10971 11234 11227)
4(10965 11228 11235 10972)
4(10967 11230 11237 10974)
4(10968 10975 11238 11231)
4(10970 11233 11240 10977)
4(10971 10978 11241 11234)
4(10972 11235 11242 10979)
4(10974 11237 11244 10981)
4(10975 10982 11245 11238)
4(10977 11240 11247 10984)
4(10978 10985 11248 11241)
4(10979 11242 11249 10986)
4(10981 11244 11251 10988)
4(10982 10989 11252 11245)
4(10984 11247 11254 10991)
4(10985 10992 11255 11248)
4(10986 11249 11256 10993)
4(10988 11251 11258 10995)
4(10989 10996 11259 11252)
4(10991 11254 11261 10998)
4(10992 10999 11262 11255)
4(10993 11256 11263 11000)
4(10995 11258 11265 11002)
4(10996 11003 11266 11259)
4(10998 11261 11268 11005)
4(10999 11006 11269 11262)
4(11000 11263 11270 11007)
4(11002 11265 11272 11009)
4(11003 11010 11273 11266)
4(11005 11268 11275 11012)
4(11006 11013 11276 11269)
4(11007 11270 11277 11014)
4(11009 11272 11279 11016)
4(11010 11017 11280 11273)
4(11012 11275 11282 11019)
4(11013 11020 11283 11276)
4(11014 11277 11284 11021)
4(11016 11279 11286 11023)
4(11017 11024 11287 11280)
4(11019 11282 11289 11026)
4(11020 11027 11290 11283)
4(11021 11284 11291 11028)
4(11023 11286 11293 11030)
4(11024 11031 11294 11287)
4(11026 11289 11296 11033)
4(11027 11034 11297 11290)
4(11028 11291 11298 11035)
4(11030 11293 11300 11037)
4(11031 11038 11301 11294)
4(11033 11296 11303 11040)
4(11034 11041 11304 11297)
4(11035 11298 11305 11042)
4(11037 11300 11307 11044)
4(11038 11045 11308 11301)
4(11040 11303 11310 11047)
4(11041 11048 11311 11304)
4(11042 11305 11312 11049)
4(11044 11307 11314 11051)
4(11045 11052 11315 11308)
4(11047 11310 11317 11054)
4(11048 11055 11318 11311)
4(11049 11312 11319 11056)
4(11051 11314 11321 11058)
4(11052 11059 11322 11315)
4(11054 11317 11324 11061)
4(11055 11062 11325 11318)
4(11056 11319 11326 11063)
4(11058 11321 11328 11065)
4(11059 11066 11329 11322)
4(11061 11324 11331 11068)
4(11062 11069 11332 11325)
4(11063 11326 11333 11070)
4(11065 11328 11335 11072)
4(11066 11073 11336 11329)
4(11068 11331 11338 11075)
4(11069 11076 11339 11332)
4(11070 11333 11340 11077)
4(11072 11335 11342 11079)
4(11073 11080 11343 11336)
4(11080 11081 11344 11343)
4(11075 11338 11345 11082)
4(11081 11082 11345 11344)
4(11076 11083 11346 11339)
4(11077 11340 11347 11084)
4(11079 11342 11349 11086)
4(11083 11087 11350 11346)
4(11084 11347 11351 11088)
4(11086 11349 11353 11090)
4(11087 11091 11354 11350)
4(11088 11351 11355 11092)
4(11090 11353 11357 11094)
4(11091 11095 11358 11354)
4(11092 11355 11359 11096)
4(11094 11357 11361 11098)
4(11095 11099 11362 11358)
4(11096 11359 11363 11100)
4(11098 11361 11365 11102)
4(11099 11103 11366 11362)
4(11100 11363 11367 11104)
4(11102 11365 11369 11106)
4(11103 11107 11370 11366)
4(11104 11367 11371 11108)
4(11106 11369 11373 11110)
4(11107 11111 11374 11370)
4(11108 11371 11375 11112)
4(11110 11373 11377 11114)
4(11111 11115 11378 11374)
4(11112 11375 11379 11116)
4(11114 11377 11381 11118)
4(11115 11119 11382 11378)
4(11116 11379 11383 11120)
4(11118 11381 11385 11122)
4(11119 11123 11386 11382)
4(11120 11383 11387 11124)
4(11122 11385 11389 11126)
4(11123 11127 11390 11386)
4(11124 11387 11391 11128)
4(11126 11389 11393 11130)
4(11127 11131 11394 11390)
4(11128 11391 11395 11132)
4(11130 11393 11397 11134)
4(11131 11135 11398 11394)
4(11132 11395 11399 11136)
4(11134 11397 11401 11138)
4(11135 11139 11402 11398)
4(11136 11399 11403 11140)
4(11138 11401 11405 11142)
4(11139 11143 11406 11402)
4(11140 11403 11407 11144)
4(11142 11405 11409 11146)
4(11143 11147 11410 11406)
4(11144 11407 11411 11148)
4(11146 11409 11413 11150)
4(11147 11151 11416 11410)
4(11148 11411 11417 11152)
4(11150 11413 11419 11154)
4(11153 11154 11419 11418)
4(11413 11414 11420 11419)
4(11151 11155 11422 11416)
4(11415 11416 11422 11421)
4(11152 11417 11423 11156)
4(11155 11156 11423 11422)
4(11157 11424 11425 11158)
4(11159 11426 11427 11160)
4(11158 11425 11429 11162)
4(11159 11163 11430 11426)
4(11160 11427 11431 11164)
4(11162 11429 11433 11166)
4(11163 11167 11434 11430)
4(11164 11431 11435 11168)
4(11166 11433 11437 11170)
4(11167 11171 11438 11434)
4(11168 11435 11439 11172)
4(11170 11437 11441 11174)
4(11175 11442 11443 11176)
4(11176 11443 11444 11177)
4(11171 11178 11445 11438)
4(11172 11439 11446 11179)
4(11174 11441 11448 11181)
4(11175 11182 11449 11442)
4(11177 11444 11451 11184)
4(11178 11185 11452 11445)
4(11179 11446 11453 11186)
4(11181 11448 11455 11188)
4(11182 11189 11456 11449)
4(11184 11451 11458 11191)
4(11185 11192 11459 11452)
4(11186 11453 11460 11193)
4(11188 11455 11462 11195)
4(11189 11196 11463 11456)
4(11191 11458 11465 11198)
4(11192 11199 11466 11459)
4(11193 11460 11467 11200)
4(11195 11462 11469 11202)
4(11196 11203 11470 11463)
4(11198 11465 11472 11205)
4(11199 11206 11473 11466)
4(11200 11467 11474 11207)
4(11202 11469 11476 11209)
4(11203 11210 11477 11470)
4(11205 11472 11479 11212)
4(11206 11213 11480 11473)
4(11207 11474 11481 11214)
4(11209 11476 11483 11216)
4(11210 11217 11484 11477)
4(11212 11479 11486 11219)
4(11213 11220 11487 11480)
4(11214 11481 11488 11221)
4(11216 11483 11490 11223)
4(11217 11224 11491 11484)
4(11219 11486 11493 11226)
4(11220 11227 11494 11487)
4(11221 11488 11495 11228)
4(11223 11490 11497 11230)
4(11224 11231 11498 11491)
4(11226 11493 11500 11233)
4(11227 11234 11501 11494)
4(11228 11495 11502 11235)
4(11230 11497 11504 11237)
4(11231 11238 11505 11498)
4(11233 11500 11507 11240)
4(11234 11241 11508 11501)
4(11235 11502 11509 11242)
4(11237 11504 11511 11244)
4(11238 11245 11512 11505)
4(11240 11507 11514 11247)
4(11241 11248 11515 11508)
4(11242 11509 11516 11249)
4(11244 11511 11518 11251)
4(11245 11252 11519 11512)
4(11247 11514 11521 11254)
4(11248 11255 11522 11515)
4(11249 11516 11523 11256)
4(11251 11518 11525 11258)
4(11252 11259 11526 11519)
4(11254 11521 11528 11261)
4(11255 11262 11529 11522)
4(11256 11523 11530 11263)
4(11258 11525 11532 11265)
4(11259 11266 11533 11526)
4(11261 11528 11535 11268)
4(11262 11269 11536 11529)
4(11263 11530 11537 11270)
4(11265 11532 11539 11272)
4(11266 11273 11540 11533)
4(11268 11535 11542 11275)
4(11269 11276 11543 11536)
4(11270 11537 11544 11277)
4(11272 11539 11546 11279)
4(11273 11280 11547 11540)
4(11275 11542 11549 11282)
4(11276 11283 11550 11543)
4(11277 11544 11551 11284)
4(11279 11546 11553 11286)
4(11280 11287 11554 11547)
4(11282 11549 11556 11289)
4(11283 11290 11557 11550)
4(11284 11551 11558 11291)
4(11286 11553 11560 11293)
4(11287 11294 11561 11554)
4(11289 11556 11563 11296)
4(11290 11297 11564 11557)
4(11291 11558 11565 11298)
4(11293 11560 11567 11300)
4(11294 11301 11568 11561)
4(11296 11563 11570 11303)
4(11297 11304 11571 11564)
4(11298 11565 11572 11305)
4(11300 11567 11574 11307)
4(11301 11308 11575 11568)
4(11303 11570 11577 11310)
4(11304 11311 11578 11571)
4(11305 11572 11579 11312)
4(11307 11574 11581 11314)
4(11308 11315 11582 11575)
4(11310 11577 11584 11317)
4(11311 11318 11585 11578)
4(11312 11579 11586 11319)
4(11314 11581 11588 11321)
4(11315 11322 11589 11582)
4(11317 11584 11591 11324)
4(11318 11325 11592 11585)
4(11319 11586 11593 11326)
4(11321 11588 11595 11328)
4(11322 11329 11596 11589)
4(11324 11591 11598 11331)
4(11325 11332 11599 11592)
4(11326 11593 11600 11333)
4(11328 11595 11602 11335)
4(11329 11336 11603 11596)
4(11331 11598 11605 11338)
4(11332 11339 11606 11599)
4(11333 11600 11607 11340)
4(11335 11602 11609 11342)
4(11336 11343 11610 11603)
4(11343 11344 11611 11610)
4(11338 11605 11612 11345)
4(11344 11345 11612 11611)
4(11339 11346 11613 11606)
4(11340 11607 11614 11347)
4(11342 11609 11616 11349)
4(11346 11350 11617 11613)
4(11347 11614 11618 11351)
4(11349 11616 11620 11353)
4(11350 11354 11621 11617)
4(11351 11618 11622 11355)
4(11353 11620 11624 11357)
4(11354 11358 11625 11621)
4(11355 11622 11626 11359)
4(11357 11624 11628 11361)
4(11358 11362 11629 11625)
4(11359 11626 11630 11363)
4(11361 11628 11632 11365)
4(11362 11366 11633 11629)
4(11363 11630 11634 11367)
4(11365 11632 11636 11369)
4(11366 11370 11637 11633)
4(11367 11634 11638 11371)
4(11369 11636 11640 11373)
4(11370 11374 11641 11637)
4(11371 11638 11642 11375)
4(11373 11640 11644 11377)
4(11374 11378 11645 11641)
4(11375 11642 11646 11379)
4(11377 11644 11648 11381)
4(11378 11382 11649 11645)
4(11379 11646 11650 11383)
4(11381 11648 11652 11385)
4(11382 11386 11653 11649)
4(11383 11650 11654 11387)
4(11385 11652 11656 11389)
4(11386 11390 11657 11653)
4(11387 11654 11658 11391)
4(11389 11656 11660 11393)
4(11390 11394 11661 11657)
4(11391 11658 11662 11395)
4(11393 11660 11664 11397)
4(11394 11398 11665 11661)
4(11395 11662 11666 11399)
4(11397 11664 11668 11401)
4(11398 11402 11669 11665)
4(11399 11666 11670 11403)
4(11401 11668 11672 11405)
4(11402 11406 11673 11669)
4(11403 11670 11674 11407)
4(11405 11672 11676 11409)
4(11406 11410 11677 11673)
4(11407 11674 11678 11411)
4(11409 11676 11680 11413)
4(11413 11680 11681 11414)
4(11410 11416 11685 11677)
4(11415 11684 11685 11416)
4(11411 11678 11686 11417)
4(11418 11419 11688 11687)
4(11414 11681 11689 11420)
4(11419 11420 11689 11688)
4(11681 11682 11690 11689)
4(11415 11421 11692 11684)
4(11683 11684 11692 11691)
4(11421 11422 11693 11692)
4(11417 11686 11694 11423)
4(11422 11423 11694 11693)
4(11424 11695 11696 11425)
4(11426 11697 11698 11427)
4(11425 11696 11700 11429)
4(11426 11430 11701 11697)
4(11427 11698 11702 11431)
4(11429 11700 11704 11433)
4(11430 11434 11705 11701)
4(11431 11702 11706 11435)
4(11433 11704 11708 11437)
4(11434 11438 11709 11705)
4(11435 11706 11710 11439)
4(11437 11708 11712 11441)
4(11442 11713 11714 11443)
4(11443 11714 11715 11444)
4(11438 11445 11716 11709)
4(11439 11710 11717 11446)
4(11441 11712 11719 11448)
4(11442 11449 11720 11713)
4(11444 11715 11722 11451)
4(11445 11452 11723 11716)
4(11446 11717 11724 11453)
4(11448 11719 11726 11455)
4(11449 11456 11727 11720)
4(11451 11722 11729 11458)
4(11452 11459 11730 11723)
4(11453 11724 11731 11460)
4(11455 11726 11733 11462)
4(11456 11463 11734 11727)
4(11458 11729 11736 11465)
4(11459 11466 11737 11730)
4(11460 11731 11738 11467)
4(11462 11733 11740 11469)
4(11463 11470 11741 11734)
4(11465 11736 11743 11472)
4(11466 11473 11744 11737)
4(11467 11738 11745 11474)
4(11469 11740 11747 11476)
4(11470 11477 11748 11741)
4(11472 11743 11750 11479)
4(11473 11480 11751 11744)
4(11474 11745 11752 11481)
4(11476 11747 11754 11483)
4(11477 11484 11755 11748)
4(11479 11750 11757 11486)
4(11480 11487 11758 11751)
4(11481 11752 11759 11488)
4(11483 11754 11761 11490)
4(11484 11491 11762 11755)
4(11486 11757 11764 11493)
4(11487 11494 11765 11758)
4(11488 11759 11766 11495)
4(11490 11761 11768 11497)
4(11491 11498 11769 11762)
4(11493 11764 11771 11500)
4(11494 11501 11772 11765)
4(11495 11766 11773 11502)
4(11497 11768 11775 11504)
4(11498 11505 11776 11769)
4(11500 11771 11778 11507)
4(11501 11508 11779 11772)
4(11502 11773 11780 11509)
4(11504 11775 11782 11511)
4(11505 11512 11783 11776)
4(11507 11778 11785 11514)
4(11508 11515 11786 11779)
4(11509 11780 11787 11516)
4(11511 11782 11789 11518)
4(11512 11519 11790 11783)
4(11514 11785 11792 11521)
4(11515 11522 11793 11786)
4(11516 11787 11794 11523)
4(11518 11789 11796 11525)
4(11519 11526 11797 11790)
4(11521 11792 11799 11528)
4(11522 11529 11800 11793)
4(11523 11794 11801 11530)
4(11525 11796 11803 11532)
4(11526 11533 11804 11797)
4(11528 11799 11806 11535)
4(11529 11536 11807 11800)
4(11530 11801 11808 11537)
4(11532 11803 11810 11539)
4(11533 11540 11811 11804)
4(11535 11806 11813 11542)
4(11536 11543 11814 11807)
4(11537 11808 11815 11544)
4(11539 11810 11817 11546)
4(11540 11547 11818 11811)
4(11542 11813 11820 11549)
4(11543 11550 11821 11814)
4(11544 11815 11822 11551)
4(11546 11817 11824 11553)
4(11547 11554 11825 11818)
4(11549 11820 11827 11556)
4(11550 11557 11828 11821)
4(11551 11822 11829 11558)
4(11553 11824 11831 11560)
4(11554 11561 11832 11825)
4(11556 11827 11834 11563)
4(11557 11564 11835 11828)
4(11558 11829 11836 11565)
4(11560 11831 11838 11567)
4(11561 11568 11839 11832)
4(11563 11834 11841 11570)
4(11564 11571 11842 11835)
4(11565 11836 11843 11572)
4(11567 11838 11845 11574)
4(11568 11575 11846 11839)
4(11570 11841 11848 11577)
4(11571 11578 11849 11842)
4(11572 11843 11850 11579)
4(11574 11845 11852 11581)
4(11575 11582 11853 11846)
4(11577 11848 11855 11584)
4(11578 11585 11856 11849)
4(11579 11850 11857 11586)
4(11581 11852 11859 11588)
4(11582 11589 11860 11853)
4(11584 11855 11862 11591)
4(11585 11592 11863 11856)
4(11586 11857 11864 11593)
4(11588 11859 11866 11595)
4(11589 11596 11867 11860)
4(11591 11862 11869 11598)
4(11592 11599 11870 11863)
4(11593 11864 11871 11600)
4(11595 11866 11873 11602)
4(11596 11603 11874 11867)
4(11598 11869 11876 11605)
4(11599 11606 11877 11870)
4(11600 11871 11878 11607)
4(11602 11873 11880 11609)
4(11603 11610 11881 11874)
4(11610 11611 11882 11881)
4(11605 11876 11883 11612)
4(11611 11612 11883 11882)
4(11606 11613 11884 11877)
4(11607 11878 11885 11614)
4(11609 11880 11887 11616)
4(11613 11617 11888 11884)
4(11614 11885 11889 11618)
4(11616 11887 11891 11620)
4(11617 11621 11892 11888)
4(11618 11889 11893 11622)
4(11620 11891 11895 11624)
4(11621 11625 11896 11892)
4(11622 11893 11897 11626)
4(11624 11895 11899 11628)
4(11625 11629 11900 11896)
4(11626 11897 11901 11630)
4(11628 11899 11903 11632)
4(11629 11633 11904 11900)
4(11630 11901 11905 11634)
4(11632 11903 11907 11636)
4(11633 11637 11908 11904)
4(11634 11905 11909 11638)
4(11636 11907 11911 11640)
4(11637 11641 11912 11908)
4(11638 11909 11913 11642)
4(11640 11911 11915 11644)
4(11641 11645 11916 11912)
4(11642 11913 11917 11646)
4(11644 11915 11919 11648)
4(11645 11649 11920 11916)
4(11646 11917 11921 11650)
4(11648 11919 11923 11652)
4(11649 11653 11924 11920)
4(11650 11921 11925 11654)
4(11652 11923 11927 11656)
4(11653 11657 11928 11924)
4(11654 11925 11929 11658)
4(11656 11927 11931 11660)
4(11657 11661 11932 11928)
4(11658 11929 11933 11662)
4(11660 11931 11935 11664)
4(11661 11665 11936 11932)
4(11662 11933 11937 11666)
4(11664 11935 11939 11668)
4(11665 11669 11940 11936)
4(11666 11937 11941 11670)
4(11668 11939 11943 11672)
4(11669 11673 11944 11940)
4(11670 11941 11945 11674)
4(11672 11943 11947 11676)
4(11673 11677 11948 11944)
4(11674 11945 11949 11678)
4(11676 11947 11951 11680)
4(11680 11951 11952 11681)
4(11681 11952 11953 11682)
4(11683 11956 11957 11684)
4(11677 11685 11958 11948)
4(11684 11957 11958 11685)
4(11678 11949 11959 11686)
4(11687 11688 11961 11960)
4(11688 11689 11962 11961)
4(11682 11953 11963 11690)
4(11689 11690 11963 11962)
4(11953 11954 11964 11963)
4(11954 11955 11965 11964)
4(11683 11691 11966 11956)
4(11955 11956 11966 11965)
4(11691 11692 11967 11966)
4(11692 11693 11968 11967)
4(11686 11959 11969 11694)
4(11693 11694 11969 11968)
4(11695 11970 11971 11696)
4(11697 11972 11973 11698)
4(11696 11971 11975 11700)
4(11697 11701 11976 11972)
4(11698 11973 11977 11702)
4(11700 11975 11979 11704)
4(11701 11705 11980 11976)
4(11702 11977 11981 11706)
4(11704 11979 11983 11708)
4(11705 11709 11984 11980)
4(11706 11981 11985 11710)
4(11708 11983 11987 11712)
4(11713 11988 11989 11714)
4(11714 11989 11990 11715)
4(11709 11716 11991 11984)
4(11710 11985 11992 11717)
4(11712 11987 11994 11719)
4(11713 11720 11995 11988)
4(11715 11990 11997 11722)
4(11716 11723 11998 11991)
4(11717 11992 11999 11724)
4(11719 11994 12001 11726)
4(11720 11727 12002 11995)
4(11722 11997 12004 11729)
4(11723 11730 12005 11998)
4(11724 11999 12006 11731)
4(11726 12001 12008 11733)
4(11727 11734 12009 12002)
4(11729 12004 12011 11736)
4(11730 11737 12012 12005)
4(11731 12006 12013 11738)
4(11733 12008 12015 11740)
4(11734 11741 12016 12009)
4(11736 12011 12018 11743)
4(11737 11744 12019 12012)
4(11738 12013 12020 11745)
4(11740 12015 12022 11747)
4(11741 11748 12023 12016)
4(11743 12018 12025 11750)
4(11744 11751 12026 12019)
4(11745 12020 12027 11752)
4(11747 12022 12029 11754)
4(11748 11755 12030 12023)
4(11750 12025 12032 11757)
4(11751 11758 12033 12026)
4(11752 12027 12034 11759)
4(11754 12029 12036 11761)
4(11755 11762 12037 12030)
4(11757 12032 12039 11764)
4(11758 11765 12040 12033)
4(11759 12034 12041 11766)
4(11761 12036 12043 11768)
4(11762 11769 12044 12037)
4(11764 12039 12046 11771)
4(11765 11772 12047 12040)
4(11766 12041 12048 11773)
4(11768 12043 12050 11775)
4(11769 11776 12051 12044)
4(11771 12046 12053 11778)
4(11772 11779 12054 12047)
4(11773 12048 12055 11780)
4(11775 12050 12057 11782)
4(11776 11783 12058 12051)
4(11778 12053 12060 11785)
4(11779 11786 12061 12054)
4(11780 12055 12062 11787)
4(11782 12057 12064 11789)
4(11783 11790 12065 12058)
4(11785 12060 12067 11792)
4(11786 11793 12068 12061)
4(11787 12062 12069 11794)
4(11789 12064 12071 11796)
4(11790 11797 12072 12065)
4(11792 12067 12074 11799)
4(11793 11800 12075 12068)
4(11794 12069 12076 11801)
4(11796 12071 12078 11803)
4(11797 11804 12079 12072)
4(11799 12074 12081 11806)
4(11800 11807 12082 12075)
4(11801 12076 12083 11808)
4(11803 12078 12085 11810)
4(11804 11811 12086 12079)
4(11806 12081 12088 11813)
4(11807 11814 12089 12082)
4(11808 12083 12090 11815)
4(11810 12085 12092 11817)
4(11811 11818 12093 12086)
4(11813 12088 12095 11820)
4(11814 11821 12096 12089)
4(11815 12090 12097 11822)
4(11817 12092 12099 11824)
4(11818 11825 12100 12093)
4(11820 12095 12102 11827)
4(11821 11828 12103 12096)
4(11822 12097 12104 11829)
4(11824 12099 12106 11831)
4(11825 11832 12107 12100)
4(11827 12102 12109 11834)
4(11828 11835 12110 12103)
4(11829 12104 12111 11836)
4(11831 12106 12113 11838)
4(11832 11839 12114 12107)
4(11834 12109 12116 11841)
4(11835 11842 12117 12110)
4(11836 12111 12118 11843)
4(11838 12113 12120 11845)
4(11839 11846 12121 12114)
4(11841 12116 12123 11848)
4(11842 11849 12124 12117)
4(11843 12118 12125 11850)
4(11845 12120 12127 11852)
4(11846 11853 12128 12121)
4(11848 12123 12130 11855)
4(11849 11856 12131 12124)
4(11850 12125 12132 11857)
4(11852 12127 12134 11859)
4(11853 11860 12135 12128)
4(11855 12130 12137 11862)
4(11856 11863 12138 12131)
4(11857 12132 12139 11864)
4(11859 12134 12141 11866)
4(11860 11867 12142 12135)
4(11862 12137 12144 11869)
4(11863 11870 12145 12138)
4(11864 12139 12146 11871)
4(11866 12141 12148 11873)
4(11867 11874 12149 12142)
4(11869 12144 12151 11876)
4(11870 11877 12152 12145)
4(11871 12146 12153 11878)
4(11873 12148 12155 11880)
4(11874 11881 12156 12149)
4(11881 11882 12157 12156)
4(11876 12151 12158 11883)
4(11882 11883 12158 12157)
4(11877 11884 12159 12152)
4(11878 12153 12160 11885)
4(11880 12155 12162 11887)
4(11884 11888 12163 12159)
4(11885 12160 12164 11889)
4(11887 12162 12166 11891)
4(11888 11892 12167 12163)
4(11889 12164 12168 11893)
4(11891 12166 12170 11895)
4(11892 11896 12171 12167)
4(11893 12168 12172 11897)
4(11895 12170 12174 11899)
4(11896 11900 12175 12171)
4(11897 12172 12176 11901)
4(11899 12174 12178 11903)
4(11900 11904 12179 12175)
4(11901 12176 12180 11905)
4(11903 12178 12182 11907)
4(11904 11908 12183 12179)
4(11905 12180 12184 11909)
4(11907 12182 12186 11911)
4(11908 11912 12187 12183)
4(11909 12184 12188 11913)
4(11911 12186 12190 11915)
4(11912 11916 12191 12187)
4(11913 12188 12192 11917)
4(11915 12190 12194 11919)
4(11916 11920 12195 12191)
4(11917 12192 12196 11921)
4(11919 12194 12198 11923)
4(11920 11924 12199 12195)
4(11921 12196 12200 11925)
4(11923 12198 12202 11927)
4(11924 11928 12203 12199)
4(11925 12200 12204 11929)
4(11927 12202 12206 11931)
4(11928 11932 12207 12203)
4(11929 12204 12208 11933)
4(11931 12206 12210 11935)
4(11932 11936 12211 12207)
4(11933 12208 12212 11937)
4(11935 12210 12214 11939)
4(11936 11940 12215 12211)
4(11937 12212 12216 11941)
4(11939 12214 12218 11943)
4(11940 11944 12219 12215)
4(11941 12216 12220 11945)
4(11943 12218 12222 11947)
4(11944 11948 12223 12219)
4(11945 12220 12224 11949)
4(11947 12222 12226 11951)
4(11951 12226 12227 11952)
4(11952 12227 12228 11953)
4(11953 12228 12229 11954)
4(11954 12229 12230 11955)
4(11955 12230 12231 11956)
4(11956 12231 12232 11957)
4(11948 11958 12233 12223)
4(11957 12232 12233 11958)
4(11949 12224 12234 11959)
4(11960 11961 12236 12235)
4(11961 11962 12237 12236)
4(11962 11963 12238 12237)
4(11963 11964 12239 12238)
4(11964 11965 12240 12239)
4(11965 11966 12241 12240)
4(11966 11967 12242 12241)
4(11967 11968 12243 12242)
4(11959 12234 12244 11969)
4(11968 11969 12244 12243)
4(11970 12245 12246 11971)
4(11972 12247 12248 11973)
4(11971 12246 12250 11975)
4(11972 11976 12251 12247)
4(11973 12248 12252 11977)
4(11975 12250 12254 11979)
4(11976 11980 12255 12251)
4(11977 12252 12256 11981)
4(11979 12254 12258 11983)
4(11980 11984 12259 12255)
4(11981 12256 12260 11985)
4(11983 12258 12262 11987)
4(11988 12263 12264 11989)
4(11989 12264 12265 11990)
4(11984 11991 12266 12259)
4(11985 12260 12267 11992)
4(11987 12262 12269 11994)
4(11988 11995 12270 12263)
4(11990 12265 12272 11997)
4(11991 11998 12273 12266)
4(11992 12267 12274 11999)
4(11994 12269 12276 12001)
4(11995 12002 12277 12270)
4(11997 12272 12279 12004)
4(11998 12005 12280 12273)
4(11999 12274 12281 12006)
4(12001 12276 12283 12008)
4(12002 12009 12284 12277)
4(12004 12279 12286 12011)
4(12005 12012 12287 12280)
4(12006 12281 12288 12013)
4(12008 12283 12290 12015)
4(12009 12016 12291 12284)
4(12011 12286 12293 12018)
4(12012 12019 12294 12287)
4(12013 12288 12295 12020)
4(12015 12290 12297 12022)
4(12016 12023 12298 12291)
4(12018 12293 12300 12025)
4(12019 12026 12301 12294)
4(12020 12295 12302 12027)
4(12022 12297 12304 12029)
4(12023 12030 12305 12298)
4(12025 12300 12307 12032)
4(12026 12033 12308 12301)
4(12027 12302 12309 12034)
4(12029 12304 12311 12036)
4(12030 12037 12312 12305)
4(12032 12307 12314 12039)
4(12033 12040 12315 12308)
4(12034 12309 12316 12041)
4(12036 12311 12318 12043)
4(12037 12044 12319 12312)
4(12039 12314 12321 12046)
4(12040 12047 12322 12315)
4(12041 12316 12323 12048)
4(12043 12318 12325 12050)
4(12044 12051 12326 12319)
4(12046 12321 12328 12053)
4(12047 12054 12329 12322)
4(12048 12323 12330 12055)
4(12050 12325 12332 12057)
4(12051 12058 12333 12326)
4(12053 12328 12335 12060)
4(12054 12061 12336 12329)
4(12055 12330 12337 12062)
4(12057 12332 12339 12064)
4(12058 12065 12340 12333)
4(12060 12335 12342 12067)
4(12061 12068 12343 12336)
4(12062 12337 12344 12069)
4(12064 12339 12346 12071)
4(12065 12072 12347 12340)
4(12067 12342 12349 12074)
4(12068 12075 12350 12343)
4(12069 12344 12351 12076)
4(12071 12346 12353 12078)
4(12072 12079 12354 12347)
4(12074 12349 12356 12081)
4(12075 12082 12357 12350)
4(12076 12351 12358 12083)
4(12078 12353 12360 12085)
4(12079 12086 12361 12354)
4(12081 12356 12363 12088)
4(12082 12089 12364 12357)
4(12083 12358 12365 12090)
4(12085 12360 12367 12092)
4(12086 12093 12368 12361)
4(12088 12363 12370 12095)
4(12089 12096 12371 12364)
4(12090 12365 12372 12097)
4(12092 12367 12374 12099)
4(12093 12100 12375 12368)
4(12095 12370 12377 12102)
4(12096 12103 12378 12371)
4(12097 12372 12379 12104)
4(12099 12374 12381 12106)
4(12100 12107 12382 12375)
4(12102 12377 12384 12109)
4(12103 12110 12385 12378)
4(12104 12379 12386 12111)
4(12106 12381 12388 12113)
4(12107 12114 12389 12382)
4(12109 12384 12391 12116)
4(12110 12117 12392 12385)
4(12111 12386 12393 12118)
4(12113 12388 12395 12120)
4(12114 12121 12396 12389)
4(12116 12391 12398 12123)
4(12117 12124 12399 12392)
4(12118 12393 12400 12125)
4(12120 12395 12402 12127)
4(12121 12128 12403 12396)
4(12123 12398 12405 12130)
4(12124 12131 12406 12399)
4(12125 12400 12407 12132)
4(12127 12402 12409 12134)
4(12128 12135 12410 12403)
4(12130 12405 12412 12137)
4(12131 12138 12413 12406)
4(12132 12407 12414 12139)
4(12134 12409 12416 12141)
4(12135 12142 12417 12410)
4(12137 12412 12419 12144)
4(12138 12145 12420 12413)
4(12139 12414 12421 12146)
4(12141 12416 12423 12148)
4(12142 12149 12424 12417)
4(12144 12419 12426 12151)
4(12145 12152 12427 12420)
4(12146 12421 12428 12153)
4(12148 12423 12430 12155)
4(12149 12156 12431 12424)
4(12156 12157 12432 12431)
4(12151 12426 12433 12158)
4(12157 12158 12433 12432)
4(12152 12159 12434 12427)
4(12153 12428 12435 12160)
4(12155 12430 12437 12162)
4(12159 12163 12438 12434)
4(12160 12435 12439 12164)
4(12162 12437 12441 12166)
4(12163 12167 12442 12438)
4(12164 12439 12443 12168)
4(12166 12441 12445 12170)
4(12167 12171 12446 12442)
4(12168 12443 12447 12172)
4(12170 12445 12449 12174)
4(12171 12175 12450 12446)
4(12172 12447 12451 12176)
4(12174 12449 12453 12178)
4(12175 12179 12454 12450)
4(12176 12451 12455 12180)
4(12178 12453 12457 12182)
4(12179 12183 12458 12454)
4(12180 12455 12459 12184)
4(12182 12457 12461 12186)
4(12183 12187 12462 12458)
4(12184 12459 12463 12188)
4(12186 12461 12465 12190)
4(12187 12191 12466 12462)
4(12188 12463 12467 12192)
4(12190 12465 12469 12194)
4(12191 12195 12470 12466)
4(12192 12467 12471 12196)
4(12194 12469 12473 12198)
4(12195 12199 12474 12470)
4(12196 12471 12475 12200)
4(12198 12473 12477 12202)
4(12199 12203 12478 12474)
4(12200 12475 12479 12204)
4(12202 12477 12481 12206)
4(12203 12207 12482 12478)
4(12204 12479 12483 12208)
4(12206 12481 12485 12210)
4(12207 12211 12486 12482)
4(12208 12483 12487 12212)
4(12210 12485 12489 12214)
4(12211 12215 12490 12486)
4(12212 12487 12491 12216)
4(12214 12489 12493 12218)
4(12215 12219 12494 12490)
4(12216 12491 12495 12220)
4(12218 12493 12497 12222)
4(12219 12223 12498 12494)
4(12220 12495 12499 12224)
4(12222 12497 12501 12226)
4(12226 12501 12502 12227)
4(12227 12502 12503 12228)
4(12228 12503 12504 12229)
4(12229 12504 12505 12230)
4(12230 12505 12506 12231)
4(12231 12506 12507 12232)
4(12223 12233 12508 12498)
4(12232 12507 12508 12233)
4(12224 12499 12509 12234)
4(12235 12236 12511 12510)
4(12236 12237 12512 12511)
4(12237 12238 12513 12512)
4(12238 12239 12514 12513)
4(12239 12240 12515 12514)
4(12240 12241 12516 12515)
4(12241 12242 12517 12516)
4(12242 12243 12518 12517)
4(12234 12509 12519 12244)
4(12243 12244 12519 12518)
4(12245 12520 12521 12246)
4(12247 12522 12523 12248)
4(12246 12521 12525 12250)
4(12247 12251 12526 12522)
4(12248 12523 12527 12252)
4(12250 12525 12529 12254)
4(12251 12255 12530 12526)
4(12252 12527 12531 12256)
4(12254 12529 12533 12258)
4(12255 12259 12534 12530)
4(12256 12531 12535 12260)
4(12258 12533 12537 12262)
4(12263 12538 12539 12264)
4(12264 12539 12540 12265)
4(12259 12266 12541 12534)
4(12260 12535 12542 12267)
4(12262 12537 12544 12269)
4(12263 12270 12545 12538)
4(12265 12540 12547 12272)
4(12266 12273 12548 12541)
4(12267 12542 12549 12274)
4(12269 12544 12551 12276)
4(12270 12277 12552 12545)
4(12272 12547 12554 12279)
4(12273 12280 12555 12548)
4(12274 12549 12556 12281)
4(12276 12551 12558 12283)
4(12277 12284 12559 12552)
4(12279 12554 12561 12286)
4(12280 12287 12562 12555)
4(12281 12556 12563 12288)
4(12283 12558 12565 12290)
4(12284 12291 12566 12559)
4(12286 12561 12568 12293)
4(12287 12294 12569 12562)
4(12288 12563 12570 12295)
4(12290 12565 12572 12297)
4(12291 12298 12573 12566)
4(12293 12568 12575 12300)
4(12294 12301 12576 12569)
4(12295 12570 12577 12302)
4(12297 12572 12579 12304)
4(12298 12305 12580 12573)
4(12300 12575 12582 12307)
4(12301 12308 12583 12576)
4(12302 12577 12584 12309)
4(12304 12579 12586 12311)
4(12305 12312 12587 12580)
4(12307 12582 12589 12314)
4(12308 12315 12590 12583)
4(12309 12584 12591 12316)
4(12311 12586 12593 12318)
4(12312 12319 12594 12587)
4(12314 12589 12596 12321)
4(12315 12322 12597 12590)
4(12316 12591 12598 12323)
4(12318 12593 12600 12325)
4(12319 12326 12601 12594)
4(12321 12596 12603 12328)
4(12322 12329 12604 12597)
4(12323 12598 12605 12330)
4(12325 12600 12607 12332)
4(12326 12333 12608 12601)
4(12328 12603 12610 12335)
4(12329 12336 12611 12604)
4(12330 12605 12612 12337)
4(12332 12607 12614 12339)
4(12333 12340 12615 12608)
4(12335 12610 12617 12342)
4(12336 12343 12618 12611)
4(12337 12612 12619 12344)
4(12339 12614 12621 12346)
4(12340 12347 12622 12615)
4(12342 12617 12624 12349)
4(12343 12350 12625 12618)
4(12344 12619 12626 12351)
4(12346 12621 12628 12353)
4(12347 12354 12629 12622)
4(12349 12624 12631 12356)
4(12350 12357 12632 12625)
4(12351 12626 12633 12358)
4(12353 12628 12635 12360)
4(12354 12361 12636 12629)
4(12356 12631 12638 12363)
4(12357 12364 12639 12632)
4(12358 12633 12640 12365)
4(12360 12635 12642 12367)
4(12361 12368 12643 12636)
4(12363 12638 12645 12370)
4(12364 12371 12646 12639)
4(12365 12640 12647 12372)
4(12367 12642 12649 12374)
4(12368 12375 12650 12643)
4(12370 12645 12652 12377)
4(12371 12378 12653 12646)
4(12372 12647 12654 12379)
4(12374 12649 12656 12381)
4(12375 12382 12657 12650)
4(12377 12652 12659 12384)
4(12378 12385 12660 12653)
4(12379 12654 12661 12386)
4(12381 12656 12663 12388)
4(12382 12389 12664 12657)
4(12384 12659 12666 12391)
4(12385 12392 12667 12660)
4(12386 12661 12668 12393)
4(12388 12663 12670 12395)
4(12389 12396 12671 12664)
4(12391 12666 12673 12398)
4(12392 12399 12674 12667)
4(12393 12668 12675 12400)
4(12395 12670 12677 12402)
4(12396 12403 12678 12671)
4(12398 12673 12680 12405)
4(12399 12406 12681 12674)
4(12400 12675 12682 12407)
4(12402 12677 12684 12409)
4(12403 12410 12685 12678)
4(12405 12680 12687 12412)
4(12406 12413 12688 12681)
4(12407 12682 12689 12414)
4(12409 12684 12691 12416)
4(12410 12417 12692 12685)
4(12412 12687 12694 12419)
4(12413 12420 12695 12688)
4(12414 12689 12696 12421)
4(12416 12691 12698 12423)
4(12417 12424 12699 12692)
4(12419 12694 12701 12426)
4(12420 12427 12702 12695)
4(12421 12696 12703 12428)
4(12423 12698 12705 12430)
4(12424 12431 12706 12699)
4(12431 12432 12707 12706)
4(12426 12701 12708 12433)
4(12432 12433 12708 12707)
4(12427 12434 12709 12702)
4(12428 12703 12710 12435)
4(12430 12705 12712 12437)
4(12434 12438 12713 12709)
4(12435 12710 12714 12439)
4(12437 12712 12716 12441)
4(12438 12442 12717 12713)
4(12439 12714 12718 12443)
4(12441 12716 12720 12445)
4(12442 12446 12721 12717)
4(12443 12718 12722 12447)
4(12445 12720 12724 12449)
4(12446 12450 12725 12721)
4(12447 12722 12726 12451)
4(12449 12724 12728 12453)
4(12450 12454 12729 12725)
4(12451 12726 12730 12455)
4(12453 12728 12732 12457)
4(12454 12458 12733 12729)
4(12455 12730 12734 12459)
4(12457 12732 12736 12461)
4(12458 12462 12737 12733)
4(12459 12734 12738 12463)
4(12461 12736 12740 12465)
4(12462 12466 12741 12737)
4(12463 12738 12742 12467)
4(12465 12740 12744 12469)
4(12466 12470 12745 12741)
4(12467 12742 12746 12471)
4(12469 12744 12748 12473)
4(12470 12474 12749 12745)
4(12471 12746 12750 12475)
4(12473 12748 12752 12477)
4(12474 12478 12753 12749)
4(12475 12750 12754 12479)
4(12477 12752 12756 12481)
4(12478 12482 12757 12753)
4(12479 12754 12758 12483)
4(12481 12756 12760 12485)
4(12482 12486 12761 12757)
4(12483 12758 12762 12487)
4(12485 12760 12764 12489)
4(12486 12490 12765 12761)
4(12487 12762 12766 12491)
4(12489 12764 12768 12493)
4(12490 12494 12769 12765)
4(12491 12766 12770 12495)
4(12493 12768 12772 12497)
4(12494 12498 12773 12769)
4(12495 12770 12774 12499)
4(12497 12772 12776 12501)
4(12501 12776 12777 12502)
4(12502 12777 12778 12503)
4(12503 12778 12779 12504)
4(12504 12779 12780 12505)
4(12505 12780 12781 12506)
4(12506 12781 12782 12507)
4(12498 12508 12783 12773)
4(12507 12782 12783 12508)
4(12499 12774 12784 12509)
4(12510 12511 12786 12785)
4(12511 12512 12787 12786)
4(12512 12513 12788 12787)
4(12513 12514 12789 12788)
4(12514 12515 12790 12789)
4(12515 12516 12791 12790)
4(12516 12517 12792 12791)
4(12517 12518 12793 12792)
4(12509 12784 12794 12519)
4(12518 12519 12794 12793)
4(12520 12795 12796 12521)
4(12522 12797 12798 12523)
4(12521 12796 12800 12525)
4(12522 12526 12801 12797)
4(12523 12798 12802 12527)
4(12525 12800 12804 12529)
4(12526 12530 12805 12801)
4(12527 12802 12806 12531)
4(12529 12804 12808 12533)
4(12530 12534 12809 12805)
4(12531 12806 12810 12535)
4(12533 12808 12812 12537)
4(12538 12813 12814 12539)
4(12539 12814 12815 12540)
4(12534 12541 12816 12809)
4(12535 12810 12817 12542)
4(12537 12812 12819 12544)
4(12538 12545 12820 12813)
4(12540 12815 12822 12547)
4(12541 12548 12823 12816)
4(12542 12817 12824 12549)
4(12544 12819 12826 12551)
4(12545 12552 12827 12820)
4(12547 12822 12829 12554)
4(12548 12555 12830 12823)
4(12549 12824 12831 12556)
4(12551 12826 12833 12558)
4(12552 12559 12834 12827)
4(12554 12829 12836 12561)
4(12555 12562 12837 12830)
4(12556 12831 12838 12563)
4(12558 12833 12840 12565)
4(12559 12566 12841 12834)
4(12561 12836 12843 12568)
4(12562 12569 12844 12837)
4(12563 12838 12845 12570)
4(12565 12840 12847 12572)
4(12566 12573 12848 12841)
4(12568 12843 12850 12575)
4(12569 12576 12851 12844)
4(12570 12845 12852 12577)
4(12572 12847 12854 12579)
4(12573 12580 12855 12848)
4(12575 12850 12857 12582)
4(12576 12583 12858 12851)
4(12577 12852 12859 12584)
4(12579 12854 12861 12586)
4(12580 12587 12862 12855)
4(12582 12857 12864 12589)
4(12583 12590 12865 12858)
4(12584 12859 12866 12591)
4(12586 12861 12868 12593)
4(12587 12594 12869 12862)
4(12589 12864 12871 12596)
4(12590 12597 12872 12865)
4(12591 12866 12873 12598)
4(12593 12868 12875 12600)
4(12594 12601 12876 12869)
4(12596 12871 12878 12603)
4(12597 12604 12879 12872)
4(12598 12873 12880 12605)
4(12600 12875 12882 12607)
4(12601 12608 12883 12876)
4(12603 12878 12885 12610)
4(12604 12611 12886 12879)
4(12605 12880 12887 12612)
4(12607 12882 12889 12614)
4(12608 12615 12890 12883)
4(12610 12885 12892 12617)
4(12611 12618 12893 12886)
4(12612 12887 12894 12619)
4(12614 12889 12896 12621)
4(12615 12622 12897 12890)
4(12617 12892 12899 12624)
4(12618 12625 12900 12893)
4(12619 12894 12901 12626)
4(12621 12896 12903 12628)
4(12622 12629 12904 12897)
4(12624 12899 12906 12631)
4(12625 12632 12907 12900)
4(12626 12901 12908 12633)
4(12628 12903 12910 12635)
4(12629 12636 12911 12904)
4(12631 12906 12913 12638)
4(12632 12639 12914 12907)
4(12633 12908 12915 12640)
4(12635 12910 12917 12642)
4(12636 12643 12918 12911)
4(12638 12913 12920 12645)
4(12639 12646 12921 12914)
4(12640 12915 12922 12647)
4(12642 12917 12924 12649)
4(12643 12650 12925 12918)
4(12645 12920 12927 12652)
4(12646 12653 12928 12921)
4(12647 12922 12929 12654)
4(12649 12924 12931 12656)
4(12650 12657 12932 12925)
4(12652 12927 12934 12659)
4(12653 12660 12935 12928)
4(12654 12929 12936 12661)
4(12656 12931 12938 12663)
4(12657 12664 12939 12932)
4(12659 12934 12941 12666)
4(12660 12667 12942 12935)
4(12661 12936 12943 12668)
4(12663 12938 12945 12670)
4(12664 12671 12946 12939)
4(12666 12941 12948 12673)
4(12667 12674 12949 12942)
4(12668 12943 12950 12675)
4(12670 12945 12952 12677)
4(12671 12678 12953 12946)
4(12673 12948 12955 12680)
4(12674 12681 12956 12949)
4(12675 12950 12957 12682)
4(12677 12952 12959 12684)
4(12678 12685 12960 12953)
4(12680 12955 12962 12687)
4(12681 12688 12963 12956)
4(12682 12957 12964 12689)
4(12684 12959 12966 12691)
4(12685 12692 12967 12960)
4(12687 12962 12969 12694)
4(12688 12695 12970 12963)
4(12689 12964 12971 12696)
4(12691 12966 12973 12698)
4(12692 12699 12974 12967)
4(12694 12969 12976 12701)
4(12695 12702 12977 12970)
4(12696 12971 12978 12703)
4(12698 12973 12980 12705)
4(12699 12706 12981 12974)
4(12706 12707 12982 12981)
4(12701 12976 12983 12708)
4(12707 12708 12983 12982)
4(12702 12709 12984 12977)
4(12703 12978 12985 12710)
4(12705 12980 12987 12712)
4(12709 12713 12988 12984)
4(12710 12985 12989 12714)
4(12712 12987 12991 12716)
4(12713 12717 12992 12988)
4(12714 12989 12993 12718)
4(12716 12991 12995 12720)
4(12717 12721 12996 12992)
4(12718 12993 12997 12722)
4(12720 12995 12999 12724)
4(12721 12725 13000 12996)
4(12722 12997 13001 12726)
4(12724 12999 13003 12728)
4(12725 12729 13004 13000)
4(12726 13001 13005 12730)
4(12728 13003 13007 12732)
4(12729 12733 13008 13004)
4(12730 13005 13009 12734)
4(12732 13007 13011 12736)
4(12733 12737 13012 13008)
4(12734 13009 13013 12738)
4(12736 13011 13015 12740)
4(12737 12741 13016 13012)
4(12738 13013 13017 12742)
4(12740 13015 13019 12744)
4(12741 12745 13020 13016)
4(12742 13017 13021 12746)
4(12744 13019 13023 12748)
4(12745 12749 13024 13020)
4(12746 13021 13025 12750)
4(12748 13023 13027 12752)
4(12749 12753 13028 13024)
4(12750 13025 13029 12754)
4(12752 13027 13031 12756)
4(12753 12757 13032 13028)
4(12754 13029 13033 12758)
4(12756 13031 13035 12760)
4(12757 12761 13036 13032)
4(12758 13033 13037 12762)
4(12760 13035 13039 12764)
4(12761 12765 13040 13036)
4(12762 13037 13041 12766)
4(12764 13039 13043 12768)
4(12765 12769 13044 13040)
4(12766 13041 13045 12770)
4(12768 13043 13047 12772)
4(12769 12773 13048 13044)
4(12770 13045 13049 12774)
4(12772 13047 13051 12776)
4(12776 13051 13052 12777)
4(12777 13052 13053 12778)
4(12778 13053 13054 12779)
4(12779 13054 13055 12780)
4(12780 13055 13056 12781)
4(12781 13056 13057 12782)
4(12773 12783 13058 13048)
4(12782 13057 13058 12783)
4(12774 13049 13059 12784)
4(12785 12786 13061 13060)
4(12786 12787 13062 13061)
4(12787 12788 13063 13062)
4(12788 12789 13064 13063)
4(12789 12790 13065 13064)
4(12790 12791 13066 13065)
4(12791 12792 13067 13066)
4(12792 12793 13068 13067)
4(12784 13059 13069 12794)
4(12793 12794 13069 13068)
4(12795 13070 13071 12796)
4(12797 13072 13073 12798)
4(12796 13071 13075 12800)
4(12797 12801 13076 13072)
4(12798 13073 13077 12802)
4(12800 13075 13079 12804)
4(12801 12805 13080 13076)
4(12802 13077 13081 12806)
4(12804 13079 13083 12808)
4(12805 12809 13084 13080)
4(12806 13081 13085 12810)
4(12808 13083 13087 12812)
4(12813 13088 13089 12814)
4(12814 13089 13090 12815)
4(12809 12816 13091 13084)
4(12810 13085 13092 12817)
4(12812 13087 13094 12819)
4(12813 12820 13095 13088)
4(13088 13095 13096 13089)
4(12815 13090 13097 12822)
4(13089 13096 13097 13090)
4(12816 12823 13098 13091)
4(12817 13092 13099 12824)
4(12819 13094 13101 12826)
4(12820 12827 13102 13095)
4(13095 13102 13103 13096)
4(12822 13097 13104 12829)
4(13096 13103 13104 13097)
4(12823 12830 13105 13098)
4(12824 13099 13106 12831)
4(12826 13101 13108 12833)
4(12827 12834 13109 13102)
4(13102 13109 13110 13103)
4(12829 13104 13111 12836)
4(13103 13110 13111 13104)
4(12830 12837 13112 13105)
4(12831 13106 13113 12838)
4(12833 13108 13115 12840)
4(12834 12841 13116 13109)
4(13109 13116 13117 13110)
4(12836 13111 13118 12843)
4(13110 13117 13118 13111)
4(12837 12844 13119 13112)
4(12838 13113 13120 12845)
4(12840 13115 13122 12847)
4(12841 12848 13123 13116)
4(13116 13123 13124 13117)
4(12843 13118 13125 12850)
4(13117 13124 13125 13118)
4(12844 12851 13126 13119)
4(12845 13120 13127 12852)
4(12847 13122 13129 12854)
4(12848 12855 13130 13123)
4(13123 13130 13131 13124)
4(12850 13125 13132 12857)
4(13124 13131 13132 13125)
4(12851 12858 13133 13126)
4(12852 13127 13134 12859)
4(12854 13129 13136 12861)
4(12855 12862 13137 13130)
4(13130 13137 13138 13131)
4(12857 13132 13139 12864)
4(13131 13138 13139 13132)
4(12858 12865 13140 13133)
4(12859 13134 13141 12866)
4(12861 13136 13143 12868)
4(12862 12869 13144 13137)
4(13137 13144 13145 13138)
4(12864 13139 13146 12871)
4(13138 13145 13146 13139)
4(12865 12872 13147 13140)
4(12866 13141 13148 12873)
4(12868 13143 13150 12875)
4(12869 12876 13151 13144)
4(13144 13151 13152 13145)
4(12871 13146 13153 12878)
4(13145 13152 13153 13146)
4(12872 12879 13154 13147)
4(12873 13148 13155 12880)
4(12875 13150 13157 12882)
4(12876 12883 13158 13151)
4(13151 13158 13159 13152)
4(12878 13153 13160 12885)
4(13152 13159 13160 13153)
4(12879 12886 13161 13154)
4(12880 13155 13162 12887)
4(12882 13157 13164 12889)
4(12883 12890 13165 13158)
4(13158 13165 13166 13159)
4(12885 13160 13167 12892)
4(13159 13166 13167 13160)
4(12886 12893 13168 13161)
4(12887 13162 13169 12894)
4(12889 13164 13171 12896)
4(12890 12897 13172 13165)
4(13165 13172 13173 13166)
4(12892 13167 13174 12899)
4(13166 13173 13174 13167)
4(12893 12900 13175 13168)
4(12894 13169 13176 12901)
4(12896 13171 13178 12903)
4(12897 12904 13179 13172)
4(13172 13179 13180 13173)
4(12899 13174 13181 12906)
4(13173 13180 13181 13174)
4(12900 12907 13182 13175)
4(12901 13176 13183 12908)
4(12903 13178 13185 12910)
4(12904 12911 13186 13179)
4(13179 13186 13187 13180)
4(12906 13181 13188 12913)
4(13180 13187 13188 13181)
4(12907 12914 13189 13182)
4(12908 13183 13190 12915)
4(12910 13185 13192 12917)
4(12911 12918 13193 13186)
4(13186 13193 13194 13187)
4(12913 13188 13195 12920)
4(13187 13194 13195 13188)
4(12914 12921 13196 13189)
4(12915 13190 13197 12922)
4(12917 13192 13199 12924)
4(12918 12925 13200 13193)
4(13193 13200 13201 13194)
4(12920 13195 13202 12927)
4(13194 13201 13202 13195)
4(12921 12928 13203 13196)
4(12922 13197 13204 12929)
4(12924 13199 13206 12931)
4(12925 12932 13207 13200)
4(13200 13207 13208 13201)
4(12927 13202 13209 12934)
4(13201 13208 13209 13202)
4(12928 12935 13210 13203)
4(12929 13204 13211 12936)
4(12931 13206 13213 12938)
4(12932 12939 13214 13207)
4(13207 13214 13215 13208)
4(12934 13209 13216 12941)
4(13208 13215 13216 13209)
4(12935 12942 13217 13210)
4(12936 13211 13218 12943)
4(12938 13213 13220 12945)
4(12939 12946 13221 13214)
4(13214 13221 13222 13215)
4(12941 13216 13223 12948)
4(13215 13222 13223 13216)
4(12942 12949 13224 13217)
4(12943 13218 13225 12950)
4(12945 13220 13227 12952)
4(12946 12953 13228 13221)
4(13221 13228 13229 13222)
4(12948 13223 13230 12955)
4(13222 13229 13230 13223)
4(12949 12956 13231 13224)
4(12950 13225 13232 12957)
4(12952 13227 13234 12959)
4(12953 12960 13235 13228)
4(13228 13235 13236 13229)
4(12955 13230 13237 12962)
4(13229 13236 13237 13230)
4(12956 12963 13238 13231)
4(12957 13232 13239 12964)
4(12959 13234 13241 12966)
4(12960 12967 13242 13235)
4(13235 13242 13243 13236)
4(12962 13237 13244 12969)
4(13236 13243 13244 13237)
4(12963 12970 13245 13238)
4(12964 13239 13246 12971)
4(12966 13241 13248 12973)
4(12967 12974 13249 13242)
4(13242 13249 13250 13243)
4(12969 13244 13251 12976)
4(13243 13250 13251 13244)
4(12970 12977 13252 13245)
4(12971 13246 13253 12978)
4(12973 13248 13255 12980)
4(12974 12981 13256 13249)
4(12981 12982 13257 13256)
4(13249 13256 13257 13250)
4(12976 13251 13258 12983)
4(12982 12983 13258 13257)
4(13250 13257 13258 13251)
4(12977 12984 13259 13252)
4(12978 13253 13260 12985)
4(12980 13255 13262 12987)
4(12984 12988 13263 13259)
4(12985 13260 13264 12989)
4(12987 13262 13266 12991)
4(12988 12992 13267 13263)
4(12989 13264 13268 12993)
4(12991 13266 13270 12995)
4(12992 12996 13271 13267)
4(12993 13268 13272 12997)
4(12995 13270 13274 12999)
4(12996 13000 13275 13271)
4(12997 13272 13276 13001)
4(12999 13274 13278 13003)
4(13000 13004 13279 13275)
4(13001 13276 13280 13005)
4(13003 13278 13282 13007)
4(13004 13008 13283 13279)
4(13005 13280 13284 13009)
4(13007 13282 13286 13011)
4(13008 13012 13287 13283)
4(13009 13284 13288 13013)
4(13011 13286 13290 13015)
4(13012 13016 13291 13287)
4(13013 13288 13292 13017)
4(13015 13290 13294 13019)
4(13016 13020 13295 13291)
4(13017 13292 13296 13021)
4(13019 13294 13298 13023)
4(13020 13024 13299 13295)
4(13021 13296 13300 13025)
4(13023 13298 13302 13027)
4(13024 13028 13303 13299)
4(13025 13300 13304 13029)
4(13027 13302 13306 13031)
4(13028 13032 13307 13303)
4(13029 13304 13308 13033)
4(13031 13306 13310 13035)
4(13032 13036 13311 13307)
4(13033 13308 13312 13037)
4(13035 13310 13314 13039)
4(13036 13040 13315 13311)
4(13037 13312 13316 13041)
4(13039 13314 13318 13043)
4(13040 13044 13319 13315)
4(13041 13316 13320 13045)
4(13043 13318 13322 13047)
4(13044 13048 13323 13319)
4(13045 13320 13324 13049)
4(13047 13322 13326 13051)
4(13051 13326 13327 13052)
4(13052 13327 13328 13053)
4(13053 13328 13329 13054)
4(13054 13329 13330 13055)
4(13055 13330 13331 13056)
4(13056 13331 13332 13057)
4(13048 13058 13333 13323)
4(13057 13332 13333 13058)
4(13049 13324 13334 13059)
4(13060 13061 13336 13335)
4(13061 13062 13337 13336)
4(13062 13063 13338 13337)
4(13063 13064 13339 13338)
4(13064 13065 13340 13339)
4(13065 13066 13341 13340)
4(13066 13067 13342 13341)
4(13067 13068 13343 13342)
4(13059 13334 13344 13069)
4(13068 13069 13344 13343)
4(13070 13345 13346 13071)
4(13072 13347 13348 13073)
4(13071 13346 13350 13075)
4(13072 13076 13351 13347)
4(13073 13348 13352 13077)
4(13075 13350 13354 13079)
4(13076 13080 13355 13351)
4(13077 13352 13356 13081)
4(13079 13354 13358 13083)
4(13080 13084 13359 13355)
4(13081 13356 13360 13085)
4(13083 13358 13362 13087)
4(13084 13091 13363 13359)
4(13085 13360 13364 13092)
4(13087 13362 13366 13094)
4(13091 13098 13367 13363)
4(13092 13364 13368 13099)
4(13094 13366 13370 13101)
4(13098 13105 13371 13367)
4(13099 13368 13372 13106)
4(13101 13370 13374 13108)
4(13105 13112 13375 13371)
4(13106 13372 13376 13113)
4(13108 13374 13378 13115)
4(13112 13119 13379 13375)
4(13113 13376 13380 13120)
4(13115 13378 13382 13122)
4(13119 13126 13383 13379)
4(13120 13380 13384 13127)
4(13122 13382 13386 13129)
4(13126 13133 13387 13383)
4(13127 13384 13388 13134)
4(13129 13386 13390 13136)
4(13133 13140 13391 13387)
4(13134 13388 13392 13141)
4(13136 13390 13394 13143)
4(13140 13147 13395 13391)
4(13141 13392 13396 13148)
4(13143 13394 13398 13150)
4(13147 13154 13399 13395)
4(13148 13396 13400 13155)
4(13150 13398 13402 13157)
4(13154 13161 13403 13399)
4(13155 13400 13404 13162)
4(13157 13402 13406 13164)
4(13161 13168 13407 13403)
4(13162 13404 13408 13169)
4(13164 13406 13410 13171)
4(13168 13175 13411 13407)
4(13169 13408 13412 13176)
4(13171 13410 13414 13178)
4(13175 13182 13415 13411)
4(13176 13412 13416 13183)
4(13178 13414 13418 13185)
4(13182 13189 13419 13415)
4(13183 13416 13420 13190)
4(13185 13418 13422 13192)
4(13189 13196 13423 13419)
4(13190 13420 13424 13197)
4(13192 13422 13426 13199)
4(13196 13203 13427 13423)
4(13197 13424 13428 13204)
4(13199 13426 13430 13206)
4(13203 13210 13431 13427)
4(13204 13428 13432 13211)
4(13206 13430 13434 13213)
4(13210 13217 13435 13431)
4(13211 13432 13436 13218)
4(13213 13434 13438 13220)
4(13217 13224 13439 13435)
4(13218 13436 13440 13225)
4(13220 13438 13442 13227)
4(13224 13231 13443 13439)
4(13225 13440 13444 13232)
4(13227 13442 13446 13234)
4(13231 13238 13447 13443)
4(13232 13444 13448 13239)
4(13234 13446 13450 13241)
4(13238 13245 13451 13447)
4(13239 13448 13452 13246)
4(13241 13450 13454 13248)
4(13245 13252 13455 13451)
4(13246 13452 13456 13253)
4(13248 13454 13458 13255)
4(13252 13259 13459 13455)
4(13253 13456 13460 13260)
4(13255 13458 13462 13262)
4(13259 13263 13463 13459)
4(13260 13460 13464 13264)
4(13262 13462 13466 13266)
4(13263 13267 13467 13463)
4(13264 13464 13468 13268)
4(13266 13466 13470 13270)
4(13267 13271 13471 13467)
4(13268 13468 13472 13272)
4(13270 13470 13474 13274)
4(13271 13275 13475 13471)
4(13272 13472 13476 13276)
4(13274 13474 13478 13278)
4(13275 13279 13479 13475)
4(13276 13476 13480 13280)
4(13278 13478 13482 13282)
4(13279 13283 13483 13479)
4(13280 13480 13484 13284)
4(13282 13482 13486 13286)
4(13283 13287 13487 13483)
4(13284 13484 13488 13288)
4(13286 13486 13490 13290)
4(13287 13291 13491 13487)
4(13288 13488 13492 13292)
4(13290 13490 13494 13294)
4(13291 13295 13495 13491)
4(13292 13492 13496 13296)
4(13294 13494 13498 13298)
4(13295 13299 13499 13495)
4(13296 13496 13500 13300)
4(13298 13498 13502 13302)
4(13299 13303 13503 13499)
4(13300 13500 13504 13304)
4(13302 13502 13506 13306)
4(13303 13307 13507 13503)
4(13304 13504 13508 13308)
4(13306 13506 13510 13310)
4(13307 13311 13511 13507)
4(13308 13508 13512 13312)
4(13310 13510 13514 13314)
4(13311 13315 13515 13511)
4(13312 13512 13516 13316)
4(13314 13514 13518 13318)
4(13315 13319 13519 13515)
4(13316 13516 13520 13320)
4(13318 13518 13522 13322)
4(13319 13323 13523 13519)
4(13320 13520 13524 13324)
4(13322 13522 13526 13326)
4(13326 13526 13527 13327)
4(13327 13527 13528 13328)
4(13328 13528 13529 13329)
4(13329 13529 13530 13330)
4(13330 13530 13531 13331)
4(13331 13531 13532 13332)
4(13323 13333 13533 13523)
4(13332 13532 13533 13333)
4(13324 13524 13534 13334)
4(13335 13336 13536 13535)
4(13336 13337 13537 13536)
4(13337 13338 13538 13537)
4(13338 13339 13539 13538)
4(13339 13340 13540 13539)
4(13340 13341 13541 13540)
4(13341 13342 13542 13541)
4(13342 13343 13543 13542)
4(13334 13534 13544 13344)
4(13343 13344 13544 13543)
4(13345 13545 13546 13346)
4(13347 13547 13548 13348)
4(13346 13546 13550 13350)
4(13347 13351 13551 13547)
4(13348 13548 13552 13352)
4(13350 13550 13554 13354)
4(13351 13355 13555 13551)
4(13352 13552 13556 13356)
4(13354 13554 13558 13358)
4(13355 13359 13559 13555)
4(13356 13556 13560 13360)
4(13358 13558 13562 13362)
4(13359 13363 13563 13559)
4(13360 13560 13564 13364)
4(13362 13562 13566 13366)
4(13363 13367 13567 13563)
4(13364 13564 13568 13368)
4(13366 13566 13570 13370)
4(13367 13371 13571 13567)
4(13368 13568 13572 13372)
4(13370 13570 13574 13374)
4(13371 13375 13575 13571)
4(13372 13572 13576 13376)
4(13374 13574 13578 13378)
4(13375 13379 13579 13575)
4(13376 13576 13580 13380)
4(13378 13578 13582 13382)
4(13379 13383 13583 13579)
4(13380 13580 13584 13384)
4(13382 13582 13586 13386)
4(13383 13387 13587 13583)
4(13384 13584 13588 13388)
4(13386 13586 13590 13390)
4(13387 13391 13591 13587)
4(13388 13588 13592 13392)
4(13390 13590 13594 13394)
4(13391 13395 13595 13591)
4(13392 13592 13596 13396)
4(13394 13594 13598 13398)
4(13395 13399 13599 13595)
4(13396 13596 13600 13400)
4(13398 13598 13602 13402)
4(13399 13403 13603 13599)
4(13400 13600 13604 13404)
4(13402 13602 13606 13406)
4(13403 13407 13607 13603)
4(13404 13604 13608 13408)
4(13406 13606 13610 13410)
4(13407 13411 13611 13607)
4(13408 13608 13612 13412)
4(13410 13610 13614 13414)
4(13411 13415 13615 13611)
4(13412 13612 13616 13416)
4(13414 13614 13618 13418)
4(13415 13419 13619 13615)
4(13416 13616 13620 13420)
4(13418 13618 13622 13422)
4(13419 13423 13623 13619)
4(13420 13620 13624 13424)
4(13422 13622 13626 13426)
4(13423 13427 13627 13623)
4(13424 13624 13628 13428)
4(13426 13626 13630 13430)
4(13427 13431 13631 13627)
4(13428 13628 13632 13432)
4(13430 13630 13634 13434)
4(13431 13435 13635 13631)
4(13432 13632 13636 13436)
4(13434 13634 13638 13438)
4(13435 13439 13639 13635)
4(13436 13636 13640 13440)
4(13438 13638 13642 13442)
4(13439 13443 13643 13639)
4(13440 13640 13644 13444)
4(13442 13642 13646 13446)
4(13443 13447 13647 13643)
4(13444 13644 13648 13448)
4(13446 13646 13650 13450)
4(13447 13451 13651 13647)
4(13448 13648 13652 13452)
4(13450 13650 13654 13454)
4(13451 13455 13655 13651)
4(13452 13652 13656 13456)
4(13454 13654 13658 13458)
4(13455 13459 13659 13655)
4(13456 13656 13660 13460)
4(13458 13658 13662 13462)
4(13459 13463 13663 13659)
4(13460 13660 13664 13464)
4(13462 13662 13666 13466)
4(13463 13467 13667 13663)
4(13464 13664 13668 13468)
4(13466 13666 13670 13470)
4(13467 13471 13671 13667)
4(13468 13668 13672 13472)
4(13470 13670 13674 13474)
4(13471 13475 13675 13671)
4(13472 13672 13676 13476)
4(13474 13674 13678 13478)
4(13475 13479 13679 13675)
4(13476 13676 13680 13480)
4(13478 13678 13682 13482)
4(13479 13483 13683 13679)
4(13480 13680 13684 13484)
4(13482 13682 13686 13486)
4(13483 13487 13687 13683)
4(13484 13684 13688 13488)
4(13486 13686 13690 13490)
4(13487 13491 13691 13687)
4(13488 13688 13692 13492)
4(13490 13690 13694 13494)
4(13491 13495 13695 13691)
4(13492 13692 13696 13496)
4(13494 13694 13698 13498)
4(13495 13499 13699 13695)
4(13496 13696 13700 13500)
4(13498 13698 13702 13502)
4(13499 13503 13703 13699)
4(13500 13700 13704 13504)
4(13502 13702 13706 13506)
4(13503 13507 13707 13703)
4(13504 13704 13708 13508)
4(13506 13706 13710 13510)
4(13507 13511 13711 13707)
4(13508 13708 13712 13512)
4(13510 13710 13714 13514)
4(13511 13515 13715 13711)
4(13512 13712 13716 13516)
4(13514 13714 13718 13518)
4(13515 13519 13719 13715)
4(13516 13716 13720 13520)
4(13518 13718 13722 13522)
4(13519 13523 13723 13719)
4(13520 13720 13724 13524)
4(13522 13722 13726 13526)
4(13526 13726 13727 13527)
4(13527 13727 13728 13528)
4(13528 13728 13729 13529)
4(13529 13729 13730 13530)
4(13530 13730 13731 13531)
4(13531 13731 13732 13532)
4(13523 13533 13733 13723)
4(13532 13732 13733 13533)
4(13524 13724 13734 13534)
4(13535 13536 13736 13735)
4(13536 13537 13737 13736)
4(13537 13538 13738 13737)
4(13538 13539 13739 13738)
4(13539 13540 13740 13739)
4(13540 13541 13741 13740)
4(13541 13542 13742 13741)
4(13542 13543 13743 13742)
4(13534 13734 13744 13544)
4(13543 13544 13744 13743)
4(13545 13745 13746 13546)
4(13547 13747 13748 13548)
4(13546 13746 13750 13550)
4(13547 13551 13751 13747)
4(13548 13748 13752 13552)
4(13550 13750 13754 13554)
4(13551 13555 13755 13751)
4(13552 13752 13756 13556)
4(13554 13754 13758 13558)
4(13555 13559 13759 13755)
4(13556 13756 13760 13560)
4(13558 13758 13762 13562)
4(13559 13563 13763 13759)
4(13560 13760 13764 13564)
4(13562 13762 13766 13566)
4(13563 13567 13767 13763)
4(13564 13764 13768 13568)
4(13566 13766 13770 13570)
4(13567 13571 13771 13767)
4(13568 13768 13772 13572)
4(13570 13770 13774 13574)
4(13571 13575 13775 13771)
4(13572 13772 13776 13576)
4(13574 13774 13778 13578)
4(13575 13579 13779 13775)
4(13576 13776 13780 13580)
4(13578 13778 13782 13582)
4(13579 13583 13783 13779)
4(13580 13780 13784 13584)
4(13582 13782 13786 13586)
4(13583 13587 13787 13783)
4(13584 13784 13788 13588)
4(13586 13786 13790 13590)
4(13587 13591 13791 13787)
4(13588 13788 13792 13592)
4(13590 13790 13794 13594)
4(13591 13595 13795 13791)
4(13592 13792 13796 13596)
4(13594 13794 13798 13598)
4(13595 13599 13799 13795)
4(13596 13796 13800 13600)
4(13598 13798 13802 13602)
4(13599 13603 13803 13799)
4(13600 13800 13804 13604)
4(13602 13802 13806 13606)
4(13603 13607 13807 13803)
4(13604 13804 13808 13608)
4(13606 13806 13810 13610)
4(13607 13611 13811 13807)
4(13608 13808 13812 13612)
4(13610 13810 13814 13614)
4(13611 13615 13815 13811)
4(13612 13812 13816 13616)
4(13614 13814 13818 13618)
4(13615 13619 13819 13815)
4(13616 13816 13820 13620)
4(13618 13818 13822 13622)
4(13619 13623 13823 13819)
4(13620 13820 13824 13624)
4(13622 13822 13826 13626)
4(13623 13627 13827 13823)
4(13624 13824 13828 13628)
4(13626 13826 13830 13630)
4(13627 13631 13831 13827)
4(13628 13828 13832 13632)
4(13630 13830 13834 13634)
4(13631 13635 13835 13831)
4(13632 13832 13836 13636)
4(13634 13834 13838 13638)
4(13635 13639 13839 13835)
4(13636 13836 13840 13640)
4(13638 13838 13842 13642)
4(13639 13643 13843 13839)
4(13640 13840 13844 13644)
4(13642 13842 13846 13646)
4(13643 13647 13847 13843)
4(13644 13844 13848 13648)
4(13646 13846 13850 13650)
4(13647 13651 13851 13847)
4(13648 13848 13852 13652)
4(13650 13850 13854 13654)
4(13651 13655 13855 13851)
4(13652 13852 13856 13656)
4(13654 13854 13858 13658)
4(13655 13659 13859 13855)
4(13656 13856 13860 13660)
4(13658 13858 13862 13662)
4(13659 13663 13863 13859)
4(13660 13860 13864 13664)
4(13662 13862 13866 13666)
4(13663 13667 13867 13863)
4(13664 13864 13868 13668)
4(13666 13866 13870 13670)
4(13667 13671 13871 13867)
4(13668 13868 13872 13672)
4(13670 13870 13874 13674)
4(13671 13675 13875 13871)
4(13672 13872 13876 13676)
4(13674 13874 13878 13678)
4(13675 13679 13879 13875)
4(13676 13876 13880 13680)
4(13678 13878 13882 13682)
4(13679 13683 13883 13879)
4(13680 13880 13884 13684)
4(13682 13882 13886 13686)
4(13683 13687 13887 13883)
4(13684 13884 13888 13688)
4(13686 13886 13890 13690)
4(13687 13691 13891 13887)
4(13688 13888 13892 13692)
4(13690 13890 13894 13694)
4(13691 13695 13895 13891)
4(13692 13892 13896 13696)
4(13694 13894 13898 13698)
4(13695 13699 13899 13895)
4(13696 13896 13900 13700)
4(13698 13898 13902 13702)
4(13699 13703 13903 13899)
4(13700 13900 13904 13704)
4(13702 13902 13906 13706)
4(13703 13707 13907 13903)
4(13704 13904 13908 13708)
4(13706 13906 13910 13710)
4(13707 13711 13911 13907)
4(13708 13908 13912 13712)
4(13710 13910 13914 13714)
4(13711 13715 13915 13911)
4(13712 13912 13916 13716)
4(13714 13914 13918 13718)
4(13715 13719 13919 13915)
4(13716 13916 13920 13720)
4(13718 13918 13922 13722)
4(13719 13723 13923 13919)
4(13720 13920 13924 13724)
4(13722 13922 13926 13726)
4(13726 13926 13927 13727)
4(13727 13927 13928 13728)
4(13728 13928 13929 13729)
4(13729 13929 13930 13730)
4(13730 13930 13931 13731)
4(13731 13931 13932 13732)
4(13723 13733 13933 13923)
4(13732 13932 13933 13733)
4(13724 13924 13934 13734)
4(13735 13736 13936 13935)
4(13736 13737 13937 13936)
4(13737 13738 13938 13937)
4(13738 13739 13939 13938)
4(13739 13740 13940 13939)
4(13740 13741 13941 13940)
4(13741 13742 13942 13941)
4(13742 13743 13943 13942)
4(13734 13934 13944 13744)
4(13743 13744 13944 13943)
4(13745 13945 13946 13746)
4(13747 13947 13948 13748)
4(13746 13946 13950 13750)
4(13747 13751 13951 13947)
4(13748 13948 13952 13752)
4(13750 13950 13954 13754)
4(13751 13755 13955 13951)
4(13752 13952 13956 13756)
4(13754 13954 13958 13758)
4(13755 13759 13959 13955)
4(13756 13956 13960 13760)
4(13758 13958 13962 13762)
4(13759 13763 13963 13959)
4(13760 13960 13964 13764)
4(13762 13962 13966 13766)
4(13763 13767 13967 13963)
4(13764 13964 13968 13768)
4(13766 13966 13970 13770)
4(13767 13771 13971 13967)
4(13768 13968 13972 13772)
4(13770 13970 13974 13774)
4(13771 13775 13975 13971)
4(13772 13972 13976 13776)
4(13774 13974 13978 13778)
4(13775 13779 13979 13975)
4(13776 13976 13980 13780)
4(13778 13978 13982 13782)
4(13779 13783 13983 13979)
4(13780 13980 13984 13784)
4(13782 13982 13986 13786)
4(13783 13787 13987 13983)
4(13784 13984 13988 13788)
4(13786 13986 13990 13790)
4(13787 13791 13991 13987)
4(13788 13988 13992 13792)
4(13790 13990 13994 13794)
4(13791 13795 13995 13991)
4(13792 13992 13996 13796)
4(13794 13994 13998 13798)
4(13795 13799 13999 13995)
4(13796 13996 14000 13800)
4(13798 13998 14002 13802)
4(13799 13803 14003 13999)
4(13800 14000 14004 13804)
4(13802 14002 14006 13806)
4(13803 13807 14007 14003)
4(13804 14004 14008 13808)
4(13806 14006 14010 13810)
4(13807 13811 14011 14007)
4(13808 14008 14012 13812)
4(13810 14010 14014 13814)
4(13811 13815 14015 14011)
4(13812 14012 14016 13816)
4(13814 14014 14018 13818)
4(13815 13819 14019 14015)
4(13816 14016 14020 13820)
4(13818 14018 14022 13822)
4(13819 13823 14023 14019)
4(13820 14020 14024 13824)
4(13822 14022 14026 13826)
4(13823 13827 14027 14023)
4(13824 14024 14028 13828)
4(13826 14026 14030 13830)
4(13827 13831 14031 14027)
4(13828 14028 14032 13832)
4(13830 14030 14034 13834)
4(13831 13835 14035 14031)
4(13832 14032 14036 13836)
4(13834 14034 14038 13838)
4(13835 13839 14039 14035)
4(13836 14036 14040 13840)
4(13838 14038 14042 13842)
4(13839 13843 14043 14039)
4(13840 14040 14044 13844)
4(13842 14042 14046 13846)
4(13843 13847 14047 14043)
4(13844 14044 14048 13848)
4(13846 14046 14050 13850)
4(13847 13851 14051 14047)
4(13848 14048 14052 13852)
4(13850 14050 14054 13854)
4(13851 13855 14055 14051)
4(13852 14052 14056 13856)
4(13854 14054 14058 13858)
4(13855 13859 14059 14055)
4(13856 14056 14060 13860)
4(13858 14058 14062 13862)
4(13859 13863 14063 14059)
4(13860 14060 14064 13864)
4(13862 14062 14066 13866)
4(13863 13867 14067 14063)
4(13864 14064 14068 13868)
4(13866 14066 14070 13870)
4(13867 13871 14071 14067)
4(13868 14068 14072 13872)
4(13870 14070 14074 13874)
4(13871 13875 14075 14071)
4(13872 14072 14076 13876)
4(13874 14074 14078 13878)
4(13875 13879 14079 14075)
4(13876 14076 14080 13880)
4(13878 14078 14082 13882)
4(13879 13883 14083 14079)
4(13880 14080 14084 13884)
4(13882 14082 14086 13886)
4(13883 13887 14087 14083)
4(13884 14084 14088 13888)
4(13886 14086 14090 13890)
4(13887 13891 14091 14087)
4(13888 14088 14092 13892)
4(13890 14090 14094 13894)
4(13891 13895 14095 14091)
4(13892 14092 14096 13896)
4(13894 14094 14098 13898)
4(13895 13899 14099 14095)
4(13896 14096 14100 13900)
4(13898 14098 14102 13902)
4(13899 13903 14103 14099)
4(13900 14100 14104 13904)
4(13902 14102 14106 13906)
4(13903 13907 14107 14103)
4(13904 14104 14108 13908)
4(13906 14106 14110 13910)
4(13907 13911 14111 14107)
4(13908 14108 14112 13912)
4(13910 14110 14114 13914)
4(13911 13915 14115 14111)
4(13912 14112 14116 13916)
4(13914 14114 14118 13918)
4(13915 13919 14119 14115)
4(13916 14116 14120 13920)
4(13918 14118 14122 13922)
4(13919 13923 14123 14119)
4(13920 14120 14124 13924)
4(13922 14122 14126 13926)
4(13926 14126 14127 13927)
4(13927 14127 14128 13928)
4(13928 14128 14129 13929)
4(13929 14129 14130 13930)
4(13930 14130 14131 13931)
4(13931 14131 14132 13932)
4(13923 13933 14133 14123)
4(13932 14132 14133 13933)
4(13924 14124 14134 13934)
4(13935 13936 14136 14135)
4(13936 13937 14137 14136)
4(13937 13938 14138 14137)
4(13938 13939 14139 14138)
4(13939 13940 14140 14139)
4(13940 13941 14141 14140)
4(13941 13942 14142 14141)
4(13942 13943 14143 14142)
4(13934 14134 14144 13944)
4(13943 13944 14144 14143)
4(13945 14145 14146 13946)
4(13947 14153 14154 13948)
4(13946 14146 14156 13950)
4(14146 14147 14157 14156)
4(14147 14148 14158 14157)
4(14148 14149 14159 14158)
4(14149 14150 14160 14159)
4(14150 14151 14161 14160)
4(14151 14152 14162 14161)
4(13947 13951 14163 14153)
4(14152 14153 14163 14162)
4(13948 14154 14164 13952)
4(13950 14156 14166 13954)
4(14156 14157 14167 14166)
4(14157 14158 14168 14167)
4(14158 14159 14169 14168)
4(14159 14160 14170 14169)
4(14160 14161 14171 14170)
4(14161 14162 14172 14171)
4(13951 13955 14173 14163)
4(14162 14163 14173 14172)
4(13952 14164 14174 13956)
4(13954 14166 14176 13958)
4(14166 14167 14177 14176)
4(14167 14168 14178 14177)
4(14168 14169 14179 14178)
4(14169 14170 14180 14179)
4(14170 14171 14181 14180)
4(14171 14172 14182 14181)
4(13955 13959 14183 14173)
4(14172 14173 14183 14182)
4(13956 14174 14184 13960)
4(13958 14176 14186 13962)
4(14176 14177 14187 14186)
4(14177 14178 14188 14187)
4(14178 14179 14189 14188)
4(14179 14180 14190 14189)
4(14180 14181 14191 14190)
4(14181 14182 14192 14191)
4(13959 13963 14193 14183)
4(14182 14183 14193 14192)
4(13960 14184 14194 13964)
4(13962 14186 14196 13966)
4(14186 14187 14197 14196)
4(14187 14188 14198 14197)
4(14188 14189 14199 14198)
4(14189 14190 14200 14199)
4(14190 14191 14201 14200)
4(14191 14192 14202 14201)
4(13963 13967 14203 14193)
4(14192 14193 14203 14202)
4(13964 14194 14204 13968)
4(13966 14196 14206 13970)
4(14196 14197 14207 14206)
4(14197 14198 14208 14207)
4(14198 14199 14209 14208)
4(14199 14200 14210 14209)
4(14200 14201 14211 14210)
4(14201 14202 14212 14211)
4(13967 13971 14213 14203)
4(14202 14203 14213 14212)
4(13968 14204 14214 13972)
4(13970 14206 14216 13974)
4(14206 14207 14217 14216)
4(14207 14208 14218 14217)
4(14208 14209 14219 14218)
4(14209 14210 14220 14219)
4(14210 14211 14221 14220)
4(14211 14212 14222 14221)
4(13971 13975 14223 14213)
4(14212 14213 14223 14222)
4(13972 14214 14224 13976)
4(13974 14216 14226 13978)
4(14216 14217 14227 14226)
4(14217 14218 14228 14227)
4(14218 14219 14229 14228)
4(14219 14220 14230 14229)
4(14220 14221 14231 14230)
4(14221 14222 14232 14231)
4(13975 13979 14233 14223)
4(14222 14223 14233 14232)
4(13976 14224 14234 13980)
4(13978 14226 14236 13982)
4(14226 14227 14237 14236)
4(14227 14228 14238 14237)
4(14228 14229 14239 14238)
4(14229 14230 14240 14239)
4(14230 14231 14241 14240)
4(14231 14232 14242 14241)
4(13979 13983 14243 14233)
4(14232 14233 14243 14242)
4(13980 14234 14244 13984)
4(13982 14236 14246 13986)
4(14236 14237 14247 14246)
4(14237 14238 14248 14247)
4(14238 14239 14249 14248)
4(14239 14240 14250 14249)
4(14240 14241 14251 14250)
4(14241 14242 14252 14251)
4(13983 13987 14253 14243)
4(14242 14243 14253 14252)
4(13984 14244 14254 13988)
4(13986 14246 14256 13990)
4(14246 14247 14257 14256)
4(14247 14248 14258 14257)
4(14248 14249 14259 14258)
4(14249 14250 14260 14259)
4(14250 14251 14261 14260)
4(14251 14252 14262 14261)
4(13987 13991 14263 14253)
4(14252 14253 14263 14262)
4(13988 14254 14264 13992)
4(13990 14256 14266 13994)
4(14256 14257 14267 14266)
4(14257 14258 14268 14267)
4(14258 14259 14269 14268)
4(14259 14260 14270 14269)
4(14260 14261 14271 14270)
4(14261 14262 14272 14271)
4(13991 13995 14273 14263)
4(14262 14263 14273 14272)
4(13992 14264 14274 13996)
4(13994 14266 14276 13998)
4(14266 14267 14277 14276)
4(14267 14268 14278 14277)
4(14268 14269 14279 14278)
4(14269 14270 14280 14279)
4(14270 14271 14281 14280)
4(14271 14272 14282 14281)
4(13995 13999 14283 14273)
4(14272 14273 14283 14282)
4(13996 14274 14284 14000)
4(13998 14276 14286 14002)
4(14276 14277 14287 14286)
4(14277 14278 14288 14287)
4(14278 14279 14289 14288)
4(14279 14280 14290 14289)
4(14280 14281 14291 14290)
4(14281 14282 14292 14291)
4(13999 14003 14293 14283)
4(14282 14283 14293 14292)
4(14000 14284 14294 14004)
4(14002 14286 14296 14006)
4(14286 14287 14297 14296)
4(14287 14288 14298 14297)
4(14288 14289 14299 14298)
4(14289 14290 14300 14299)
4(14290 14291 14301 14300)
4(14291 14292 14302 14301)
4(14003 14007 14303 14293)
4(14292 14293 14303 14302)
4(14004 14294 14304 14008)
4(14006 14296 14306 14010)
4(14296 14297 14307 14306)
4(14297 14298 14308 14307)
4(14298 14299 14309 14308)
4(14299 14300 14310 14309)
4(14300 14301 14311 14310)
4(14301 14302 14312 14311)
4(14007 14011 14313 14303)
4(14302 14303 14313 14312)
4(14008 14304 14314 14012)
4(14010 14306 14316 14014)
4(14306 14307 14317 14316)
4(14307 14308 14318 14317)
4(14308 14309 14319 14318)
4(14309 14310 14320 14319)
4(14310 14311 14321 14320)
4(14311 14312 14322 14321)
4(14011 14015 14323 14313)
4(14312 14313 14323 14322)
4(14012 14314 14324 14016)
4(14014 14316 14326 14018)
4(14316 14317 14327 14326)
4(14317 14318 14328 14327)
4(14318 14319 14329 14328)
4(14319 14320 14330 14329)
4(14320 14321 14331 14330)
4(14321 14322 14332 14331)
4(14015 14019 14333 14323)
4(14322 14323 14333 14332)
4(14016 14324 14334 14020)
4(14018 14326 14336 14022)
4(14326 14327 14337 14336)
4(14327 14328 14338 14337)
4(14328 14329 14339 14338)
4(14329 14330 14340 14339)
4(14330 14331 14341 14340)
4(14331 14332 14342 14341)
4(14019 14023 14343 14333)
4(14332 14333 14343 14342)
4(14020 14334 14344 14024)
4(14022 14336 14346 14026)
4(14336 14337 14347 14346)
4(14337 14338 14348 14347)
4(14338 14339 14349 14348)
4(14339 14340 14350 14349)
4(14340 14341 14351 14350)
4(14341 14342 14352 14351)
4(14023 14027 14353 14343)
4(14342 14343 14353 14352)
4(14024 14344 14354 14028)
4(14026 14346 14356 14030)
4(14346 14347 14357 14356)
4(14347 14348 14358 14357)
4(14348 14349 14359 14358)
4(14349 14350 14360 14359)
4(14350 14351 14361 14360)
4(14351 14352 14362 14361)
4(14027 14031 14363 14353)
4(14352 14353 14363 14362)
4(14028 14354 14364 14032)
4(14030 14356 14366 14034)
4(14356 14357 14367 14366)
4(14357 14358 14368 14367)
4(14358 14359 14369 14368)
4(14359 14360 14370 14369)
4(14360 14361 14371 14370)
4(14361 14362 14372 14371)
4(14031 14035 14373 14363)
4(14362 14363 14373 14372)
4(14032 14364 14374 14036)
4(14034 14366 14376 14038)
4(14366 14367 14377 14376)
4(14367 14368 14378 14377)
4(14368 14369 14379 14378)
4(14369 14370 14380 14379)
4(14370 14371 14381 14380)
4(14371 14372 14382 14381)
4(14035 14039 14383 14373)
4(14372 14373 14383 14382)
4(14036 14374 14384 14040)
4(14038 14376 14386 14042)
4(14376 14377 14387 14386)
4(14377 14378 14388 14387)
4(14378 14379 14389 14388)
4(14379 14380 14390 14389)
4(14380 14381 14391 14390)
4(14381 14382 14392 14391)
4(14039 14043 14393 14383)
4(14382 14383 14393 14392)
4(14040 14384 14394 14044)
4(14042 14386 14396 14046)
4(14386 14387 14397 14396)
4(14387 14388 14398 14397)
4(14388 14389 14399 14398)
4(14389 14390 14400 14399)
4(14390 14391 14401 14400)
4(14391 14392 14402 14401)
4(14043 14047 14403 14393)
4(14392 14393 14403 14402)
4(14044 14394 14404 14048)
4(14046 14396 14406 14050)
4(14396 14397 14407 14406)
4(14397 14398 14408 14407)
4(14398 14399 14409 14408)
4(14399 14400 14410 14409)
4(14400 14401 14411 14410)
4(14401 14402 14412 14411)
4(14047 14051 14413 14403)
4(14402 14403 14413 14412)
4(14048 14404 14414 14052)
4(14050 14406 14416 14054)
4(14406 14407 14417 14416)
4(14407 14408 14418 14417)
4(14408 14409 14419 14418)
4(14409 14410 14420 14419)
4(14410 14411 14421 14420)
4(14411 14412 14422 14421)
4(14051 14055 14423 14413)
4(14412 14413 14423 14422)
4(14052 14414 14424 14056)
4(14054 14416 14426 14058)
4(14416 14417 14427 14426)
4(14417 14418 14428 14427)
4(14418 14419 14429 14428)
4(14419 14420 14430 14429)
4(14420 14421 14431 14430)
4(14421 14422 14432 14431)
4(14055 14059 14433 14423)
4(14422 14423 14433 14432)
4(14056 14424 14434 14060)
4(14058 14426 14436 14062)
4(14426 14427 14437 14436)
4(14427 14428 14438 14437)
4(14428 14429 14439 14438)
4(14429 14430 14440 14439)
4(14430 14431 14441 14440)
4(14431 14432 14442 14441)
4(14059 14063 14443 14433)
4(14432 14433 14443 14442)
4(14060 14434 14444 14064)
4(14062 14436 14446 14066)
4(14436 14437 14447 14446)
4(14437 14438 14448 14447)
4(14438 14439 14449 14448)
4(14439 14440 14450 14449)
4(14440 14441 14451 14450)
4(14441 14442 14452 14451)
4(14063 14067 14453 14443)
4(14442 14443 14453 14452)
4(14064 14444 14454 14068)
4(14066 14446 14456 14070)
4(14446 14447 14457 14456)
4(14447 14448 14458 14457)
4(14448 14449 14459 14458)
4(14449 14450 14460 14459)
4(14450 14451 14461 14460)
4(14451 14452 14462 14461)
4(14067 14071 14463 14453)
4(14452 14453 14463 14462)
4(14068 14454 14464 14072)
4(14070 14456 14466 14074)
4(14456 14457 14467 14466)
4(14457 14458 14468 14467)
4(14458 14459 14469 14468)
4(14459 14460 14470 14469)
4(14460 14461 14471 14470)
4(14461 14462 14472 14471)
4(14071 14075 14473 14463)
4(14462 14463 14473 14472)
4(14072 14464 14474 14076)
4(14074 14466 14476 14078)
4(14466 14467 14477 14476)
4(14467 14468 14478 14477)
4(14468 14469 14479 14478)
4(14469 14470 14480 14479)
4(14470 14471 14481 14480)
4(14471 14472 14482 14481)
4(14075 14079 14483 14473)
4(14472 14473 14483 14482)
4(14076 14474 14484 14080)
4(14078 14476 14486 14082)
4(14476 14477 14487 14486)
4(14477 14478 14488 14487)
4(14478 14479 14489 14488)
4(14479 14480 14490 14489)
4(14480 14481 14491 14490)
4(14481 14482 14492 14491)
4(14079 14083 14493 14483)
4(14482 14483 14493 14492)
4(14080 14484 14494 14084)
4(14082 14486 14496 14086)
4(14486 14487 14497 14496)
4(14487 14488 14498 14497)
4(14488 14489 14499 14498)
4(14489 14490 14500 14499)
4(14490 14491 14501 14500)
4(14491 14492 14502 14501)
4(14083 14087 14503 14493)
4(14492 14493 14503 14502)
4(14084 14494 14504 14088)
4(14086 14496 14506 14090)
4(14496 14497 14507 14506)
4(14497 14498 14508 14507)
4(14498 14499 14509 14508)
4(14499 14500 14510 14509)
4(14500 14501 14511 14510)
4(14501 14502 14512 14511)
4(14087 14091 14513 14503)
4(14502 14503 14513 14512)
4(14088 14504 14514 14092)
4(14090 14506 14516 14094)
4(14506 14507 14517 14516)
4(14507 14508 14518 14517)
4(14508 14509 14519 14518)
4(14509 14510 14520 14519)
4(14510 14511 14521 14520)
4(14511 14512 14522 14521)
4(14091 14095 14523 14513)
4(14512 14513 14523 14522)
4(14092 14514 14524 14096)
4(14094 14516 14526 14098)
4(14516 14517 14527 14526)
4(14517 14518 14528 14527)
4(14518 14519 14529 14528)
4(14519 14520 14530 14529)
4(14520 14521 14531 14530)
4(14521 14522 14532 14531)
4(14095 14099 14533 14523)
4(14522 14523 14533 14532)
4(14096 14524 14534 14100)
4(14098 14526 14536 14102)
4(14526 14527 14537 14536)
4(14527 14528 14538 14537)
4(14528 14529 14539 14538)
4(14529 14530 14540 14539)
4(14530 14531 14541 14540)
4(14531 14532 14542 14541)
4(14099 14103 14543 14533)
4(14532 14533 14543 14542)
4(14100 14534 14544 14104)
4(14102 14536 14546 14106)
4(14536 14537 14547 14546)
4(14537 14538 14548 14547)
4(14538 14539 14549 14548)
4(14539 14540 14550 14549)
4(14540 14541 14551 14550)
4(14541 14542 14552 14551)
4(14103 14107 14553 14543)
4(14542 14543 14553 14552)
4(14104 14544 14554 14108)
4(14106 14546 14556 14110)
4(14546 14547 14557 14556)
4(14547 14548 14558 14557)
4(14548 14549 14559 14558)
4(14549 14550 14560 14559)
4(14550 14551 14561 14560)
4(14551 14552 14562 14561)
4(14107 14111 14563 14553)
4(14552 14553 14563 14562)
4(14108 14554 14564 14112)
4(14110 14556 14566 14114)
4(14556 14557 14567 14566)
4(14557 14558 14568 14567)
4(14558 14559 14569 14568)
4(14559 14560 14570 14569)
4(14560 14561 14571 14570)
4(14561 14562 14572 14571)
4(14111 14115 14573 14563)
4(14562 14563 14573 14572)
4(14112 14564 14574 14116)
4(14114 14566 14576 14118)
4(14566 14567 14577 14576)
4(14567 14568 14578 14577)
4(14568 14569 14579 14578)
4(14569 14570 14580 14579)
4(14570 14571 14581 14580)
4(14571 14572 14582 14581)
4(14115 14119 14583 14573)
4(14572 14573 14583 14582)
4(14116 14574 14584 14120)
4(14118 14576 14586 14122)
4(14576 14577 14587 14586)
4(14577 14578 14588 14587)
4(14578 14579 14589 14588)
4(14579 14580 14590 14589)
4(14580 14581 14591 14590)
4(14581 14582 14592 14591)
4(14119 14123 14593 14583)
4(14582 14583 14593 14592)
4(14120 14584 14594 14124)
4(14122 14586 14596 14126)
4(14126 14596 14597 14127)
4(14586 14587 14597 14596)
4(14127 14597 14598 14128)
4(14587 14588 14598 14597)
4(14128 14598 14599 14129)
4(14588 14589 14599 14598)
4(14129 14599 14600 14130)
4(14589 14590 14600 14599)
4(14130 14600 14601 14131)
4(14590 14591 14601 14600)
4(14131 14601 14602 14132)
4(14591 14592 14602 14601)
4(14123 14133 14603 14593)
4(14132 14602 14603 14133)
4(14592 14593 14603 14602)
4(14124 14594 14604 14134)
4(14135 14136 14606 14605)
4(14136 14137 14607 14606)
4(14137 14138 14608 14607)
4(14138 14139 14609 14608)
4(14139 14140 14610 14609)
4(14140 14141 14611 14610)
4(14141 14142 14612 14611)
4(14142 14143 14613 14612)
4(14134 14604 14614 14144)
4(14143 14144 14614 14613)
4(14145 14615 14616 14146)
4(14146 14616 14617 14147)
4(14147 14617 14618 14148)
4(14148 14618 14619 14149)
4(14149 14619 14620 14150)
4(14150 14620 14621 14151)
4(14151 14621 14622 14152)
4(14152 14622 14623 14153)
4(14153 14623 14624 14154)
4(14615 14625 14626 14616)
4(14616 14626 14627 14617)
4(14617 14627 14628 14618)
4(14618 14628 14629 14619)
4(14619 14629 14630 14620)
4(14620 14630 14631 14621)
4(14621 14631 14632 14622)
4(14622 14632 14633 14623)
4(14154 14624 14634 14164)
4(14623 14633 14634 14624)
4(14625 14635 14636 14626)
4(14626 14636 14637 14627)
4(14627 14637 14638 14628)
4(14628 14638 14639 14629)
4(14629 14639 14640 14630)
4(14630 14640 14641 14631)
4(14631 14641 14642 14632)
4(14632 14642 14643 14633)
4(14164 14634 14644 14174)
4(14633 14643 14644 14634)
4(14635 14645 14646 14636)
4(14636 14646 14647 14637)
4(14637 14647 14648 14638)
4(14638 14648 14649 14639)
4(14639 14649 14650 14640)
4(14640 14650 14651 14641)
4(14641 14651 14652 14642)
4(14642 14652 14653 14643)
4(14174 14644 14654 14184)
4(14643 14653 14654 14644)
4(14645 14655 14656 14646)
4(14646 14656 14657 14647)
4(14647 14657 14658 14648)
4(14648 14658 14659 14649)
4(14649 14659 14660 14650)
4(14650 14660 14661 14651)
4(14651 14661 14662 14652)
4(14652 14662 14663 14653)
4(14184 14654 14664 14194)
4(14653 14663 14664 14654)
4(14655 14665 14666 14656)
4(14656 14666 14667 14657)
4(14657 14667 14668 14658)
4(14658 14668 14669 14659)
4(14659 14669 14670 14660)
4(14660 14670 14671 14661)
4(14661 14671 14672 14662)
4(14662 14672 14673 14663)
4(14194 14664 14674 14204)
4(14663 14673 14674 14664)
4(14665 14675 14676 14666)
4(14666 14676 14677 14667)
4(14667 14677 14678 14668)
4(14668 14678 14679 14669)
4(14669 14679 14680 14670)
4(14670 14680 14681 14671)
4(14671 14681 14682 14672)
4(14672 14682 14683 14673)
4(14204 14674 14684 14214)
4(14673 14683 14684 14674)
4(14675 14685 14686 14676)
4(14676 14686 14687 14677)
4(14677 14687 14688 14678)
4(14678 14688 14689 14679)
4(14679 14689 14690 14680)
4(14680 14690 14691 14681)
4(14681 14691 14692 14682)
4(14682 14692 14693 14683)
4(14214 14684 14694 14224)
4(14683 14693 14694 14684)
4(14685 14695 14696 14686)
4(14686 14696 14697 14687)
4(14687 14697 14698 14688)
4(14688 14698 14699 14689)
4(14689 14699 14700 14690)
4(14690 14700 14701 14691)
4(14691 14701 14702 14692)
4(14692 14702 14703 14693)
4(14224 14694 14704 14234)
4(14693 14703 14704 14694)
4(14695 14705 14706 14696)
4(14696 14706 14707 14697)
4(14697 14707 14708 14698)
4(14698 14708 14709 14699)
4(14699 14709 14710 14700)
4(14700 14710 14711 14701)
4(14701 14711 14712 14702)
4(14702 14712 14713 14703)
4(14234 14704 14714 14244)
4(14703 14713 14714 14704)
4(14705 14715 14716 14706)
4(14706 14716 14717 14707)
4(14707 14717 14718 14708)
4(14708 14718 14719 14709)
4(14709 14719 14720 14710)
4(14710 14720 14721 14711)
4(14711 14721 14722 14712)
4(14712 14722 14723 14713)
4(14244 14714 14724 14254)
4(14713 14723 14724 14714)
4(14715 14725 14726 14716)
4(14716 14726 14727 14717)
4(14717 14727 14728 14718)
4(14718 14728 14729 14719)
4(14719 14729 14730 14720)
4(14720 14730 14731 14721)
4(14721 14731 14732 14722)
4(14722 14732 14733 14723)
4(14254 14724 14734 14264)
4(14723 14733 14734 14724)
4(14725 14735 14736 14726)
4(14726 14736 14737 14727)
4(14727 14737 14738 14728)
4(14728 14738 14739 14729)
4(14729 14739 14740 14730)
4(14730 14740 14741 14731)
4(14731 14741 14742 14732)
4(14732 14742 14743 14733)
4(14264 14734 14744 14274)
4(14733 14743 14744 14734)
4(14735 14745 14746 14736)
4(14736 14746 14747 14737)
4(14737 14747 14748 14738)
4(14738 14748 14749 14739)
4(14739 14749 14750 14740)
4(14740 14750 14751 14741)
4(14741 14751 14752 14742)
4(14742 14752 14753 14743)
4(14274 14744 14754 14284)
4(14743 14753 14754 14744)
4(14745 14755 14756 14746)
4(14746 14756 14757 14747)
4(14747 14757 14758 14748)
4(14748 14758 14759 14749)
4(14749 14759 14760 14750)
4(14750 14760 14761 14751)
4(14751 14761 14762 14752)
4(14752 14762 14763 14753)
4(14284 14754 14764 14294)
4(14753 14763 14764 14754)
4(14755 14765 14766 14756)
4(14756 14766 14767 14757)
4(14757 14767 14768 14758)
4(14758 14768 14769 14759)
4(14759 14769 14770 14760)
4(14760 14770 14771 14761)
4(14761 14771 14772 14762)
4(14762 14772 14773 14763)
4(14294 14764 14774 14304)
4(14763 14773 14774 14764)
4(14765 14775 14776 14766)
4(14766 14776 14777 14767)
4(14767 14777 14778 14768)
4(14768 14778 14779 14769)
4(14769 14779 14780 14770)
4(14770 14780 14781 14771)
4(14771 14781 14782 14772)
4(14772 14782 14783 14773)
4(14304 14774 14784 14314)
4(14773 14783 14784 14774)
4(14775 14785 14786 14776)
4(14776 14786 14787 14777)
4(14777 14787 14788 14778)
4(14778 14788 14789 14779)
4(14779 14789 14790 14780)
4(14780 14790 14791 14781)
4(14781 14791 14792 14782)
4(14782 14792 14793 14783)
4(14314 14784 14794 14324)
4(14783 14793 14794 14784)
4(14785 14795 14796 14786)
4(14786 14796 14797 14787)
4(14787 14797 14798 14788)
4(14788 14798 14799 14789)
4(14789 14799 14800 14790)
4(14790 14800 14801 14791)
4(14791 14801 14802 14792)
4(14792 14802 14803 14793)
4(14324 14794 14804 14334)
4(14793 14803 14804 14794)
4(14795 14805 14806 14796)
4(14796 14806 14807 14797)
4(14797 14807 14808 14798)
4(14798 14808 14809 14799)
4(14799 14809 14810 14800)
4(14800 14810 14811 14801)
4(14801 14811 14812 14802)
4(14802 14812 14813 14803)
4(14334 14804 14814 14344)
4(14803 14813 14814 14804)
4(14805 14815 14816 14806)
4(14806 14816 14817 14807)
4(14807 14817 14818 14808)
4(14808 14818 14819 14809)
4(14809 14819 14820 14810)
4(14810 14820 14821 14811)
4(14811 14821 14822 14812)
4(14812 14822 14823 14813)
4(14344 14814 14824 14354)
4(14813 14823 14824 14814)
4(14815 14825 14826 14816)
4(14816 14826 14827 14817)
4(14817 14827 14828 14818)
4(14818 14828 14829 14819)
4(14819 14829 14830 14820)
4(14820 14830 14831 14821)
4(14821 14831 14832 14822)
4(14822 14832 14833 14823)
4(14354 14824 14834 14364)
4(14823 14833 14834 14824)
4(14825 14835 14836 14826)
4(14826 14836 14837 14827)
4(14827 14837 14838 14828)
4(14828 14838 14839 14829)
4(14829 14839 14840 14830)
4(14830 14840 14841 14831)
4(14831 14841 14842 14832)
4(14832 14842 14843 14833)
4(14364 14834 14844 14374)
4(14833 14843 14844 14834)
4(14835 14845 14846 14836)
4(14836 14846 14847 14837)
4(14837 14847 14848 14838)
4(14838 14848 14849 14839)
4(14839 14849 14850 14840)
4(14840 14850 14851 14841)
4(14841 14851 14852 14842)
4(14842 14852 14853 14843)
4(14374 14844 14854 14384)
4(14843 14853 14854 14844)
4(14845 14855 14856 14846)
4(14846 14856 14857 14847)
4(14847 14857 14858 14848)
4(14848 14858 14859 14849)
4(14849 14859 14860 14850)
4(14850 14860 14861 14851)
4(14851 14861 14862 14852)
4(14852 14862 14863 14853)
4(14384 14854 14864 14394)
4(14853 14863 14864 14854)
4(14855 14865 14866 14856)
4(14856 14866 14867 14857)
4(14857 14867 14868 14858)
4(14858 14868 14869 14859)
4(14859 14869 14870 14860)
4(14860 14870 14871 14861)
4(14861 14871 14872 14862)
4(14862 14872 14873 14863)
4(14394 14864 14874 14404)
4(14863 14873 14874 14864)
4(14865 14875 14876 14866)
4(14866 14876 14877 14867)
4(14867 14877 14878 14868)
4(14868 14878 14879 14869)
4(14869 14879 14880 14870)
4(14870 14880 14881 14871)
4(14871 14881 14882 14872)
4(14872 14882 14883 14873)
4(14404 14874 14884 14414)
4(14873 14883 14884 14874)
4(14875 14885 14886 14876)
4(14876 14886 14887 14877)
4(14877 14887 14888 14878)
4(14878 14888 14889 14879)
4(14879 14889 14890 14880)
4(14880 14890 14891 14881)
4(14881 14891 14892 14882)
4(14882 14892 14893 14883)
4(14414 14884 14894 14424)
4(14883 14893 14894 14884)
4(14885 14895 14896 14886)
4(14886 14896 14897 14887)
4(14887 14897 14898 14888)
4(14888 14898 14899 14889)
4(14889 14899 14900 14890)
4(14890 14900 14901 14891)
4(14891 14901 14902 14892)
4(14892 14902 14903 14893)
4(14424 14894 14904 14434)
4(14893 14903 14904 14894)
4(14895 14905 14906 14896)
4(14896 14906 14907 14897)
4(14897 14907 14908 14898)
4(14898 14908 14909 14899)
4(14899 14909 14910 14900)
4(14900 14910 14911 14901)
4(14901 14911 14912 14902)
4(14902 14912 14913 14903)
4(14434 14904 14914 14444)
4(14903 14913 14914 14904)
4(14905 14915 14916 14906)
4(14906 14916 14917 14907)
4(14907 14917 14918 14908)
4(14908 14918 14919 14909)
4(14909 14919 14920 14910)
4(14910 14920 14921 14911)
4(14911 14921 14922 14912)
4(14912 14922 14923 14913)
4(14444 14914 14924 14454)
4(14913 14923 14924 14914)
4(14915 14925 14926 14916)
4(14916 14926 14927 14917)
4(14917 14927 14928 14918)
4(14918 14928 14929 14919)
4(14919 14929 14930 14920)
4(14920 14930 14931 14921)
4(14921 14931 14932 14922)
4(14922 14932 14933 14923)
4(14454 14924 14934 14464)
4(14923 14933 14934 14924)
4(14925 14935 14936 14926)
4(14926 14936 14937 14927)
4(14927 14937 14938 14928)
4(14928 14938 14939 14929)
4(14929 14939 14940 14930)
4(14930 14940 14941 14931)
4(14931 14941 14942 14932)
4(14932 14942 14943 14933)
4(14464 14934 14944 14474)
4(14933 14943 14944 14934)
4(14935 14945 14946 14936)
4(14936 14946 14947 14937)
4(14937 14947 14948 14938)
4(14938 14948 14949 14939)
4(14939 14949 14950 14940)
4(14940 14950 14951 14941)
4(14941 14951 14952 14942)
4(14942 14952 14953 14943)
4(14474 14944 14954 14484)
4(14943 14953 14954 14944)
4(14945 14955 14956 14946)
4(14946 14956 14957 14947)
4(14947 14957 14958 14948)
4(14948 14958 14959 14949)
4(14949 14959 14960 14950)
4(14950 14960 14961 14951)
4(14951 14961 14962 14952)
4(14952 14962 14963 14953)
4(14484 14954 14964 14494)
4(14953 14963 14964 14954)
4(14955 14965 14966 14956)
4(14956 14966 14967 14957)
4(14957 14967 14968 14958)
4(14958 14968 14969 14959)
4(14959 14969 14970 14960)
4(14960 14970 14971 14961)
4(14961 14971 14972 14962)
4(14962 14972 14973 14963)
4(14494 14964 14974 14504)
4(14963 14973 14974 14964)
4(14965 14975 14976 14966)
4(14966 14976 14977 14967)
4(14967 14977 14978 14968)
4(14968 14978 14979 14969)
4(14969 14979 14980 14970)
4(14970 14980 14981 14971)
4(14971 14981 14982 14972)
4(14972 14982 14983 14973)
4(14504 14974 14984 14514)
4(14973 14983 14984 14974)
4(14975 14985 14986 14976)
4(14976 14986 14987 14977)
4(14977 14987 14988 14978)
4(14978 14988 14989 14979)
4(14979 14989 14990 14980)
4(14980 14990 14991 14981)
4(14981 14991 14992 14982)
4(14982 14992 14993 14983)
4(14514 14984 14994 14524)
4(14983 14993 14994 14984)
4(14985 14995 14996 14986)
4(14986 14996 14997 14987)
4(14987 14997 14998 14988)
4(14988 14998 14999 14989)
4(14989 14999 15000 14990)
4(14990 15000 15001 14991)
4(14991 15001 15002 14992)
4(14992 15002 15003 14993)
4(14524 14994 15004 14534)
4(14993 15003 15004 14994)
4(14995 15005 15006 14996)
4(14996 15006 15007 14997)
4(14997 15007 15008 14998)
4(14998 15008 15009 14999)
4(14999 15009 15010 15000)
4(15000 15010 15011 15001)
4(15001 15011 15012 15002)
4(15002 15012 15013 15003)
4(14534 15004 15014 14544)
4(15003 15013 15014 15004)
4(15005 15015 15016 15006)
4(15006 15016 15017 15007)
4(15007 15017 15018 15008)
4(15008 15018 15019 15009)
4(15009 15019 15020 15010)
4(15010 15020 15021 15011)
4(15011 15021 15022 15012)
4(15012 15022 15023 15013)
4(14544 15014 15024 14554)
4(15013 15023 15024 15014)
4(15015 15025 15026 15016)
4(15016 15026 15027 15017)
4(15017 15027 15028 15018)
4(15018 15028 15029 15019)
4(15019 15029 15030 15020)
4(15020 15030 15031 15021)
4(15021 15031 15032 15022)
4(15022 15032 15033 15023)
4(14554 15024 15034 14564)
4(15023 15033 15034 15024)
4(15025 15035 15036 15026)
4(15026 15036 15037 15027)
4(15027 15037 15038 15028)
4(15028 15038 15039 15029)
4(15029 15039 15040 15030)
4(15030 15040 15041 15031)
4(15031 15041 15042 15032)
4(15032 15042 15043 15033)
4(14564 15034 15044 14574)
4(15033 15043 15044 15034)
4(15035 15045 15046 15036)
4(15036 15046 15047 15037)
4(15037 15047 15048 15038)
4(15038 15048 15049 15039)
4(15039 15049 15050 15040)
4(15040 15050 15051 15041)
4(15041 15051 15052 15042)
4(15042 15052 15053 15043)
4(14574 15044 15054 14584)
4(15043 15053 15054 15044)
4(15045 15055 15056 15046)
4(15046 15056 15057 15047)
4(15047 15057 15058 15048)
4(15048 15058 15059 15049)
4(15049 15059 15060 15050)
4(15050 15060 15061 15051)
4(15051 15061 15062 15052)
4(15052 15062 15063 15053)
4(14584 15054 15064 14594)
4(15053 15063 15064 15054)
4(15055 15065 15066 15056)
4(15056 15066 15067 15057)
4(15057 15067 15068 15058)
4(15058 15068 15069 15059)
4(15059 15069 15070 15060)
4(15060 15070 15071 15061)
4(15061 15071 15072 15062)
4(15062 15072 15073 15063)
4(14594 15064 15074 14604)
4(15063 15073 15074 15064)
4(14605 14606 15076 15075)
4(15065 15075 15076 15066)
4(14606 14607 15077 15076)
4(15066 15076 15077 15067)
4(14607 14608 15078 15077)
4(15067 15077 15078 15068)
4(14608 14609 15079 15078)
4(15068 15078 15079 15069)
4(14609 14610 15080 15079)
4(15069 15079 15080 15070)
4(14610 14611 15081 15080)
4(15070 15080 15081 15071)
4(14611 14612 15082 15081)
4(15071 15081 15082 15072)
4(14612 14613 15083 15082)
4(15072 15082 15083 15073)
4(14604 15074 15084 14614)
4(14613 14614 15084 15083)
4(15073 15083 15084 15074)
)


// ************************************************************************* //
