/*--------------------------------*- C++ -*----------------------------------*\
| =========                 |                                                 |
| \\      /  F ield         | OpenFOAM: The Open Source CFD Toolbox           |
|  \\    /   O peration     | Version:  2606                                  |
|   \\  /    A nd           | Website:  www.openfoam.com                      |
|    \\/     M anipulation  |                                                 |
\*---------------------------------------------------------------------------*/
FoamFile
{
    version     2.0;
    format      ascii;
    arch        "LSB;label=32;scalar=64";
    note        "nPoints:24810  nCells:15694  nFaces:56039  nInternalFaces:38125";
    class       labelList;
    location    "constant/Dell_PowerEdge_R470_1U_1/polyMesh";
    object      neighbour;
}
// * * * * * * * * * * * * * * * * * * * * * * * * * * * * * * * * * * * * * //


38125
(
1
9
549
2
10
550
3
11
551
4
12
552
5
13
553
6
14
554
7
15
555
8
16
556
17
557
10
18
558
11
19
12
20
13
21
14
22
15
23
16
24
17
25
26
559
19
27
560
20
28
21
29
22
30
23
31
24
32
25
33
26
34
35
561
28
36
562
29
37
30
38
31
39
32
40
33
41
34
42
35
43
44
563
37
45
564
38
46
39
47
40
48
41
49
42
50
43
51
44
52
53
565
46
54
566
47
55
48
56
49
57
50
58
51
59
52
60
53
61
62
567
55
63
568
56
64
57
65
58
66
59
67
60
68
61
69
62
70
71
569
64
72
570
65
73
66
74
67
75
68
76
69
77
70
78
71
79
80
571
73
81
572
74
82
75
83
76
84
77
85
78
86
79
87
80
88
89
573
82
90
574
83
91
84
92
85
93
86
94
87
95
88
96
89
97
98
575
91
99
576
92
100
93
101
94
102
95
103
96
104
97
105
98
106
107
577
100
108
578
101
109
102
110
103
111
104
112
105
113
106
114
107
115
116
579
109
117
580
110
118
111
119
112
120
113
121
114
122
115
123
116
124
125
581
118
126
582
119
127
120
128
121
129
122
130
123
131
124
132
125
133
134
583
127
135
584
128
136
129
137
130
138
131
139
132
140
133
141
134
142
143
585
136
144
586
137
145
138
146
139
147
140
148
141
149
142
150
143
151
152
587
145
153
588
146
154
147
155
148
156
149
157
150
158
151
159
152
160
161
589
154
162
590
155
163
156
164
157
165
158
166
159
167
160
168
161
169
170
591
163
171
592
164
172
165
173
166
174
167
175
168
176
169
177
170
178
179
593
172
180
594
173
181
174
182
175
183
176
184
177
185
178
186
179
187
188
595
181
189
596
182
190
183
191
184
192
185
193
186
194
187
195
188
196
197
597
190
198
598
191
199
192
200
193
201
194
202
195
203
196
204
197
205
206
599
199
207
600
200
208
201
209
202
210
203
211
204
212
205
213
206
214
215
601
208
216
602
209
217
210
218
211
219
212
220
213
221
214
222
215
223
224
603
217
225
604
218
226
219
227
220
228
221
229
222
230
223
231
224
232
233
605
226
234
606
227
235
228
236
229
237
230
238
231
239
232
240
233
241
242
607
235
243
608
236
244
237
245
238
246
239
247
240
248
241
249
242
250
251
609
244
252
610
245
253
246
254
247
255
248
256
249
257
250
258
251
259
260
611
253
261
612
254
262
255
263
256
264
257
265
258
266
259
267
260
268
269
613
262
270
614
263
271
264
272
265
273
266
274
267
275
268
276
269
277
278
615
271
279
616
272
280
273
281
274
282
275
283
276
284
277
285
278
286
287
617
280
288
618
281
289
282
290
283
291
284
292
285
293
286
294
287
295
296
619
289
297
620
290
298
291
299
292
300
293
301
294
302
295
303
296
304
305
621
298
306
622
299
307
300
308
301
309
302
310
303
311
304
312
305
313
314
623
307
315
624
308
316
309
317
310
318
311
319
312
320
313
321
314
322
323
625
316
324
626
317
325
318
326
319
327
320
328
321
329
322
330
323
331
332
627
325
333
628
326
334
327
335
328
336
329
337
330
338
331
339
332
340
341
629
334
342
630
335
343
336
344
337
345
338
346
339
347
340
348
341
349
350
631
343
351
632
344
352
345
353
346
354
347
355
348
356
349
357
350
358
359
633
352
360
634
353
361
354
362
355
363
356
364
357
365
358
366
359
367
368
635
361
369
636
362
370
363
371
364
372
365
373
366
374
367
375
368
376
377
637
370
378
638
371
379
372
380
373
381
374
382
375
383
376
384
377
385
386
639
379
387
640
380
388
381
389
382
390
383
391
384
392
385
393
386
394
395
641
388
396
642
389
397
390
398
391
399
392
400
393
401
394
402
395
403
404
643
397
405
644
398
406
399
407
400
408
401
409
402
410
403
411
404
412
413
645
406
414
646
407
415
408
416
409
417
410
418
411
419
412
420
413
421
422
647
415
423
648
416
424
417
425
418
426
419
427
420
428
421
429
422
430
431
649
424
432
650
425
433
426
434
427
435
428
436
429
437
430
438
431
439
440
651
433
441
652
434
442
435
443
436
444
437
445
438
446
439
447
440
448
449
653
442
450
654
443
451
444
452
445
453
446
454
447
455
448
456
449
457
458
655
451
459
656
452
460
453
461
454
462
455
463
456
464
457
465
458
466
467
657
460
468
658
461
469
462
470
463
471
464
472
465
473
466
474
467
475
476
659
469
477
660
470
478
471
479
472
480
473
481
474
482
475
483
476
484
485
661
478
486
662
479
487
480
488
481
489
482
490
483
491
484
492
485
493
494
663
487
495
664
488
496
489
497
490
498
491
499
492
500
493
501
494
502
503
665
496
504
666
497
505
498
506
499
507
500
508
501
509
502
510
503
511
512
667
505
513
668
506
514
507
515
508
516
509
517
510
518
511
519
512
520
521
669
514
522
670
515
523
516
524
517
525
518
526
519
527
520
528
521
529
530
671
523
531
672
524
532
525
533
526
534
527
535
528
536
529
537
530
538
539
673
532
540
674
533
541
534
542
535
543
536
544
537
545
538
546
539
547
548
675
541
676
542
677
543
678
544
679
545
680
546
681
547
682
548
683
684
550
558
685
551
686
552
687
553
688
554
689
555
690
556
691
557
692
559
693
560
694
561
695
562
696
563
697
564
698
565
699
566
700
567
701
568
702
569
703
570
704
571
705
572
706
573
707
574
708
575
709
576
710
577
711
578
712
579
713
580
714
581
715
582
716
583
717
584
718
585
719
586
720
587
721
588
722
589
723
590
724
591
725
592
726
593
727
594
728
595
729
596
730
597
731
598
732
599
733
600
734
601
735
602
736
603
737
604
738
605
739
606
740
607
741
608
742
609
743
610
744
611
745
612
746
613
747
614
748
615
749
616
750
617
751
618
752
619
753
620
754
621
755
622
756
623
757
624
758
625
759
626
760
627
761
628
762
629
763
630
764
631
765
632
766
633
767
634
768
635
769
636
770
637
771
638
772
639
773
640
774
641
775
642
776
643
777
644
778
645
779
646
780
647
781
648
782
649
783
650
784
651
785
652
786
653
787
654
788
655
789
656
790
657
791
658
792
659
793
660
794
661
795
662
796
663
797
664
798
665
799
666
800
667
801
668
802
669
803
670
804
671
805
672
806
673
807
674
808
675
809
676
810
684
811
677
812
678
813
679
814
680
815
681
816
682
817
683
818
684
819
820
686
694
821
687
822
688
823
689
824
690
825
691
826
692
827
693
828
695
829
696
830
697
831
698
832
699
833
700
834
701
835
702
836
703
837
704
838
705
839
706
840
707
841
708
842
709
843
710
844
711
845
712
846
713
847
714
848
715
849
716
850
717
851
718
852
719
853
720
854
721
855
722
856
723
857
724
858
725
859
726
860
727
861
728
862
729
863
730
864
731
865
732
866
733
867
734
868
735
869
736
870
737
871
738
872
739
873
740
874
741
875
742
876
743
877
744
878
745
879
746
880
747
881
748
882
749
883
750
884
751
885
752
886
753
887
754
888
755
889
756
890
757
891
758
892
759
893
760
894
761
895
762
896
763
897
764
898
765
899
766
900
767
901
768
902
769
903
770
904
771
905
772
906
773
907
774
908
775
909
776
910
777
911
778
912
779
913
780
914
781
915
782
916
783
917
784
918
785
919
786
920
787
921
788
922
789
923
790
924
791
925
792
926
793
927
794
928
795
929
796
930
797
931
798
932
799
933
800
934
801
935
802
936
803
937
804
938
805
939
806
940
807
941
808
942
809
943
810
944
811
945
812
946
820
947
813
948
814
949
815
816
817
818
819
820
950
822
830
951
823
824
825
826
827
828
829
952
831
953
832
954
833
955
834
956
835
957
836
958
837
959
838
960
839
961
840
962
841
963
842
964
843
965
844
966
845
967
846
968
847
969
848
970
849
971
850
972
851
973
852
974
853
975
854
976
855
977
856
978
857
979
858
980
859
981
860
982
861
983
862
984
863
985
864
986
865
987
866
988
867
989
868
990
869
991
870
992
871
993
872
994
873
995
874
996
875
997
876
998
877
999
878
1000
879
1001
880
1002
881
1003
882
1004
883
1005
884
1006
885
1007
886
1008
887
1009
888
1010
889
1011
890
1012
891
1013
892
1014
893
1015
894
1016
895
1017
896
1018
897
1019
898
1020
899
1021
900
1022
901
1023
902
1024
903
1025
904
1026
905
1027
906
1028
907
1029
908
1030
909
1031
910
1032
911
1033
912
1034
913
1035
914
1036
915
1037
916
1038
917
1039
918
1040
919
1041
920
1042
921
1043
922
1044
923
1045
924
1046
925
1047
926
1048
927
1049
928
1050
929
1051
930
1052
931
1053
932
1054
933
1055
934
1056
935
1057
936
1058
937
1059
938
1060
939
1061
940
1062
941
1063
942
1064
943
1065
944
1066
945
1067
946
1068
947
1069
948
1070
950
1071
949
1072
1073
1074
954
1075
953
1076
955
1077
956
1078
957
1079
958
1080
959
1081
960
1082
961
1083
962
1084
963
1085
964
1086
965
1087
966
1088
967
1089
968
1090
969
1091
970
1092
971
1093
972
1094
973
1095
974
1096
975
1097
976
1098
977
1099
978
1100
979
1101
980
1102
981
1103
982
1104
983
1105
984
1106
985
1107
986
1108
987
1109
988
1110
989
1111
990
1112
991
1113
992
1114
993
1115
994
1116
995
1117
996
1118
997
1119
998
1120
999
1121
1000
1122
1001
1123
1002
1124
1003
1125
1004
1126
1005
1127
1006
1128
1007
1129
1008
1130
1009
1131
1010
1132
1011
1133
1012
1134
1013
1135
1014
1136
1015
1137
1016
1138
1017
1139
1018
1140
1019
1141
1020
1142
1021
1143
1022
1144
1023
1145
1024
1146
1025
1147
1026
1148
1027
1149
1028
1150
1029
1151
1030
1152
1031
1153
1032
1154
1033
1155
1034
1156
1035
1157
1036
1158
1037
1159
1038
1160
1039
1161
1040
1162
1041
1163
1042
1164
1043
1165
1044
1166
1045
1167
1046
1168
1047
1169
1048
1170
1049
1171
1050
1172
1051
1173
1052
1174
1053
1175
1054
1176
1055
1177
1056
1178
1057
1179
1058
1180
1059
1181
1060
1182
1061
1183
1062
1184
1063
1185
1064
1186
1065
1187
1066
1188
1067
1189
1068
1190
1069
1191
1070
1192
1071
1193
1072
1194
1074
1195
1073
1196
1197
1198
1078
1199
1077
1200
1079
1201
1080
1202
1081
1203
1082
1204
1083
1205
1084
1206
1085
1207
1086
1208
1087
1209
1088
1210
1089
1211
1090
1212
1091
1213
1092
1214
1093
1215
1094
1216
1095
1217
1096
1218
1097
1219
1098
1220
1099
1221
1100
1222
1101
1223
1102
1224
1103
1225
1104
1226
1105
1227
1106
1228
1107
1229
1108
1230
1109
1231
1110
1232
1111
1233
1112
1234
1113
1235
1114
1236
1115
1237
1116
1238
1117
1239
1118
1240
1119
1241
1120
1242
1121
1243
1122
1244
1123
1245
1124
1246
1125
1247
1126
1248
1127
1249
1128
1250
1129
1251
1130
1252
1131
1253
1132
1254
1133
1255
1134
1256
1135
1257
1136
1258
1137
1259
1138
1260
1139
1261
1140
1262
1141
1263
1142
1264
1143
1265
1144
1266
1145
1267
1146
1268
1147
1269
1148
1270
1149
1271
1150
1272
1151
1273
1152
1274
1153
1275
1154
1276
1155
1277
1156
1278
1157
1279
1158
1280
1159
1281
1160
1282
1161
1283
1162
1284
1163
1285
1164
1286
1165
1287
1166
1288
1167
1289
1168
1290
1169
1291
1170
1292
1171
1293
1172
1294
1173
1295
1174
1296
1175
1297
1176
1298
1177
1299
1178
1300
1179
1301
1180
1302
1181
1303
1182
1304
1183
1305
1184
1306
1185
1307
1186
1308
1187
1309
1188
1310
1189
1311
1190
1312
1191
1313
1192
1314
1193
1315
1194
1316
1195
1317
1196
1318
1198
1319
1197
1320
1321
1322
1202
1323
1201
1324
1203
1325
1204
1326
1205
1327
1206
1328
1207
1329
1208
1330
1209
1337
1210
1338
1211
1345
1212
1346
1213
1353
1214
1354
1215
1361
1216
1362
1217
1369
1218
1370
1219
1377
1220
1378
1221
1385
1222
1386
1223
1393
1224
1394
1225
1401
1226
1402
1227
1409
1228
1410
1229
1417
1230
1418
1231
1419
1232
1420
1233
1421
1234
1422
1235
1423
1236
1424
1237
1425
1238
1426
1239
1427
1240
1428
1241
1429
1242
1430
1243
1431
1244
1432
1245
1433
1246
1434
1247
1435
1248
1436
1249
1437
1250
1438
1251
1439
1252
1440
1253
1441
1254
1442
1255
1443
1256
1444
1257
1445
1258
1446
1259
1447
1260
1448
1261
1449
1262
1450
1263
1451
1264
1452
1265
1453
1266
1454
1267
1455
1268
1456
1269
1457
1270
1458
1271
1459
1272
1460
1273
1461
1274
1462
1275
1463
1276
1464
1277
1465
1278
1466
1279
1467
1280
1468
1281
1469
1282
1470
1283
1471
1284
1472
1285
1473
1286
1474
1287
1475
1288
1476
1289
1477
1290
1478
1291
1485
1292
1486
1293
1493
1294
1494
1295
1501
1296
1502
1297
1509
1298
1510
1299
1517
1300
1518
1301
1525
1302
1526
1303
1533
1304
1534
1305
1541
1306
1542
1307
1549
1308
1550
1309
1557
1310
1558
1311
1565
1312
1566
1313
1573
1314
1574
1315
1581
1316
1582
1317
1583
1318
1584
1319
1585
1320
1586
1322
1587
1321
1588
1589
1590
1326
1591
1325
1592
1327
1593
1328
1594
1329
1595
1330
1596
1337
1597
1331
1338
1598
1332
1339
1599
1333
1340
1600
1334
1341
1601
1335
1342
1602
1336
1343
1603
1344
1604
1345
1605
1339
1346
1606
1340
1347
1607
1341
1348
1608
1342
1349
1609
1343
1350
1610
1344
1351
1611
1352
1612
1353
1613
1347
1354
1614
1348
1355
1615
1349
1356
1616
1350
1357
1617
1351
1358
1618
1352
1359
1619
1360
1620
1361
1621
1355
1362
1622
1356
1363
1623
1357
1364
1624
1358
1365
1625
1359
1366
1626
1360
1367
1627
1368
1628
1369
1629
1363
1370
1630
1364
1371
1631
1365
1372
1632
1366
1373
1633
1367
1374
1634
1368
1375
1635
1376
1636
1377
1637
1371
1378
1638
1372
1379
1639
1373
1380
1640
1374
1381
1641
1375
1382
1642
1376
1383
1643
1384
1644
1385
1645
1379
1386
1646
1380
1387
1647
1381
1388
1648
1382
1389
1649
1383
1390
1650
1384
1391
1651
1392
1652
1393
1653
1387
1394
1654
1388
1395
1655
1389
1396
1656
1390
1397
1657
1391
1398
1658
1392
1399
1659
1400
1660
1401
1661
1395
1402
1662
1396
1403
1663
1397
1404
1664
1398
1405
1665
1399
1406
1666
1400
1407
1667
1408
1668
1409
1669
1403
1410
1670
1404
1411
1671
1405
1412
1672
1406
1413
1673
1407
1414
1674
1408
1415
1675
1416
1676
1417
1677
1411
1418
1678
1412
1679
1413
1680
1414
1681
1415
1682
1416
1683
1684
1419
1685
1420
1686
1421
1687
1422
1688
1423
1689
1424
1690
1425
1691
1426
1692
1427
1693
1428
1694
1429
1695
1430
1696
1431
1697
1432
1698
1433
1699
1434
1700
1435
1701
1436
1702
1437
1703
1438
1704
1439
1705
1440
1706
1441
1707
1442
1708
1443
1709
1444
1710
1445
1711
1446
1712
1447
1713
1448
1714
1449
1715
1450
1716
1451
1717
1452
1718
1453
1719
1454
1720
1455
1721
1456
1722
1457
1723
1458
1724
1459
1725
1460
1726
1461
1727
1462
1728
1463
1729
1464
1730
1465
1731
1466
1732
1467
1733
1468
1734
1469
1735
1470
1736
1471
1737
1472
1738
1473
1739
1474
1740
1475
1741
1476
1742
1477
1743
1478
1744
1485
1745
1479
1486
1746
1480
1487
1747
1481
1488
1748
1482
1489
1749
1483
1490
1750
1484
1491
1751
1492
1752
1493
1753
1487
1494
1754
1488
1495
1755
1489
1496
1756
1490
1497
1757
1491
1498
1758
1492
1499
1759
1500
1760
1501
1761
1495
1502
1762
1496
1503
1763
1497
1504
1764
1498
1505
1765
1499
1506
1766
1500
1507
1767
1508
1768
1509
1769
1503
1510
1770
1504
1511
1771
1505
1512
1772
1506
1513
1773
1507
1514
1774
1508
1515
1775
1516
1776
1517
1777
1511
1518
1778
1512
1519
1779
1513
1520
1780
1514
1521
1781
1515
1522
1782
1516
1523
1783
1524
1784
1525
1785
1519
1526
1786
1520
1527
1787
1521
1528
1788
1522
1529
1789
1523
1530
1790
1524
1531
1791
1532
1792
1533
1793
1527
1534
1794
1528
1535
1795
1529
1536
1796
1530
1537
1797
1531
1538
1798
1532
1539
1799
1540
1800
1541
1801
1535
1542
1802
1536
1543
1803
1537
1544
1804
1538
1545
1805
1539
1546
1806
1540
1547
1807
1548
1808
1549
1809
1543
1550
1810
1544
1551
1811
1545
1552
1812
1546
1553
1813
1547
1554
1814
1548
1555
1815
1556
1816
1557
1817
1551
1558
1818
1552
1559
1819
1553
1560
1820
1554
1561
1821
1555
1562
1822
1556
1563
1823
1564
1824
1565
1825
1559
1566
1826
1560
1567
1827
1561
1568
1828
1562
1569
1829
1563
1570
1830
1564
1571
1831
1572
1832
1573
1833
1567
1574
1834
1568
1575
1835
1569
1576
1836
1570
1577
1837
1571
1578
1838
1572
1579
1839
1580
1840
1581
1841
1575
1582
1842
1576
1843
1577
1844
1578
1845
1579
1846
1580
1847
1848
1583
1849
1584
1850
1585
1851
1586
1852
1587
1853
1588
1854
1590
1855
1589
1856
1857
1858
1594
1859
1593
1860
1595
1861
1596
1862
1597
1863
1598
1864
1605
1865
1599
1606
1866
1600
1607
1867
1601
1608
1868
1602
1609
1869
1603
1610
1870
1604
1611
1871
1612
1872
1613
1873
1607
1614
1874
1608
1615
1875
1609
1616
1876
1610
1617
1877
1611
1618
1878
1612
1619
1879
1620
1880
1621
1881
1615
1622
1882
1616
1623
1883
1617
1624
1884
1618
1625
1885
1619
1626
1886
1620
1627
1887
1628
1888
1629
1889
1623
1630
1890
1624
1631
1891
1625
1632
1892
1626
1633
1893
1627
1634
1894
1628
1635
1895
1636
1896
1637
1897
1631
1638
1898
1632
1639
1899
1633
1640
1900
1634
1641
1901
1635
1642
1902
1636
1643
1903
1644
1904
1645
1905
1639
1646
1906
1640
1647
1907
1641
1648
1908
1642
1649
1909
1643
1650
1910
1644
1651
1911
1652
1912
1653
1913
1647
1654
1914
1648
1655
1915
1649
1656
1916
1650
1657
1917
1651
1658
1918
1652
1659
1919
1660
1920
1661
1921
1655
1662
1922
1656
1663
1923
1657
1664
1924
1658
1665
1925
1659
1666
1926
1660
1667
1927
1668
1928
1669
1929
1663
1670
1930
1664
1671
1931
1665
1672
1932
1666
1673
1933
1667
1674
1934
1668
1675
1935
1676
1936
1677
1937
1671
1678
1938
1672
1679
1939
1673
1680
1940
1674
1681
1941
1675
1682
1942
1676
1683
1943
1684
1944
1685
1945
1679
1686
1946
1680
1947
1681
1948
1682
1949
1683
1950
1684
1951
1952
1687
1953
1688
1954
1689
1955
1690
1956
1691
1957
1692
1958
1693
1959
1694
1960
1695
1961
1696
1962
1697
1963
1698
1964
1699
1965
1700
1966
1701
1967
1702
1968
1703
1969
1704
1970
1705
1971
1706
1972
1707
1973
1708
1974
1709
1975
1710
1976
1711
1977
1712
1978
1713
1979
1714
1980
1715
1981
1716
1982
1717
1983
1718
1984
1719
1985
1720
1986
1721
1987
1722
1988
1723
1989
1724
1990
1725
1991
1726
1992
1727
1993
1728
1994
1729
1995
1730
1996
1731
1997
1732
1998
1733
1999
1734
2000
1735
2001
1736
2002
1737
2003
1738
2004
1739
2005
1740
2006
1741
2007
1742
2008
1743
2009
1744
2010
1745
2011
1746
2012
1753
2013
1747
1754
2014
1748
1755
2015
1749
1756
2016
1750
1757
2017
1751
1758
2018
1752
1759
2019
1760
2020
1761
2021
1755
1762
2022
1756
1763
2023
1757
1764
2024
1758
1765
2025
1759
1766
2026
1760
1767
2027
1768
2028
1769
2029
1763
1770
2030
1764
1771
2031
1765
1772
2032
1766
1773
2033
1767
1774
2034
1768
1775
2035
1776
2036
1777
2037
1771
1778
2038
1772
1779
2039
1773
1780
2040
1774
1781
2041
1775
1782
2042
1776
1783
2043
1784
2044
1785
2045
1779
1786
2046
1780
1787
2047
1781
1788
2048
1782
1789
2049
1783
1790
2050
1784
1791
2051
1792
2052
1793
2053
1787
1794
2054
1788
1795
2055
1789
1796
2056
1790
1797
2057
1791
1798
2058
1792
1799
2059
1800
2060
1801
2061
1795
1802
2062
1796
1803
2063
1797
1804
2064
1798
1805
2065
1799
1806
2066
1800
1807
2067
1808
2068
1809
2069
1803
1810
2070
1804
1811
2071
1805
1812
2072
1806
1813
2073
1807
1814
2074
1808
1815
2075
1816
2076
1817
2077
1811
1818
2078
1812
1819
2079
1813
1820
2080
1814
1821
2081
1815
1822
2082
1816
1823
2083
1824
2084
1825
2085
1819
1826
2086
1820
1827
2087
1821
1828
2088
1822
1829
2089
1823
1830
2090
1824
1831
2091
1832
2092
1833
2093
1827
1834
2094
1828
1835
2095
1829
1836
2096
1830
1837
2097
1831
1838
2098
1832
1839
2099
1840
2100
1841
2101
1835
1842
2102
1836
1843
2103
1837
1844
2104
1838
1845
2105
1839
1846
2106
1840
1847
2107
1848
2108
1849
2109
1843
1850
2110
1844
2111
1845
2112
1846
2113
1847
2114
1848
2115
2116
1851
2117
1852
2118
1853
2119
1854
2120
1855
2121
1856
2122
1858
2123
1857
2124
2125
2126
1862
2127
1861
2128
1863
2129
1864
2130
1865
2131
1866
2132
1873
2133
1867
1874
2134
1868
1875
2135
1869
1876
2136
1870
1877
2137
1871
1878
2138
1872
1879
2139
1880
2140
1881
2141
1875
1882
2142
1876
1883
2143
1877
1884
2144
1878
1885
2145
1879
1886
2146
1880
1887
2147
1888
2148
1889
2149
1883
1890
2150
1884
1891
2151
1885
1892
2152
1886
1893
2153
1887
1894
2154
1888
1895
2155
1896
2156
1897
2157
1891
1898
2158
1892
1899
2159
1893
1900
2160
1894
1901
2161
1895
1902
2162
1896
1903
2163
1904
2164
1905
2165
1899
1906
2166
1900
1907
2167
1901
1908
2168
1902
1909
2169
1903
1910
2170
1904
1911
2171
1912
2172
1913
2173
1907
1914
2174
1908
1915
2175
1909
1916
2176
1910
1917
2177
1911
1918
2178
1912
1919
2179
1920
2180
1921
2181
1915
1922
2182
1916
1923
2183
1917
1924
2184
1918
1925
2185
1919
1926
2186
1920
1927
2187
1928
2188
1929
2189
1923
1930
2190
1924
1931
2191
1925
1932
2192
1926
1933
2193
1927
1934
2194
1928
1935
2195
1936
2196
1937
2197
1931
1938
2198
1932
1939
2199
1933
1940
2200
1934
1941
2201
1935
1942
2202
1936
1943
2203
1944
2204
1945
2205
1939
1946
2206
1940
1947
2207
1941
1948
2208
1942
1949
2209
1943
1950
2210
1944
1951
2211
1952
2212
1953
2213
1947
1954
2214
1948
2215
1949
2216
1950
2217
1951
2218
1952
2219
2220
1955
2221
1956
2222
1957
2223
1958
2224
1959
2225
1960
2226
1961
2227
1962
2228
1963
2229
1964
2230
1965
2231
1966
2232
1967
2233
1968
2234
1969
2235
1970
2236
1971
2237
1972
2238
1973
2239
1974
2240
1975
2241
1976
2242
1977
2247
1978
2248
1979
2253
1980
2254
1981
2259
1982
2260
1983
2265
1984
2266
1985
2271
1986
2272
1987
2277
1988
2278
1989
2283
1990
2284
1991
2289
1992
2290
1993
2295
1994
2296
1995
2301
1996
2302
1997
2307
1998
2308
1999
2313
2000
2314
2001
2319
2002
2320
2003
2325
2004
2326
2005
2331
2006
2332
2007
2337
2008
2338
2009
2343
2010
2344
2011
2345
2012
2346
2013
2347
2014
2348
2021
2349
2015
2022
2350
2016
2023
2351
2017
2024
2352
2018
2025
2353
2019
2026
2354
2020
2027
2355
2028
2356
2029
2357
2023
2030
2358
2024
2031
2359
2025
2032
2360
2026
2033
2361
2027
2034
2362
2028
2035
2363
2036
2364
2037
2365
2031
2038
2366
2032
2039
2367
2033
2040
2368
2034
2041
2369
2035
2042
2370
2036
2043
2371
2044
2372
2045
2373
2039
2046
2374
2040
2047
2375
2041
2048
2376
2042
2049
2377
2043
2050
2378
2044
2051
2379
2052
2380
2053
2381
2047
2054
2382
2048
2055
2383
2049
2056
2384
2050
2057
2385
2051
2058
2386
2052
2059
2387
2060
2388
2061
2389
2055
2062
2390
2056
2063
2391
2057
2064
2392
2058
2065
2393
2059
2066
2394
2060
2067
2395
2068
2396
2069
2397
2063
2070
2398
2064
2071
2399
2065
2072
2400
2066
2073
2401
2067
2074
2402
2068
2075
2403
2076
2404
2077
2405
2071
2078
2406
2072
2079
2407
2073
2080
2408
2074
2081
2409
2075
2082
2410
2076
2083
2411
2084
2412
2085
2413
2079
2086
2414
2080
2087
2415
2081
2088
2416
2082
2089
2417
2083
2090
2418
2084
2091
2419
2092
2420
2093
2421
2087
2094
2422
2088
2095
2423
2089
2096
2424
2090
2097
2425
2091
2098
2426
2092
2099
2427
2100
2428
2101
2429
2095
2102
2430
2096
2103
2431
2097
2104
2432
2098
2105
2433
2099
2106
2434
2100
2107
2435
2108
2436
2109
2437
2103
2110
2438
2104
2111
2439
2105
2112
2440
2106
2113
2441
2107
2114
2442
2108
2115
2443
2116
2444
2117
2445
2111
2118
2446
2112
2447
2113
2448
2114
2449
2115
2450
2116
2451
2452
2119
2453
2120
2454
2121
2455
2122
2456
2123
2457
2124
2458
2126
2459
2125
2460
2461
2462
2130
2463
2129
2464
2131
2465
2132
2466
2133
2467
2134
2468
2141
2469
2135
2142
2470
2136
2143
2471
2137
2144
2472
2138
2145
2473
2139
2146
2474
2140
2147
2475
2148
2476
2149
2477
2143
2150
2478
2144
2151
2479
2145
2152
2480
2146
2153
2481
2147
2154
2482
2148
2155
2483
2156
2484
2157
2485
2151
2158
2486
2152
2159
2487
2153
2160
2488
2154
2161
2489
2155
2162
2490
2156
2163
2491
2164
2492
2165
2493
2159
2166
2494
2160
2167
2495
2161
2168
2496
2162
2169
2497
2163
2170
2498
2164
2171
2499
2172
2500
2173
2501
2167
2174
2502
2168
2175
2503
2169
2176
2504
2170
2177
2505
2171
2178
2506
2172
2179
2507
2180
2508
2181
2509
2175
2182
2510
2176
2183
2511
2177
2184
2512
2178
2185
2513
2179
2186
2514
2180
2187
2515
2188
2516
2189
2517
2183
2190
2518
2184
2191
2519
2185
2192
2520
2186
2193
2521
2187
2194
2522
2188
2195
2523
2196
2524
2197
2525
2191
2198
2526
2192
2199
2527
2193
2200
2528
2194
2201
2529
2195
2202
2530
2196
2203
2531
2204
2532
2205
2533
2199
2206
2534
2200
2207
2535
2201
2208
2536
2202
2209
2537
2203
2210
2538
2204
2211
2539
2212
2540
2213
2541
2207
2214
2542
2208
2215
2543
2209
2216
2544
2210
2217
2545
2211
2218
2546
2212
2219
2547
2220
2548
2221
2549
2215
2222
2550
2216
2551
2217
2552
2218
2553
2219
2554
2220
2555
2556
2223
2557
2224
2558
2225
2559
2226
2560
2227
2561
2228
2562
2229
2563
2230
2564
2231
2565
2232
2566
2233
2567
2234
2568
2235
2569
2236
2570
2237
2571
2238
2572
2239
2573
2240
2574
2241
2575
2242
2576
2247
2577
2243
2248
2578
2244
2249
2579
2245
2250
2580
2246
2251
2581
2252
2582
2253
2583
2249
2254
2584
2250
2255
2585
2251
2256
2586
2252
2257
2587
2258
2588
2259
2589
2255
2260
2590
2256
2261
2591
2257
2262
2592
2258
2263
2593
2264
2594
2265
2595
2261
2266
2596
2262
2267
2597
2263
2268
2598
2264
2269
2599
2270
2600
2271
2601
2267
2272
2602
2268
2273
2603
2269
2274
2604
2270
2275
2605
2276
2606
2277
2607
2273
2278
2608
2274
2279
2609
2275
2280
2610
2276
2281
2611
2282
2612
2283
2613
2279
2284
2614
2280
2285
2615
2281
2286
2616
2282
2287
2617
2288
2618
2289
2619
2285
2290
2620
2286
2291
2621
2287
2292
2622
2288
2293
2623
2294
2624
2295
2625
2291
2296
2626
2292
2297
2627
2293
2298
2628
2294
2299
2629
2300
2630
2301
2631
2297
2302
2632
2298
2303
2633
2299
2304
2634
2300
2305
2635
2306
2636
2307
2637
2303
2308
2638
2304
2309
2639
2305
2310
2640
2306
2311
2641
2312
2642
2313
2643
2309
2314
2644
2310
2315
2645
2311
2316
2646
2312
2317
2647
2318
2648
2319
2649
2315
2320
2650
2316
2321
2651
2317
2322
2652
2318
2323
2653
2324
2654
2325
2655
2321
2326
2656
2322
2327
2657
2323
2328
2658
2324
2329
2659
2330
2660
2331
2661
2327
2332
2662
2328
2333
2663
2329
2334
2664
2330
2335
2665
2336
2666
2337
2667
2333
2338
2668
2334
2339
2669
2335
2340
2670
2336
2341
2671
2342
2672
2343
2673
2339
2344
2674
2340
2675
2341
2676
2342
2677
2678
2345
2679
2346
2680
2347
2681
2348
2682
2349
2683
2350
2684
2357
2685
2351
2358
2686
2352
2359
2687
2353
2360
2688
2354
2361
2689
2355
2362
2690
2356
2363
2691
2364
2692
2365
2693
2359
2366
2694
2360
2367
2695
2361
2368
2696
2362
2369
2697
2363
2370
2698
2364
2371
2699
2372
2700
2373
2701
2367
2374
2702
2368
2375
2703
2369
2376
2704
2370
2377
2705
2371
2378
2706
2372
2379
2707
2380
2708
2381
2709
2375
2382
2710
2376
2383
2711
2377
2384
2712
2378
2385
2713
2379
2386
2714
2380
2387
2715
2388
2716
2389
2717
2383
2390
2718
2384
2391
2719
2385
2392
2720
2386
2393
2721
2387
2394
2722
2388
2395
2723
2396
2724
2397
2725
2391
2398
2726
2392
2399
2727
2393
2400
2728
2394
2401
2729
2395
2402
2730
2396
2403
2731
2404
2732
2405
2733
2399
2406
2734
2400
2407
2735
2401
2408
2736
2402
2409
2737
2403
2410
2738
2404
2411
2739
2412
2740
2413
2741
2407
2414
2742
2408
2415
2743
2409
2416
2744
2410
2417
2745
2411
2418
2746
2412
2419
2747
2420
2748
2421
2749
2415
2422
2750
2416
2423
2751
2417
2424
2752
2418
2425
2753
2419
2426
2754
2420
2427
2755
2428
2756
2429
2757
2423
2430
2758
2424
2431
2759
2425
2432
2760
2426
2433
2761
2427
2434
2762
2428
2435
2763
2436
2764
2437
2765
2431
2438
2766
2432
2439
2767
2433
2440
2768
2434
2441
2769
2435
2442
2770
2436
2443
2771
2444
2772
2445
2773
2439
2446
2774
2440
2447
2775
2441
2448
2776
2442
2449
2777
2443
2450
2778
2444
2451
2779
2452
2780
2453
2781
2447
2454
2782
2448
2783
2449
2784
2450
2785
2451
2786
2452
2787
2788
2455
2789
2456
2790
2457
2791
2458
2792
2459
2793
2460
2794
2462
2795
2461
2796
2797
2798
2466
2799
2465
2800
2467
2801
2468
2802
2469
2803
2470
2804
2477
2805
2471
2478
2806
2472
2479
2807
2473
2480
2808
2474
2481
2809
2475
2482
2810
2476
2483
2811
2484
2812
2485
2813
2479
2486
2814
2480
2487
2815
2481
2488
2816
2482
2489
2817
2483
2490
2818
2484
2491
2819
2492
2820
2493
2821
2487
2494
2822
2488
2495
2823
2489
2496
2824
2490
2497
2825
2491
2498
2826
2492
2499
2827
2500
2828
2501
2829
2495
2502
2830
2496
2503
2831
2497
2504
2832
2498
2505
2833
2499
2506
2834
2500
2507
2835
2508
2836
2509
2837
2503
2510
2838
2504
2511
2839
2505
2512
2840
2506
2513
2841
2507
2514
2842
2508
2515
2843
2516
2844
2517
2845
2511
2518
2846
2512
2519
2847
2513
2520
2848
2514
2521
2849
2515
2522
2850
2516
2523
2851
2524
2852
2525
2853
2519
2526
2854
2520
2527
2855
2521
2528
2856
2522
2529
2857
2523
2530
2858
2524
2531
2859
2532
2860
2533
2861
2527
2534
2862
2528
2535
2863
2529
2536
2864
2530
2537
2865
2531
2538
2866
2532
2539
2867
2540
2868
2541
2869
2535
2542
2870
2536
2543
2871
2537
2544
2872
2538
2545
2873
2539
2546
2874
2540
2547
2875
2548
2876
2549
2877
2543
2550
2878
2544
2551
2879
2545
2552
2880
2546
2553
2881
2547
2554
2882
2548
2555
2883
2556
2884
2557
2885
2551
2558
2886
2552
2887
2553
2888
2554
2889
2555
2890
2556
2891
2892
2559
2893
2560
2894
2561
2895
2562
2896
2563
2897
2564
2898
2565
2899
2566
2900
2567
2901
2568
2902
2569
2903
2570
2904
2571
2905
2572
2906
2573
2907
2574
2908
2575
2909
2576
2910
2577
2911
2578
2912
2583
2913
2579
2584
2914
2580
2585
2915
2581
2586
2916
2582
2587
2917
2588
2918
2589
2919
2585
2590
2920
2586
2591
2921
2587
2592
2922
2588
2593
2923
2594
2924
2595
2925
2591
2596
2926
2592
2597
2927
2593
2598
2928
2594
2599
2929
2600
2930
2601
2931
2597
2602
2932
2598
2603
2933
2599
2604
2934
2600
2605
2935
2606
2936
2607
2937
2603
2608
2938
2604
2609
2939
2605
2610
2940
2606
2611
2941
2612
2942
2613
2943
2609
2614
2944
2610
2615
2945
2611
2616
2946
2612
2617
2947
2618
2948
2619
2949
2615
2620
2950
2616
2621
2951
2617
2622
2952
2618
2623
2953
2624
2954
2625
2955
2621
2626
2956
2622
2627
2957
2623
2628
2958
2624
2629
2959
2630
2960
2631
2961
2627
2632
2962
2628
2633
2963
2629
2634
2964
2630
2635
2965
2636
2966
2637
2967
2633
2638
2968
2634
2639
2969
2635
2640
2970
2636
2641
2971
2642
2972
2643
2973
2639
2644
2974
2640
2645
2975
2641
2646
2976
2642
2647
2977
2648
2978
2649
2979
2645
2650
2980
2646
2651
2981
2647
2652
2982
2648
2653
2983
2654
2984
2655
2985
2651
2656
2986
2652
2657
2987
2653
2658
2988
2654
2659
2989
2660
2990
2661
2991
2657
2662
2992
2658
2663
2993
2659
2664
2994
2660
2665
2995
2666
2996
2667
2997
2663
2668
2998
2664
2669
2999
2665
2670
3000
2666
2671
3001
2672
3002
2673
3003
2669
2674
3004
2670
2675
3005
2671
2676
3006
2672
2677
3007
2678
3008
2679
3009
2675
2680
3010
2676
3011
2677
3012
2678
3013
3014
2681
3015
2682
3016
2683
3017
2684
3018
2685
3019
2686
3020
2693
3021
2687
2694
3022
2688
2695
3023
2689
2696
3024
2690
2697
3025
2691
2698
3026
2692
2699
3027
2700
3028
2701
3029
2695
2702
3030
2696
2703
3031
2697
2704
3032
2698
2705
3033
2699
2706
3034
2700
2707
3035
2708
3036
2709
3037
2703
2710
3038
2704
2711
3039
2705
2712
3040
2706
2713
3041
2707
2714
3042
2708
2715
3043
2716
3044
2717
3045
2711
2718
3046
2712
2719
3047
2713
2720
3048
2714
2721
3049
2715
2722
3050
2716
2723
3051
2724
3052
2725
3053
2719
2726
3054
2720
2727
3055
2721
2728
3056
2722
2729
3057
2723
2730
3058
2724
2731
3059
2732
3060
2733
3061
2727
2734
3062
2728
2735
3063
2729
2736
3064
2730
2737
3065
2731
2738
3066
2732
2739
3067
2740
3068
2741
3069
2735
2742
3070
2736
2743
3071
2737
2744
3072
2738
2745
3073
2739
2746
3074
2740
2747
3075
2748
3076
2749
3077
2743
2750
3078
2744
2751
3079
2745
2752
3080
2746
2753
3081
2747
2754
3082
2748
2755
3083
2756
3084
2757
3085
2751
2758
3086
2752
2759
3087
2753
2760
3088
2754
2761
3089
2755
2762
3090
2756
2763
3091
2764
3092
2765
3093
2759
2766
3094
2760
2767
3095
2761
2768
3096
2762
2769
3097
2763
2770
3098
2764
2771
3099
2772
3100
2773
3101
2767
2774
3102
2768
2775
3103
2769
2776
3104
2770
2777
3105
2771
2778
3106
2772
2779
3107
2780
3108
2781
3109
2775
2782
3110
2776
2783
3111
2777
2784
3112
2778
2785
3113
2779
2786
3114
2780
2787
3115
2788
3116
2789
3117
2783
2790
3118
2784
3119
2785
3120
2786
3121
2787
3122
2788
3123
3124
2791
3125
2792
3126
2793
3127
2794
3128
2795
3129
2796
3130
2798
3131
2797
3132
3133
3134
2802
3135
2801
3136
2803
3137
2804
3138
2805
3139
2806
3140
2813
3141
2807
2814
3142
2808
2815
3143
2809
2816
3144
2810
2817
3145
2811
2818
3146
2812
2819
3147
2820
3148
2821
3149
2815
2822
3150
2816
2823
3151
2817
2824
3152
2818
2825
3153
2819
2826
3154
2820
2827
3155
2828
3156
2829
3157
2823
2830
3158
2824
2831
3159
2825
2832
3160
2826
2833
3161
2827
2834
3162
2828
2835
3163
2836
3164
2837
3165
2831
2838
3166
2832
2839
3167
2833
2840
3168
2834
2841
3169
2835
2842
3170
2836
2843
3171
2844
3172
2845
3173
2839
2846
3174
2840
2847
3175
2841
2848
3176
2842
2849
3177
2843
2850
3178
2844
2851
3179
2852
3180
2853
3181
2847
2854
3182
2848
2855
3183
2849
2856
3184
2850
2857
3185
2851
2858
3186
2852
2859
3187
2860
3188
2861
3189
2855
2862
3190
2856
2863
3191
2857
2864
3192
2858
2865
3193
2859
2866
3194
2860
2867
3195
2868
3196
2869
3197
2863
2870
3198
2864
2871
3199
2865
2872
3200
2866
2873
3201
2867
2874
3202
2868
2875
3203
2876
3204
2877
3205
2871
2878
3206
2872
2879
3207
2873
2880
3208
2874
2881
3209
2875
2882
3210
2876
2883
3211
2884
3212
2885
3213
2879
2886
3214
2880
2887
3215
2881
2888
3216
2882
2889
3217
2883
2890
3218
2884
2891
3219
2892
3220
2893
3221
2887
2894
3222
2888
3223
2889
3224
2890
3225
2891
3226
2892
3227
3228
2895
3229
2896
3230
2897
3231
2898
3232
2899
3233
2900
3234
2901
3235
2902
3236
2903
3237
2904
3238
2905
3239
2906
3240
2907
3241
2908
3242
2909
3243
2910
3244
2911
3245
2912
3246
2913
3247
2914
3248
2919
3249
2915
2920
3250
2916
2921
3251
2917
2922
3252
2918
2923
3253
2924
3254
2925
3255
2921
2926
3256
2922
2927
3257
2923
2928
3258
2924
2929
3259
2930
3260
2931
3261
2927
2932
3262
2928
2933
3263
2929
2934
3264
2930
2935
3265
2936
3266
2937
3267
2933
2938
3268
2934
2939
3269
2935
2940
3270
2936
2941
3271
2942
3272
2943
3273
2939
2944
3274
2940
2945
3275
2941
2946
3276
2942
2947
3277
2948
3278
2949
3279
2945
2950
3280
2946
2951
3281
2947
2952
3282
2948
2953
3283
2954
3284
2955
3285
2951
2956
3286
2952
2957
3287
2953
2958
3288
2954
2959
3289
2960
3290
2961
3291
2957
2962
3292
2958
2963
3293
2959
2964
3294
2960
2965
3295
2966
3296
2967
3297
2963
2968
3298
2964
2969
3299
2965
2970
3300
2966
2971
3301
2972
3302
2973
3303
2969
2974
3304
2970
2975
3305
2971
2976
3306
2972
2977
3307
2978
3308
2979
3309
2975
2980
3310
2976
2981
3311
2977
2982
3312
2978
2983
3313
2984
3314
2985
3315
2981
2986
3316
2982
2987
3317
2983
2988
3318
2984
2989
3319
2990
3320
2991
3321
2987
2992
3322
2988
2993
3323
2989
2994
3324
2990
2995
3325
2996
3326
2997
3327
2993
2998
3328
2994
2999
3329
2995
3000
3330
2996
3001
3331
3002
3332
3003
3333
2999
3004
3334
3000
3005
3335
3001
3006
3336
3002
3007
3337
3008
3338
3009
3339
3005
3010
3340
3006
3011
3341
3007
3012
3342
3008
3013
3343
3014
3344
3015
3345
3011
3016
3346
3012
3347
3013
3348
3014
3349
3350
3017
3351
3018
3352
3019
3353
3020
3354
3021
3355
3022
3356
3029
3357
3023
3030
3358
3024
3031
3359
3025
3032
3360
3026
3033
3361
3027
3034
3362
3028
3035
3363
3036
3364
3037
3365
3031
3038
3366
3032
3039
3367
3033
3040
3368
3034
3041
3369
3035
3042
3370
3036
3043
3371
3044
3372
3045
3373
3039
3046
3374
3040
3047
3375
3041
3048
3376
3042
3049
3377
3043
3050
3378
3044
3051
3379
3052
3380
3053
3381
3047
3054
3382
3048
3055
3383
3049
3056
3384
3050
3057
3385
3051
3058
3386
3052
3059
3387
3060
3388
3061
3389
3055
3062
3390
3056
3063
3391
3057
3064
3392
3058
3065
3393
3059
3066
3394
3060
3067
3395
3068
3396
3069
3397
3063
3070
3398
3064
3071
3399
3065
3072
3400
3066
3073
3401
3067
3074
3402
3068
3075
3403
3076
3404
3077
3405
3071
3078
3406
3072
3079
3407
3073
3080
3408
3074
3081
3409
3075
3082
3410
3076
3083
3411
3084
3412
3085
3413
3079
3086
3414
3080
3087
3415
3081
3088
3416
3082
3089
3417
3083
3090
3418
3084
3091
3419
3092
3420
3093
3421
3087
3094
3422
3088
3095
3423
3089
3096
3424
3090
3097
3425
3091
3098
3426
3092
3099
3427
3100
3428
3101
3429
3095
3102
3430
3096
3103
3431
3097
3104
3432
3098
3105
3433
3099
3106
3434
3100
3107
3435
3108
3436
3109
3437
3103
3110
3438
3104
3111
3439
3105
3112
3440
3106
3113
3441
3107
3114
3442
3108
3115
3443
3116
3444
3117
3445
3111
3118
3446
3112
3119
3447
3113
3120
3448
3114
3121
3449
3115
3122
3450
3116
3123
3451
3124
3452
3125
3453
3119
3126
3454
3120
3455
3121
3456
3122
3457
3123
3458
3124
3459
3460
3127
3461
3128
3462
3129
3463
3130
3464
3131
3465
3132
3466
3134
3467
3133
3468
3469
3470
3138
3471
3137
3472
3139
3473
3140
3474
3141
3475
3142
3476
3149
3477
3143
3150
3478
3144
3151
3479
3145
3152
3480
3146
3153
3481
3147
3154
3482
3148
3155
3483
3156
3484
3157
3485
3151
3158
3486
3152
3159
3487
3153
3160
3488
3154
3161
3489
3155
3162
3490
3156
3163
3491
3164
3492
3165
3493
3159
3166
3494
3160
3167
3495
3161
3168
3496
3162
3169
3497
3163
3170
3498
3164
3171
3499
3172
3500
3173
3501
3167
3174
3502
3168
3175
3503
3169
3176
3504
3170
3177
3505
3171
3178
3506
3172
3179
3507
3180
3508
3181
3509
3175
3182
3510
3176
3183
3511
3177
3184
3512
3178
3185
3513
3179
3186
3514
3180
3187
3515
3188
3516
3189
3517
3183
3190
3518
3184
3191
3519
3185
3192
3520
3186
3193
3521
3187
3194
3522
3188
3195
3523
3196
3524
3197
3525
3191
3198
3526
3192
3199
3527
3193
3200
3528
3194
3201
3529
3195
3202
3530
3196
3203
3531
3204
3532
3205
3533
3199
3206
3534
3200
3207
3535
3201
3208
3536
3202
3209
3537
3203
3210
3538
3204
3211
3539
3212
3540
3213
3541
3207
3214
3542
3208
3215
3543
3209
3216
3544
3210
3217
3545
3211
3218
3546
3212
3219
3547
3220
3548
3221
3549
3215
3222
3550
3216
3223
3551
3217
3224
3552
3218
3225
3553
3219
3226
3554
3220
3227
3555
3228
3556
3229
3557
3223
3230
3558
3224
3559
3225
3560
3226
3561
3227
3562
3228
3563
3564
3231
3565
3232
3566
3233
3567
3234
3568
3235
3569
3236
3570
3237
3571
3238
3572
3239
3573
3240
3574
3241
3575
3242
3576
3243
3577
3244
3578
3245
3579
3246
3580
3247
3581
3248
3582
3249
3583
3250
3584
3255
3585
3251
3256
3586
3252
3257
3587
3253
3258
3588
3254
3259
3589
3260
3590
3261
3591
3257
3262
3592
3258
3263
3593
3259
3264
3594
3260
3265
3595
3266
3596
3267
3597
3263
3268
3598
3264
3269
3599
3265
3270
3600
3266
3271
3601
3272
3602
3273
3603
3269
3274
3604
3270
3275
3605
3271
3276
3606
3272
3277
3607
3278
3608
3279
3609
3275
3280
3610
3276
3281
3611
3277
3282
3612
3278
3283
3613
3284
3614
3285
3615
3281
3286
3616
3282
3287
3617
3283
3288
3618
3284
3289
3619
3290
3620
3291
3621
3287
3292
3622
3288
3293
3623
3289
3294
3624
3290
3295
3625
3296
3626
3297
3627
3293
3298
3628
3294
3299
3629
3295
3300
3630
3296
3301
3631
3302
3632
3303
3633
3299
3304
3634
3300
3305
3635
3301
3306
3636
3302
3307
3637
3308
3638
3309
3639
3305
3310
3640
3306
3311
3641
3307
3312
3642
3308
3313
3643
3314
3644
3315
3645
3311
3316
3646
3312
3317
3647
3313
3318
3648
3314
3319
3649
3320
3650
3321
3651
3317
3322
3652
3318
3323
3653
3319
3324
3654
3320
3325
3655
3326
3656
3327
3657
3323
3328
3658
3324
3329
3659
3325
3330
3660
3326
3331
3661
3332
3662
3333
3663
3329
3334
3664
3330
3335
3665
3331
3336
3666
3332
3337
3667
3338
3668
3339
3669
3335
3340
3670
3336
3341
3671
3337
3342
3672
3338
3343
3673
3344
3674
3345
3675
3341
3346
3676
3342
3347
3677
3343
3348
3678
3344
3349
3679
3350
3680
3351
3681
3347
3352
3682
3348
3683
3349
3684
3350
3685
3686
3353
3687
3354
3688
3355
3689
3356
3690
3357
3691
3358
3692
3365
3693
3359
3366
3694
3360
3367
3695
3361
3368
3696
3362
3369
3697
3363
3370
3698
3364
3371
3699
3372
3700
3373
3701
3367
3374
3702
3368
3375
3703
3369
3376
3704
3370
3377
3705
3371
3378
3706
3372
3379
3707
3380
3708
3381
3709
3375
3382
3710
3376
3383
3711
3377
3384
3712
3378
3385
3713
3379
3386
3714
3380
3387
3715
3388
3716
3389
3717
3383
3390
3718
3384
3391
3719
3385
3392
3720
3386
3393
3721
3387
3394
3722
3388
3395
3723
3396
3724
3397
3725
3391
3398
3726
3392
3399
3727
3393
3400
3728
3394
3401
3729
3395
3402
3730
3396
3403
3731
3404
3732
3405
3733
3399
3406
3734
3400
3407
3735
3401
3408
3736
3402
3409
3737
3403
3410
3738
3404
3411
3739
3412
3740
3413
3741
3407
3414
3742
3408
3415
3743
3409
3416
3744
3410
3417
3745
3411
3418
3746
3412
3419
3747
3420
3748
3421
3749
3415
3422
3750
3416
3423
3751
3417
3424
3752
3418
3425
3753
3419
3426
3754
3420
3427
3755
3428
3756
3429
3757
3423
3430
3758
3424
3431
3759
3425
3432
3760
3426
3433
3761
3427
3434
3762
3428
3435
3763
3436
3764
3437
3765
3431
3438
3766
3432
3439
3767
3433
3440
3768
3434
3441
3769
3435
3442
3770
3436
3443
3771
3444
3772
3445
3773
3439
3446
3774
3440
3447
3775
3441
3448
3776
3442
3449
3777
3443
3450
3778
3444
3451
3779
3452
3780
3453
3781
3447
3454
3782
3448
3455
3783
3449
3456
3784
3450
3457
3785
3451
3458
3786
3452
3459
3787
3460
3788
3461
3789
3455
3462
3790
3456
3791
3457
3792
3458
3793
3459
3794
3460
3795
3796
3463
3797
3464
3798
3465
3799
3466
3800
3467
3801
3468
3802
3470
3803
3469
3804
3805
3806
3474
3807
3473
3808
3475
3809
3476
3810
3477
3811
3478
3812
3485
3813
3479
3486
3814
3480
3487
3815
3481
3488
3816
3482
3489
3817
3483
3490
3818
3484
3491
3819
3492
3820
3493
3821
3487
3494
3822
3488
3495
3823
3489
3496
3824
3490
3497
3825
3491
3498
3826
3492
3499
3827
3500
3828
3501
3829
3495
3502
3830
3496
3503
3831
3497
3504
3832
3498
3505
3833
3499
3506
3834
3500
3507
3835
3508
3836
3509
3837
3503
3510
3838
3504
3511
3839
3505
3512
3840
3506
3513
3841
3507
3514
3842
3508
3515
3843
3516
3844
3517
3845
3511
3518
3846
3512
3519
3847
3513
3520
3848
3514
3521
3849
3515
3522
3850
3516
3523
3851
3524
3852
3525
3853
3519
3526
3854
3520
3527
3855
3521
3528
3856
3522
3529
3857
3523
3530
3858
3524
3531
3859
3532
3860
3533
3861
3527
3534
3862
3528
3535
3863
3529
3536
3864
3530
3537
3865
3531
3538
3866
3532
3539
3867
3540
3868
3541
3869
3535
3542
3870
3536
3543
3871
3537
3544
3872
3538
3545
3873
3539
3546
3874
3540
3547
3875
3548
3876
3549
3877
3543
3550
3878
3544
3551
3879
3545
3552
3880
3546
3553
3881
3547
3554
3882
3548
3555
3883
3556
3884
3557
3885
3551
3558
3886
3552
3559
3887
3553
3560
3888
3554
3561
3889
3555
3562
3890
3556
3563
3891
3564
3892
3565
3893
3559
3566
3894
3560
3895
3561
3896
3562
3897
3563
3898
3564
3899
3900
3567
3901
3568
3902
3569
3903
3570
3904
3571
3905
3572
3906
3573
3907
3574
3908
3575
3909
3576
3910
3577
3911
3578
3912
3579
3913
3580
3914
3581
3915
3582
3916
3583
3917
3584
3918
3585
3919
3586
3920
3591
3921
3587
3592
3922
3588
3593
3923
3589
3594
3924
3590
3595
3925
3596
3926
3597
3927
3593
3598
3928
3594
3599
3929
3595
3600
3930
3596
3601
3931
3602
3932
3603
3933
3599
3604
3934
3600
3605
3935
3601
3606
3936
3602
3607
3937
3608
3938
3609
3939
3605
3610
3940
3606
3611
3941
3607
3612
3942
3608
3613
3943
3614
3944
3615
3945
3611
3616
3946
3612
3617
3947
3613
3618
3948
3614
3619
3949
3620
3950
3621
3951
3617
3622
3952
3618
3623
3953
3619
3624
3954
3620
3625
3955
3626
3956
3627
3957
3623
3628
3958
3624
3629
3959
3625
3630
3960
3626
3631
3961
3632
3962
3633
3963
3629
3634
3964
3630
3635
3965
3631
3636
3966
3632
3637
3967
3638
3968
3639
3969
3635
3640
3970
3636
3641
3971
3637
3642
3972
3638
3643
3973
3644
3974
3645
3975
3641
3646
3976
3642
3647
3977
3643
3648
3978
3644
3649
3979
3650
3980
3651
3981
3647
3652
3982
3648
3653
3983
3649
3654
3984
3650
3655
3985
3656
3986
3657
3987
3653
3658
3988
3654
3659
3989
3655
3660
3990
3656
3661
3991
3662
3992
3663
3993
3659
3664
3994
3660
3665
3995
3661
3666
3996
3662
3667
3997
3668
3998
3669
3999
3665
3670
4000
3666
3671
4001
3667
3672
4002
3668
3673
4003
3674
4004
3675
4005
3671
3676
4006
3672
3677
4007
3673
3678
4008
3674
3679
4009
3680
4010
3681
4011
3677
3682
4012
3678
3683
4013
3679
3684
4014
3680
3685
4015
3686
4016
3687
4017
3683
3688
4018
3684
4019
3685
4020
3686
4021
4022
3689
4023
3690
4024
3691
4025
3692
4026
3693
4027
3694
4028
3701
4029
3695
3702
4030
3696
3703
4031
3697
3704
4032
3698
3705
4033
3699
3706
4034
3700
3707
4035
3708
4036
3709
4037
3703
3710
4038
3704
3711
4039
3705
3712
4040
3706
3713
4041
3707
3714
4042
3708
3715
4043
3716
4044
3717
4045
3711
3718
4046
3712
3719
4047
3713
3720
4048
3714
3721
4049
3715
3722
4050
3716
3723
4051
3724
4052
3725
4053
3719
3726
4054
3720
3727
4055
3721
3728
4056
3722
3729
4057
3723
3730
4058
3724
3731
4059
3732
4060
3733
4061
3727
3734
4062
3728
3735
4063
3729
3736
4064
3730
3737
4065
3731
3738
4066
3732
3739
4067
3740
4068
3741
4069
3735
3742
4070
3736
3743
4071
3737
3744
4072
3738
3745
4073
3739
3746
4074
3740
3747
4075
3748
4076
3749
4077
3743
3750
4078
3744
3751
4079
3745
3752
4080
3746
3753
4081
3747
3754
4082
3748
3755
4083
3756
4084
3757
4085
3751
3758
4086
3752
3759
4087
3753
3760
4088
3754
3761
4089
3755
3762
4090
3756
3763
4091
3764
4092
3765
4093
3759
3766
4094
3760
3767
4095
3761
3768
4096
3762
3769
4097
3763
3770
4098
3764
3771
4099
3772
4100
3773
4101
3767
3774
4102
3768
3775
4103
3769
3776
4104
3770
3777
4105
3771
3778
4106
3772
3779
4107
3780
4108
3781
4109
3775
3782
4110
3776
3783
4111
3777
3784
4112
3778
3785
4113
3779
3786
4114
3780
3787
4115
3788
4116
3789
4117
3783
3790
4118
3784
3791
4119
3785
3792
4120
3786
3793
4121
3787
3794
4122
3788
3795
4123
3796
4124
3797
4125
3791
3798
4126
3792
4127
3793
4128
3794
4129
3795
4130
3796
4131
4132
3799
4133
3800
4134
3801
4135
3802
4136
3803
4137
3804
4138
3806
4139
3805
4140
4141
4142
3810
4143
3809
4144
3811
4145
3812
4146
3813
4147
3814
4148
3821
4149
3815
3822
4150
3816
3823
4151
3817
3824
4152
3818
3825
4153
3819
3826
4154
3820
3827
4155
3828
4156
3829
4157
3823
3830
4158
3824
3831
4159
3825
3832
4160
3826
3833
4161
3827
3834
4162
3828
3835
4163
3836
4164
3837
4165
3831
3838
4166
3832
3839
4167
3833
3840
4168
3834
3841
4169
3835
3842
4170
3836
3843
4171
3844
4172
3845
4173
3839
3846
4174
3840
3847
4175
3841
3848
4176
3842
3849
4177
3843
3850
4178
3844
3851
4179
3852
4180
3853
4181
3847
3854
4182
3848
3855
4183
3849
3856
4184
3850
3857
4185
3851
3858
4186
3852
3859
4187
3860
4188
3861
4189
3855
3862
4190
3856
3863
4191
3857
3864
4192
3858
3865
4193
3859
3866
4194
3860
3867
4195
3868
4196
3869
4197
3863
3870
4198
3864
3871
4199
3865
3872
4200
3866
3873
4201
3867
3874
4202
3868
3875
4203
3876
4204
3877
4205
3871
3878
4206
3872
3879
4207
3873
3880
4208
3874
3881
4209
3875
3882
4210
3876
3883
4211
3884
4212
3885
4213
3879
3886
4214
3880
3887
4215
3881
3888
4216
3882
3889
4217
3883
3890
4218
3884
3891
4219
3892
4220
3893
4221
3887
3894
4222
3888
3895
4223
3889
3896
4224
3890
3897
4225
3891
3898
4226
3892
3899
4227
3900
4228
3901
4229
3895
3902
4230
3896
4231
3897
4232
3898
4233
3899
4234
3900
4235
4236
3903
4237
3904
4238
3905
4239
3906
4240
3907
4241
3908
4242
3909
4243
3910
4244
3911
4245
3912
4246
3913
4247
3914
4248
3915
4249
3916
4250
3917
4251
3918
4252
3919
4253
3920
4254
3921
4255
3922
4256
3927
4257
3923
3928
4258
3924
3929
4259
3925
3930
4260
3926
3931
4261
3932
4262
3933
4263
3929
3934
4264
3930
3935
4265
3931
3936
4266
3932
3937
4267
3938
4268
3939
4269
3935
3940
4270
3936
3941
4271
3937
3942
4272
3938
3943
4273
3944
4274
3945
4275
3941
3946
4276
3942
3947
4277
3943
3948
4278
3944
3949
4279
3950
4280
3951
4281
3947
3952
4282
3948
3953
4283
3949
3954
4284
3950
3955
4285
3956
4286
3957
4287
3953
3958
4288
3954
3959
4289
3955
3960
4290
3956
3961
4291
3962
4292
3963
4293
3959
3964
4294
3960
3965
4295
3961
3966
4296
3962
3967
4297
3968
4298
3969
4299
3965
3970
4300
3966
3971
4301
3967
3972
4302
3968
3973
4303
3974
4304
3975
4305
3971
3976
4306
3972
3977
4307
3973
3978
4308
3974
3979
4309
3980
4310
3981
4311
3977
3982
4312
3978
3983
4313
3979
3984
4314
3980
3985
4315
3986
4316
3987
4317
3983
3988
4318
3984
3989
4319
3985
3990
4320
3986
3991
4321
3992
4322
3993
4323
3989
3994
4324
3990
3995
4325
3991
3996
4326
3992
3997
4327
3998
4328
3999
4329
3995
4000
4330
3996
4001
4331
3997
4002
4332
3998
4003
4333
4004
4334
4005
4335
4001
4006
4336
4002
4007
4337
4003
4008
4338
4004
4009
4339
4010
4340
4011
4341
4007
4012
4342
4008
4013
4343
4009
4014
4344
4010
4015
4345
4016
4346
4017
4347
4013
4018
4348
4014
4019
4349
4015
4020
4350
4016
4021
4351
4022
4352
4023
4353
4019
4024
4354
4020
4355
4021
4356
4022
4357
4358
4025
4359
4026
4360
4027
4361
4028
4362
4029
4363
4030
4364
4037
4365
4031
4038
4366
4032
4039
4367
4033
4040
4368
4034
4041
4369
4035
4042
4370
4036
4043
4371
4044
4372
4045
4373
4039
4046
4374
4040
4047
4375
4041
4048
4376
4042
4049
4377
4043
4050
4378
4044
4051
4379
4052
4380
4053
4381
4047
4054
4382
4048
4055
4383
4049
4056
4384
4050
4057
4385
4051
4058
4386
4052
4059
4387
4060
4388
4061
4389
4055
4062
4390
4056
4063
4391
4057
4064
4392
4058
4065
4393
4059
4066
4394
4060
4067
4395
4068
4396
4069
4397
4063
4070
4398
4064
4071
4399
4065
4072
4400
4066
4073
4401
4067
4074
4402
4068
4075
4403
4076
4404
4077
4405
4071
4078
4406
4072
4079
4407
4073
4080
4408
4074
4081
4409
4075
4082
4410
4076
4083
4411
4084
4412
4085
4413
4079
4086
4414
4080
4087
4415
4081
4088
4416
4082
4089
4417
4083
4090
4418
4084
4091
4419
4092
4420
4093
4421
4087
4094
4422
4088
4095
4423
4089
4096
4424
4090
4097
4425
4091
4098
4426
4092
4099
4427
4100
4428
4101
4429
4095
4102
4430
4096
4103
4431
4097
4104
4432
4098
4105
4433
4099
4106
4434
4100
4107
4435
4108
4436
4109
4437
4103
4110
4438
4104
4111
4439
4105
4112
4440
4106
4113
4441
4107
4114
4442
4108
4115
4443
4116
4444
4117
4445
4111
4118
4446
4112
4119
4447
4113
4120
4448
4114
4121
4449
4115
4122
4450
4116
4123
4451
4124
4452
4125
4453
4119
4126
4454
4120
4127
4455
4121
4128
4456
4122
4129
4457
4123
4130
4458
4124
4131
4459
4132
4460
4133
4461
4127
4134
4462
4128
4463
4129
4464
4130
4465
4131
4466
4132
4467
4468
4135
4469
4136
4470
4137
4471
4138
4472
4139
4473
4140
4474
4142
4475
4141
4476
4477
4478
4146
4479
4145
4480
4147
4481
4148
4482
4149
4483
4150
4484
4157
4485
4151
4158
4486
4152
4159
4487
4153
4160
4488
4154
4161
4489
4155
4162
4490
4156
4163
4491
4164
4492
4165
4493
4159
4166
4494
4160
4167
4495
4161
4168
4496
4162
4169
4497
4163
4170
4498
4164
4171
4499
4172
4500
4173
4501
4167
4174
4502
4168
4175
4503
4169
4176
4504
4170
4177
4505
4171
4178
4506
4172
4179
4507
4180
4508
4181
4509
4175
4182
4510
4176
4183
4511
4177
4184
4512
4178
4185
4513
4179
4186
4514
4180
4187
4515
4188
4516
4189
4517
4183
4190
4518
4184
4191
4519
4185
4192
4520
4186
4193
4521
4187
4194
4522
4188
4195
4523
4196
4524
4197
4525
4191
4198
4526
4192
4199
4527
4193
4200
4528
4194
4201
4529
4195
4202
4530
4196
4203
4531
4204
4532
4205
4533
4199
4206
4534
4200
4207
4535
4201
4208
4536
4202
4209
4537
4203
4210
4538
4204
4211
4539
4212
4540
4213
4541
4207
4214
4542
4208
4215
4543
4209
4216
4544
4210
4217
4545
4211
4218
4546
4212
4219
4547
4220
4548
4221
4549
4215
4222
4550
4216
4223
4551
4217
4224
4552
4218
4225
4553
4219
4226
4554
4220
4227
4555
4228
4556
4229
4557
4223
4230
4558
4224
4231
4559
4225
4232
4560
4226
4233
4561
4227
4234
4562
4228
4235
4563
4236
4564
4237
4565
4231
4238
4566
4232
4567
4233
4568
4234
4569
4235
4570
4236
4571
4572
4239
4573
4240
4574
4241
4575
4242
4576
4243
4577
4244
4578
4245
4579
4246
4580
4247
4581
4248
4582
4249
4583
4250
4584
4251
4585
4252
4586
4253
4587
4254
4588
4255
4589
4256
4590
4257
4591
4258
4592
4263
4593
4259
4264
4594
4260
4265
4595
4261
4266
4596
4262
4267
4597
4268
4598
4269
4599
4265
4270
4600
4266
4271
4601
4267
4272
4602
4268
4273
4603
4274
4604
4275
4605
4271
4276
4606
4272
4277
4607
4273
4278
4608
4274
4279
4609
4280
4610
4281
4611
4277
4282
4612
4278
4283
4613
4279
4284
4614
4280
4285
4615
4286
4616
4287
4617
4283
4288
4618
4284
4289
4619
4285
4290
4620
4286
4291
4621
4292
4622
4293
4623
4289
4294
4624
4290
4295
4625
4291
4296
4626
4292
4297
4627
4298
4628
4299
4629
4295
4300
4630
4296
4301
4631
4297
4302
4632
4298
4303
4633
4304
4634
4305
4635
4301
4306
4636
4302
4307
4637
4303
4308
4638
4304
4309
4639
4310
4640
4311
4641
4307
4312
4642
4308
4313
4643
4309
4314
4644
4310
4315
4645
4316
4646
4317
4647
4313
4318
4648
4314
4319
4649
4315
4320
4650
4316
4321
4651
4322
4652
4323
4653
4319
4324
4654
4320
4325
4655
4321
4326
4656
4322
4327
4657
4328
4658
4329
4659
4325
4330
4660
4326
4331
4661
4327
4332
4662
4328
4333
4663
4334
4664
4335
4665
4331
4336
4666
4332
4337
4667
4333
4338
4668
4334
4339
4669
4340
4670
4341
4671
4337
4342
4672
4338
4343
4673
4339
4344
4674
4340
4345
4675
4346
4676
4347
4677
4343
4348
4678
4344
4349
4679
4345
4350
4680
4346
4351
4681
4352
4682
4353
4683
4349
4354
4684
4350
4355
4685
4351
4356
4686
4352
4357
4687
4358
4688
4359
4689
4355
4360
4690
4356
4691
4357
4692
4358
4693
4694
4361
4695
4362
4696
4363
4697
4364
4698
4365
4699
4366
4700
4373
4701
4367
4374
4702
4368
4375
4703
4369
4376
4704
4370
4377
4705
4371
4378
4706
4372
4379
4707
4380
4708
4381
4709
4375
4382
4710
4376
4383
4711
4377
4384
4712
4378
4385
4713
4379
4386
4714
4380
4387
4715
4388
4716
4389
4717
4383
4390
4718
4384
4391
4719
4385
4392
4720
4386
4393
4721
4387
4394
4722
4388
4395
4723
4396
4724
4397
4725
4391
4398
4726
4392
4399
4727
4393
4400
4728
4394
4401
4729
4395
4402
4730
4396
4403
4731
4404
4732
4405
4733
4399
4406
4734
4400
4407
4735
4401
4408
4736
4402
4409
4737
4403
4410
4738
4404
4411
4739
4412
4740
4413
4741
4407
4414
4742
4408
4415
4743
4409
4416
4744
4410
4417
4745
4411
4418
4746
4412
4419
4747
4420
4748
4421
4749
4415
4422
4750
4416
4423
4751
4417
4424
4752
4418
4425
4753
4419
4426
4754
4420
4427
4755
4428
4756
4429
4757
4423
4430
4758
4424
4431
4759
4425
4432
4760
4426
4433
4761
4427
4434
4762
4428
4435
4763
4436
4764
4437
4765
4431
4438
4766
4432
4439
4767
4433
4440
4768
4434
4441
4769
4435
4442
4770
4436
4443
4771
4444
4772
4445
4773
4439
4446
4774
4440
4447
4775
4441
4448
4776
4442
4449
4777
4443
4450
4778
4444
4451
4779
4452
4780
4453
4781
4447
4454
4782
4448
4455
4783
4449
4456
4784
4450
4457
4785
4451
4458
4786
4452
4459
4787
4460
4788
4461
4789
4455
4462
4790
4456
4463
4791
4457
4464
4792
4458
4465
4793
4459
4466
4794
4460
4467
4795
4468
4796
4469
4797
4463
4470
4798
4464
4799
4465
4800
4466
4801
4467
4802
4468
4803
4804
4471
4805
4472
4806
4473
4807
4474
4808
4475
4809
4476
4810
4478
4811
4477
4812
4813
4814
4482
4815
4481
4816
4483
4817
4484
4818
4485
4819
4486
4820
4493
4821
4487
4494
4822
4488
4495
4823
4489
4496
4824
4490
4497
4825
4491
4498
4826
4492
4499
4827
4500
4828
4501
4829
4495
4502
4830
4496
4503
4831
4497
4504
4832
4498
4505
4833
4499
4506
4834
4500
4507
4835
4508
4836
4509
4837
4503
4510
4838
4504
4511
4839
4505
4512
4840
4506
4513
4841
4507
4514
4842
4508
4515
4843
4516
4844
4517
4845
4511
4518
4846
4512
4519
4847
4513
4520
4848
4514
4521
4849
4515
4522
4850
4516
4523
4851
4524
4852
4525
4853
4519
4526
4854
4520
4527
4855
4521
4528
4856
4522
4529
4857
4523
4530
4858
4524
4531
4859
4532
4860
4533
4861
4527
4534
4862
4528
4535
4863
4529
4536
4864
4530
4537
4865
4531
4538
4866
4532
4539
4867
4540
4868
4541
4869
4535
4542
4870
4536
4543
4871
4537
4544
4872
4538
4545
4873
4539
4546
4874
4540
4547
4875
4548
4876
4549
4877
4543
4550
4878
4544
4551
4879
4545
4552
4880
4546
4553
4881
4547
4554
4882
4548
4555
4883
4556
4884
4557
4885
4551
4558
4886
4552
4559
4887
4553
4560
4888
4554
4561
4889
4555
4562
4890
4556
4563
4891
4564
4892
4565
4893
4559
4566
4894
4560
4567
4895
4561
4568
4896
4562
4569
4897
4563
4570
4898
4564
4571
4899
4572
4900
4573
4901
4567
4574
4902
4568
4903
4569
4904
4570
4905
4571
4906
4572
4907
4908
4575
4909
4576
4910
4577
4911
4578
4912
4579
4913
4580
4914
4581
4915
4582
4916
4583
4917
4584
4918
4585
4919
4586
4920
4587
4921
4588
4922
4589
4923
4590
4924
4591
4925
4592
4926
4593
4927
4594
4928
4599
4929
4595
4600
4930
4596
4601
4931
4597
4602
4932
4598
4603
4933
4604
4934
4605
4935
4601
4606
4936
4602
4607
4937
4603
4608
4938
4604
4609
4939
4610
4940
4611
4941
4607
4612
4942
4608
4613
4943
4609
4614
4944
4610
4615
4945
4616
4946
4617
4947
4613
4618
4948
4614
4619
4949
4615
4620
4950
4616
4621
4951
4622
4952
4623
4953
4619
4624
4954
4620
4625
4955
4621
4626
4956
4622
4627
4957
4628
4958
4629
4959
4625
4630
4960
4626
4631
4961
4627
4632
4962
4628
4633
4963
4634
4964
4635
4965
4631
4636
4966
4632
4637
4967
4633
4638
4968
4634
4639
4969
4640
4970
4641
4971
4637
4642
4972
4638
4643
4973
4639
4644
4974
4640
4645
4975
4646
4976
4647
4977
4643
4648
4978
4644
4649
4979
4645
4650
4980
4646
4651
4981
4652
4982
4653
4983
4649
4654
4984
4650
4655
4985
4651
4656
4986
4652
4657
4987
4658
4988
4659
4989
4655
4660
4990
4656
4661
4991
4657
4662
4992
4658
4663
4993
4664
4994
4665
4995
4661
4666
4996
4662
4667
4997
4663
4668
4998
4664
4669
4999
4670
5000
4671
5001
4667
4672
5002
4668
4673
5003
4669
4674
5004
4670
4675
5005
4676
5006
4677
5007
4673
4678
5008
4674
4679
5009
4675
4680
5010
4676
4681
5011
4682
5012
4683
5013
4679
4684
5014
4680
4685
5015
4681
4686
5016
4682
4687
5017
4688
5018
4689
5019
4685
4690
5020
4686
4691
5021
4687
4692
5022
4688
4693
5023
4694
5024
4695
5025
4691
4696
5026
4692
5027
4693
5028
4694
5029
5030
4697
5031
4698
5032
4699
5033
4700
5034
4701
5035
4702
5036
4709
5037
4703
4710
5038
4704
4711
5039
4705
4712
5040
4706
4713
5041
4707
4714
5042
4708
4715
5043
4716
5044
4717
5045
4711
4718
5046
4712
4719
5047
4713
4720
5048
4714
4721
5049
4715
4722
5050
4716
4723
5051
4724
5052
4725
5053
4719
4726
5054
4720
4727
5055
4721
4728
5056
4722
4729
5057
4723
4730
5058
4724
4731
5059
4732
5060
4733
5061
4727
4734
5062
4728
4735
5063
4729
4736
5064
4730
4737
5065
4731
4738
5066
4732
4739
5067
4740
5068
4741
5069
4735
4742
5070
4736
4743
5071
4737
4744
5072
4738
4745
5073
4739
4746
5074
4740
4747
5075
4748
5076
4749
5077
4743
4750
5078
4744
4751
5079
4745
4752
5080
4746
4753
5081
4747
4754
5082
4748
4755
5083
4756
5084
4757
5085
4751
4758
5086
4752
4759
5087
4753
4760
5088
4754
4761
5089
4755
4762
5090
4756
4763
5091
4764
5092
4765
5093
4759
4766
5094
4760
4767
5095
4761
4768
5096
4762
4769
5097
4763
4770
5098
4764
4771
5099
4772
5100
4773
5101
4767
4774
5102
4768
4775
5103
4769
4776
5104
4770
4777
5105
4771
4778
5106
4772
4779
5107
4780
5108
4781
5109
4775
4782
5110
4776
4783
5111
4777
4784
5112
4778
4785
5113
4779
4786
5114
4780
4787
5115
4788
5116
4789
5117
4783
4790
5118
4784
4791
5119
4785
4792
5120
4786
4793
5121
4787
4794
5122
4788
4795
5123
4796
5124
4797
5125
4791
4798
5126
4792
4799
5127
4793
4800
5128
4794
4801
5129
4795
4802
5130
4796
4803
5131
4804
5132
4805
5133
4799
4806
5134
4800
5135
4801
5136
4802
5137
4803
5138
4804
5139
5140
4807
5141
4808
5142
4809
5143
4810
5144
4811
5145
4812
5146
4814
5147
4813
5148
5149
5150
4818
5151
4817
5152
4819
5153
4820
5154
4821
5155
4822
5156
4829
5157
4823
4830
5158
4824
4831
5159
4825
4832
5160
4826
4833
5161
4827
4834
5162
4828
4835
5163
4836
5164
4837
5165
4831
4838
5166
4832
4839
5167
4833
4840
5168
4834
4841
5169
4835
4842
5170
4836
4843
5171
4844
5172
4845
5173
4839
4846
5174
4840
4847
5175
4841
4848
5176
4842
4849
5177
4843
4850
5178
4844
4851
5179
4852
5180
4853
5181
4847
4854
5182
4848
4855
5183
4849
4856
5184
4850
4857
5185
4851
4858
5186
4852
4859
5187
4860
5188
4861
5189
4855
4862
5190
4856
4863
5191
4857
4864
5192
4858
4865
5193
4859
4866
5194
4860
4867
5195
4868
5196
4869
5197
4863
4870
5198
4864
4871
5199
4865
4872
5200
4866
4873
5201
4867
4874
5202
4868
4875
5203
4876
5204
4877
5205
4871
4878
5206
4872
4879
5207
4873
4880
5208
4874
4881
5209
4875
4882
5210
4876
4883
5211
4884
5212
4885
5213
4879
4886
5214
4880
4887
5215
4881
4888
5216
4882
4889
5217
4883
4890
5218
4884
4891
5219
4892
5220
4893
5221
4887
4894
5222
4888
4895
5223
4889
4896
5224
4890
4897
5225
4891
4898
5226
4892
4899
5227
4900
5228
4901
5229
4895
4902
5230
4896
4903
5231
4897
4904
5232
4898
4905
5233
4899
4906
5234
4900
4907
5235
4908
5236
4909
5237
4903
4910
5238
4904
5239
4905
5240
4906
5241
4907
5242
4908
5243
5244
4911
5245
4912
5246
4913
5247
4914
5248
4915
5249
4916
5250
4917
5251
4918
5252
4919
5253
4920
5254
4921
5255
4922
5256
4923
5257
4924
5258
4925
5259
4926
5260
4927
5261
4928
5262
4929
5263
4930
5264
4935
5265
4931
4936
5266
4932
4937
5267
4933
4938
5268
4934
4939
5269
4940
5270
4941
5271
4937
4942
5272
4938
4943
5273
4939
4944
5274
4940
4945
5275
4946
5276
4947
5277
4943
4948
5278
4944
4949
5279
4945
4950
5280
4946
4951
5281
4952
5282
4953
5283
4949
4954
5284
4950
4955
5285
4951
4956
5286
4952
4957
5287
4958
5288
4959
5289
4955
4960
5290
4956
4961
5291
4957
4962
5292
4958
4963
5293
4964
5294
4965
5295
4961
4966
5296
4962
4967
5297
4963
4968
5298
4964
4969
5299
4970
5300
4971
5301
4967
4972
5302
4968
4973
5303
4969
4974
5304
4970
4975
5305
4976
5306
4977
5307
4973
4978
5308
4974
4979
5309
4975
4980
5310
4976
4981
5311
4982
5312
4983
5313
4979
4984
5314
4980
4985
5315
4981
4986
5316
4982
4987
5317
4988
5318
4989
5319
4985
4990
5320
4986
4991
5321
4987
4992
5322
4988
4993
5323
4994
5324
4995
5325
4991
4996
5326
4992
4997
5327
4993
4998
5328
4994
4999
5329
5000
5330
5001
5331
4997
5002
5332
4998
5003
5333
4999
5004
5334
5000
5005
5335
5006
5336
5007
5337
5003
5008
5338
5004
5009
5339
5005
5010
5340
5006
5011
5341
5012
5342
5013
5343
5009
5014
5344
5010
5015
5345
5011
5016
5346
5012
5017
5347
5018
5348
5019
5349
5015
5020
5350
5016
5021
5351
5017
5022
5352
5018
5023
5353
5024
5354
5025
5355
5021
5026
5356
5022
5027
5357
5023
5028
5358
5024
5029
5359
5030
5360
5031
5361
5027
5032
5362
5028
5363
5029
5364
5030
5365
5366
5033
5367
5034
5368
5035
5369
5036
5370
5037
5371
5038
5372
5045
5373
5039
5046
5374
5040
5047
5375
5041
5048
5376
5042
5049
5377
5043
5050
5378
5044
5051
5379
5052
5380
5053
5381
5047
5054
5382
5048
5055
5383
5049
5056
5384
5050
5057
5385
5051
5058
5386
5052
5059
5387
5060
5388
5061
5389
5055
5062
5390
5056
5063
5391
5057
5064
5392
5058
5065
5393
5059
5066
5394
5060
5067
5395
5068
5396
5069
5397
5063
5070
5398
5064
5071
5399
5065
5072
5400
5066
5073
5401
5067
5074
5402
5068
5075
5403
5076
5404
5077
5405
5071
5078
5406
5072
5079
5407
5073
5080
5408
5074
5081
5409
5075
5082
5410
5076
5083
5411
5084
5412
5085
5413
5079
5086
5414
5080
5087
5415
5081
5088
5416
5082
5089
5417
5083
5090
5418
5084
5091
5419
5092
5420
5093
5421
5087
5094
5422
5088
5095
5423
5089
5096
5424
5090
5097
5425
5091
5098
5426
5092
5099
5427
5100
5428
5101
5429
5095
5102
5430
5096
5103
5431
5097
5104
5432
5098
5105
5433
5099
5106
5434
5100
5107
5435
5108
5436
5109
5437
5103
5110
5438
5104
5111
5439
5105
5112
5440
5106
5113
5441
5107
5114
5442
5108
5115
5443
5116
5444
5117
5445
5111
5118
5446
5112
5119
5447
5113
5120
5448
5114
5121
5449
5115
5122
5450
5116
5123
5451
5124
5452
5125
5453
5119
5126
5454
5120
5127
5455
5121
5128
5456
5122
5129
5457
5123
5130
5458
5124
5131
5459
5132
5460
5133
5461
5127
5134
5462
5128
5135
5463
5129
5136
5464
5130
5137
5465
5131
5138
5466
5132
5139
5467
5140
5468
5141
5469
5135
5142
5470
5136
5471
5137
5472
5138
5473
5139
5474
5140
5475
5476
5143
5477
5144
5478
5145
5479
5146
5480
5147
5481
5148
5482
5150
5483
5149
5484
5485
5486
5154
5487
5153
5488
5155
5489
5156
5490
5157
5491
5158
5492
5165
5493
5159
5166
5494
5160
5167
5495
5161
5168
5496
5162
5169
5497
5163
5170
5498
5164
5171
5499
5172
5500
5173
5501
5167
5174
5502
5168
5175
5503
5169
5176
5504
5170
5177
5505
5171
5178
5506
5172
5179
5507
5180
5508
5181
5509
5175
5182
5510
5176
5183
5511
5177
5184
5512
5178
5185
5513
5179
5186
5514
5180
5187
5515
5188
5516
5189
5517
5183
5190
5518
5184
5191
5519
5185
5192
5520
5186
5193
5521
5187
5194
5522
5188
5195
5523
5196
5524
5197
5525
5191
5198
5526
5192
5199
5527
5193
5200
5528
5194
5201
5529
5195
5202
5530
5196
5203
5531
5204
5532
5205
5533
5199
5206
5534
5200
5207
5535
5201
5208
5536
5202
5209
5537
5203
5210
5538
5204
5211
5539
5212
5540
5213
5541
5207
5214
5542
5208
5215
5543
5209
5216
5544
5210
5217
5545
5211
5218
5546
5212
5219
5547
5220
5548
5221
5549
5215
5222
5550
5216
5223
5551
5217
5224
5552
5218
5225
5553
5219
5226
5554
5220
5227
5555
5228
5556
5229
5557
5223
5230
5558
5224
5231
5559
5225
5232
5560
5226
5233
5561
5227
5234
5562
5228
5235
5563
5236
5564
5237
5565
5231
5238
5566
5232
5239
5567
5233
5240
5568
5234
5241
5569
5235
5242
5570
5236
5243
5571
5244
5572
5245
5573
5239
5246
5574
5240
5575
5241
5576
5242
5577
5243
5578
5244
5579
5580
5247
5581
5248
5582
5249
5583
5250
5584
5251
5585
5252
5586
5253
5587
5254
5588
5255
5589
5256
5590
5257
5591
5258
5592
5259
5593
5260
5594
5261
5595
5262
5596
5263
5597
5264
5598
5265
5599
5266
5600
5271
5601
5267
5272
5602
5268
5273
5603
5269
5274
5604
5270
5275
5605
5276
5606
5277
5607
5273
5278
5608
5274
5279
5609
5275
5280
5610
5276
5281
5611
5282
5612
5283
5613
5279
5284
5614
5280
5285
5615
5281
5286
5616
5282
5287
5617
5288
5618
5289
5619
5285
5290
5620
5286
5291
5621
5287
5292
5622
5288
5293
5623
5294
5624
5295
5625
5291
5296
5626
5292
5297
5627
5293
5298
5628
5294
5299
5629
5300
5630
5301
5631
5297
5302
5632
5298
5303
5633
5299
5304
5634
5300
5305
5635
5306
5636
5307
5637
5303
5308
5638
5304
5309
5639
5305
5310
5640
5306
5311
5641
5312
5642
5313
5643
5309
5314
5644
5310
5315
5645
5311
5316
5646
5312
5317
5647
5318
5648
5319
5649
5315
5320
5650
5316
5321
5651
5317
5322
5652
5318
5323
5653
5324
5654
5325
5655
5321
5326
5656
5322
5327
5657
5323
5328
5658
5324
5329
5659
5330
5660
5331
5661
5327
5332
5662
5328
5333
5663
5329
5334
5664
5330
5335
5665
5336
5666
5337
5667
5333
5338
5668
5334
5339
5669
5335
5340
5670
5336
5341
5671
5342
5672
5343
5673
5339
5344
5674
5340
5345
5675
5341
5346
5676
5342
5347
5677
5348
5678
5349
5679
5345
5350
5680
5346
5351
5681
5347
5352
5682
5348
5353
5683
5354
5684
5355
5685
5351
5356
5686
5352
5357
5687
5353
5358
5688
5354
5359
5689
5360
5690
5361
5691
5357
5362
5692
5358
5363
5693
5359
5364
5694
5360
5365
5695
5366
5696
5367
5697
5363
5368
5698
5364
5699
5365
5700
5366
5701
5702
5369
5703
5370
5704
5371
5705
5372
5706
5373
5707
5374
5708
5381
5709
5375
5382
5710
5376
5383
5711
5377
5384
5712
5378
5385
5713
5379
5386
5714
5380
5387
5715
5388
5716
5389
5717
5383
5390
5718
5384
5391
5719
5385
5392
5720
5386
5393
5721
5387
5394
5722
5388
5395
5723
5396
5724
5397
5725
5391
5398
5726
5392
5399
5727
5393
5400
5728
5394
5401
5729
5395
5402
5730
5396
5403
5731
5404
5732
5405
5733
5399
5406
5734
5400
5407
5735
5401
5408
5736
5402
5409
5737
5403
5410
5738
5404
5411
5739
5412
5740
5413
5741
5407
5414
5742
5408
5415
5743
5409
5416
5744
5410
5417
5745
5411
5418
5746
5412
5419
5747
5420
5748
5421
5749
5415
5422
5750
5416
5423
5751
5417
5424
5752
5418
5425
5753
5419
5426
5754
5420
5427
5755
5428
5756
5429
5757
5423
5430
5758
5424
5431
5759
5425
5432
5760
5426
5433
5761
5427
5434
5762
5428
5435
5763
5436
5764
5437
5765
5431
5438
5766
5432
5439
5767
5433
5440
5768
5434
5441
5769
5435
5442
5770
5436
5443
5771
5444
5772
5445
5773
5439
5446
5774
5440
5447
5775
5441
5448
5776
5442
5449
5777
5443
5450
5778
5444
5451
5779
5452
5780
5453
5781
5447
5454
5782
5448
5455
5783
5449
5456
5784
5450
5457
5785
5451
5458
5786
5452
5459
5787
5460
5788
5461
5789
5455
5462
5790
5456
5463
5791
5457
5464
5792
5458
5465
5793
5459
5466
5794
5460
5467
5795
5468
5796
5469
5797
5463
5470
5798
5464
5471
5799
5465
5472
5800
5466
5473
5801
5467
5474
5802
5468
5475
5803
5476
5804
5477
5805
5471
5478
5806
5472
5807
5473
5808
5474
5809
5475
5810
5476
5811
5812
5479
5813
5480
5814
5481
5815
5482
5816
5483
5817
5484
5818
5486
5819
5485
5820
5821
5822
5490
5823
5489
5824
5491
5825
5492
5826
5493
5827
5494
5828
5501
5829
5495
5502
5830
5496
5503
5831
5497
5504
5832
5498
5505
5833
5499
5506
5834
5500
5507
5835
5508
5836
5509
5837
5503
5510
5838
5504
5511
5839
5505
5512
5840
5506
5513
5841
5507
5514
5842
5508
5515
5843
5516
5844
5517
5845
5511
5518
5846
5512
5519
5847
5513
5520
5848
5514
5521
5849
5515
5522
5850
5516
5523
5851
5524
5852
5525
5853
5519
5526
5854
5520
5527
5855
5521
5528
5856
5522
5529
5857
5523
5530
5858
5524
5531
5859
5532
5860
5533
5861
5527
5534
5862
5528
5535
5863
5529
5536
5864
5530
5537
5865
5531
5538
5866
5532
5539
5867
5540
5868
5541
5869
5535
5542
5870
5536
5543
5871
5537
5544
5872
5538
5545
5873
5539
5546
5874
5540
5547
5875
5548
5876
5549
5877
5543
5550
5878
5544
5551
5879
5545
5552
5880
5546
5553
5881
5547
5554
5882
5548
5555
5883
5556
5884
5557
5885
5551
5558
5886
5552
5559
5887
5553
5560
5888
5554
5561
5889
5555
5562
5890
5556
5563
5891
5564
5892
5565
5893
5559
5566
5894
5560
5567
5895
5561
5568
5896
5562
5569
5897
5563
5570
5898
5564
5571
5899
5572
5900
5573
5901
5567
5574
5902
5568
5575
5903
5569
5576
5904
5570
5577
5905
5571
5578
5906
5572
5579
5907
5580
5908
5581
5909
5575
5582
5910
5576
5911
5577
5912
5578
5913
5579
5914
5580
5915
5916
5583
5917
5584
5918
5585
5919
5586
5920
5587
5921
5588
5922
5589
5923
5590
5924
5591
5925
5592
5926
5593
5927
5594
5928
5595
5929
5596
5930
5597
5931
5598
5932
5599
5933
5600
5934
5601
5935
5602
5936
5607
5937
5603
5608
5938
5604
5609
5939
5605
5610
5940
5606
5611
5941
5612
5942
5613
5943
5609
5614
5944
5610
5615
5945
5611
5616
5946
5612
5617
5947
5618
5948
5619
5949
5615
5620
5950
5616
5621
5951
5617
5622
5952
5618
5623
5953
5624
5954
5625
5955
5621
5626
5956
5622
5627
5957
5623
5628
5958
5624
5629
5959
5630
5960
5631
5961
5627
5632
5962
5628
5633
5963
5629
5634
5964
5630
5635
5965
5636
5966
5637
5967
5633
5638
5968
5634
5639
5969
5635
5640
5970
5636
5641
5971
5642
5972
5643
5973
5639
5644
5974
5640
5645
5975
5641
5646
5976
5642
5647
5977
5648
5978
5649
5979
5645
5650
5980
5646
5651
5981
5647
5652
5982
5648
5653
5983
5654
5984
5655
5985
5651
5656
5986
5652
5657
5987
5653
5658
5988
5654
5659
5989
5660
5990
5661
5991
5657
5662
5992
5658
5663
5993
5659
5664
5994
5660
5665
5995
5666
5996
5667
5997
5663
5668
5998
5664
5669
5999
5665
5670
6000
5666
5671
6001
5672
6002
5673
6003
5669
5674
6004
5670
5675
6005
5671
5676
6006
5672
5677
6007
5678
6008
5679
6009
5675
5680
6010
5676
5681
6011
5677
5682
6012
5678
5683
6013
5684
6014
5685
6015
5681
5686
6016
5682
5687
6017
5683
5688
6018
5684
5689
6019
5690
6020
5691
6021
5687
5692
6022
5688
5693
6023
5689
5694
6024
5690
5695
6025
5696
6026
5697
6027
5693
5698
6028
5694
5699
6029
5695
5700
6030
5696
5701
6031
5702
6032
5703
6033
5699
5704
6034
5700
6035
5701
6036
5702
6037
6038
5705
6039
5706
6040
5707
6041
5708
6042
5709
6043
5710
6044
5717
6045
5711
5718
6046
5712
5719
6047
5713
5720
6048
5714
5721
6049
5715
5722
6050
5716
5723
6051
5724
6052
5725
6053
5719
5726
6054
5720
5727
6055
5721
5728
6056
5722
5729
6057
5723
5730
6058
5724
5731
6059
5732
6060
5733
6061
5727
5734
6062
5728
5735
6063
5729
5736
6064
5730
5737
6065
5731
5738
6066
5732
5739
6067
5740
6068
5741
6069
5735
5742
6070
5736
5743
6071
5737
5744
6072
5738
5745
6073
5739
5746
6074
5740
5747
6075
5748
6076
5749
6077
5743
5750
6078
5744
5751
6079
5745
5752
6080
5746
5753
6081
5747
5754
6082
5748
5755
6083
5756
6084
5757
6085
5751
5758
6086
5752
5759
6087
5753
5760
6088
5754
5761
6089
5755
5762
6090
5756
5763
6091
5764
6092
5765
6093
5759
5766
6094
5760
5767
6095
5761
5768
6096
5762
5769
6097
5763
5770
6098
5764
5771
6099
5772
6100
5773
6101
5767
5774
6102
5768
5775
6103
5769
5776
6104
5770
5777
6105
5771
5778
6106
5772
5779
6107
5780
6108
5781
6109
5775
5782
6110
5776
5783
6111
5777
5784
6112
5778
5785
6113
5779
5786
6114
5780
5787
6115
5788
6116
5789
6117
5783
5790
6118
5784
5791
6119
5785
5792
6120
5786
5793
6121
5787
5794
6122
5788
5795
6123
5796
6124
5797
6125
5791
5798
6126
5792
5799
6127
5793
5800
6128
5794
5801
6129
5795
5802
6130
5796
5803
6131
5804
6132
5805
6133
5799
5806
6134
5800
5807
6135
5801
5808
6136
5802
5809
6137
5803
5810
6138
5804
5811
6139
5812
6140
5813
6141
5807
5814
6142
5808
6143
5809
6144
5810
6145
5811
6146
5812
6147
6148
5815
6149
5816
6150
5817
6151
5818
6152
5819
6153
5820
6154
5822
6155
5821
6156
6157
6158
5826
6159
5825
6160
5827
6161
5828
6162
5829
6163
5830
6164
5837
6165
5831
5838
6166
5832
5839
6167
5833
5840
6168
5834
5841
6169
5835
5842
6170
5836
5843
6171
5844
6172
5845
6173
5839
5846
6174
5840
5847
6175
5841
5848
6176
5842
5849
6177
5843
5850
6178
5844
5851
6179
5852
6180
5853
6181
5847
5854
6182
5848
5855
6183
5849
5856
6184
5850
5857
6185
5851
5858
6186
5852
5859
6187
5860
6188
5861
6189
5855
5862
6190
5856
5863
6191
5857
5864
6192
5858
5865
6193
5859
5866
6194
5860
5867
6195
5868
6196
5869
6197
5863
5870
6198
5864
5871
6199
5865
5872
6200
5866
5873
6201
5867
5874
6202
5868
5875
6203
5876
6204
5877
6205
5871
5878
6206
5872
5879
6207
5873
5880
6208
5874
5881
6209
5875
5882
6210
5876
5883
6211
5884
6212
5885
6213
5879
5886
6214
5880
5887
6215
5881
5888
6216
5882
5889
6217
5883
5890
6218
5884
5891
6219
5892
6220
5893
6221
5887
5894
6222
5888
5895
6223
5889
5896
6224
5890
5897
6225
5891
5898
6226
5892
5899
6227
5900
6228
5901
6229
5895
5902
6230
5896
5903
6231
5897
5904
6232
5898
5905
6233
5899
5906
6234
5900
5907
6235
5908
6236
5909
6237
5903
5910
6238
5904
5911
6239
5905
5912
6240
5906
5913
6241
5907
5914
6242
5908
5915
6243
5916
6244
5917
6245
5911
5918
6246
5912
6247
5913
6248
5914
6249
5915
6250
5916
6251
6252
5919
6253
5920
6254
5921
6255
5922
6256
5923
6257
5924
6258
5925
6259
5926
6260
5927
6261
5928
6262
5929
6263
5930
6264
5931
6265
5932
6266
5933
6267
5934
6268
5935
6269
5936
6270
5937
6271
5938
6272
5943
6273
5939
5944
6274
5940
5945
6275
5941
5946
6276
5942
5947
6277
5948
6278
5949
6279
5945
5950
6280
5946
5951
6281
5947
5952
6282
5948
5953
6283
5954
6284
5955
6285
5951
5956
6286
5952
5957
6287
5953
5958
6288
5954
5959
6289
5960
6290
5961
6291
5957
5962
6292
5958
5963
6293
5959
5964
6294
5960
5965
6295
5966
6296
5967
6297
5963
5968
6298
5964
5969
6299
5965
5970
6300
5966
5971
6301
5972
6302
5973
6303
5969
5974
6304
5970
5975
6305
5971
5976
6306
5972
5977
6307
5978
6308
5979
6309
5975
5980
6310
5976
5981
6311
5977
5982
6312
5978
5983
6313
5984
6314
5985
6315
5981
5986
6316
5982
5987
6317
5983
5988
6318
5984
5989
6319
5990
6320
5991
6321
5987
5992
6322
5988
5993
6323
5989
5994
6324
5990
5995
6325
5996
6326
5997
6327
5993
5998
6328
5994
5999
6329
5995
6000
6330
5996
6001
6331
6002
6332
6003
6333
5999
6004
6334
6000
6005
6335
6001
6006
6336
6002
6007
6337
6008
6338
6009
6339
6005
6010
6340
6006
6011
6341
6007
6012
6342
6008
6013
6343
6014
6344
6015
6345
6011
6016
6346
6012
6017
6347
6013
6018
6348
6014
6019
6349
6020
6350
6021
6351
6017
6022
6352
6018
6023
6353
6019
6024
6354
6020
6025
6355
6026
6356
6027
6357
6023
6028
6358
6024
6029
6359
6025
6030
6360
6026
6031
6361
6032
6362
6033
6363
6029
6034
6364
6030
6035
6365
6031
6036
6366
6032
6037
6367
6038
6368
6039
6369
6035
6040
6370
6036
6371
6037
6372
6038
6373
6374
6041
6375
6042
6376
6043
6377
6044
6378
6045
6379
6046
6380
6053
6381
6047
6054
6382
6048
6055
6383
6049
6056
6384
6050
6057
6385
6051
6058
6386
6052
6059
6387
6060
6388
6061
6389
6055
6062
6390
6056
6063
6391
6057
6064
6392
6058
6065
6393
6059
6066
6394
6060
6067
6395
6068
6396
6069
6397
6063
6070
6398
6064
6071
6399
6065
6072
6400
6066
6073
6401
6067
6074
6402
6068
6075
6403
6076
6404
6077
6405
6071
6078
6406
6072
6079
6407
6073
6080
6408
6074
6081
6409
6075
6082
6410
6076
6083
6411
6084
6412
6085
6413
6079
6086
6414
6080
6087
6415
6081
6088
6416
6082
6089
6417
6083
6090
6418
6084
6091
6419
6092
6420
6093
6421
6087
6094
6422
6088
6095
6423
6089
6096
6424
6090
6097
6425
6091
6098
6426
6092
6099
6427
6100
6428
6101
6429
6095
6102
6430
6096
6103
6431
6097
6104
6432
6098
6105
6433
6099
6106
6434
6100
6107
6435
6108
6436
6109
6437
6103
6110
6438
6104
6111
6439
6105
6112
6440
6106
6113
6441
6107
6114
6442
6108
6115
6443
6116
6444
6117
6445
6111
6118
6446
6112
6119
6447
6113
6120
6448
6114
6121
6449
6115
6122
6450
6116
6123
6451
6124
6452
6125
6453
6119
6126
6454
6120
6127
6455
6121
6128
6456
6122
6129
6457
6123
6130
6458
6124
6131
6459
6132
6460
6133
6461
6127
6134
6462
6128
6135
6463
6129
6136
6464
6130
6137
6465
6131
6138
6466
6132
6139
6467
6140
6468
6141
6469
6135
6142
6470
6136
6143
6471
6137
6144
6472
6138
6145
6473
6139
6146
6474
6140
6147
6475
6148
6476
6149
6477
6143
6150
6478
6144
6479
6145
6480
6146
6481
6147
6482
6148
6483
6484
6151
6485
6152
6486
6153
6487
6154
6488
6155
6489
6156
6490
6158
6491
6157
6492
6493
6494
6162
6495
6161
6496
6163
6497
6164
6498
6165
6499
6166
6500
6173
6501
6167
6174
6502
6168
6175
6503
6169
6176
6504
6170
6177
6505
6171
6178
6506
6172
6179
6507
6180
6508
6181
6509
6175
6182
6510
6176
6183
6511
6177
6184
6512
6178
6185
6513
6179
6186
6514
6180
6187
6515
6188
6516
6189
6517
6183
6190
6518
6184
6191
6519
6185
6192
6520
6186
6193
6521
6187
6194
6522
6188
6195
6523
6196
6524
6197
6525
6191
6198
6526
6192
6199
6527
6193
6200
6528
6194
6201
6529
6195
6202
6530
6196
6203
6531
6204
6532
6205
6533
6199
6206
6534
6200
6207
6535
6201
6208
6536
6202
6209
6537
6203
6210
6538
6204
6211
6539
6212
6540
6213
6541
6207
6214
6542
6208
6215
6543
6209
6216
6544
6210
6217
6545
6211
6218
6546
6212
6219
6547
6220
6548
6221
6549
6215
6222
6550
6216
6223
6551
6217
6224
6552
6218
6225
6553
6219
6226
6554
6220
6227
6555
6228
6556
6229
6557
6223
6230
6558
6224
6231
6559
6225
6232
6560
6226
6233
6561
6227
6234
6562
6228
6235
6563
6236
6564
6237
6565
6231
6238
6566
6232
6239
6567
6233
6240
6568
6234
6241
6569
6235
6242
6570
6236
6243
6571
6244
6572
6245
6573
6239
6246
6574
6240
6247
6575
6241
6248
6576
6242
6249
6577
6243
6250
6578
6244
6251
6579
6252
6580
6253
6581
6247
6254
6582
6248
6583
6249
6584
6250
6585
6251
6586
6252
6587
6588
6255
6589
6256
6590
6257
6591
6258
6592
6259
6593
6260
6594
6261
6595
6262
6596
6263
6597
6264
6598
6265
6599
6266
6600
6267
6601
6268
6602
6269
6603
6270
6604
6271
6605
6272
6606
6273
6607
6274
6608
6279
6609
6275
6280
6610
6276
6281
6611
6277
6282
6612
6278
6283
6613
6284
6614
6285
6615
6281
6286
6616
6282
6287
6617
6283
6288
6618
6284
6289
6619
6290
6620
6291
6621
6287
6292
6622
6288
6293
6623
6289
6294
6624
6290
6295
6625
6296
6626
6297
6627
6293
6298
6628
6294
6299
6629
6295
6300
6630
6296
6301
6631
6302
6632
6303
6633
6299
6304
6634
6300
6305
6635
6301
6306
6636
6302
6307
6637
6308
6638
6309
6639
6305
6310
6640
6306
6311
6641
6307
6312
6642
6308
6313
6643
6314
6644
6315
6645
6311
6316
6646
6312
6317
6647
6313
6318
6648
6314
6319
6649
6320
6650
6321
6651
6317
6322
6652
6318
6323
6653
6319
6324
6654
6320
6325
6655
6326
6656
6327
6657
6323
6328
6658
6324
6329
6659
6325
6330
6660
6326
6331
6661
6332
6662
6333
6663
6329
6334
6664
6330
6335
6665
6331
6336
6666
6332
6337
6667
6338
6668
6339
6669
6335
6340
6670
6336
6341
6671
6337
6342
6672
6338
6343
6673
6344
6674
6345
6675
6341
6346
6676
6342
6347
6677
6343
6348
6678
6344
6349
6679
6350
6680
6351
6681
6347
6352
6682
6348
6353
6683
6349
6354
6684
6350
6355
6685
6356
6686
6357
6687
6353
6358
6688
6354
6359
6689
6355
6360
6690
6356
6361
6691
6362
6692
6363
6693
6359
6364
6694
6360
6365
6695
6361
6366
6696
6362
6367
6697
6368
6698
6369
6699
6365
6370
6700
6366
6371
6701
6367
6372
6702
6368
6373
6703
6374
6704
6375
6705
6371
6376
6706
6372
6707
6373
6708
6374
6709
6710
6377
6711
6378
6712
6379
6713
6380
6714
6381
6715
6382
6716
6389
6717
6383
6390
6718
6384
6391
6719
6385
6392
6720
6386
6393
6721
6387
6394
6722
6388
6395
6723
6396
6724
6397
6725
6391
6398
6726
6392
6399
6727
6393
6400
6728
6394
6401
6729
6395
6402
6730
6396
6403
6731
6404
6732
6405
6733
6399
6406
6734
6400
6407
6735
6401
6408
6736
6402
6409
6737
6403
6410
6738
6404
6411
6739
6412
6740
6413
6741
6407
6414
6742
6408
6415
6743
6409
6416
6744
6410
6417
6745
6411
6418
6746
6412
6419
6747
6420
6748
6421
6749
6415
6422
6750
6416
6423
6751
6417
6424
6752
6418
6425
6753
6419
6426
6754
6420
6427
6755
6428
6756
6429
6757
6423
6430
6758
6424
6431
6759
6425
6432
6760
6426
6433
6761
6427
6434
6762
6428
6435
6763
6436
6764
6437
6765
6431
6438
6766
6432
6439
6767
6433
6440
6768
6434
6441
6769
6435
6442
6770
6436
6443
6771
6444
6772
6445
6773
6439
6446
6774
6440
6447
6775
6441
6448
6776
6442
6449
6777
6443
6450
6778
6444
6451
6779
6452
6780
6453
6781
6447
6454
6782
6448
6455
6783
6449
6456
6784
6450
6457
6785
6451
6458
6786
6452
6459
6787
6460
6788
6461
6789
6455
6462
6790
6456
6463
6791
6457
6464
6792
6458
6465
6793
6459
6466
6794
6460
6467
6795
6468
6796
6469
6797
6463
6470
6798
6464
6471
6799
6465
6472
6800
6466
6473
6801
6467
6474
6802
6468
6475
6803
6476
6804
6477
6805
6471
6478
6806
6472
6479
6807
6473
6480
6808
6474
6481
6809
6475
6482
6810
6476
6483
6811
6484
6812
6485
6813
6479
6486
6814
6480
6815
6481
6816
6482
6817
6483
6818
6484
6819
6820
6487
6821
6488
6822
6489
6823
6490
6824
6491
6825
6492
6826
6494
6827
6493
6828
6829
6830
6498
6831
6497
6832
6499
6833
6500
6834
6501
6835
6502
6836
6509
6837
6503
6510
6838
6504
6511
6839
6505
6512
6840
6506
6513
6841
6507
6514
6842
6508
6515
6843
6516
6844
6517
6845
6511
6518
6846
6512
6519
6847
6513
6520
6848
6514
6521
6849
6515
6522
6850
6516
6523
6851
6524
6852
6525
6853
6519
6526
6854
6520
6527
6855
6521
6528
6856
6522
6529
6857
6523
6530
6858
6524
6531
6859
6532
6860
6533
6861
6527
6534
6862
6528
6535
6863
6529
6536
6864
6530
6537
6865
6531
6538
6866
6532
6539
6867
6540
6868
6541
6869
6535
6542
6870
6536
6543
6871
6537
6544
6872
6538
6545
6873
6539
6546
6874
6540
6547
6875
6548
6876
6549
6877
6543
6550
6878
6544
6551
6879
6545
6552
6880
6546
6553
6881
6547
6554
6882
6548
6555
6883
6556
6884
6557
6885
6551
6558
6886
6552
6559
6887
6553
6560
6888
6554
6561
6889
6555
6562
6890
6556
6563
6891
6564
6892
6565
6893
6559
6566
6894
6560
6567
6895
6561
6568
6896
6562
6569
6897
6563
6570
6898
6564
6571
6899
6572
6900
6573
6901
6567
6574
6902
6568
6575
6903
6569
6576
6904
6570
6577
6905
6571
6578
6906
6572
6579
6907
6580
6908
6581
6909
6575
6582
6910
6576
6583
6911
6577
6584
6912
6578
6585
6913
6579
6586
6914
6580
6587
6915
6588
6916
6589
6917
6583
6590
6918
6584
6919
6585
6920
6586
6921
6587
6922
6588
6923
6924
6591
6925
6592
6926
6593
6927
6594
6928
6595
6929
6596
6930
6597
6931
6598
6932
6599
6933
6600
6934
6601
6935
6602
6936
6603
6937
6604
6938
6605
6939
6606
6940
6607
6941
6608
6942
6609
6943
6610
6944
6615
6945
6611
6616
6946
6612
6617
6947
6613
6618
6948
6614
6619
6949
6620
6950
6621
6951
6617
6622
6952
6618
6623
6953
6619
6624
6954
6620
6625
6955
6626
6956
6627
6957
6623
6628
6958
6624
6629
6959
6625
6630
6960
6626
6631
6961
6632
6962
6633
6963
6629
6634
6964
6630
6635
6965
6631
6636
6966
6632
6637
6967
6638
6968
6639
6969
6635
6640
6970
6636
6641
6971
6637
6642
6972
6638
6643
6973
6644
6974
6645
6975
6641
6646
6976
6642
6647
6977
6643
6648
6978
6644
6649
6979
6650
6980
6651
6981
6647
6652
6982
6648
6653
6983
6649
6654
6984
6650
6655
6985
6656
6986
6657
6987
6653
6658
6988
6654
6659
6989
6655
6660
6990
6656
6661
6991
6662
6992
6663
6993
6659
6664
6994
6660
6665
6995
6661
6666
6996
6662
6667
6997
6668
6998
6669
6999
6665
6670
7000
6666
6671
7001
6667
6672
7002
6668
6673
7003
6674
7004
6675
7005
6671
6676
7006
6672
6677
7007
6673
6678
7008
6674
6679
7009
6680
7010
6681
7011
6677
6682
7012
6678
6683
7013
6679
6684
7014
6680
6685
7015
6686
7016
6687
7017
6683
6688
7018
6684
6689
7019
6685
6690
7020
6686
6691
7021
6692
7022
6693
7023
6689
6694
7024
6690
6695
7025
6691
6696
7026
6692
6697
7027
6698
7028
6699
7029
6695
6700
7030
6696
6701
7031
6697
6702
7032
6698
6703
7033
6704
7034
6705
7035
6701
6706
7036
6702
6707
7037
6703
6708
7038
6704
6709
7039
6710
7040
6711
7041
6707
6712
7042
6708
7043
6709
7044
6710
7045
7046
6713
7047
6714
7048
6715
7049
6716
7050
6717
7051
6718
7052
6725
7053
6719
6726
7054
6720
6727
7055
6721
6728
7056
6722
6729
7057
6723
6730
7058
6724
6731
7059
6732
7060
6733
7061
6727
6734
7062
6728
6735
7063
6729
6736
7064
6730
6737
7065
6731
6738
7066
6732
6739
7067
6740
7068
6741
7069
6735
6742
7070
6736
6743
7071
6737
6744
7072
6738
6745
7073
6739
6746
7074
6740
6747
7075
6748
7076
6749
7077
6743
6750
7078
6744
6751
7079
6745
6752
7080
6746
6753
7081
6747
6754
7082
6748
6755
7083
6756
7084
6757
7085
6751
6758
7086
6752
6759
7087
6753
6760
7088
6754
6761
7089
6755
6762
7090
6756
6763
7091
6764
7092
6765
7093
6759
6766
7094
6760
6767
7095
6761
6768
7096
6762
6769
7097
6763
6770
7098
6764
6771
7099
6772
7100
6773
7101
6767
6774
7102
6768
6775
7103
6769
6776
7104
6770
6777
7105
6771
6778
7106
6772
6779
7107
6780
7108
6781
7109
6775
6782
7110
6776
6783
7111
6777
6784
7112
6778
6785
7113
6779
6786
7114
6780
6787
7115
6788
7116
6789
7117
6783
6790
7118
6784
6791
7119
6785
6792
7120
6786
6793
7121
6787
6794
7122
6788
6795
7123
6796
7124
6797
7125
6791
6798
7126
6792
6799
7127
6793
6800
7128
6794
6801
7129
6795
6802
7130
6796
6803
7131
6804
7132
6805
7133
6799
6806
7134
6800
6807
7135
6801
6808
7136
6802
6809
7137
6803
6810
7138
6804
6811
7139
6812
7140
6813
7141
6807
6814
7142
6808
6815
7143
6809
6816
7144
6810
6817
7145
6811
6818
7146
6812
6819
7147
6820
7148
6821
7149
6815
6822
7150
6816
7151
6817
7152
6818
7153
6819
7154
6820
7155
7156
6823
7157
6824
7158
6825
7159
6826
7160
6827
7161
6828
7162
6830
7163
6829
7164
7165
7166
6834
7167
6833
7168
6835
7169
6836
7170
6837
7171
6838
7172
6845
7173
6839
6846
7174
6840
6847
7175
6841
6848
7176
6842
6849
7177
6843
6850
7178
6844
6851
7179
6852
7180
6853
7181
6847
6854
7182
6848
6855
7183
6849
6856
7184
6850
6857
7185
6851
6858
7186
6852
6859
7187
6860
7188
6861
7189
6855
6862
7190
6856
6863
7191
6857
6864
7192
6858
6865
7193
6859
6866
7194
6860
6867
7195
6868
7196
6869
7197
6863
6870
7198
6864
6871
7199
6865
6872
7200
6866
6873
7201
6867
6874
7202
6868
6875
7203
6876
7204
6877
7205
6871
6878
7206
6872
6879
7207
6873
6880
7208
6874
6881
7209
6875
6882
7210
6876
6883
7211
6884
7212
6885
7213
6879
6886
7214
6880
6887
7215
6881
6888
7216
6882
6889
7217
6883
6890
7218
6884
6891
7219
6892
7220
6893
7221
6887
6894
7222
6888
6895
7223
6889
6896
7224
6890
6897
7225
6891
6898
7226
6892
6899
7227
6900
7228
6901
7229
6895
6902
7230
6896
6903
7231
6897
6904
7232
6898
6905
7233
6899
6906
7234
6900
6907
7235
6908
7236
6909
7237
6903
6910
7238
6904
6911
7239
6905
6912
7240
6906
6913
7241
6907
6914
7242
6908
6915
7243
6916
7244
6917
7245
6911
6918
7246
6912
6919
7247
6913
6920
7248
6914
6921
7249
6915
6922
7250
6916
6923
7251
6924
7252
6925
7253
6919
6926
7254
6920
7255
6921
7256
6922
7257
6923
7258
6924
7259
7260
6927
7261
6928
7262
6929
7263
6930
7264
6931
7265
6932
7266
6933
7267
6934
7268
6935
7269
6936
7270
6937
7271
6938
7272
6939
7273
6940
7274
6941
7275
6942
7276
6943
7277
6944
7278
6945
7279
6946
7280
6951
7281
6947
6952
7282
6948
6953
7283
6949
6954
7284
6950
6955
7285
6956
7286
6957
7287
6953
6958
7288
6954
6959
7289
6955
6960
7290
6956
6961
7291
6962
7292
6963
7293
6959
6964
7294
6960
6965
7295
6961
6966
7296
6962
6967
7297
6968
7298
6969
7299
6965
6970
7300
6966
6971
7301
6967
6972
7302
6968
6973
7303
6974
7304
6975
7305
6971
6976
7306
6972
6977
7307
6973
6978
7308
6974
6979
7309
6980
7310
6981
7311
6977
6982
7312
6978
6983
7313
6979
6984
7314
6980
6985
7315
6986
7316
6987
7317
6983
6988
7318
6984
6989
7319
6985
6990
7320
6986
6991
7321
6992
7322
6993
7323
6989
6994
7324
6990
6995
7325
6991
6996
7326
6992
6997
7327
6998
7328
6999
7329
6995
7000
7330
6996
7001
7331
6997
7002
7332
6998
7003
7333
7004
7334
7005
7335
7001
7006
7336
7002
7007
7337
7003
7008
7338
7004
7009
7339
7010
7340
7011
7341
7007
7012
7342
7008
7013
7343
7009
7014
7344
7010
7015
7345
7016
7346
7017
7347
7013
7018
7348
7014
7019
7349
7015
7020
7350
7016
7021
7351
7022
7352
7023
7353
7019
7024
7354
7020
7025
7355
7021
7026
7356
7022
7027
7357
7028
7358
7029
7359
7025
7030
7360
7026
7031
7361
7027
7032
7362
7028
7033
7363
7034
7364
7035
7365
7031
7036
7366
7032
7037
7367
7033
7038
7368
7034
7039
7369
7040
7370
7041
7371
7037
7042
7372
7038
7043
7373
7039
7044
7374
7040
7045
7375
7046
7376
7047
7377
7043
7048
7378
7044
7379
7045
7380
7046
7381
7382
7049
7383
7050
7384
7051
7385
7052
7386
7053
7387
7054
7388
7061
7389
7055
7062
7390
7056
7063
7391
7057
7064
7392
7058
7065
7393
7059
7066
7394
7060
7067
7395
7068
7396
7069
7397
7063
7070
7398
7064
7071
7399
7065
7072
7400
7066
7073
7401
7067
7074
7402
7068
7075
7403
7076
7404
7077
7405
7071
7078
7406
7072
7079
7407
7073
7080
7408
7074
7081
7409
7075
7082
7410
7076
7083
7411
7084
7412
7085
7413
7079
7086
7414
7080
7087
7415
7081
7088
7416
7082
7089
7417
7083
7090
7418
7084
7091
7419
7092
7420
7093
7421
7087
7094
7422
7088
7095
7423
7089
7096
7424
7090
7097
7425
7091
7098
7426
7092
7099
7427
7100
7428
7101
7429
7095
7102
7430
7096
7103
7431
7097
7104
7432
7098
7105
7433
7099
7106
7434
7100
7107
7435
7108
7436
7109
7437
7103
7110
7438
7104
7111
7439
7105
7112
7440
7106
7113
7441
7107
7114
7442
7108
7115
7443
7116
7444
7117
7445
7111
7118
7446
7112
7119
7447
7113
7120
7448
7114
7121
7449
7115
7122
7450
7116
7123
7451
7124
7452
7125
7453
7119
7126
7454
7120
7127
7455
7121
7128
7456
7122
7129
7457
7123
7130
7458
7124
7131
7459
7132
7460
7133
7461
7127
7134
7462
7128
7135
7463
7129
7136
7464
7130
7137
7465
7131
7138
7466
7132
7139
7467
7140
7468
7141
7469
7135
7142
7470
7136
7143
7471
7137
7144
7472
7138
7145
7473
7139
7146
7474
7140
7147
7475
7148
7476
7149
7477
7143
7150
7478
7144
7151
7479
7145
7152
7480
7146
7153
7481
7147
7154
7482
7148
7155
7483
7156
7484
7157
7485
7151
7158
7486
7152
7487
7153
7488
7154
7489
7155
7490
7156
7491
7492
7159
7493
7160
7494
7161
7495
7162
7496
7163
7497
7164
7498
7166
7499
7165
7500
7501
7502
7170
7503
7169
7504
7171
7505
7172
7506
7173
7507
7174
7508
7181
7509
7175
7182
7510
7176
7183
7511
7177
7184
7512
7178
7185
7513
7179
7186
7514
7180
7187
7515
7188
7516
7189
7517
7183
7190
7518
7184
7191
7519
7185
7192
7520
7186
7193
7521
7187
7194
7522
7188
7195
7523
7196
7524
7197
7525
7191
7198
7526
7192
7199
7527
7193
7200
7528
7194
7201
7529
7195
7202
7530
7196
7203
7531
7204
7532
7205
7533
7199
7206
7534
7200
7207
7535
7201
7208
7536
7202
7209
7537
7203
7210
7538
7204
7211
7539
7212
7540
7213
7541
7207
7214
7542
7208
7215
7543
7209
7216
7544
7210
7217
7545
7211
7218
7546
7212
7219
7547
7220
7548
7221
7549
7215
7222
7550
7216
7223
7551
7217
7224
7552
7218
7225
7553
7219
7226
7554
7220
7227
7555
7228
7556
7229
7557
7223
7230
7558
7224
7231
7559
7225
7232
7560
7226
7233
7561
7227
7234
7562
7228
7235
7563
7236
7564
7237
7565
7231
7238
7566
7232
7239
7567
7233
7240
7568
7234
7241
7569
7235
7242
7570
7236
7243
7571
7244
7572
7245
7573
7239
7246
7574
7240
7247
7575
7241
7248
7576
7242
7249
7577
7243
7250
7578
7244
7251
7579
7252
7580
7253
7581
7247
7254
7582
7248
7255
7583
7249
7256
7584
7250
7257
7585
7251
7258
7586
7252
7259
7587
7260
7588
7261
7589
7255
7262
7590
7256
7591
7257
7592
7258
7593
7259
7594
7260
7595
7596
7263
7597
7264
7598
7265
7599
7266
7600
7267
7601
7268
7602
7269
7603
7270
7604
7271
7605
7272
7606
7273
7607
7274
7608
7275
7609
7276
7610
7277
7611
7278
7612
7279
7613
7280
7614
7281
7615
7282
7616
7287
7617
7283
7288
7618
7284
7289
7619
7285
7290
7620
7286
7291
7621
7292
7622
7293
7623
7289
7294
7624
7290
7295
7625
7291
7296
7626
7292
7297
7627
7298
7628
7299
7629
7295
7300
7630
7296
7301
7631
7297
7302
7632
7298
7303
7633
7304
7634
7305
7635
7301
7306
7636
7302
7307
7637
7303
7308
7638
7304
7309
7639
7310
7640
7311
7641
7307
7312
7642
7308
7313
7643
7309
7314
7644
7310
7315
7645
7316
7646
7317
7647
7313
7318
7648
7314
7319
7649
7315
7320
7650
7316
7321
7651
7322
7652
7323
7653
7319
7324
7654
7320
7325
7655
7321
7326
7656
7322
7327
7657
7328
7658
7329
7659
7325
7330
7660
7326
7331
7661
7327
7332
7662
7328
7333
7663
7334
7664
7335
7665
7331
7336
7666
7332
7337
7667
7333
7338
7668
7334
7339
7669
7340
7670
7341
7671
7337
7342
7672
7338
7343
7673
7339
7344
7674
7340
7345
7675
7346
7676
7347
7677
7343
7348
7678
7344
7349
7679
7345
7350
7680
7346
7351
7681
7352
7682
7353
7683
7349
7354
7684
7350
7355
7685
7351
7356
7686
7352
7357
7687
7358
7688
7359
7689
7355
7360
7690
7356
7361
7691
7357
7362
7692
7358
7363
7693
7364
7694
7365
7695
7361
7366
7696
7362
7367
7697
7363
7368
7698
7364
7369
7699
7370
7700
7371
7701
7367
7372
7702
7368
7373
7703
7369
7374
7704
7370
7375
7705
7376
7706
7377
7707
7373
7378
7708
7374
7379
7709
7375
7380
7710
7376
7381
7711
7382
7712
7383
7713
7379
7384
7714
7380
7715
7381
7716
7382
7717
7718
7385
7719
7386
7720
7387
7721
7388
7722
7389
7723
7390
7724
7397
7725
7391
7398
7726
7392
7399
7727
7393
7400
7728
7394
7401
7729
7395
7402
7730
7396
7403
7731
7404
7732
7405
7733
7399
7406
7734
7400
7407
7735
7401
7408
7736
7402
7409
7737
7403
7410
7738
7404
7411
7739
7412
7740
7413
7741
7407
7414
7742
7408
7415
7743
7409
7416
7744
7410
7417
7745
7411
7418
7746
7412
7419
7747
7420
7748
7421
7749
7415
7422
7750
7416
7423
7751
7417
7424
7752
7418
7425
7753
7419
7426
7754
7420
7427
7755
7428
7756
7429
7757
7423
7430
7758
7424
7431
7759
7425
7432
7760
7426
7433
7761
7427
7434
7762
7428
7435
7763
7436
7764
7437
7765
7431
7438
7766
7432
7439
7767
7433
7440
7768
7434
7441
7769
7435
7442
7770
7436
7443
7771
7444
7772
7445
7773
7439
7446
7774
7440
7447
7775
7441
7448
7776
7442
7449
7777
7443
7450
7778
7444
7451
7779
7452
7780
7453
7781
7447
7454
7782
7448
7455
7783
7449
7456
7784
7450
7457
7785
7451
7458
7786
7452
7459
7787
7460
7788
7461
7789
7455
7462
7790
7456
7463
7791
7457
7464
7792
7458
7465
7793
7459
7466
7794
7460
7467
7795
7468
7796
7469
7797
7463
7470
7798
7464
7471
7799
7465
7472
7800
7466
7473
7801
7467
7474
7802
7468
7475
7803
7476
7804
7477
7805
7471
7478
7806
7472
7479
7807
7473
7480
7808
7474
7481
7809
7475
7482
7810
7476
7483
7811
7484
7812
7485
7813
7479
7486
7814
7480
7487
7815
7481
7488
7816
7482
7489
7817
7483
7490
7818
7484
7491
7819
7492
7820
7493
7821
7487
7494
7822
7488
7823
7489
7824
7490
7825
7491
7826
7492
7827
7828
7495
7829
7496
7830
7497
7831
7498
7832
7499
7833
7500
7834
7502
7835
7501
7836
7837
7838
7506
7839
7505
7840
7507
7841
7508
7842
7509
7843
7510
7844
7517
7845
7511
7518
7846
7512
7519
7847
7513
7520
7848
7514
7521
7849
7515
7522
7850
7516
7523
7851
7524
7852
7525
7853
7519
7526
7854
7520
7527
7855
7521
7528
7856
7522
7529
7857
7523
7530
7858
7524
7531
7859
7532
7860
7533
7861
7527
7534
7862
7528
7535
7863
7529
7536
7864
7530
7537
7865
7531
7538
7866
7532
7539
7867
7540
7868
7541
7869
7535
7542
7870
7536
7543
7871
7537
7544
7872
7538
7545
7873
7539
7546
7874
7540
7547
7875
7548
7876
7549
7877
7543
7550
7878
7544
7551
7879
7545
7552
7880
7546
7553
7881
7547
7554
7882
7548
7555
7883
7556
7884
7557
7885
7551
7558
7886
7552
7559
7887
7553
7560
7888
7554
7561
7889
7555
7562
7890
7556
7563
7891
7564
7892
7565
7893
7559
7566
7894
7560
7567
7895
7561
7568
7896
7562
7569
7897
7563
7570
7898
7564
7571
7899
7572
7900
7573
7901
7567
7574
7902
7568
7575
7903
7569
7576
7904
7570
7577
7905
7571
7578
7906
7572
7579
7907
7580
7908
7581
7909
7575
7582
7910
7576
7583
7911
7577
7584
7912
7578
7585
7913
7579
7586
7914
7580
7587
7915
7588
7916
7589
7917
7583
7590
7918
7584
7591
7919
7585
7592
7920
7586
7593
7921
7587
7594
7922
7588
7595
7923
7596
7924
7597
7925
7591
7598
7926
7592
7927
7593
7928
7594
7929
7595
7930
7596
7931
7932
7599
7933
7600
7934
7601
7935
7602
7936
7603
7937
7604
7938
7605
7939
7606
7940
7607
7941
7608
7942
7609
7943
7610
7944
7611
7945
7612
7946
7613
7947
7614
7948
7615
7949
7616
7950
7617
7951
7618
7952
7623
7953
7619
7624
7954
7620
7625
7955
7621
7626
7956
7622
7627
7957
7628
7958
7629
7959
7625
7630
7960
7626
7631
7961
7627
7632
7962
7628
7633
7963
7634
7964
7635
7965
7631
7636
7966
7632
7637
7967
7633
7638
7968
7634
7639
7969
7640
7970
7641
7971
7637
7642
7972
7638
7643
7973
7639
7644
7974
7640
7645
7975
7646
7976
7647
7977
7643
7648
7978
7644
7649
7979
7645
7650
7980
7646
7651
7981
7652
7982
7653
7983
7649
7654
7984
7650
7655
7985
7651
7656
7986
7652
7657
7987
7658
7988
7659
7989
7655
7660
7990
7656
7661
7991
7657
7662
7992
7658
7663
7993
7664
7994
7665
7995
7661
7666
7996
7662
7667
7997
7663
7668
7998
7664
7669
7999
7670
8000
7671
8001
7667
7672
8002
7668
7673
8003
7669
7674
8004
7670
7675
8005
7676
8006
7677
8007
7673
7678
8008
7674
7679
8009
7675
7680
8010
7676
7681
8011
7682
8012
7683
8013
7679
7684
8014
7680
7685
8015
7681
7686
8016
7682
7687
8017
7688
8018
7689
8019
7685
7690
8020
7686
7691
8021
7687
7692
8022
7688
7693
8023
7694
8024
7695
8025
7691
7696
8026
7692
7697
8027
7693
7698
8028
7694
7699
8029
7700
8030
7701
8031
7697
7702
8032
7698
7703
8033
7699
7704
8034
7700
7705
8035
7706
8036
7707
8037
7703
7708
8038
7704
7709
8039
7705
7710
8040
7706
7711
8041
7712
8042
7713
8043
7709
7714
8044
7710
7715
8045
7711
7716
8046
7712
7717
8047
7718
8048
7719
8049
7715
7720
8050
7716
8051
7717
8052
7718
8053
8054
7721
8055
7722
8056
7723
8057
7724
8058
7725
8059
7726
8060
7733
8061
7727
7734
8062
7728
7735
8063
7729
7736
8064
7730
7737
8065
7731
7738
8066
7732
7739
8067
7740
8068
7741
8069
7735
7742
8070
7736
7743
8071
7737
7744
8072
7738
7745
8073
7739
7746
8074
7740
7747
8075
7748
8076
7749
8077
7743
7750
8078
7744
7751
8079
7745
7752
8080
7746
7753
8081
7747
7754
8082
7748
7755
8083
7756
8084
7757
8085
7751
7758
8086
7752
7759
8087
7753
7760
8088
7754
7761
8089
7755
7762
8090
7756
7763
8091
7764
8092
7765
8093
7759
7766
8094
7760
7767
8095
7761
7768
8096
7762
7769
8097
7763
7770
8098
7764
7771
8099
7772
8100
7773
8101
7767
7774
8102
7768
7775
8103
7769
7776
8104
7770
7777
8105
7771
7778
8106
7772
7779
8107
7780
8108
7781
8109
7775
7782
8110
7776
7783
8111
7777
7784
8112
7778
7785
8113
7779
7786
8114
7780
7787
8115
7788
8116
7789
8117
7783
7790
8118
7784
7791
8119
7785
7792
8120
7786
7793
8121
7787
7794
8122
7788
7795
8123
7796
8124
7797
8125
7791
7798
8126
7792
7799
8127
7793
7800
8128
7794
7801
8129
7795
7802
8130
7796
7803
8131
7804
8132
7805
8133
7799
7806
8134
7800
7807
8135
7801
7808
8136
7802
7809
8137
7803
7810
8138
7804
7811
8139
7812
8140
7813
8141
7807
7814
8142
7808
7815
8143
7809
7816
8144
7810
7817
8145
7811
7818
8146
7812
7819
8147
7820
8148
7821
8149
7815
7822
8150
7816
7823
8151
7817
7824
8152
7818
7825
8153
7819
7826
8154
7820
7827
8155
7828
8156
7829
8157
7823
7830
8158
7824
8159
7825
8160
7826
8161
7827
8162
7828
8163
8164
7831
8165
7832
8166
7833
8167
7834
8168
7835
8169
7836
8170
7838
8171
7837
8172
8173
8174
7842
8175
7841
8176
7843
8177
7844
8178
7845
8179
7846
8180
7853
8181
7847
7854
8182
7848
7855
8183
7849
7856
8184
7850
7857
8185
7851
7858
8186
7852
7859
8187
7860
8188
7861
8189
7855
7862
8190
7856
7863
8191
7857
7864
8192
7858
7865
8193
7859
7866
8194
7860
7867
8195
7868
8196
7869
8197
7863
7870
8198
7864
7871
8199
7865
7872
8200
7866
7873
8201
7867
7874
8202
7868
7875
8203
7876
8204
7877
8205
7871
7878
8206
7872
7879
8207
7873
7880
8208
7874
7881
8209
7875
7882
8210
7876
7883
8211
7884
8212
7885
8213
7879
7886
8214
7880
7887
8215
7881
7888
8216
7882
7889
8217
7883
7890
8218
7884
7891
8219
7892
8220
7893
8221
7887
7894
8222
7888
7895
8223
7889
7896
8224
7890
7897
8225
7891
7898
8226
7892
7899
8227
7900
8228
7901
8229
7895
7902
8230
7896
7903
8231
7897
7904
8232
7898
7905
8233
7899
7906
8234
7900
7907
8235
7908
8236
7909
8237
7903
7910
8238
7904
7911
8239
7905
7912
8240
7906
7913
8241
7907
7914
8242
7908
7915
8243
7916
8244
7917
8245
7911
7918
8246
7912
7919
8247
7913
7920
8248
7914
7921
8249
7915
7922
8250
7916
7923
8251
7924
8252
7925
8253
7919
7926
8254
7920
7927
8255
7921
7928
8256
7922
7929
8257
7923
7930
8258
7924
7931
8259
7932
8260
7933
8261
7927
7934
8262
7928
8263
7929
8264
7930
8265
7931
8266
7932
8267
8268
7935
8269
7936
8270
7937
8271
7938
8272
7939
8273
7940
8274
7941
8275
7942
8276
7943
8277
7944
8278
7945
8279
7946
8280
7947
8281
7948
8282
7949
8283
7950
8284
7951
8285
7952
8286
7953
8287
7954
8288
7959
8289
7955
7960
8290
7956
7961
8291
7957
7962
8292
7958
7963
8293
7964
8294
7965
8295
7961
7966
8296
7962
7967
8297
7963
7968
8298
7964
7969
8299
7970
8300
7971
8301
7967
7972
8302
7968
7973
8303
7969
7974
8304
7970
7975
8305
7976
8306
7977
8307
7973
7978
8308
7974
7979
8309
7975
7980
8310
7976
7981
8311
7982
8312
7983
8313
7979
7984
8314
7980
7985
8315
7981
7986
8316
7982
7987
8317
7988
8318
7989
8319
7985
7990
8320
7986
7991
8321
7987
7992
8322
7988
7993
8323
7994
8324
7995
8325
7991
7996
8326
7992
7997
8327
7993
7998
8328
7994
7999
8329
8000
8330
8001
8331
7997
8002
8332
7998
8003
8333
7999
8004
8334
8000
8005
8335
8006
8336
8007
8337
8003
8008
8338
8004
8009
8339
8005
8010
8340
8006
8011
8341
8012
8342
8013
8343
8009
8014
8344
8010
8015
8345
8011
8016
8346
8012
8017
8347
8018
8348
8019
8349
8015
8020
8350
8016
8021
8351
8017
8022
8352
8018
8023
8353
8024
8354
8025
8355
8021
8026
8356
8022
8027
8357
8023
8028
8358
8024
8029
8359
8030
8360
8031
8361
8027
8032
8362
8028
8033
8363
8029
8034
8364
8030
8035
8365
8036
8366
8037
8367
8033
8038
8368
8034
8039
8369
8035
8040
8370
8036
8041
8371
8042
8372
8043
8373
8039
8044
8374
8040
8045
8375
8041
8046
8376
8042
8047
8377
8048
8378
8049
8379
8045
8050
8380
8046
8051
8381
8047
8052
8382
8048
8053
8383
8054
8384
8055
8385
8051
8056
8386
8052
8387
8053
8388
8054
8389
8390
8057
8391
8058
8392
8059
8393
8060
8394
8061
8395
8062
8396
8069
8397
8063
8070
8398
8064
8071
8399
8065
8072
8400
8066
8073
8401
8067
8074
8402
8068
8075
8403
8076
8404
8077
8405
8071
8078
8406
8072
8079
8407
8073
8080
8408
8074
8081
8409
8075
8082
8410
8076
8083
8411
8084
8412
8085
8413
8079
8086
8414
8080
8087
8415
8081
8088
8416
8082
8089
8417
8083
8090
8418
8084
8091
8419
8092
8420
8093
8421
8087
8094
8422
8088
8095
8423
8089
8096
8424
8090
8097
8425
8091
8098
8426
8092
8099
8427
8100
8428
8101
8429
8095
8102
8430
8096
8103
8431
8097
8104
8432
8098
8105
8433
8099
8106
8434
8100
8107
8435
8108
8436
8109
8437
8103
8110
8438
8104
8111
8439
8105
8112
8440
8106
8113
8441
8107
8114
8442
8108
8115
8443
8116
8444
8117
8445
8111
8118
8446
8112
8119
8447
8113
8120
8448
8114
8121
8449
8115
8122
8450
8116
8123
8451
8124
8452
8125
8453
8119
8126
8454
8120
8127
8455
8121
8128
8456
8122
8129
8457
8123
8130
8458
8124
8131
8459
8132
8460
8133
8461
8127
8134
8462
8128
8135
8463
8129
8136
8464
8130
8137
8465
8131
8138
8466
8132
8139
8467
8140
8468
8141
8469
8135
8142
8470
8136
8143
8471
8137
8144
8472
8138
8145
8473
8139
8146
8474
8140
8147
8475
8148
8476
8149
8477
8143
8150
8478
8144
8151
8479
8145
8152
8480
8146
8153
8481
8147
8154
8482
8148
8155
8483
8156
8484
8157
8485
8151
8158
8486
8152
8159
8487
8153
8160
8488
8154
8161
8489
8155
8162
8490
8156
8163
8491
8164
8492
8165
8493
8159
8166
8494
8160
8495
8161
8496
8162
8497
8163
8498
8164
8499
8500
8167
8501
8168
8502
8169
8503
8170
8504
8171
8505
8172
8506
8174
8507
8173
8508
8509
8510
8178
8511
8177
8512
8179
8513
8180
8514
8181
8515
8182
8516
8189
8517
8183
8190
8518
8184
8191
8519
8185
8192
8520
8186
8193
8521
8187
8194
8522
8188
8195
8523
8196
8524
8197
8525
8191
8198
8526
8192
8199
8527
8193
8200
8528
8194
8201
8529
8195
8202
8530
8196
8203
8531
8204
8532
8205
8533
8199
8206
8534
8200
8207
8535
8201
8208
8536
8202
8209
8537
8203
8210
8538
8204
8211
8539
8212
8540
8213
8541
8207
8214
8542
8208
8215
8543
8209
8216
8544
8210
8217
8545
8211
8218
8546
8212
8219
8547
8220
8548
8221
8549
8215
8222
8550
8216
8223
8551
8217
8224
8552
8218
8225
8553
8219
8226
8554
8220
8227
8555
8228
8556
8229
8557
8223
8230
8558
8224
8231
8559
8225
8232
8560
8226
8233
8561
8227
8234
8562
8228
8235
8563
8236
8564
8237
8565
8231
8238
8566
8232
8239
8567
8233
8240
8568
8234
8241
8569
8235
8242
8570
8236
8243
8571
8244
8572
8245
8573
8239
8246
8574
8240
8247
8575
8241
8248
8576
8242
8249
8577
8243
8250
8578
8244
8251
8579
8252
8580
8253
8581
8247
8254
8582
8248
8255
8583
8249
8256
8584
8250
8257
8585
8251
8258
8586
8252
8259
8587
8260
8588
8261
8589
8255
8262
8590
8256
8263
8591
8257
8264
8592
8258
8265
8593
8259
8266
8594
8260
8267
8595
8268
8596
8269
8597
8263
8270
8598
8264
8599
8265
8600
8266
8601
8267
8602
8268
8603
8604
8271
8605
8272
8606
8273
8607
8274
8608
8275
8609
8276
8610
8277
8611
8278
8612
8279
8613
8280
8614
8281
8615
8282
8616
8283
8617
8284
8618
8285
8619
8286
8620
8287
8621
8288
8622
8289
8623
8290
8624
8295
8625
8291
8296
8626
8292
8297
8627
8293
8298
8628
8294
8299
8629
8300
8630
8301
8631
8297
8302
8632
8298
8303
8633
8299
8304
8634
8300
8305
8635
8306
8636
8307
8637
8303
8308
8638
8304
8309
8639
8305
8310
8640
8306
8311
8641
8312
8642
8313
8643
8309
8314
8644
8310
8315
8645
8311
8316
8646
8312
8317
8647
8318
8648
8319
8649
8315
8320
8650
8316
8321
8651
8317
8322
8652
8318
8323
8653
8324
8654
8325
8655
8321
8326
8656
8322
8327
8657
8323
8328
8658
8324
8329
8659
8330
8660
8331
8661
8327
8332
8662
8328
8333
8663
8329
8334
8664
8330
8335
8665
8336
8666
8337
8667
8333
8338
8668
8334
8339
8669
8335
8340
8670
8336
8341
8671
8342
8672
8343
8673
8339
8344
8674
8340
8345
8675
8341
8346
8676
8342
8347
8677
8348
8678
8349
8679
8345
8350
8680
8346
8351
8681
8347
8352
8682
8348
8353
8683
8354
8684
8355
8685
8351
8356
8686
8352
8357
8687
8353
8358
8688
8354
8359
8689
8360
8690
8361
8691
8357
8362
8692
8358
8363
8693
8359
8364
8694
8360
8365
8695
8366
8696
8367
8697
8363
8368
8698
8364
8369
8699
8365
8370
8700
8366
8371
8701
8372
8702
8373
8703
8369
8374
8704
8370
8375
8705
8371
8376
8706
8372
8377
8707
8378
8708
8379
8709
8375
8380
8710
8376
8381
8711
8377
8382
8712
8378
8383
8713
8384
8714
8385
8715
8381
8386
8716
8382
8387
8717
8383
8388
8718
8384
8389
8719
8390
8720
8391
8721
8387
8392
8722
8388
8723
8389
8724
8390
8725
8726
8393
8727
8394
8728
8395
8729
8396
8730
8397
8731
8398
8732
8405
8733
8399
8406
8734
8400
8407
8735
8401
8408
8736
8402
8409
8737
8403
8410
8738
8404
8411
8739
8412
8740
8413
8741
8407
8414
8742
8408
8415
8743
8409
8416
8744
8410
8417
8745
8411
8418
8746
8412
8419
8747
8420
8748
8421
8749
8415
8422
8750
8416
8423
8751
8417
8424
8752
8418
8425
8753
8419
8426
8754
8420
8427
8755
8428
8756
8429
8757
8423
8430
8758
8424
8431
8759
8425
8432
8760
8426
8433
8761
8427
8434
8762
8428
8435
8763
8436
8764
8437
8765
8431
8438
8766
8432
8439
8767
8433
8440
8768
8434
8441
8769
8435
8442
8770
8436
8443
8771
8444
8772
8445
8773
8439
8446
8774
8440
8447
8775
8441
8448
8776
8442
8449
8777
8443
8450
8778
8444
8451
8779
8452
8780
8453
8781
8447
8454
8782
8448
8455
8783
8449
8456
8784
8450
8457
8785
8451
8458
8786
8452
8459
8787
8460
8788
8461
8789
8455
8462
8790
8456
8463
8791
8457
8464
8792
8458
8465
8793
8459
8466
8794
8460
8467
8795
8468
8796
8469
8797
8463
8470
8798
8464
8471
8799
8465
8472
8800
8466
8473
8801
8467
8474
8802
8468
8475
8803
8476
8804
8477
8805
8471
8478
8806
8472
8479
8807
8473
8480
8808
8474
8481
8809
8475
8482
8810
8476
8483
8811
8484
8812
8485
8813
8479
8486
8814
8480
8487
8815
8481
8488
8816
8482
8489
8817
8483
8490
8818
8484
8491
8819
8492
8820
8493
8821
8487
8494
8822
8488
8495
8823
8489
8496
8824
8490
8497
8825
8491
8498
8826
8492
8499
8827
8500
8828
8501
8829
8495
8502
8830
8496
8831
8497
8832
8498
8833
8499
8834
8500
8835
8836
8503
8837
8504
8838
8505
8839
8506
8840
8507
8841
8508
8842
8510
8843
8509
8844
8845
8846
8514
8847
8513
8848
8515
8849
8516
8850
8517
8851
8518
8852
8525
8853
8519
8526
8854
8520
8527
8855
8521
8528
8856
8522
8529
8857
8523
8530
8858
8524
8531
8859
8532
8860
8533
8861
8527
8534
8862
8528
8535
8863
8529
8536
8864
8530
8537
8865
8531
8538
8866
8532
8539
8867
8540
8868
8541
8869
8535
8542
8870
8536
8543
8871
8537
8544
8872
8538
8545
8873
8539
8546
8874
8540
8547
8875
8548
8876
8549
8877
8543
8550
8878
8544
8551
8879
8545
8552
8880
8546
8553
8881
8547
8554
8882
8548
8555
8883
8556
8884
8557
8885
8551
8558
8886
8552
8559
8887
8553
8560
8888
8554
8561
8889
8555
8562
8890
8556
8563
8891
8564
8892
8565
8893
8559
8566
8894
8560
8567
8895
8561
8568
8896
8562
8569
8897
8563
8570
8898
8564
8571
8899
8572
8900
8573
8901
8567
8574
8902
8568
8575
8903
8569
8576
8904
8570
8577
8905
8571
8578
8906
8572
8579
8907
8580
8908
8581
8909
8575
8582
8910
8576
8583
8911
8577
8584
8912
8578
8585
8913
8579
8586
8914
8580
8587
8915
8588
8916
8589
8917
8583
8590
8918
8584
8591
8919
8585
8592
8920
8586
8593
8921
8587
8594
8922
8588
8595
8923
8596
8924
8597
8925
8591
8598
8926
8592
8599
8927
8593
8600
8928
8594
8601
8929
8595
8602
8930
8596
8603
8931
8604
8932
8605
8933
8599
8606
8934
8600
8935
8601
8936
8602
8937
8603
8938
8604
8939
8940
8607
8941
8608
8942
8609
8943
8610
8944
8611
8945
8612
8946
8613
8947
8614
8948
8615
8949
8616
8950
8617
8951
8618
8952
8619
8953
8620
8954
8621
8955
8622
8956
8623
8957
8624
8958
8625
8959
8626
8960
8631
8961
8627
8632
8962
8628
8633
8963
8629
8634
8964
8630
8635
8965
8636
8966
8637
8967
8633
8638
8968
8634
8639
8969
8635
8640
8970
8636
8641
8971
8642
8972
8643
8973
8639
8644
8974
8640
8645
8975
8641
8646
8976
8642
8647
8977
8648
8978
8649
8979
8645
8650
8980
8646
8651
8981
8647
8652
8982
8648
8653
8983
8654
8984
8655
8985
8651
8656
8986
8652
8657
8987
8653
8658
8988
8654
8659
8989
8660
8990
8661
8991
8657
8662
8992
8658
8663
8993
8659
8664
8994
8660
8665
8995
8666
8996
8667
8997
8663
8668
8998
8664
8669
8999
8665
8670
9000
8666
8671
9001
8672
9002
8673
9003
8669
8674
9004
8670
8675
9005
8671
8676
9006
8672
8677
9007
8678
9008
8679
9009
8675
8680
9010
8676
8681
9011
8677
8682
9012
8678
8683
9013
8684
9014
8685
9015
8681
8686
9016
8682
8687
9017
8683
8688
9018
8684
8689
9019
8690
9020
8691
9021
8687
8692
9022
8688
8693
9023
8689
8694
9024
8690
8695
9025
8696
9026
8697
9027
8693
8698
9028
8694
8699
9029
8695
8700
9030
8696
8701
9031
8702
9032
8703
9033
8699
8704
9034
8700
8705
9035
8701
8706
9036
8702
8707
9037
8708
9038
8709
9039
8705
8710
9040
8706
8711
9041
8707
8712
9042
8708
8713
9043
8714
9044
8715
9045
8711
8716
9046
8712
8717
9047
8713
8718
9048
8714
8719
9049
8720
9050
8721
9051
8717
8722
9052
8718
8723
9053
8719
8724
9054
8720
8725
9055
8726
9056
8727
9057
8723
8728
9058
8724
9059
8725
9060
8726
9061
9062
8729
9063
8730
9064
8731
9065
8732
9066
8733
9067
8734
9068
8741
9069
8735
8742
9070
8736
8743
9071
8737
8744
9072
8738
8745
9073
8739
8746
9074
8740
8747
9075
8748
9076
8749
9077
8743
8750
9078
8744
8751
9079
8745
8752
9080
8746
8753
9081
8747
8754
9082
8748
8755
9083
8756
9084
8757
9085
8751
8758
9086
8752
8759
9087
8753
8760
9088
8754
8761
9089
8755
8762
9090
8756
8763
9091
8764
9092
8765
9093
8759
8766
9094
8760
8767
9095
8761
8768
9096
8762
8769
9097
8763
8770
9098
8764
8771
9099
8772
9100
8773
9101
8767
8774
9102
8768
8775
9103
8769
8776
9104
8770
8777
9105
8771
8778
9106
8772
8779
9107
8780
9108
8781
9109
8775
8782
9110
8776
8783
9111
8777
8784
9112
8778
8785
9113
8779
8786
9114
8780
8787
9115
8788
9116
8789
9117
8783
8790
9118
8784
8791
9119
8785
8792
9120
8786
8793
9121
8787
8794
9122
8788
8795
9123
8796
9124
8797
9125
8791
8798
9126
8792
8799
9127
8793
8800
9128
8794
8801
9129
8795
8802
9130
8796
8803
9131
8804
9132
8805
9133
8799
8806
9134
8800
8807
9135
8801
8808
9136
8802
8809
9137
8803
8810
9138
8804
8811
9139
8812
9140
8813
9141
8807
8814
9142
8808
8815
9143
8809
8816
9144
8810
8817
9145
8811
8818
9146
8812
8819
9147
8820
9148
8821
9149
8815
8822
9150
8816
8823
9151
8817
8824
9152
8818
8825
9153
8819
8826
9154
8820
8827
9155
8828
9156
8829
9157
8823
8830
9158
8824
8831
9159
8825
8832
9160
8826
8833
9161
8827
8834
9162
8828
8835
9163
8836
9164
8837
9165
8831
8838
9166
8832
9167
8833
9168
8834
9169
8835
9170
8836
9171
9172
8839
9173
8840
9174
8841
9175
8842
9176
8843
9177
8844
9178
8846
9179
8845
9180
9181
9182
8850
9183
8849
9184
8851
9185
8852
9186
8853
9187
8854
9188
8861
9189
8855
8862
9190
8856
8863
9191
8857
8864
9192
8858
8865
9193
8859
8866
9194
8860
8867
9195
8868
9196
8869
9197
8863
8870
9198
8864
8871
9199
8865
8872
9200
8866
8873
9201
8867
8874
9202
8868
8875
9203
8876
9204
8877
9205
8871
8878
9206
8872
8879
9207
8873
8880
9208
8874
8881
9209
8875
8882
9210
8876
8883
9211
8884
9212
8885
9213
8879
8886
9214
8880
8887
9215
8881
8888
9216
8882
8889
9217
8883
8890
9218
8884
8891
9219
8892
9220
8893
9221
8887
8894
9222
8888
8895
9223
8889
8896
9224
8890
8897
9225
8891
8898
9226
8892
8899
9227
8900
9228
8901
9229
8895
8902
9230
8896
8903
9231
8897
8904
9232
8898
8905
9233
8899
8906
9234
8900
8907
9235
8908
9236
8909
9237
8903
8910
9238
8904
8911
9239
8905
8912
9240
8906
8913
9241
8907
8914
9242
8908
8915
9243
8916
9244
8917
9245
8911
8918
9246
8912
8919
9247
8913
8920
9248
8914
8921
9249
8915
8922
9250
8916
8923
9251
8924
9252
8925
9253
8919
8926
9254
8920
8927
9255
8921
8928
9256
8922
8929
9257
8923
8930
9258
8924
8931
9259
8932
9260
8933
9261
8927
8934
9262
8928
8935
9263
8929
8936
9264
8930
8937
9265
8931
8938
9266
8932
8939
9267
8940
9268
8941
9269
8935
8942
9270
8936
9271
8937
9272
8938
9273
8939
9274
8940
9275
9276
8943
9277
8944
9278
8945
9279
8946
9280
8947
9281
8948
9282
8949
9283
8950
9284
8951
9285
8952
9286
8953
9287
8954
9288
8955
9289
8956
9290
8957
9291
8958
9292
8959
9293
8960
9294
8961
9295
8962
9296
8967
9297
8963
8968
9298
8964
8969
9299
8965
8970
9300
8966
8971
9301
8972
9302
8973
9303
8969
8974
9304
8970
8975
9305
8971
8976
9306
8972
8977
9307
8978
9308
8979
9309
8975
8980
9310
8976
8981
9311
8977
8982
9312
8978
8983
9313
8984
9314
8985
9315
8981
8986
9316
8982
8987
9317
8983
8988
9318
8984
8989
9319
8990
9320
8991
9321
8987
8992
9322
8988
8993
9323
8989
8994
9324
8990
8995
9325
8996
9326
8997
9327
8993
8998
9328
8994
8999
9329
8995
9000
9330
8996
9001
9331
9002
9332
9003
9333
8999
9004
9334
9000
9005
9335
9001
9006
9336
9002
9007
9337
9008
9338
9009
9339
9005
9010
9340
9006
9011
9341
9007
9012
9342
9008
9013
9343
9014
9344
9015
9345
9011
9016
9346
9012
9017
9347
9013
9018
9348
9014
9019
9349
9020
9350
9021
9351
9017
9022
9352
9018
9023
9353
9019
9024
9354
9020
9025
9355
9026
9356
9027
9357
9023
9028
9358
9024
9029
9359
9025
9030
9360
9026
9031
9361
9032
9362
9033
9363
9029
9034
9364
9030
9035
9365
9031
9036
9366
9032
9037
9367
9038
9368
9039
9369
9035
9040
9370
9036
9041
9371
9037
9042
9372
9038
9043
9373
9044
9374
9045
9375
9041
9046
9376
9042
9047
9377
9043
9048
9378
9044
9049
9379
9050
9380
9051
9381
9047
9052
9382
9048
9053
9383
9049
9054
9384
9050
9055
9385
9056
9386
9057
9387
9053
9058
9388
9054
9059
9389
9055
9060
9390
9056
9061
9391
9062
9392
9063
9393
9059
9064
9394
9060
9395
9061
9396
9062
9397
9398
9065
9399
9066
9400
9067
9401
9068
9402
9069
9403
9070
9404
9077
9405
9071
9078
9406
9072
9079
9407
9073
9080
9408
9074
9081
9409
9075
9082
9410
9076
9083
9411
9084
9412
9085
9413
9079
9086
9414
9080
9087
9415
9081
9088
9416
9082
9089
9417
9083
9090
9418
9084
9091
9419
9092
9420
9093
9421
9087
9094
9422
9088
9095
9423
9089
9096
9424
9090
9097
9425
9091
9098
9426
9092
9099
9427
9100
9428
9101
9429
9095
9102
9430
9096
9103
9431
9097
9104
9432
9098
9105
9433
9099
9106
9434
9100
9107
9435
9108
9436
9109
9437
9103
9110
9438
9104
9111
9439
9105
9112
9440
9106
9113
9441
9107
9114
9442
9108
9115
9443
9116
9444
9117
9445
9111
9118
9446
9112
9119
9447
9113
9120
9448
9114
9121
9449
9115
9122
9450
9116
9123
9451
9124
9452
9125
9453
9119
9126
9454
9120
9127
9455
9121
9128
9456
9122
9129
9457
9123
9130
9458
9124
9131
9459
9132
9460
9133
9461
9127
9134
9462
9128
9135
9463
9129
9136
9464
9130
9137
9465
9131
9138
9466
9132
9139
9467
9140
9468
9141
9469
9135
9142
9470
9136
9143
9471
9137
9144
9472
9138
9145
9473
9139
9146
9474
9140
9147
9475
9148
9476
9149
9477
9143
9150
9478
9144
9151
9479
9145
9152
9480
9146
9153
9481
9147
9154
9482
9148
9155
9483
9156
9484
9157
9485
9151
9158
9486
9152
9159
9487
9153
9160
9488
9154
9161
9489
9155
9162
9490
9156
9163
9491
9164
9492
9165
9493
9159
9166
9494
9160
9167
9495
9161
9168
9496
9162
9169
9497
9163
9170
9498
9164
9171
9499
9172
9500
9173
9501
9167
9174
9502
9168
9503
9169
9504
9170
9505
9171
9506
9172
9507
9508
9175
9509
9176
9510
9177
9511
9178
9512
9179
9513
9180
9514
9182
9515
9181
9516
9517
9518
9186
9519
9185
9520
9187
9521
9188
9522
9189
9523
9190
9524
9197
9525
9191
9198
9526
9192
9199
9527
9193
9200
9528
9194
9201
9529
9195
9202
9530
9196
9203
9531
9204
9532
9205
9533
9199
9206
9534
9200
9207
9535
9201
9208
9536
9202
9209
9537
9203
9210
9538
9204
9211
9539
9212
9540
9213
9541
9207
9214
9542
9208
9215
9543
9209
9216
9544
9210
9217
9545
9211
9218
9546
9212
9219
9547
9220
9548
9221
9549
9215
9222
9550
9216
9223
9551
9217
9224
9552
9218
9225
9553
9219
9226
9554
9220
9227
9555
9228
9556
9229
9557
9223
9230
9558
9224
9231
9559
9225
9232
9560
9226
9233
9561
9227
9234
9562
9228
9235
9563
9236
9564
9237
9565
9231
9238
9566
9232
9239
9567
9233
9240
9568
9234
9241
9569
9235
9242
9570
9236
9243
9571
9244
9572
9245
9573
9239
9246
9574
9240
9247
9575
9241
9248
9576
9242
9249
9577
9243
9250
9578
9244
9251
9579
9252
9580
9253
9581
9247
9254
9582
9248
9255
9583
9249
9256
9584
9250
9257
9585
9251
9258
9586
9252
9259
9587
9260
9588
9261
9589
9255
9262
9590
9256
9263
9591
9257
9264
9592
9258
9265
9593
9259
9266
9594
9260
9267
9595
9268
9596
9269
9597
9263
9270
9598
9264
9271
9599
9265
9272
9600
9266
9273
9601
9267
9274
9602
9268
9275
9603
9276
9604
9277
9605
9271
9278
9606
9272
9607
9273
9608
9274
9609
9275
9610
9276
9611
9612
9279
9613
9280
9614
9281
9615
9282
9616
9283
9617
9284
9618
9285
9619
9286
9620
9287
9621
9288
9622
9289
9623
9290
9624
9291
9625
9292
9626
9293
9627
9294
9628
9295
9629
9296
9630
9297
9631
9298
9632
9303
9633
9299
9304
9634
9300
9305
9635
9301
9306
9636
9302
9307
9637
9308
9638
9309
9639
9305
9310
9640
9306
9311
9641
9307
9312
9642
9308
9313
9643
9314
9644
9315
9645
9311
9316
9646
9312
9317
9647
9313
9318
9648
9314
9319
9649
9320
9650
9321
9651
9317
9322
9652
9318
9323
9653
9319
9324
9654
9320
9325
9655
9326
9656
9327
9657
9323
9328
9658
9324
9329
9659
9325
9330
9660
9326
9331
9661
9332
9662
9333
9663
9329
9334
9664
9330
9335
9665
9331
9336
9666
9332
9337
9667
9338
9668
9339
9669
9335
9340
9670
9336
9341
9671
9337
9342
9672
9338
9343
9673
9344
9674
9345
9675
9341
9346
9676
9342
9347
9677
9343
9348
9678
9344
9349
9679
9350
9680
9351
9681
9347
9352
9682
9348
9353
9683
9349
9354
9684
9350
9355
9685
9356
9686
9357
9687
9353
9358
9688
9354
9359
9689
9355
9360
9690
9356
9361
9691
9362
9692
9363
9693
9359
9364
9694
9360
9365
9695
9361
9366
9696
9362
9367
9697
9368
9698
9369
9699
9365
9370
9700
9366
9371
9701
9367
9372
9702
9368
9373
9703
9374
9704
9375
9705
9371
9376
9706
9372
9377
9707
9373
9378
9708
9374
9379
9709
9380
9710
9381
9711
9377
9382
9712
9378
9383
9713
9379
9384
9714
9380
9385
9715
9386
9716
9387
9717
9383
9388
9718
9384
9389
9719
9385
9390
9720
9386
9391
9721
9392
9722
9393
9723
9389
9394
9724
9390
9395
9725
9391
9396
9726
9392
9397
9727
9398
9728
9399
9729
9395
9400
9730
9396
9731
9397
9732
9398
9733
9734
9401
9735
9402
9736
9403
9737
9404
9738
9405
9739
9406
9740
9413
9741
9407
9414
9742
9408
9415
9743
9409
9416
9744
9410
9417
9745
9411
9418
9746
9412
9419
9747
9420
9748
9421
9749
9415
9422
9750
9416
9423
9751
9417
9424
9752
9418
9425
9753
9419
9426
9754
9420
9427
9755
9428
9756
9429
9757
9423
9430
9758
9424
9431
9759
9425
9432
9760
9426
9433
9761
9427
9434
9762
9428
9435
9763
9436
9764
9437
9765
9431
9438
9766
9432
9439
9767
9433
9440
9768
9434
9441
9769
9435
9442
9770
9436
9443
9771
9444
9772
9445
9773
9439
9446
9774
9440
9447
9775
9441
9448
9776
9442
9449
9777
9443
9450
9778
9444
9451
9779
9452
9780
9453
9781
9447
9454
9782
9448
9455
9783
9449
9456
9784
9450
9457
9785
9451
9458
9786
9452
9459
9787
9460
9788
9461
9789
9455
9462
9790
9456
9463
9791
9457
9464
9792
9458
9465
9793
9459
9466
9794
9460
9467
9795
9468
9796
9469
9797
9463
9470
9798
9464
9471
9799
9465
9472
9800
9466
9473
9801
9467
9474
9802
9468
9475
9803
9476
9804
9477
9805
9471
9478
9806
9472
9479
9807
9473
9480
9808
9474
9481
9809
9475
9482
9810
9476
9483
9811
9484
9812
9485
9813
9479
9486
9814
9480
9487
9815
9481
9488
9816
9482
9489
9817
9483
9490
9818
9484
9491
9819
9492
9820
9493
9821
9487
9494
9822
9488
9495
9823
9489
9496
9824
9490
9497
9825
9491
9498
9826
9492
9499
9827
9500
9828
9501
9829
9495
9502
9830
9496
9503
9831
9497
9504
9832
9498
9505
9833
9499
9506
9834
9500
9507
9835
9508
9836
9509
9837
9503
9510
9838
9504
9839
9505
9840
9506
9841
9507
9842
9508
9843
9844
9511
9845
9512
9846
9513
9847
9514
9848
9515
9849
9516
9850
9518
9851
9517
9852
9853
9854
9522
9855
9521
9856
9523
9857
9524
9858
9525
9859
9526
9860
9533
9861
9527
9534
9862
9528
9535
9863
9529
9536
9864
9530
9537
9865
9531
9538
9866
9532
9539
9867
9540
9868
9541
9869
9535
9542
9870
9536
9543
9871
9537
9544
9872
9538
9545
9873
9539
9546
9874
9540
9547
9875
9548
9876
9549
9877
9543
9550
9878
9544
9551
9879
9545
9552
9880
9546
9553
9881
9547
9554
9882
9548
9555
9883
9556
9884
9557
9885
9551
9558
9886
9552
9559
9887
9553
9560
9888
9554
9561
9889
9555
9562
9890
9556
9563
9891
9564
9892
9565
9893
9559
9566
9894
9560
9567
9895
9561
9568
9896
9562
9569
9897
9563
9570
9898
9564
9571
9899
9572
9900
9573
9901
9567
9574
9902
9568
9575
9903
9569
9576
9904
9570
9577
9905
9571
9578
9906
9572
9579
9907
9580
9908
9581
9909
9575
9582
9910
9576
9583
9911
9577
9584
9912
9578
9585
9913
9579
9586
9914
9580
9587
9915
9588
9916
9589
9917
9583
9590
9918
9584
9591
9919
9585
9592
9920
9586
9593
9921
9587
9594
9922
9588
9595
9923
9596
9924
9597
9925
9591
9598
9926
9592
9599
9927
9593
9600
9928
9594
9601
9929
9595
9602
9930
9596
9603
9931
9604
9932
9605
9933
9599
9606
9934
9600
9607
9935
9601
9608
9936
9602
9609
9937
9603
9610
9938
9604
9611
9939
9612
9940
9613
9941
9607
9614
9942
9608
9943
9609
9944
9610
9945
9611
9946
9612
9947
9948
9615
9949
9616
9950
9617
9951
9618
9952
9619
9953
9620
9954
9621
9955
9622
9956
9623
9957
9624
9958
9625
9959
9626
9960
9627
9961
9628
9962
9629
9963
9630
9964
9631
9965
9632
9966
9633
9967
9634
9968
9639
9969
9635
9640
9970
9636
9641
9971
9637
9642
9972
9638
9643
9973
9644
9974
9645
9975
9641
9646
9976
9642
9647
9977
9643
9648
9978
9644
9649
9979
9650
9980
9651
9981
9647
9652
9982
9648
9653
9983
9649
9654
9984
9650
9655
9985
9656
9986
9657
9987
9653
9658
9988
9654
9659
9989
9655
9660
9990
9656
9661
9991
9662
9992
9663
9993
9659
9664
9994
9660
9665
9995
9661
9666
9996
9662
9667
9997
9668
9998
9669
9999
9665
9670
10000
9666
9671
10001
9667
9672
10002
9668
9673
10003
9674
10004
9675
10005
9671
9676
10006
9672
9677
10007
9673
9678
10008
9674
9679
10009
9680
10010
9681
10011
9677
9682
10012
9678
9683
10013
9679
9684
10014
9680
9685
10015
9686
10016
9687
10017
9683
9688
10018
9684
9689
10019
9685
9690
10020
9686
9691
10021
9692
10022
9693
10023
9689
9694
10024
9690
9695
10025
9691
9696
10026
9692
9697
10027
9698
10028
9699
10029
9695
9700
10030
9696
9701
10031
9697
9702
10032
9698
9703
10033
9704
10034
9705
10035
9701
9706
10036
9702
9707
10037
9703
9708
10038
9704
9709
10039
9710
10040
9711
10041
9707
9712
10042
9708
9713
10043
9709
9714
10044
9710
9715
10045
9716
10046
9717
10047
9713
9718
10048
9714
9719
10049
9715
9720
10050
9716
9721
10051
9722
10052
9723
10053
9719
9724
10054
9720
9725
10055
9721
9726
10056
9722
9727
10057
9728
10058
9729
10059
9725
9730
10060
9726
9731
10061
9727
9732
10062
9728
9733
10063
9734
10064
9735
10065
9731
9736
10066
9732
10067
9733
10068
9734
10069
10070
9737
10071
9738
10072
9739
10073
9740
10074
9741
10075
9742
10076
9749
10077
9743
9750
10078
9744
9751
10079
9745
9752
10080
9746
9753
10081
9747
9754
10082
9748
9755
10083
9756
10084
9757
10085
9751
9758
10086
9752
9759
10087
9753
9760
10088
9754
9761
10089
9755
9762
10090
9756
9763
10091
9764
10092
9765
10093
9759
9766
10094
9760
9767
10095
9761
9768
10096
9762
9769
10097
9763
9770
10098
9764
9771
10099
9772
10100
9773
10101
9767
9774
10102
9768
9775
10103
9769
9776
10104
9770
9777
10105
9771
9778
10106
9772
9779
10107
9780
10108
9781
10109
9775
9782
10110
9776
9783
10111
9777
9784
10112
9778
9785
10113
9779
9786
10114
9780
9787
10115
9788
10116
9789
10117
9783
9790
10118
9784
9791
10119
9785
9792
10120
9786
9793
10121
9787
9794
10122
9788
9795
10123
9796
10124
9797
10125
9791
9798
10126
9792
9799
10127
9793
9800
10128
9794
9801
10129
9795
9802
10130
9796
9803
10131
9804
10132
9805
10133
9799
9806
10134
9800
9807
10135
9801
9808
10136
9802
9809
10137
9803
9810
10138
9804
9811
10139
9812
10140
9813
10141
9807
9814
10142
9808
9815
10143
9809
9816
10144
9810
9817
10145
9811
9818
10146
9812
9819
10147
9820
10148
9821
10149
9815
9822
10150
9816
9823
10151
9817
9824
10152
9818
9825
10153
9819
9826
10154
9820
9827
10155
9828
10156
9829
10157
9823
9830
10158
9824
9831
10159
9825
9832
10160
9826
9833
10161
9827
9834
10162
9828
9835
10163
9836
10164
9837
10165
9831
9838
10166
9832
9839
10167
9833
9840
10168
9834
9841
10169
9835
9842
10170
9836
9843
10171
9844
10172
9845
10173
9839
9846
10174
9840
10175
9841
10176
9842
10177
9843
10178
9844
10179
10180
9847
10181
9848
10182
9849
10183
9850
10184
9851
10185
9852
10186
9854
10187
9853
10188
10189
10190
9858
10191
9857
10192
9859
10193
9860
10194
9861
10195
9862
10196
9869
10197
9863
9870
10198
9864
9871
10199
9865
9872
10200
9866
9873
10201
9867
9874
10202
9868
9875
10203
9876
10204
9877
10205
9871
9878
10206
9872
9879
10207
9873
9880
10208
9874
9881
10209
9875
9882
10210
9876
9883
10211
9884
10212
9885
10213
9879
9886
10214
9880
9887
10215
9881
9888
10216
9882
9889
10217
9883
9890
10218
9884
9891
10219
9892
10220
9893
10221
9887
9894
10222
9888
9895
10223
9889
9896
10224
9890
9897
10225
9891
9898
10226
9892
9899
10227
9900
10228
9901
10229
9895
9902
10230
9896
9903
10231
9897
9904
10232
9898
9905
10233
9899
9906
10234
9900
9907
10235
9908
10236
9909
10237
9903
9910
10238
9904
9911
10239
9905
9912
10240
9906
9913
10241
9907
9914
10242
9908
9915
10243
9916
10244
9917
10245
9911
9918
10246
9912
9919
10247
9913
9920
10248
9914
9921
10249
9915
9922
10250
9916
9923
10251
9924
10252
9925
10253
9919
9926
10254
9920
9927
10255
9921
9928
10256
9922
9929
10257
9923
9930
10258
9924
9931
10259
9932
10260
9933
10261
9927
9934
10262
9928
9935
10263
9929
9936
10264
9930
9937
10265
9931
9938
10266
9932
9939
10267
9940
10268
9941
10269
9935
9942
10270
9936
9943
10271
9937
9944
10272
9938
9945
10273
9939
9946
10274
9940
9947
10275
9948
10276
9949
10277
9943
9950
10278
9944
10279
9945
10280
9946
10281
9947
10282
9948
10283
10284
9951
10285
9952
10286
9953
10287
9954
10288
9955
10289
9956
10290
9957
10291
9958
10292
9959
10293
9960
10294
9961
10295
9962
10296
9963
10297
9964
10298
9965
10299
9966
10300
9967
10301
9968
10302
9969
10303
9970
10304
9975
10305
9971
9976
10306
9972
9977
10307
9973
9978
10308
9974
9979
10309
9980
10310
9981
10311
9977
9982
10312
9978
9983
10313
9979
9984
10314
9980
9985
10315
9986
10316
9987
10317
9983
9988
10318
9984
9989
10319
9985
9990
10320
9986
9991
10321
9992
10322
9993
10323
9989
9994
10324
9990
9995
10325
9991
9996
10326
9992
9997
10327
9998
10328
9999
10329
9995
10000
10330
9996
10001
10331
9997
10002
10332
9998
10003
10333
10004
10334
10005
10335
10001
10006
10336
10002
10007
10337
10003
10008
10338
10004
10009
10339
10010
10340
10011
10341
10007
10012
10342
10008
10013
10343
10009
10014
10344
10010
10015
10345
10016
10346
10017
10347
10013
10018
10348
10014
10019
10349
10015
10020
10350
10016
10021
10351
10022
10352
10023
10353
10019
10024
10354
10020
10025
10355
10021
10026
10356
10022
10027
10357
10028
10358
10029
10359
10025
10030
10360
10026
10031
10361
10027
10032
10362
10028
10033
10363
10034
10364
10035
10365
10031
10036
10366
10032
10037
10367
10033
10038
10368
10034
10039
10369
10040
10370
10041
10371
10037
10042
10372
10038
10043
10373
10039
10044
10374
10040
10045
10375
10046
10376
10047
10377
10043
10048
10378
10044
10049
10379
10045
10050
10380
10046
10051
10381
10052
10382
10053
10383
10049
10054
10384
10050
10055
10385
10051
10056
10386
10052
10057
10387
10058
10388
10059
10389
10055
10060
10390
10056
10061
10391
10057
10062
10392
10058
10063
10393
10064
10394
10065
10395
10061
10066
10396
10062
10067
10397
10063
10068
10398
10064
10069
10399
10070
10400
10071
10401
10067
10072
10402
10068
10403
10069
10404
10070
10405
10406
10073
10407
10074
10408
10075
10409
10076
10410
10077
10411
10078
10412
10085
10413
10079
10086
10414
10080
10087
10415
10081
10088
10416
10082
10089
10417
10083
10090
10418
10084
10091
10419
10092
10420
10093
10421
10087
10094
10422
10088
10095
10423
10089
10096
10424
10090
10097
10425
10091
10098
10426
10092
10099
10427
10100
10428
10101
10429
10095
10102
10430
10096
10103
10431
10097
10104
10432
10098
10105
10433
10099
10106
10434
10100
10107
10435
10108
10436
10109
10437
10103
10110
10438
10104
10111
10439
10105
10112
10440
10106
10113
10441
10107
10114
10442
10108
10115
10443
10116
10444
10117
10445
10111
10118
10446
10112
10119
10447
10113
10120
10448
10114
10121
10449
10115
10122
10450
10116
10123
10451
10124
10452
10125
10453
10119
10126
10454
10120
10127
10455
10121
10128
10456
10122
10129
10457
10123
10130
10458
10124
10131
10459
10132
10460
10133
10461
10127
10134
10462
10128
10135
10463
10129
10136
10464
10130
10137
10465
10131
10138
10466
10132
10139
10467
10140
10468
10141
10469
10135
10142
10470
10136
10143
10471
10137
10144
10472
10138
10145
10473
10139
10146
10474
10140
10147
10475
10148
10476
10149
10477
10143
10150
10478
10144
10151
10479
10145
10152
10480
10146
10153
10481
10147
10154
10482
10148
10155
10483
10156
10484
10157
10485
10151
10158
10486
10152
10159
10487
10153
10160
10488
10154
10161
10489
10155
10162
10490
10156
10163
10491
10164
10492
10165
10493
10159
10166
10494
10160
10167
10495
10161
10168
10496
10162
10169
10497
10163
10170
10498
10164
10171
10499
10172
10500
10173
10501
10167
10174
10502
10168
10175
10503
10169
10176
10504
10170
10177
10505
10171
10178
10506
10172
10179
10507
10180
10508
10181
10509
10175
10182
10510
10176
10511
10177
10512
10178
10513
10179
10514
10180
10515
10516
10183
10517
10184
10518
10185
10519
10186
10520
10187
10521
10188
10522
10190
10523
10189
10524
10525
10526
10194
10527
10193
10528
10195
10529
10196
10530
10197
10531
10198
10532
10205
10533
10199
10206
10534
10200
10207
10535
10201
10208
10536
10202
10209
10537
10203
10210
10538
10204
10211
10539
10212
10540
10213
10541
10207
10214
10542
10208
10215
10543
10209
10216
10544
10210
10217
10545
10211
10218
10546
10212
10219
10547
10220
10548
10221
10549
10215
10222
10550
10216
10223
10551
10217
10224
10552
10218
10225
10553
10219
10226
10554
10220
10227
10555
10228
10556
10229
10557
10223
10230
10558
10224
10231
10559
10225
10232
10560
10226
10233
10561
10227
10234
10562
10228
10235
10563
10236
10564
10237
10565
10231
10238
10566
10232
10239
10567
10233
10240
10568
10234
10241
10569
10235
10242
10570
10236
10243
10571
10244
10572
10245
10573
10239
10246
10574
10240
10247
10575
10241
10248
10576
10242
10249
10577
10243
10250
10578
10244
10251
10579
10252
10580
10253
10581
10247
10254
10582
10248
10255
10583
10249
10256
10584
10250
10257
10585
10251
10258
10586
10252
10259
10587
10260
10588
10261
10589
10255
10262
10590
10256
10263
10591
10257
10264
10592
10258
10265
10593
10259
10266
10594
10260
10267
10595
10268
10596
10269
10597
10263
10270
10598
10264
10271
10599
10265
10272
10600
10266
10273
10601
10267
10274
10602
10268
10275
10603
10276
10604
10277
10605
10271
10278
10606
10272
10279
10607
10273
10280
10608
10274
10281
10609
10275
10282
10610
10276
10283
10611
10284
10612
10285
10613
10279
10286
10614
10280
10615
10281
10616
10282
10617
10283
10618
10284
10619
10620
10287
10621
10288
10622
10289
10623
10290
10624
10291
10625
10292
10626
10293
10627
10294
10628
10295
10629
10296
10630
10297
10631
10298
10632
10299
10633
10300
10634
10301
10635
10302
10636
10303
10637
10304
10638
10305
10639
10306
10640
10311
10641
10307
10312
10642
10308
10313
10643
10309
10314
10644
10310
10315
10645
10316
10646
10317
10647
10313
10318
10648
10314
10319
10649
10315
10320
10650
10316
10321
10651
10322
10652
10323
10653
10319
10324
10654
10320
10325
10655
10321
10326
10656
10322
10327
10657
10328
10658
10329
10659
10325
10330
10660
10326
10331
10661
10327
10332
10662
10328
10333
10663
10334
10664
10335
10665
10331
10336
10666
10332
10337
10667
10333
10338
10668
10334
10339
10669
10340
10670
10341
10671
10337
10342
10672
10338
10343
10673
10339
10344
10674
10340
10345
10675
10346
10676
10347
10677
10343
10348
10678
10344
10349
10679
10345
10350
10680
10346
10351
10681
10352
10682
10353
10683
10349
10354
10684
10350
10355
10685
10351
10356
10686
10352
10357
10687
10358
10688
10359
10689
10355
10360
10690
10356
10361
10691
10357
10362
10692
10358
10363
10693
10364
10694
10365
10695
10361
10366
10696
10362
10367
10697
10363
10368
10698
10364
10369
10699
10370
10700
10371
10701
10367
10372
10702
10368
10373
10703
10369
10374
10704
10370
10375
10705
10376
10706
10377
10707
10373
10378
10708
10374
10379
10709
10375
10380
10710
10376
10381
10711
10382
10712
10383
10713
10379
10384
10714
10380
10385
10715
10381
10386
10716
10382
10387
10717
10388
10718
10389
10719
10385
10390
10720
10386
10391
10721
10387
10392
10722
10388
10393
10723
10394
10724
10395
10725
10391
10396
10726
10392
10397
10727
10393
10398
10728
10394
10399
10729
10400
10730
10401
10731
10397
10402
10732
10398
10403
10733
10399
10404
10734
10400
10405
10735
10406
10736
10407
10737
10403
10408
10738
10404
10739
10405
10740
10406
10741
10742
10409
10743
10410
10744
10411
10745
10412
10746
10413
10747
10414
10748
10421
10749
10415
10422
10750
10416
10423
10751
10417
10424
10752
10418
10425
10753
10419
10426
10754
10420
10427
10755
10428
10756
10429
10757
10423
10430
10758
10424
10431
10759
10425
10432
10760
10426
10433
10761
10427
10434
10762
10428
10435
10763
10436
10764
10437
10765
10431
10438
10766
10432
10439
10767
10433
10440
10768
10434
10441
10769
10435
10442
10770
10436
10443
10771
10444
10772
10445
10773
10439
10446
10774
10440
10447
10775
10441
10448
10776
10442
10449
10777
10443
10450
10778
10444
10451
10779
10452
10780
10453
10781
10447
10454
10782
10448
10455
10783
10449
10456
10784
10450
10457
10785
10451
10458
10786
10452
10459
10787
10460
10788
10461
10789
10455
10462
10790
10456
10463
10791
10457
10464
10792
10458
10465
10793
10459
10466
10794
10460
10467
10795
10468
10796
10469
10797
10463
10470
10798
10464
10471
10799
10465
10472
10800
10466
10473
10801
10467
10474
10802
10468
10475
10803
10476
10804
10477
10805
10471
10478
10806
10472
10479
10807
10473
10480
10808
10474
10481
10809
10475
10482
10810
10476
10483
10811
10484
10812
10485
10813
10479
10486
10814
10480
10487
10815
10481
10488
10816
10482
10489
10817
10483
10490
10818
10484
10491
10819
10492
10820
10493
10821
10487
10494
10822
10488
10495
10823
10489
10496
10824
10490
10497
10825
10491
10498
10826
10492
10499
10827
10500
10828
10501
10829
10495
10502
10830
10496
10503
10831
10497
10504
10832
10498
10505
10833
10499
10506
10834
10500
10507
10835
10508
10836
10509
10837
10503
10510
10838
10504
10511
10839
10505
10512
10840
10506
10513
10841
10507
10514
10842
10508
10515
10843
10516
10844
10517
10845
10511
10518
10846
10512
10847
10513
10848
10514
10849
10515
10850
10516
10851
10852
10519
10853
10520
10854
10521
10855
10522
10856
10523
10857
10524
10858
10526
10859
10525
10860
10861
10862
10530
10863
10529
10864
10531
10865
10532
10866
10533
10867
10534
10868
10541
10869
10535
10542
10870
10536
10543
10871
10537
10544
10872
10538
10545
10873
10539
10546
10874
10540
10547
10875
10548
10876
10549
10877
10543
10550
10878
10544
10551
10879
10545
10552
10880
10546
10553
10881
10547
10554
10882
10548
10555
10883
10556
10884
10557
10885
10551
10558
10886
10552
10559
10887
10553
10560
10888
10554
10561
10889
10555
10562
10890
10556
10563
10891
10564
10892
10565
10893
10559
10566
10894
10560
10567
10895
10561
10568
10896
10562
10569
10897
10563
10570
10898
10564
10571
10899
10572
10900
10573
10901
10567
10574
10902
10568
10575
10903
10569
10576
10904
10570
10577
10905
10571
10578
10906
10572
10579
10907
10580
10908
10581
10909
10575
10582
10910
10576
10583
10911
10577
10584
10912
10578
10585
10913
10579
10586
10914
10580
10587
10915
10588
10916
10589
10917
10583
10590
10918
10584
10591
10919
10585
10592
10920
10586
10593
10921
10587
10594
10922
10588
10595
10923
10596
10924
10597
10925
10591
10598
10926
10592
10599
10927
10593
10600
10928
10594
10601
10929
10595
10602
10930
10596
10603
10931
10604
10932
10605
10933
10599
10606
10934
10600
10607
10935
10601
10608
10936
10602
10609
10937
10603
10610
10938
10604
10611
10939
10612
10940
10613
10941
10607
10614
10942
10608
10615
10943
10609
10616
10944
10610
10617
10945
10611
10618
10946
10612
10619
10947
10620
10948
10621
10949
10615
10622
10950
10616
10951
10617
10952
10618
10953
10619
10954
10620
10955
10956
10623
10957
10624
10958
10625
10959
10626
10960
10627
10961
10628
10962
10629
10963
10630
10964
10631
10965
10632
10966
10633
10967
10634
10968
10635
10969
10636
10970
10637
10971
10638
10972
10639
10973
10640
10974
10641
10975
10642
10976
10647
10977
10643
10648
10978
10644
10649
10979
10645
10650
10980
10646
10651
10981
10652
10982
10653
10983
10649
10654
10984
10650
10655
10985
10651
10656
10986
10652
10657
10987
10658
10988
10659
10989
10655
10660
10990
10656
10661
10991
10657
10662
10992
10658
10663
10993
10664
10994
10665
10995
10661
10666
10996
10662
10667
10997
10663
10668
10998
10664
10669
10999
10670
11000
10671
11001
10667
10672
11002
10668
10673
11003
10669
10674
11004
10670
10675
11005
10676
11006
10677
11007
10673
10678
11008
10674
10679
11009
10675
10680
11010
10676
10681
11011
10682
11012
10683
11013
10679
10684
11014
10680
10685
11015
10681
10686
11016
10682
10687
11017
10688
11018
10689
11019
10685
10690
11020
10686
10691
11021
10687
10692
11022
10688
10693
11023
10694
11024
10695
11025
10691
10696
11026
10692
10697
11027
10693
10698
11028
10694
10699
11029
10700
11030
10701
11031
10697
10702
11032
10698
10703
11033
10699
10704
11034
10700
10705
11035
10706
11036
10707
11037
10703
10708
11038
10704
10709
11039
10705
10710
11040
10706
10711
11041
10712
11042
10713
11043
10709
10714
11044
10710
10715
11045
10711
10716
11046
10712
10717
11047
10718
11048
10719
11049
10715
10720
11050
10716
10721
11051
10717
10722
11052
10718
10723
11053
10724
11054
10725
11055
10721
10726
11056
10722
10727
11057
10723
10728
11058
10724
10729
11059
10730
11060
10731
11061
10727
10732
11062
10728
10733
11063
10729
10734
11064
10730
10735
11065
10736
11066
10737
11067
10733
10738
11068
10734
10739
11069
10735
10740
11070
10736
10741
11071
10742
11072
10743
11073
10739
10744
11074
10740
11075
10741
11076
10742
11077
11078
10745
11079
10746
11080
10747
11081
10748
11082
10749
11083
10750
11084
10757
11085
10751
10758
11086
10752
10759
10753
10760
10754
10761
10755
10762
10756
10763
10764
10765
11087
10759
10766
11088
10760
10767
10761
10768
10762
10769
10763
10770
10764
10771
10772
10773
11089
10767
10774
11090
10768
10775
10769
10776
10770
10777
10771
10778
10772
10779
10780
10781
11091
10775
10782
11092
10776
10783
10777
10784
10778
10785
10779
10786
10780
10787
10788
10789
11093
10783
10790
11094
10784
10791
10785
10792
10786
10793
10787
10794
10788
10795
10796
10797
11095
10791
10798
11096
10792
10799
10793
10800
10794
10801
10795
10802
10796
10803
10804
10805
11097
10799
10806
11098
10800
10807
10801
10808
10802
10809
10803
10810
10804
10811
10812
10813
11099
10807
10814
11100
10808
10815
10809
10816
10810
10817
10811
10818
10812
10819
10820
10821
11101
10815
10822
11102
10816
10823
10817
10824
10818
10825
10819
10826
10820
10827
10828
10829
11103
10823
10830
11104
10824
10831
10825
10832
10826
10833
10827
10834
10828
10835
10836
10837
11105
10831
10838
11106
10832
10839
10833
10840
10834
10841
10835
10842
10836
10843
10844
10845
11107
10839
10846
11108
10840
10847
10841
10848
10842
10849
10843
10850
10844
10851
10852
10853
11109
10847
10854
11110
10848
10849
10850
10851
10852
10855
11111
10856
11112
10857
11113
10858
11114
10859
11115
10860
11116
10862
11117
10861
11118
11119
11120
10866
11121
10865
11122
10867
11123
10868
11124
10869
11125
10870
11126
10877
11127
10871
10878
11128
10872
10879
11129
10873
10880
11130
10874
10881
11131
10875
10882
11132
10876
10883
11133
10884
11134
10885
11135
10879
10886
11136
10880
10887
11137
10881
10888
11138
10882
10889
11139
10883
10890
11140
10884
10891
11141
10892
11142
10893
11143
10887
10894
11144
10888
10895
11145
10889
10896
11146
10890
10897
11147
10891
10898
11148
10892
10899
11149
10900
11150
10901
11151
10895
10902
11152
10896
10903
11153
10897
10904
11154
10898
10905
11155
10899
10906
11156
10900
10907
11157
10908
11158
10909
11159
10903
10910
11160
10904
10911
11161
10905
10912
11162
10906
10913
11163
10907
10914
11164
10908
10915
11165
10916
11166
10917
11167
10911
10918
11168
10912
10919
11169
10913
10920
11170
10914
10921
11171
10915
10922
11172
10916
10923
11173
10924
11174
10925
11175
10919
10926
11176
10920
10927
11177
10921
10928
11178
10922
10929
11179
10923
10930
11180
10924
10931
11181
10932
11182
10933
11183
10927
10934
11184
10928
10935
11185
10929
10936
11186
10930
10937
11187
10931
10938
11188
10932
10939
11189
10940
11190
10941
11191
10935
10942
11192
10936
10943
11193
10937
10944
11194
10938
10945
11195
10939
10946
11196
10940
10947
11197
10948
11198
10949
11199
10943
10950
11200
10944
10951
11201
10945
10952
11202
10946
10953
11203
10947
10954
11204
10948
10955
11205
10956
11206
10957
11207
10951
10958
11208
10952
11209
10953
11210
10954
11211
10955
11212
10956
11213
11214
10959
11215
10960
11216
10961
11217
10962
11218
10963
11219
10964
11220
10965
11221
10966
11222
10967
11223
10968
11224
10969
11225
10970
11226
10971
11227
10972
11228
10973
11229
10974
11230
10975
11231
10976
11232
10977
11233
10978
11234
10983
11235
10979
10984
11236
10980
10985
11237
10981
10986
11238
10982
10987
11239
10988
11240
10989
11241
10985
10990
11242
10986
10991
11243
10987
10992
11244
10988
10993
11245
10994
11246
10995
11247
10991
10996
11248
10992
10997
11249
10993
10998
11250
10994
10999
11251
11000
11252
11001
11253
10997
11002
11254
10998
11003
11255
10999
11004
11256
11000
11005
11257
11006
11258
11007
11259
11003
11008
11260
11004
11009
11261
11005
11010
11262
11006
11011
11263
11012
11264
11013
11265
11009
11014
11266
11010
11015
11267
11011
11016
11268
11012
11017
11269
11018
11270
11019
11271
11015
11020
11272
11016
11021
11273
11017
11022
11274
11018
11023
11275
11024
11276
11025
11277
11021
11026
11278
11022
11027
11279
11023
11028
11280
11024
11029
11281
11030
11282
11031
11283
11027
11032
11284
11028
11033
11285
11029
11034
11286
11030
11035
11287
11036
11288
11037
11289
11033
11038
11290
11034
11039
11291
11035
11040
11292
11036
11041
11293
11042
11294
11043
11295
11039
11044
11296
11040
11045
11297
11041
11046
11298
11042
11047
11299
11048
11300
11049
11301
11045
11050
11302
11046
11051
11303
11047
11052
11304
11048
11053
11305
11054
11306
11055
11307
11051
11056
11308
11052
11057
11309
11053
11058
11310
11054
11059
11311
11060
11312
11061
11313
11057
11062
11314
11058
11063
11315
11059
11064
11316
11060
11065
11317
11066
11318
11067
11319
11063
11068
11320
11064
11069
11321
11065
11070
11322
11066
11071
11323
11072
11324
11073
11325
11069
11074
11326
11070
11075
11327
11071
11076
11328
11072
11077
11329
11078
11330
11079
11331
11075
11080
11332
11076
11333
11077
11334
11078
11335
11336
11081
11337
11082
11338
11083
11339
11084
11340
11085
11341
11086
11342
11087
11343
11088
11344
11089
11348
11090
11349
11091
11353
11092
11354
11093
11358
11094
11359
11095
11363
11096
11364
11097
11368
11098
11369
11099
11373
11100
11374
11101
11378
11102
11379
11103
11383
11104
11384
11105
11388
11106
11389
11107
11393
11108
11394
11109
11398
11110
11399
11111
11403
11112
11404
11113
11405
11114
11406
11115
11407
11116
11408
11117
11409
11118
11410
11120
11411
11119
11412
11413
11414
11124
11415
11123
11416
11125
11417
11126
11418
11127
11419
11128
11420
11135
11421
11129
11136
11422
11130
11137
11423
11131
11138
11424
11132
11139
11425
11133
11140
11426
11134
11141
11427
11142
11428
11143
11429
11137
11144
11430
11138
11145
11431
11139
11146
11432
11140
11147
11433
11141
11148
11434
11142
11149
11435
11150
11436
11151
11437
11145
11152
11438
11146
11153
11439
11147
11154
11440
11148
11155
11441
11149
11156
11442
11150
11157
11443
11158
11444
11159
11445
11153
11160
11446
11154
11161
11447
11155
11162
11448
11156
11163
11449
11157
11164
11450
11158
11165
11451
11166
11452
11167
11453
11161
11168
11454
11162
11169
11455
11163
11170
11456
11164
11171
11457
11165
11172
11458
11166
11173
11459
11174
11460
11175
11461
11169
11176
11462
11170
11177
11463
11171
11178
11464
11172
11179
11465
11173
11180
11466
11174
11181
11467
11182
11468
11183
11469
11177
11184
11470
11178
11185
11471
11179
11186
11472
11180
11187
11473
11181
11188
11474
11182
11189
11475
11190
11476
11191
11477
11185
11192
11478
11186
11193
11479
11187
11194
11480
11188
11195
11481
11189
11196
11482
11190
11197
11483
11198
11484
11199
11485
11193
11200
11486
11194
11201
11487
11195
11202
11488
11196
11203
11489
11197
11204
11490
11198
11205
11491
11206
11492
11207
11493
11201
11208
11494
11202
11209
11495
11203
11210
11496
11204
11211
11497
11205
11212
11498
11206
11213
11499
11214
11500
11215
11501
11209
11216
11502
11210
11503
11211
11504
11212
11505
11213
11506
11214
11507
11508
11217
11509
11218
11510
11219
11511
11220
11512
11221
11513
11222
11514
11223
11515
11224
11516
11225
11517
11226
11518
11227
11519
11228
11520
11229
11521
11230
11522
11231
11523
11232
11524
11233
11525
11234
11526
11235
11527
11236
11528
11241
11529
11237
11242
11530
11238
11243
11531
11239
11244
11532
11240
11245
11533
11246
11534
11247
11535
11243
11248
11536
11244
11249
11537
11245
11250
11538
11246
11251
11539
11252
11540
11253
11541
11249
11254
11542
11250
11255
11543
11251
11256
11544
11252
11257
11545
11258
11546
11259
11547
11255
11260
11548
11256
11261
11549
11257
11262
11550
11258
11263
11551
11264
11552
11265
11553
11261
11266
11554
11262
11267
11555
11263
11268
11556
11264
11269
11557
11270
11558
11271
11559
11267
11272
11560
11268
11273
11561
11269
11274
11562
11270
11275
11563
11276
11564
11277
11565
11273
11278
11566
11274
11279
11567
11275
11280
11568
11276
11281
11569
11282
11570
11283
11571
11279
11284
11572
11280
11285
11573
11281
11286
11574
11282
11287
11575
11288
11576
11289
11577
11285
11290
11578
11286
11291
11579
11287
11292
11580
11288
11293
11581
11294
11582
11295
11583
11291
11296
11584
11292
11297
11585
11293
11298
11586
11294
11299
11587
11300
11588
11301
11589
11297
11302
11590
11298
11303
11591
11299
11304
11592
11300
11305
11593
11306
11594
11307
11595
11303
11308
11596
11304
11309
11597
11305
11310
11598
11306
11311
11599
11312
11600
11313
11601
11309
11314
11602
11310
11315
11603
11311
11316
11604
11312
11317
11605
11318
11606
11319
11607
11315
11320
11608
11316
11321
11609
11317
11322
11610
11318
11323
11611
11324
11612
11325
11613
11321
11326
11614
11322
11327
11615
11323
11328
11616
11324
11329
11617
11330
11618
11331
11619
11327
11332
11620
11328
11333
11621
11329
11334
11622
11330
11335
11623
11336
11624
11337
11625
11333
11338
11626
11334
11627
11335
11628
11336
11629
11630
11339
11631
11340
11632
11341
11633
11342
11634
11343
11635
11344
11636
11348
11637
11349
11638
11346
11350
11639
11347
11351
11640
11352
11641
11353
11642
11354
11643
11351
11355
11644
11352
11356
11645
11357
11646
11358
11647
11359
11648
11356
11360
11649
11357
11361
11650
11362
11651
11363
11652
11364
11653
11361
11365
11654
11362
11366
11655
11367
11656
11368
11657
11369
11658
11366
11370
11659
11367
11371
11660
11372
11661
11373
11662
11374
11663
11371
11375
11664
11372
11376
11665
11377
11666
11378
11667
11379
11668
11376
11380
11669
11377
11381
11670
11382
11671
11383
11672
11384
11673
11381
11385
11674
11382
11386
11675
11387
11676
11388
11677
11389
11678
11386
11390
11679
11387
11391
11680
11392
11681
11393
11682
11394
11683
11391
11395
11684
11392
11396
11685
11397
11686
11398
11687
11399
11688
11396
11400
11689
11397
11401
11690
11402
11691
11403
11692
11404
11693
11401
11694
11402
11695
11696
11405
11697
11406
11698
11407
11699
11408
11700
11409
11701
11410
11702
11411
11703
11412
11704
11414
11705
11413
11706
11707
11708
11418
11709
11417
11710
11419
11711
11420
11712
11421
11713
11422
11714
11429
11715
11423
11430
11716
11424
11431
11717
11425
11432
11718
11426
11433
11719
11427
11434
11720
11428
11435
11721
11436
11722
11437
11723
11431
11438
11724
11432
11439
11725
11433
11440
11726
11434
11441
11727
11435
11442
11728
11436
11443
11729
11444
11730
11445
11731
11439
11446
11732
11440
11447
11733
11441
11448
11734
11442
11449
11735
11443
11450
11736
11444
11451
11737
11452
11738
11453
11739
11447
11454
11740
11448
11455
11741
11449
11456
11742
11450
11457
11743
11451
11458
11744
11452
11459
11745
11460
11746
11461
11747
11455
11462
11748
11456
11463
11749
11457
11464
11750
11458
11465
11751
11459
11466
11752
11460
11467
11753
11468
11754
11469
11755
11463
11470
11756
11464
11471
11757
11465
11472
11758
11466
11473
11759
11467
11474
11760
11468
11475
11761
11476
11762
11477
11763
11471
11478
11764
11472
11479
11765
11473
11480
11766
11474
11481
11767
11475
11482
11768
11476
11483
11769
11484
11770
11485
11771
11479
11486
11772
11480
11487
11773
11481
11488
11774
11482
11489
11775
11483
11490
11776
11484
11491
11777
11492
11778
11493
11779
11487
11494
11780
11488
11495
11781
11489
11496
11782
11490
11497
11783
11491
11498
11784
11492
11499
11785
11500
11786
11501
11787
11495
11502
11788
11496
11503
11789
11497
11504
11790
11498
11505
11791
11499
11506
11792
11500
11507
11793
11508
11794
11509
11795
11503
11510
11796
11504
11797
11505
11798
11506
11799
11507
11800
11508
11801
11802
11511
11803
11512
11804
11513
11805
11514
11806
11515
11807
11516
11808
11517
11809
11518
11810
11519
11811
11520
11812
11521
11813
11522
11814
11523
11815
11524
11816
11525
11817
11526
11818
11527
11819
11528
11820
11529
11821
11530
11822
11535
11823
11531
11536
11824
11532
11537
11825
11533
11538
11826
11534
11539
11827
11540
11828
11541
11829
11537
11542
11830
11538
11543
11831
11539
11544
11832
11540
11545
11833
11546
11834
11547
11835
11543
11548
11836
11544
11549
11837
11545
11550
11838
11546
11551
11839
11552
11840
11553
11841
11549
11554
11842
11550
11555
11843
11551
11556
11844
11552
11557
11845
11558
11846
11559
11847
11555
11560
11848
11556
11561
11849
11557
11562
11850
11558
11563
11851
11564
11852
11565
11853
11561
11566
11854
11562
11567
11855
11563
11568
11856
11564
11569
11857
11570
11858
11571
11859
11567
11572
11860
11568
11573
11861
11569
11574
11862
11570
11575
11863
11576
11864
11577
11865
11573
11578
11866
11574
11579
11867
11575
11580
11868
11576
11581
11869
11582
11870
11583
11871
11579
11584
11872
11580
11585
11873
11581
11586
11874
11582
11587
11875
11588
11876
11589
11877
11585
11590
11878
11586
11591
11879
11587
11592
11880
11588
11593
11881
11594
11882
11595
11883
11591
11596
11884
11592
11597
11885
11593
11598
11886
11594
11599
11887
11600
11888
11601
11889
11597
11602
11890
11598
11603
11891
11599
11604
11892
11600
11605
11893
11606
11894
11607
11895
11603
11608
11896
11604
11609
11897
11605
11610
11898
11606
11611
11899
11612
11900
11613
11901
11609
11614
11902
11610
11615
11903
11611
11616
11904
11612
11617
11905
11618
11906
11619
11907
11615
11620
11908
11616
11621
11909
11617
11622
11910
11618
11623
11911
11624
11912
11625
11913
11621
11626
11914
11622
11627
11915
11623
11628
11916
11624
11629
11917
11630
11918
11631
11919
11627
11632
11920
11628
11921
11629
11922
11630
11923
11924
11633
11925
11634
11926
11635
11927
11636
11928
11637
11929
11638
11930
11642
11931
11643
11932
11640
11644
11933
11641
11645
11934
11646
11935
11647
11936
11648
11937
11645
11649
11938
11646
11650
11939
11651
11940
11652
11941
11653
11942
11650
11654
11943
11651
11655
11944
11656
11945
11657
11946
11658
11947
11655
11659
11948
11656
11660
11949
11661
11950
11662
11951
11663
11952
11660
11664
11953
11661
11665
11954
11666
11955
11667
11956
11668
11957
11665
11669
11958
11666
11670
11959
11671
11960
11672
11961
11673
11962
11670
11674
11963
11671
11675
11964
11676
11965
11677
11966
11678
11967
11675
11679
11968
11676
11680
11969
11681
11970
11682
11971
11683
11972
11680
11684
11973
11681
11685
11974
11686
11975
11687
11976
11688
11977
11685
11689
11978
11686
11690
11979
11691
11980
11692
11981
11693
11982
11690
11694
11983
11691
11695
11984
11696
11985
11697
11986
11698
11987
11695
11988
11696
11989
11990
11699
11991
11700
11992
11701
11993
11702
11994
11703
11995
11704
11996
11705
11997
11706
11998
11708
11999
11707
12000
12001
12002
11712
12003
11711
12004
11713
12005
11714
12006
11715
12007
11716
12008
11723
12009
11717
11724
12010
11718
11725
12011
11719
11726
12012
11720
11727
12013
11721
11728
12014
11722
11729
12015
11730
12016
11731
12017
11725
11732
12018
11726
11733
12019
11727
11734
12020
11728
11735
12021
11729
11736
12022
11730
11737
12023
11738
12024
11739
12025
11733
11740
12026
11734
11741
12027
11735
11742
12028
11736
11743
12029
11737
11744
12030
11738
11745
12031
11746
12032
11747
12033
11741
11748
12034
11742
11749
12035
11743
11750
12036
11744
11751
12037
11745
11752
12038
11746
11753
12039
11754
12040
11755
12041
11749
11756
12042
11750
11757
12043
11751
11758
12044
11752
11759
12045
11753
11760
12046
11754
11761
12047
11762
12048
11763
12049
11757
11764
12050
11758
11765
12051
11759
11766
12052
11760
11767
12053
11761
11768
12054
11762
11769
12055
11770
12056
11771
12057
11765
11772
12058
11766
11773
12059
11767
11774
12060
11768
11775
12061
11769
11776
12062
11770
11777
12063
11778
12064
11779
12065
11773
11780
12066
11774
11781
12067
11775
11782
12068
11776
11783
12069
11777
11784
12070
11778
11785
12071
11786
12072
11787
12073
11781
11788
12074
11782
11789
12075
11783
11790
12076
11784
11791
12077
11785
11792
12078
11786
11793
12079
11794
12080
11795
12081
11789
11796
12082
11790
11797
12083
11791
11798
12084
11792
11799
12085
11793
11800
12086
11794
11801
12087
11802
12088
11803
12089
11797
11804
12090
11798
12091
11799
12092
11800
12093
11801
12094
11802
12095
12096
11805
12097
11806
12098
11807
12099
11808
12100
11809
12101
11810
12102
11811
12103
11812
12104
11813
12105
11814
12106
11815
12107
11816
12108
11817
12109
11818
12110
11819
12111
11820
12112
11821
12113
11822
12114
11823
12115
11824
12116
11829
12117
11825
11830
12118
11826
11831
12119
11827
11832
12120
11828
11833
12121
11834
12122
11835
12123
11831
11836
12124
11832
11837
12125
11833
11838
12126
11834
11839
12127
11840
12128
11841
12129
11837
11842
12130
11838
11843
12131
11839
11844
12132
11840
11845
12133
11846
12134
11847
12135
11843
11848
12136
11844
11849
12137
11845
11850
12138
11846
11851
12139
11852
12140
11853
12141
11849
11854
12142
11850
11855
12143
11851
11856
12144
11852
11857
12145
11858
12146
11859
12147
11855
11860
12148
11856
11861
12149
11857
11862
12150
11858
11863
12151
11864
12152
11865
12153
11861
11866
12154
11862
11867
12155
11863
11868
12156
11864
11869
12157
11870
12158
11871
12159
11867
11872
12160
11868
11873
12161
11869
11874
12162
11870
11875
12163
11876
12164
11877
12165
11873
11878
12166
11874
11879
12167
11875
11880
12168
11876
11881
12169
11882
12170
11883
12171
11879
11884
12172
11880
11885
12173
11881
11886
12174
11882
11887
12175
11888
12176
11889
12177
11885
11890
12178
11886
11891
12179
11887
11892
12180
11888
11893
12181
11894
12182
11895
12183
11891
11896
12184
11892
11897
12185
11893
11898
12186
11894
11899
12187
11900
12188
11901
12189
11897
11902
12190
11898
11903
12191
11899
11904
12192
11900
11905
12193
11906
12194
11907
12195
11903
11908
12196
11904
11909
12197
11905
11910
12198
11906
11911
12199
11912
12200
11913
12201
11909
11914
12202
11910
11915
12203
11911
11916
12204
11912
11917
12205
11918
12206
11919
12207
11915
11920
12208
11916
11921
12209
11917
11922
12210
11918
11923
12211
11924
12212
11925
12213
11921
11926
12214
11922
12215
11923
12216
11924
12217
12218
11927
12219
11928
12220
11929
12221
11930
12222
11931
12223
11932
12224
11936
12225
11937
12226
11934
11938
12227
11935
11939
12228
11940
12229
11941
12230
11942
12231
11939
11943
12232
11940
11944
12233
11945
12234
11946
12235
11947
12236
11944
11948
12237
11945
11949
12238
11950
12239
11951
12240
11952
12241
11949
11953
12242
11950
11954
12243
11955
12244
11956
12245
11957
12246
11954
11958
12247
11955
11959
12248
11960
12249
11961
12250
11962
12251
11959
11963
12252
11960
11964
12253
11965
12254
11966
12255
11967
12256
11964
11968
12257
11965
11969
12258
11970
12259
11971
12260
11972
12261
11969
11973
12262
11970
11974
12263
11975
12264
11976
12265
11977
12266
11974
11978
12267
11975
11979
12268
11980
12269
11981
12270
11982
12271
11979
11983
12272
11980
11984
12273
11985
12274
11986
12275
11987
12276
11984
11988
12277
11985
11989
12278
11990
12279
11991
12280
11992
12281
11989
12282
11990
12283
12284
11993
12285
11994
12286
11995
12287
11996
12288
11997
12289
11998
12290
11999
12291
12000
12292
12002
12293
12001
12294
12295
12296
12006
12297
12005
12298
12007
12299
12008
12300
12009
12301
12010
12302
12017
12303
12011
12018
12304
12012
12019
12305
12013
12020
12306
12014
12021
12307
12015
12022
12308
12016
12023
12309
12024
12310
12025
12311
12019
12026
12312
12020
12027
12313
12021
12028
12314
12022
12029
12315
12023
12030
12316
12024
12031
12317
12032
12318
12033
12319
12027
12034
12320
12028
12035
12321
12029
12036
12322
12030
12037
12323
12031
12038
12324
12032
12039
12325
12040
12326
12041
12327
12035
12042
12328
12036
12043
12329
12037
12044
12330
12038
12045
12331
12039
12046
12332
12040
12047
12333
12048
12334
12049
12335
12043
12050
12336
12044
12051
12337
12045
12052
12338
12046
12053
12339
12047
12054
12340
12048
12055
12341
12056
12342
12057
12343
12051
12058
12344
12052
12059
12345
12053
12060
12346
12054
12061
12347
12055
12062
12348
12056
12063
12349
12064
12350
12065
12351
12059
12066
12352
12060
12067
12353
12061
12068
12354
12062
12069
12355
12063
12070
12356
12064
12071
12357
12072
12358
12073
12359
12067
12074
12360
12068
12075
12361
12069
12076
12362
12070
12077
12363
12071
12078
12364
12072
12079
12365
12080
12366
12081
12367
12075
12082
12368
12076
12083
12369
12077
12084
12370
12078
12085
12371
12079
12086
12372
12080
12087
12373
12088
12374
12089
12375
12083
12090
12376
12084
12091
12377
12085
12092
12378
12086
12093
12379
12087
12094
12380
12088
12095
12381
12096
12382
12097
12383
12091
12098
12384
12092
12385
12093
12386
12094
12387
12095
12388
12096
12389
12390
12099
12391
12100
12392
12101
12393
12102
12394
12103
12395
12104
12396
12105
12397
12106
12398
12107
12399
12108
12400
12109
12401
12110
12402
12111
12403
12112
12404
12113
12405
12114
12406
12115
12407
12116
12408
12117
12409
12118
12410
12123
12411
12119
12124
12412
12120
12125
12413
12121
12126
12414
12122
12127
12415
12128
12416
12129
12417
12125
12130
12418
12126
12131
12419
12127
12132
12420
12128
12133
12421
12134
12422
12135
12423
12131
12136
12424
12132
12137
12425
12133
12138
12426
12134
12139
12427
12140
12428
12141
12429
12137
12142
12430
12138
12143
12431
12139
12144
12432
12140
12145
12433
12146
12434
12147
12435
12143
12148
12436
12144
12149
12437
12145
12150
12438
12146
12151
12439
12152
12440
12153
12441
12149
12154
12442
12150
12155
12443
12151
12156
12444
12152
12157
12445
12158
12446
12159
12447
12155
12160
12448
12156
12161
12449
12157
12162
12450
12158
12163
12451
12164
12452
12165
12453
12161
12166
12454
12162
12167
12455
12163
12168
12456
12164
12169
12457
12170
12458
12171
12459
12167
12172
12460
12168
12173
12461
12169
12174
12462
12170
12175
12463
12176
12464
12177
12465
12173
12178
12466
12174
12179
12467
12175
12180
12468
12176
12181
12469
12182
12470
12183
12471
12179
12184
12472
12180
12185
12473
12181
12186
12474
12182
12187
12475
12188
12476
12189
12477
12185
12190
12478
12186
12191
12479
12187
12192
12480
12188
12193
12481
12194
12482
12195
12483
12191
12196
12484
12192
12197
12485
12193
12198
12486
12194
12199
12487
12200
12488
12201
12489
12197
12202
12490
12198
12203
12491
12199
12204
12492
12200
12205
12493
12206
12494
12207
12495
12203
12208
12496
12204
12209
12497
12205
12210
12498
12206
12211
12499
12212
12500
12213
12501
12209
12214
12502
12210
12215
12503
12211
12216
12504
12212
12217
12505
12218
12506
12219
12507
12215
12220
12508
12216
12509
12217
12510
12218
12511
12512
12221
12513
12222
12514
12223
12515
12224
12516
12225
12517
12226
12518
12230
12519
12231
12520
12228
12232
12521
12229
12233
12522
12234
12523
12235
12524
12236
12525
12233
12237
12526
12234
12238
12527
12239
12528
12240
12529
12241
12530
12238
12242
12531
12239
12243
12532
12244
12533
12245
12534
12246
12535
12243
12247
12536
12244
12248
12537
12249
12538
12250
12539
12251
12540
12248
12252
12541
12249
12253
12542
12254
12543
12255
12544
12256
12545
12253
12257
12546
12254
12258
12547
12259
12548
12260
12549
12261
12550
12258
12262
12551
12259
12263
12552
12264
12553
12265
12554
12266
12555
12263
12267
12556
12264
12268
12557
12269
12558
12270
12559
12271
12560
12268
12272
12561
12269
12273
12562
12274
12563
12275
12564
12276
12565
12273
12277
12566
12274
12278
12567
12279
12568
12280
12569
12281
12570
12278
12282
12571
12279
12283
12572
12284
12573
12285
12574
12286
12575
12283
12576
12284
12577
12578
12287
12579
12288
12580
12289
12581
12290
12582
12291
12583
12292
12584
12293
12585
12294
12586
12296
12587
12295
12588
12589
12590
12300
12591
12299
12592
12301
12593
12302
12594
12303
12595
12304
12596
12311
12597
12305
12312
12598
12306
12313
12599
12307
12314
12600
12308
12315
12601
12309
12316
12602
12310
12317
12603
12318
12604
12319
12605
12313
12320
12606
12314
12321
12607
12315
12322
12608
12316
12323
12609
12317
12324
12610
12318
12325
12611
12326
12612
12327
12613
12321
12328
12614
12322
12329
12615
12323
12330
12616
12324
12331
12617
12325
12332
12618
12326
12333
12619
12334
12620
12335
12621
12329
12336
12622
12330
12337
12623
12331
12338
12624
12332
12339
12625
12333
12340
12626
12334
12341
12627
12342
12628
12343
12629
12337
12344
12630
12338
12345
12631
12339
12346
12632
12340
12347
12633
12341
12348
12634
12342
12349
12635
12350
12636
12351
12637
12345
12352
12638
12346
12353
12639
12347
12354
12640
12348
12355
12641
12349
12356
12642
12350
12357
12643
12358
12644
12359
12645
12353
12360
12646
12354
12361
12647
12355
12362
12648
12356
12363
12649
12357
12364
12650
12358
12365
12651
12366
12652
12367
12653
12361
12368
12654
12362
12369
12655
12363
12370
12656
12364
12371
12657
12365
12372
12658
12366
12373
12659
12374
12660
12375
12661
12369
12376
12662
12370
12377
12663
12371
12378
12664
12372
12379
12665
12373
12380
12666
12374
12381
12667
12382
12668
12383
12669
12377
12384
12670
12378
12385
12671
12379
12386
12672
12380
12387
12673
12381
12388
12674
12382
12389
12675
12390
12676
12391
12677
12385
12392
12678
12386
12679
12387
12680
12388
12681
12389
12682
12390
12683
12684
12393
12685
12394
12686
12395
12687
12396
12688
12397
12689
12398
12690
12399
12691
12400
12692
12401
12693
12402
12694
12403
12695
12404
12696
12405
12697
12406
12698
12407
12699
12408
12700
12409
12701
12410
12702
12411
12703
12412
12704
12417
12705
12413
12418
12706
12414
12419
12707
12415
12420
12708
12416
12421
12709
12422
12710
12423
12711
12419
12424
12712
12420
12425
12713
12421
12426
12714
12422
12427
12715
12428
12716
12429
12717
12425
12430
12718
12426
12431
12719
12427
12432
12720
12428
12433
12721
12434
12722
12435
12723
12431
12436
12724
12432
12437
12725
12433
12438
12726
12434
12439
12727
12440
12728
12441
12729
12437
12442
12730
12438
12443
12731
12439
12444
12732
12440
12445
12733
12446
12734
12447
12735
12443
12448
12736
12444
12449
12737
12445
12450
12738
12446
12451
12739
12452
12740
12453
12741
12449
12454
12742
12450
12455
12743
12451
12456
12744
12452
12457
12745
12458
12746
12459
12747
12455
12460
12748
12456
12461
12749
12457
12462
12750
12458
12463
12751
12464
12752
12465
12753
12461
12466
12754
12462
12467
12755
12463
12468
12756
12464
12469
12757
12470
12758
12471
12759
12467
12472
12760
12468
12473
12761
12469
12474
12762
12470
12475
12763
12476
12764
12477
12765
12473
12478
12766
12474
12479
12767
12475
12480
12768
12476
12481
12769
12482
12770
12483
12771
12479
12484
12772
12480
12485
12773
12481
12486
12774
12482
12487
12775
12488
12776
12489
12777
12485
12490
12778
12486
12491
12779
12487
12492
12780
12488
12493
12781
12494
12782
12495
12783
12491
12496
12784
12492
12497
12785
12493
12498
12786
12494
12499
12787
12500
12788
12501
12789
12497
12502
12790
12498
12503
12791
12499
12504
12792
12500
12505
12793
12506
12794
12507
12795
12503
12508
12796
12504
12509
12797
12505
12510
12798
12506
12511
12799
12512
12800
12513
12801
12509
12514
12802
12510
12803
12511
12804
12512
12805
12806
12515
12807
12516
12808
12517
12809
12518
12810
12519
12811
12520
12812
12524
12813
12525
12814
12522
12526
12815
12523
12527
12816
12528
12817
12529
12818
12530
12819
12527
12531
12820
12528
12532
12821
12533
12822
12534
12823
12535
12824
12532
12536
12825
12533
12537
12826
12538
12827
12539
12828
12540
12829
12537
12541
12830
12538
12542
12831
12543
12832
12544
12833
12545
12834
12542
12546
12835
12543
12547
12836
12548
12837
12549
12838
12550
12839
12547
12551
12840
12548
12552
12841
12553
12842
12554
12843
12555
12844
12552
12556
12845
12553
12557
12846
12558
12847
12559
12848
12560
12849
12557
12561
12850
12558
12562
12851
12563
12852
12564
12853
12565
12854
12562
12566
12855
12563
12567
12856
12568
12857
12569
12858
12570
12859
12567
12571
12860
12568
12572
12861
12573
12862
12574
12863
12575
12864
12572
12576
12865
12573
12577
12866
12578
12867
12579
12868
12580
12869
12577
12870
12578
12871
12872
12581
12873
12582
12874
12583
12875
12584
12876
12585
12877
12586
12878
12587
12879
12588
12880
12590
12881
12589
12882
12883
12884
12594
12885
12593
12886
12595
12887
12596
12888
12597
12889
12598
12890
12605
12891
12599
12606
12892
12600
12607
12893
12601
12608
12894
12602
12609
12895
12603
12610
12896
12604
12611
12897
12612
12898
12613
12899
12607
12614
12900
12608
12615
12901
12609
12616
12902
12610
12617
12903
12611
12618
12904
12612
12619
12905
12620
12906
12621
12907
12615
12622
12908
12616
12623
12909
12617
12624
12910
12618
12625
12911
12619
12626
12912
12620
12627
12913
12628
12914
12629
12915
12623
12630
12916
12624
12631
12917
12625
12632
12918
12626
12633
12919
12627
12634
12920
12628
12635
12921
12636
12922
12637
12923
12631
12638
12924
12632
12639
12925
12633
12640
12926
12634
12641
12927
12635
12642
12928
12636
12643
12929
12644
12930
12645
12931
12639
12646
12932
12640
12647
12933
12641
12648
12934
12642
12649
12935
12643
12650
12936
12644
12651
12937
12652
12938
12653
12939
12647
12654
12940
12648
12655
12941
12649
12656
12942
12650
12657
12943
12651
12658
12944
12652
12659
12945
12660
12946
12661
12947
12655
12662
12948
12656
12663
12949
12657
12664
12950
12658
12665
12951
12659
12666
12952
12660
12667
12953
12668
12954
12669
12955
12663
12670
12956
12664
12671
12957
12665
12672
12958
12666
12673
12959
12667
12674
12960
12668
12675
12961
12676
12962
12677
12963
12671
12678
12964
12672
12679
12965
12673
12680
12966
12674
12681
12967
12675
12682
12968
12676
12683
12969
12684
12970
12685
12971
12679
12686
12972
12680
12973
12681
12974
12682
12975
12683
12976
12684
12977
12978
12687
12979
12688
12980
12689
12981
12690
12982
12691
12983
12692
12984
12693
12985
12694
12986
12695
12987
12696
12988
12697
12989
12698
12990
12699
12991
12700
12992
12701
12993
12702
12994
12703
12995
12704
12996
12705
12997
12706
12998
12711
12999
12707
12712
13000
12708
12713
13001
12709
12714
13002
12710
12715
13003
12716
13004
12717
13005
12713
12718
13006
12714
12719
13007
12715
12720
13008
12716
12721
13009
12722
13010
12723
13011
12719
12724
13012
12720
12725
13013
12721
12726
13014
12722
12727
13015
12728
13016
12729
13017
12725
12730
13018
12726
12731
13019
12727
12732
13020
12728
12733
13021
12734
13022
12735
13023
12731
12736
13024
12732
12737
13025
12733
12738
13026
12734
12739
13027
12740
13028
12741
13029
12737
12742
13030
12738
12743
13031
12739
12744
13032
12740
12745
13033
12746
13034
12747
13035
12743
12748
13036
12744
12749
13037
12745
12750
13038
12746
12751
13039
12752
13040
12753
13041
12749
12754
13042
12750
12755
13043
12751
12756
13044
12752
12757
13045
12758
13046
12759
13047
12755
12760
13048
12756
12761
13049
12757
12762
13050
12758
12763
13051
12764
13052
12765
13053
12761
12766
13054
12762
12767
13055
12763
12768
13056
12764
12769
13057
12770
13058
12771
13059
12767
12772
13060
12768
12773
13061
12769
12774
13062
12770
12775
13063
12776
13064
12777
13065
12773
12778
13066
12774
12779
13067
12775
12780
13068
12776
12781
13069
12782
13070
12783
13071
12779
12784
13072
12780
12785
13073
12781
12786
13074
12782
12787
13075
12788
13076
12789
13077
12785
12790
13078
12786
12791
13079
12787
12792
13080
12788
12793
13081
12794
13082
12795
13083
12791
12796
13084
12792
12797
13085
12793
12798
13086
12794
12799
13087
12800
13088
12801
13089
12797
12802
13090
12798
12803
13091
12799
12804
13092
12800
12805
13093
12806
13094
12807
13095
12803
12808
13096
12804
13097
12805
13098
12806
13099
13100
12809
13101
12810
13102
12811
13103
12812
13104
12813
13105
12814
13106
12818
13107
12819
13108
12816
12820
13109
12817
12821
13110
12822
13111
12823
13112
12824
13113
12821
12825
13114
12822
12826
13115
12827
13116
12828
13117
12829
13118
12826
12830
13119
12827
12831
13120
12832
13121
12833
13122
12834
13123
12831
12835
13124
12832
12836
13125
12837
13126
12838
13127
12839
13128
12836
12840
13129
12837
12841
13130
12842
13131
12843
13132
12844
13133
12841
12845
13134
12842
12846
13135
12847
13136
12848
13137
12849
13138
12846
12850
13139
12847
12851
13140
12852
13141
12853
13142
12854
13143
12851
12855
13144
12852
12856
13145
12857
13146
12858
13147
12859
13148
12856
12860
13149
12857
12861
13150
12862
13151
12863
13152
12864
13153
12861
12865
13154
12862
12866
13155
12867
13156
12868
13157
12869
13158
12866
12870
13159
12867
12871
13160
12872
13161
12873
13162
12874
13163
12871
13164
12872
13165
13166
12875
13167
12876
13168
12877
13169
12878
13170
12879
13171
12880
13172
12881
13173
12882
13174
12884
13175
12883
13176
13177
13178
12888
13179
12887
13180
12889
13181
12890
13182
12891
13183
12892
13184
12899
13185
12893
12900
13186
12894
12901
13187
12895
12902
13188
12896
12903
13189
12897
12904
13190
12898
12905
13191
12906
13192
12907
13193
12901
12908
13194
12902
12909
13195
12903
12910
13196
12904
12911
13197
12905
12912
13198
12906
12913
13199
12914
13200
12915
13201
12909
12916
13202
12910
12917
13203
12911
12918
13204
12912
12919
13205
12913
12920
13206
12914
12921
13207
12922
13208
12923
13209
12917
12924
13210
12918
12925
13211
12919
12926
13212
12920
12927
13213
12921
12928
13214
12922
12929
13215
12930
13216
12931
13217
12925
12932
13218
12926
12933
13219
12927
12934
13220
12928
12935
13221
12929
12936
13222
12930
12937
13223
12938
13224
12939
13225
12933
12940
13226
12934
12941
13227
12935
12942
13228
12936
12943
13229
12937
12944
13230
12938
12945
13231
12946
13232
12947
13233
12941
12948
13234
12942
12949
13235
12943
12950
13236
12944
12951
13237
12945
12952
13238
12946
12953
13239
12954
13240
12955
13241
12949
12956
13242
12950
12957
13243
12951
12958
13244
12952
12959
13245
12953
12960
13246
12954
12961
13247
12962
13248
12963
13249
12957
12964
13250
12958
12965
13251
12959
12966
13252
12960
12967
13253
12961
12968
13254
12962
12969
13255
12970
13256
12971
13257
12965
12972
13258
12966
12973
13259
12967
12974
13260
12968
12975
13261
12969
12976
13262
12970
12977
13263
12978
13264
12979
13265
12973
12980
13266
12974
13267
12975
13268
12976
13269
12977
13270
12978
13271
13272
12981
13273
12982
13274
12983
13275
12984
13276
12985
13277
12986
13278
12987
13279
12988
13280
12989
13281
12990
13282
12991
13283
12992
13284
12993
13285
12994
13286
12995
13287
12996
13288
12997
13289
12998
13290
12999
13291
13000
13292
13005
13293
13001
13006
13294
13002
13007
13295
13003
13008
13296
13004
13009
13297
13010
13298
13011
13299
13007
13012
13300
13008
13013
13301
13009
13014
13302
13010
13015
13303
13016
13304
13017
13305
13013
13018
13306
13014
13019
13307
13015
13020
13308
13016
13021
13309
13022
13310
13023
13311
13019
13024
13312
13020
13025
13313
13021
13026
13314
13022
13027
13315
13028
13316
13029
13317
13025
13030
13318
13026
13031
13319
13027
13032
13320
13028
13033
13321
13034
13322
13035
13323
13031
13036
13324
13032
13037
13325
13033
13038
13326
13034
13039
13327
13040
13328
13041
13329
13037
13042
13330
13038
13043
13331
13039
13044
13332
13040
13045
13333
13046
13334
13047
13335
13043
13048
13336
13044
13049
13337
13045
13050
13338
13046
13051
13339
13052
13340
13053
13341
13049
13054
13342
13050
13055
13343
13051
13056
13344
13052
13057
13345
13058
13346
13059
13347
13055
13060
13348
13056
13061
13349
13057
13062
13350
13058
13063
13351
13064
13352
13065
13353
13061
13066
13354
13062
13067
13355
13063
13068
13356
13064
13069
13357
13070
13358
13071
13359
13067
13072
13360
13068
13073
13361
13069
13074
13362
13070
13075
13363
13076
13364
13077
13365
13073
13078
13366
13074
13079
13367
13075
13080
13368
13076
13081
13369
13082
13370
13083
13371
13079
13084
13372
13080
13085
13373
13081
13086
13374
13082
13087
13375
13088
13376
13089
13377
13085
13090
13378
13086
13091
13379
13087
13092
13380
13088
13093
13381
13094
13382
13095
13383
13091
13096
13384
13092
13097
13385
13093
13098
13386
13094
13099
13387
13100
13388
13101
13389
13097
13102
13390
13098
13391
13099
13392
13100
13393
13394
13103
13395
13104
13396
13105
13397
13106
13398
13107
13399
13108
13400
13112
13401
13113
13402
13110
13114
13403
13111
13115
13404
13116
13405
13117
13406
13118
13407
13115
13119
13408
13116
13120
13409
13121
13410
13122
13411
13123
13412
13120
13124
13413
13121
13125
13414
13126
13415
13127
13416
13128
13417
13125
13129
13418
13126
13130
13419
13131
13420
13132
13421
13133
13422
13130
13134
13423
13131
13135
13424
13136
13425
13137
13426
13138
13427
13135
13139
13428
13136
13140
13429
13141
13430
13142
13431
13143
13432
13140
13144
13433
13141
13145
13434
13146
13435
13147
13436
13148
13437
13145
13149
13438
13146
13150
13439
13151
13440
13152
13441
13153
13442
13150
13154
13443
13151
13155
13444
13156
13445
13157
13446
13158
13447
13155
13159
13448
13156
13160
13449
13161
13450
13162
13451
13163
13452
13160
13164
13453
13161
13165
13454
13166
13455
13167
13456
13168
13457
13165
13458
13166
13459
13460
13169
13461
13170
13462
13171
13463
13172
13464
13173
13465
13174
13466
13175
13467
13176
13468
13178
13469
13177
13470
13471
13472
13182
13473
13181
13474
13183
13475
13184
13476
13185
13477
13186
13478
13193
13479
13187
13194
13480
13188
13195
13481
13189
13196
13482
13190
13197
13483
13191
13198
13484
13192
13199
13485
13200
13486
13201
13487
13195
13202
13488
13196
13203
13489
13197
13204
13490
13198
13205
13491
13199
13206
13492
13200
13207
13493
13208
13494
13209
13495
13203
13210
13496
13204
13211
13497
13205
13212
13498
13206
13213
13499
13207
13214
13500
13208
13215
13501
13216
13502
13217
13503
13211
13218
13504
13212
13219
13505
13213
13220
13506
13214
13221
13507
13215
13222
13508
13216
13223
13509
13224
13510
13225
13511
13219
13226
13512
13220
13227
13513
13221
13228
13514
13222
13229
13515
13223
13230
13516
13224
13231
13517
13232
13518
13233
13519
13227
13234
13520
13228
13235
13521
13229
13236
13522
13230
13237
13523
13231
13238
13524
13232
13239
13525
13240
13526
13241
13527
13235
13242
13528
13236
13243
13529
13237
13244
13530
13238
13245
13531
13239
13246
13532
13240
13247
13533
13248
13534
13249
13535
13243
13250
13536
13244
13251
13537
13245
13252
13538
13246
13253
13539
13247
13254
13540
13248
13255
13541
13256
13542
13257
13543
13251
13258
13544
13252
13259
13545
13253
13260
13546
13254
13261
13547
13255
13262
13548
13256
13263
13549
13264
13550
13265
13551
13259
13266
13552
13260
13267
13553
13261
13268
13554
13262
13269
13555
13263
13270
13556
13264
13271
13557
13272
13558
13273
13559
13267
13274
13560
13268
13561
13269
13562
13270
13563
13271
13564
13272
13565
13566
13275
13567
13276
13568
13277
13569
13278
13570
13279
13571
13280
13572
13281
13573
13282
13574
13283
13575
13284
13576
13285
13577
13286
13578
13287
13579
13288
13580
13289
13581
13290
13582
13291
13583
13292
13584
13293
13585
13294
13586
13299
13587
13295
13300
13588
13296
13301
13297
13302
13298
13303
13304
13305
13589
13301
13306
13590
13302
13307
13303
13308
13304
13309
13310
13311
13591
13307
13312
13592
13308
13313
13309
13314
13310
13315
13316
13317
13593
13313
13318
13594
13314
13319
13315
13320
13316
13321
13322
13323
13595
13319
13324
13596
13320
13325
13321
13326
13322
13327
13328
13329
13597
13325
13330
13598
13326
13331
13327
13332
13328
13333
13334
13335
13599
13331
13336
13600
13332
13337
13333
13338
13334
13339
13340
13341
13601
13337
13342
13602
13338
13343
13339
13344
13340
13345
13346
13347
13603
13343
13348
13604
13344
13349
13345
13350
13346
13351
13352
13353
13605
13349
13354
13606
13350
13355
13351
13356
13352
13357
13358
13359
13607
13355
13360
13608
13356
13361
13357
13362
13358
13363
13364
13365
13609
13361
13366
13610
13362
13367
13363
13368
13364
13369
13370
13371
13611
13367
13372
13612
13368
13373
13369
13374
13370
13375
13376
13377
13613
13373
13378
13614
13374
13379
13375
13380
13376
13381
13382
13383
13615
13379
13384
13616
13380
13385
13381
13386
13382
13387
13388
13389
13617
13385
13390
13618
13386
13391
13387
13392
13388
13393
13394
13395
13619
13391
13396
13620
13392
13393
13394
13397
13621
13398
13622
13399
13623
13400
13624
13401
13625
13402
13626
13406
13627
13407
13628
13404
13408
13629
13405
13409
13630
13410
13631
13411
13632
13412
13633
13409
13413
13634
13410
13414
13635
13415
13636
13416
13637
13417
13638
13414
13418
13639
13415
13419
13640
13420
13641
13421
13642
13422
13643
13419
13423
13644
13420
13424
13645
13425
13646
13426
13647
13427
13648
13424
13428
13649
13425
13429
13650
13430
13651
13431
13652
13432
13653
13429
13433
13654
13430
13434
13655
13435
13656
13436
13657
13437
13658
13434
13438
13659
13435
13439
13660
13440
13661
13441
13662
13442
13663
13439
13443
13664
13440
13444
13665
13445
13666
13446
13667
13447
13668
13444
13448
13669
13445
13449
13670
13450
13671
13451
13672
13452
13673
13449
13453
13674
13450
13454
13675
13455
13676
13456
13677
13457
13678
13454
13458
13679
13455
13459
13680
13460
13681
13461
13682
13462
13683
13459
13684
13460
13685
13686
13463
13687
13464
13688
13465
13689
13466
13690
13467
13691
13468
13692
13469
13693
13470
13694
13472
13695
13471
13696
13697
13698
13476
13699
13475
13700
13477
13701
13478
13702
13479
13703
13480
13704
13487
13705
13481
13488
13706
13482
13489
13707
13483
13490
13708
13484
13491
13709
13485
13492
13710
13486
13493
13711
13494
13712
13495
13713
13489
13496
13714
13490
13497
13715
13491
13498
13716
13492
13499
13717
13493
13500
13718
13494
13501
13719
13502
13720
13503
13721
13497
13504
13722
13498
13505
13723
13499
13506
13724
13500
13507
13725
13501
13508
13726
13502
13509
13727
13510
13728
13511
13729
13505
13512
13730
13506
13513
13731
13507
13514
13732
13508
13515
13733
13509
13516
13734
13510
13517
13735
13518
13736
13519
13737
13513
13520
13738
13514
13521
13739
13515
13522
13740
13516
13523
13741
13517
13524
13742
13518
13525
13743
13526
13744
13527
13745
13521
13528
13746
13522
13529
13747
13523
13530
13748
13524
13531
13749
13525
13532
13750
13526
13533
13751
13534
13752
13535
13753
13529
13536
13754
13530
13537
13755
13531
13538
13756
13532
13539
13757
13533
13540
13758
13534
13541
13759
13542
13760
13543
13761
13537
13544
13762
13538
13545
13763
13539
13546
13764
13540
13547
13765
13541
13548
13766
13542
13549
13767
13550
13768
13551
13769
13545
13552
13770
13546
13553
13771
13547
13554
13772
13548
13555
13773
13549
13556
13774
13550
13557
13775
13558
13776
13559
13777
13553
13560
13778
13554
13561
13779
13555
13562
13780
13556
13563
13781
13557
13564
13782
13558
13565
13783
13566
13784
13567
13785
13561
13568
13786
13562
13787
13563
13788
13564
13789
13565
13790
13566
13791
13792
13569
13793
13570
13794
13571
13795
13572
13796
13573
13797
13574
13798
13575
13799
13576
13800
13577
13801
13578
13802
13579
13803
13580
13804
13581
13805
13582
13806
13583
13807
13584
13808
13585
13809
13586
13810
13587
13811
13588
13812
13589
13813
13590
13814
13591
13815
13592
13816
13593
13817
13594
13818
13595
13819
13596
13820
13597
13821
13598
13822
13599
13823
13600
13824
13601
13825
13602
13826
13603
13827
13604
13828
13605
13829
13606
13830
13607
13831
13608
13832
13609
13833
13610
13834
13611
13835
13612
13836
13613
13837
13614
13838
13615
13839
13616
13840
13617
13841
13618
13842
13619
13843
13620
13844
13621
13845
13622
13846
13623
13847
13624
13848
13625
13849
13626
13850
13627
13851
13628
13852
13632
13853
13633
13854
13630
13634
13855
13631
13635
13856
13636
13857
13637
13858
13638
13859
13635
13639
13860
13636
13640
13861
13641
13862
13642
13863
13643
13864
13640
13644
13865
13641
13645
13866
13646
13867
13647
13868
13648
13869
13645
13649
13870
13646
13650
13871
13651
13872
13652
13873
13653
13874
13650
13654
13875
13651
13655
13876
13656
13877
13657
13878
13658
13879
13655
13659
13880
13656
13660
13881
13661
13882
13662
13883
13663
13884
13660
13664
13885
13661
13665
13886
13666
13887
13667
13888
13668
13889
13665
13669
13890
13666
13670
13891
13671
13892
13672
13893
13673
13894
13670
13674
13895
13671
13675
13896
13676
13897
13677
13898
13678
13899
13675
13679
13900
13676
13680
13901
13681
13902
13682
13903
13683
13904
13680
13684
13905
13681
13685
13906
13686
13907
13687
13908
13688
13909
13685
13910
13686
13911
13912
13689
13913
13690
13914
13691
13915
13692
13916
13693
13917
13694
13918
13695
13919
13696
13920
13698
13921
13697
13922
13923
13924
13702
13925
13701
13926
13703
13927
13704
13928
13705
13929
13706
13930
13713
13931
13707
13714
13932
13708
13715
13933
13709
13716
13934
13710
13717
13935
13711
13718
13936
13712
13719
13937
13720
13938
13721
13939
13715
13722
13940
13716
13723
13941
13717
13724
13942
13718
13725
13943
13719
13726
13944
13720
13727
13945
13728
13946
13729
13947
13723
13730
13948
13724
13731
13949
13725
13732
13950
13726
13733
13951
13727
13734
13952
13728
13735
13953
13736
13954
13737
13955
13731
13738
13956
13732
13739
13957
13733
13740
13958
13734
13741
13959
13735
13742
13960
13736
13743
13961
13744
13962
13745
13963
13739
13746
13964
13740
13747
13965
13741
13748
13966
13742
13749
13967
13743
13750
13968
13744
13751
13969
13752
13970
13753
13971
13747
13754
13972
13748
13755
13973
13749
13756
13974
13750
13757
13975
13751
13758
13976
13752
13759
13977
13760
13978
13761
13979
13755
13762
13980
13756
13763
13981
13757
13764
13982
13758
13765
13983
13759
13766
13984
13760
13767
13985
13768
13986
13769
13987
13763
13770
13988
13764
13771
13989
13765
13772
13990
13766
13773
13991
13767
13774
13992
13768
13775
13993
13776
13994
13777
13995
13771
13778
13996
13772
13779
13997
13773
13780
13998
13774
13781
13999
13775
13782
14000
13776
13783
14001
13784
14002
13785
14003
13779
13786
14004
13780
13787
14005
13781
13788
14006
13782
13789
14007
13783
13790
14008
13784
13791
14009
13792
14010
13793
14011
13787
13794
14012
13788
14013
13789
14014
13790
14015
13791
14016
13792
14017
14018
13795
14019
13796
14020
13797
14021
13798
14022
13799
14023
13800
14024
13801
14025
13802
14026
13803
14027
13804
14028
13805
14029
13806
14030
13807
14031
13808
14032
13809
14033
13810
14034
13811
14035
13812
14036
13813
14037
13814
14038
13815
14039
13816
14040
13817
14041
13818
14042
13819
14043
13820
14044
13821
14045
13822
14046
13823
14047
13824
14048
13825
14049
13826
14050
13827
14051
13828
14052
13829
14053
13830
14054
13831
14055
13832
14056
13833
14057
13834
14058
13835
14059
13836
14060
13837
14061
13838
14062
13839
14063
13840
14064
13841
14065
13842
14066
13843
14067
13844
14068
13845
14069
13846
14070
13847
14071
13848
14072
13849
14073
13850
14074
13851
14075
13852
14076
13853
14077
13854
14078
13858
14079
13859
14080
13856
13860
14081
13857
13861
14082
13862
14083
13863
14084
13864
14085
13861
13865
14086
13862
13866
14087
13867
14088
13868
14089
13869
14090
13866
13870
14091
13867
13871
14092
13872
14093
13873
14094
13874
14095
13871
13875
14096
13872
13876
14097
13877
14098
13878
14099
13879
14100
13876
13880
14101
13877
13881
14102
13882
14103
13883
14104
13884
14105
13881
13885
14106
13882
13886
14107
13887
14108
13888
14109
13889
14110
13886
13890
14111
13887
13891
14112
13892
14113
13893
14114
13894
14115
13891
13895
14116
13892
13896
14117
13897
14118
13898
14119
13899
14120
13896
13900
14121
13897
13901
14122
13902
14123
13903
14124
13904
14125
13901
13905
14126
13902
13906
14127
13907
14128
13908
14129
13909
14130
13906
13910
14131
13907
13911
14132
13912
14133
13913
14134
13914
14135
13911
14136
13912
14137
14138
13915
14139
13916
14140
13917
14141
13918
14142
13919
14143
13920
14144
13921
14145
13922
14146
13924
14147
13923
14148
14149
14150
13928
14151
13927
14152
13929
14153
13930
14154
13931
14155
13932
14156
13939
14157
13933
13940
14158
13934
13941
14159
13935
13942
14160
13936
13943
14161
13937
13944
14162
13938
13945
14163
13946
14164
13947
14165
13941
13948
14166
13942
13949
14167
13943
13950
14168
13944
13951
14169
13945
13952
14170
13946
13953
14171
13954
14172
13955
14173
13949
13956
14174
13950
13957
14175
13951
13958
14176
13952
13959
14177
13953
13960
14178
13954
13961
14179
13962
14180
13963
14181
13957
13964
14182
13958
13965
14183
13959
13966
14184
13960
13967
14185
13961
13968
14186
13962
13969
14187
13970
14188
13971
14189
13965
13972
14190
13966
13973
14191
13967
13974
14192
13968
13975
14193
13969
13976
14194
13970
13977
14195
13978
14196
13979
14197
13973
13980
14198
13974
13981
14199
13975
13982
14200
13976
13983
14201
13977
13984
14202
13978
13985
14203
13986
14204
13987
14205
13981
13988
14206
13982
13989
14207
13983
13990
14208
13984
13991
14209
13985
13992
14210
13986
13993
14211
13994
14212
13995
14213
13989
13996
14214
13990
13997
14215
13991
13998
14216
13992
13999
14217
13993
14000
14218
13994
14001
14219
14002
14220
14003
14221
13997
14004
14222
13998
14005
14223
13999
14006
14224
14000
14007
14225
14001
14008
14226
14002
14009
14227
14010
14228
14011
14229
14005
14012
14230
14006
14013
14231
14007
14014
14232
14008
14015
14233
14009
14016
14234
14010
14017
14235
14018
14236
14019
14237
14013
14020
14238
14014
14239
14015
14240
14016
14241
14017
14242
14018
14243
14244
14021
14245
14022
14246
14023
14247
14024
14248
14025
14249
14026
14250
14027
14251
14028
14252
14029
14253
14030
14254
14031
14255
14032
14256
14033
14257
14034
14258
14035
14259
14036
14260
14037
14261
14038
14262
14039
14263
14040
14264
14041
14265
14042
14266
14043
14267
14044
14268
14045
14269
14046
14270
14047
14271
14048
14272
14049
14273
14050
14274
14051
14275
14052
14276
14053
14277
14054
14278
14055
14279
14056
14280
14057
14281
14058
14282
14059
14283
14060
14284
14061
14285
14062
14286
14063
14287
14064
14288
14065
14289
14066
14290
14067
14291
14068
14292
14069
14293
14070
14294
14071
14295
14072
14296
14073
14297
14074
14298
14075
14299
14076
14300
14077
14301
14078
14302
14079
14303
14080
14304
14084
14305
14085
14306
14082
14086
14307
14083
14087
14308
14088
14309
14089
14310
14090
14311
14087
14091
14312
14088
14092
14313
14093
14314
14094
14315
14095
14316
14092
14096
14317
14093
14097
14318
14098
14319
14099
14320
14100
14321
14097
14101
14322
14098
14102
14323
14103
14324
14104
14325
14105
14326
14102
14106
14327
14103
14107
14328
14108
14329
14109
14330
14110
14331
14107
14111
14332
14108
14112
14333
14113
14334
14114
14335
14115
14336
14112
14116
14337
14113
14117
14338
14118
14339
14119
14340
14120
14341
14117
14121
14342
14118
14122
14343
14123
14344
14124
14345
14125
14346
14122
14126
14347
14123
14127
14348
14128
14349
14129
14350
14130
14351
14127
14131
14352
14128
14132
14353
14133
14354
14134
14355
14135
14356
14132
14136
14357
14133
14137
14358
14138
14359
14139
14360
14140
14361
14137
14362
14138
14363
14364
14141
14365
14142
14366
14143
14367
14144
14368
14145
14369
14146
14370
14147
14371
14148
14372
14150
14373
14149
14374
14375
14376
14154
14377
14153
14378
14155
14379
14156
14380
14157
14381
14158
14382
14165
14383
14159
14166
14384
14160
14167
14161
14168
14162
14169
14163
14170
14164
14171
14172
14173
14385
14167
14174
14386
14168
14175
14169
14176
14170
14177
14171
14178
14172
14179
14180
14181
14387
14175
14182
14388
14176
14183
14177
14184
14178
14185
14179
14186
14180
14187
14188
14189
14389
14183
14190
14390
14184
14191
14185
14192
14186
14193
14187
14194
14188
14195
14196
14197
14391
14191
14198
14392
14192
14199
14193
14200
14194
14201
14195
14202
14196
14203
14204
14205
14393
14199
14206
14394
14200
14207
14201
14208
14202
14209
14203
14210
14204
14211
14212
14213
14395
14207
14214
14396
14208
14215
14209
14216
14210
14217
14211
14218
14212
14219
14220
14221
14397
14215
14222
14398
14216
14223
14217
14224
14218
14225
14219
14226
14220
14227
14228
14229
14399
14223
14230
14400
14224
14231
14225
14232
14226
14233
14227
14234
14228
14235
14236
14237
14401
14231
14238
14402
14232
14239
14233
14240
14234
14241
14235
14242
14236
14243
14244
14245
14403
14239
14246
14404
14240
14241
14242
14243
14244
14247
14405
14248
14406
14249
14407
14250
14408
14251
14409
14252
14410
14253
14411
14254
14412
14255
14413
14256
14414
14257
14415
14258
14416
14259
14417
14260
14418
14261
14419
14262
14420
14263
14421
14264
14422
14265
14423
14266
14424
14267
14425
14268
14426
14269
14427
14270
14428
14271
14429
14272
14430
14273
14431
14274
14432
14275
14433
14276
14434
14277
14435
14278
14436
14279
14437
14280
14438
14281
14439
14282
14440
14283
14441
14284
14442
14285
14443
14286
14444
14287
14445
14288
14446
14289
14447
14290
14448
14291
14449
14292
14450
14293
14451
14294
14452
14295
14453
14296
14454
14297
14455
14298
14456
14299
14457
14300
14458
14301
14459
14302
14460
14303
14461
14304
14462
14305
14463
14306
14464
14310
14465
14311
14466
14308
14312
14309
14313
14314
14315
14467
14316
14468
14313
14317
14314
14318
14319
14320
14469
14321
14470
14318
14322
14319
14323
14324
14325
14471
14326
14472
14323
14327
14324
14328
14329
14330
14473
14331
14474
14328
14332
14329
14333
14334
14335
14475
14336
14476
14333
14337
14334
14338
14339
14340
14477
14341
14478
14338
14342
14339
14343
14344
14345
14479
14346
14480
14343
14347
14344
14348
14349
14350
14481
14351
14482
14348
14352
14349
14353
14354
14355
14483
14356
14484
14353
14357
14354
14358
14359
14360
14485
14361
14486
14358
14362
14359
14363
14364
14365
14487
14366
14488
14363
14364
14367
14489
14368
14490
14369
14491
14370
14492
14371
14493
14372
14494
14373
14495
14374
14496
14376
14497
14375
14498
14499
14500
14380
14501
14379
14502
14381
14503
14382
14504
14383
14505
14384
14506
14385
14507
14386
14508
14387
14509
14388
14510
14389
14511
14390
14512
14391
14513
14392
14514
14393
14515
14394
14516
14395
14517
14396
14518
14397
14519
14398
14520
14399
14521
14400
14522
14401
14523
14402
14524
14403
14525
14404
14526
14405
14527
14406
14528
14407
14529
14408
14530
14409
14531
14410
14532
14411
14533
14412
14534
14413
14535
14414
14536
14415
14537
14416
14538
14417
14539
14418
14540
14419
14541
14420
14542
14421
14543
14422
14544
14423
14545
14424
14546
14425
14547
14426
14548
14427
14549
14428
14550
14429
14551
14430
14552
14431
14553
14432
14554
14433
14555
14434
14556
14435
14557
14436
14558
14437
14559
14438
14560
14439
14561
14440
14562
14441
14563
14442
14564
14443
14565
14444
14566
14445
14567
14446
14568
14447
14569
14448
14570
14449
14571
14450
14572
14451
14573
14452
14574
14453
14575
14454
14576
14455
14577
14456
14578
14457
14579
14458
14580
14459
14581
14460
14582
14461
14583
14462
14584
14463
14585
14464
14586
14465
14587
14466
14588
14467
14589
14468
14590
14469
14591
14470
14592
14471
14593
14472
14594
14473
14595
14474
14596
14475
14597
14476
14598
14477
14599
14478
14600
14479
14601
14480
14602
14481
14603
14482
14604
14483
14605
14484
14606
14485
14607
14486
14608
14487
14609
14488
14610
14489
14611
14490
14612
14491
14613
14492
14614
14493
14615
14494
14616
14495
14617
14496
14618
14497
14619
14498
14620
14500
14621
14499
14622
14623
14624
14504
14625
14503
14626
14505
14627
14506
14628
14507
14629
14508
14630
14509
14631
14510
14632
14511
14633
14512
14634
14513
14635
14514
14636
14515
14637
14516
14638
14517
14639
14518
14640
14519
14641
14520
14642
14521
14643
14522
14644
14523
14645
14524
14646
14525
14647
14526
14648
14527
14649
14528
14650
14529
14651
14530
14652
14531
14653
14532
14654
14533
14655
14534
14656
14535
14657
14536
14658
14537
14659
14538
14660
14539
14661
14540
14662
14541
14663
14542
14664
14543
14665
14544
14666
14545
14667
14546
14668
14547
14669
14548
14670
14549
14671
14550
14672
14551
14673
14552
14674
14553
14675
14554
14676
14555
14677
14556
14678
14557
14679
14558
14680
14559
14681
14560
14682
14561
14683
14562
14684
14563
14685
14564
14686
14565
14687
14566
14688
14567
14689
14568
14690
14569
14691
14570
14692
14571
14693
14572
14694
14573
14695
14574
14696
14575
14697
14576
14698
14577
14699
14578
14700
14579
14701
14580
14702
14581
14703
14582
14704
14583
14705
14584
14706
14585
14707
14586
14708
14587
14709
14588
14710
14589
14711
14590
14712
14591
14713
14592
14714
14593
14715
14594
14716
14595
14717
14596
14718
14597
14719
14598
14720
14599
14721
14600
14722
14601
14723
14602
14724
14603
14725
14604
14726
14605
14727
14606
14728
14607
14729
14608
14730
14609
14731
14610
14732
14611
14733
14612
14734
14613
14735
14614
14736
14615
14737
14616
14738
14617
14739
14618
14740
14619
14741
14620
14742
14621
14743
14622
14744
14624
14745
14623
14746
14747
14748
14628
14749
14627
14756
14629
14757
14630
14758
14631
14759
14632
14760
14633
14761
14634
14762
14635
14763
14636
14764
14637
14765
14638
14766
14639
14767
14640
14768
14641
14769
14642
14770
14643
14771
14644
14772
14645
14773
14646
14774
14647
14775
14648
14776
14649
14777
14650
14778
14651
14779
14652
14780
14653
14781
14654
14782
14655
14783
14656
14784
14657
14785
14658
14786
14659
14787
14660
14788
14661
14789
14662
14790
14663
14791
14664
14792
14665
14793
14666
14794
14667
14795
14668
14796
14669
14797
14670
14798
14671
14799
14672
14800
14673
14801
14674
14802
14675
14803
14676
14804
14677
14805
14678
14806
14679
14807
14680
14808
14681
14809
14682
14810
14683
14811
14684
14812
14685
14813
14686
14814
14687
14815
14688
14816
14689
14817
14690
14818
14691
14819
14692
14820
14693
14821
14694
14822
14695
14823
14696
14824
14697
14825
14698
14826
14699
14827
14700
14828
14701
14829
14702
14830
14703
14831
14704
14832
14705
14833
14706
14834
14707
14835
14708
14836
14709
14837
14710
14838
14711
14839
14712
14840
14713
14841
14714
14842
14715
14843
14716
14844
14717
14845
14718
14846
14719
14847
14720
14848
14721
14849
14722
14850
14723
14851
14724
14852
14725
14853
14726
14854
14727
14855
14728
14856
14729
14857
14730
14858
14731
14859
14732
14860
14733
14861
14734
14862
14735
14863
14736
14864
14737
14865
14738
14866
14739
14867
14740
14868
14741
14869
14742
14870
14743
14871
14744
14872
14745
14873
14746
14874
14748
14875
14747
14876
14877
14878
14750
14758
14879
14751
14880
14752
14881
14753
14882
14754
14883
14755
14884
14756
14885
14757
14886
14759
14887
14760
14888
14761
14889
14762
14890
14763
14891
14764
14892
14765
14893
14766
14894
14767
14895
14768
14896
14769
14897
14770
14898
14771
14899
14772
14900
14773
14901
14774
14902
14775
14903
14776
14904
14777
14905
14778
14906
14779
14907
14780
14908
14781
14909
14782
14910
14783
14911
14784
14912
14785
14913
14786
14914
14787
14915
14788
14916
14789
14917
14790
14918
14791
14919
14792
14920
14793
14921
14794
14922
14795
14923
14796
14924
14797
14925
14798
14926
14799
14927
14800
14928
14801
14929
14802
14930
14803
14931
14804
14932
14805
14933
14806
14934
14807
14935
14808
14936
14809
14937
14810
14938
14811
14939
14812
14940
14813
14941
14814
14942
14815
14943
14816
14944
14817
14945
14818
14946
14819
14947
14820
14948
14821
14949
14822
14950
14823
14951
14824
14952
14825
14953
14826
14954
14827
14955
14828
14956
14829
14957
14830
14958
14831
14959
14832
14960
14833
14961
14834
14962
14835
14963
14836
14964
14837
14965
14838
14966
14839
14967
14840
14968
14841
14969
14842
14970
14843
14971
14844
14972
14845
14973
14846
14974
14847
14975
14848
14976
14849
14977
14850
14978
14851
14979
14852
14980
14853
14981
14854
14982
14855
14983
14856
14984
14857
14985
14858
14986
14859
14987
14860
14988
14861
14989
14862
14990
14863
14991
14864
14992
14865
14993
14866
14994
14867
14995
14868
14996
14869
14997
14870
14998
14871
14999
14872
15000
14873
15001
14874
15002
14875
15003
14876
15004
14878
15005
14877
15006
15007
15008
14880
14888
15009
14881
15010
14882
15011
14883
15012
14884
15013
14885
15014
14886
15015
14887
15016
14889
15017
14890
15018
14891
15019
14892
15020
14893
15021
14894
15022
14895
15023
14896
15024
14897
15025
14898
15026
14899
15027
14900
15028
14901
15029
14902
15030
14903
15031
14904
15032
14905
15033
14906
15034
14907
15035
14908
15036
14909
15037
14910
15038
14911
15039
14912
15040
14913
15041
14914
15042
14915
15043
14916
15044
14917
15045
14918
15046
14919
15047
14920
15048
14921
15049
14922
15050
14923
15051
14924
15052
14925
15053
14926
15054
14927
15055
14928
15056
14929
15057
14930
15058
14931
15059
14932
15060
14933
15061
14934
15062
14935
15063
14936
15064
14937
15065
14938
15066
14939
15067
14940
15068
14941
15069
14942
15070
14943
15071
14944
15072
14945
15073
14946
15074
14947
15075
14948
15076
14949
15077
14950
15078
14951
15079
14952
15080
14953
15081
14954
15082
14955
15083
14956
15084
14957
15085
14958
15086
14959
15087
14960
15088
14961
15089
14962
15090
14963
15091
14964
15092
14965
15093
14966
15094
14967
15095
14968
15096
14969
15097
14970
15098
14971
15099
14972
15100
14973
15101
14974
15102
14975
15103
14976
15104
14977
15105
14978
15106
14979
15107
14980
15108
14981
15109
14982
15110
14983
15111
14984
15112
14985
15113
14986
15114
14987
15115
14988
15116
14989
15117
14990
15118
14991
15119
14992
15120
14993
15121
14994
15122
14995
15123
14996
15124
14997
15125
14998
15126
14999
15127
15000
15128
15001
15129
15002
15130
15003
15131
15004
15132
15005
15133
15006
15134
15008
15135
15007
15136
15137
15144
15010
15018
15145
15011
15146
15012
15147
15013
15148
15014
15149
15015
15150
15016
15151
15017
15152
15019
15153
15020
15154
15021
15162
15022
15163
15023
15171
15024
15172
15025
15180
15026
15181
15027
15189
15028
15190
15029
15198
15030
15199
15031
15207
15032
15208
15033
15216
15034
15217
15035
15225
15036
15226
15037
15234
15038
15235
15039
15243
15040
15244
15041
15252
15042
15253
15043
15261
15044
15262
15045
15270
15046
15271
15047
15279
15048
15280
15049
15288
15050
15289
15051
15297
15052
15298
15053
15306
15054
15307
15055
15315
15056
15316
15057
15324
15058
15325
15059
15333
15060
15334
15061
15342
15062
15343
15063
15351
15064
15352
15065
15360
15066
15361
15067
15369
15068
15370
15069
15378
15070
15379
15071
15387
15072
15388
15073
15396
15074
15397
15075
15405
15076
15406
15077
15414
15078
15415
15079
15423
15080
15424
15081
15432
15082
15433
15083
15441
15084
15442
15085
15450
15086
15451
15087
15459
15088
15460
15089
15468
15090
15469
15091
15477
15092
15478
15093
15486
15094
15487
15095
15495
15096
15496
15097
15504
15098
15505
15099
15513
15100
15514
15101
15522
15102
15523
15103
15531
15104
15532
15105
15540
15106
15541
15107
15549
15108
15550
15109
15558
15110
15559
15111
15567
15112
15568
15113
15576
15114
15577
15115
15585
15116
15586
15117
15594
15118
15595
15119
15603
15120
15604
15121
15612
15122
15613
15123
15621
15124
15622
15125
15630
15126
15631
15127
15639
15128
15640
15129
15648
15130
15649
15131
15657
15132
15658
15133
15666
15134
15667
15135
15675
15136
15676
15144
15684
15137
15685
15138
15686
15139
15687
15140
15688
15141
15689
15142
15690
15143
15691
15144
15692
15693
15146
15154
15147
15155
15148
15156
15149
15157
15150
15158
15151
15159
15152
15160
15153
15161
15162
15155
15163
15156
15164
15157
15165
15158
15166
15159
15167
15160
15168
15161
15169
15162
15170
15171
15164
15172
15165
15173
15166
15174
15167
15175
15168
15176
15169
15177
15170
15178
15171
15179
15180
15173
15181
15174
15182
15175
15183
15176
15184
15177
15185
15178
15186
15179
15187
15180
15188
15189
15182
15190
15183
15191
15184
15192
15185
15193
15186
15194
15187
15195
15188
15196
15189
15197
15198
15191
15199
15192
15200
15193
15201
15194
15202
15195
15203
15196
15204
15197
15205
15198
15206
15207
15200
15208
15201
15209
15202
15210
15203
15211
15204
15212
15205
15213
15206
15214
15207
15215
15216
15209
15217
15210
15218
15211
15219
15212
15220
15213
15221
15214
15222
15215
15223
15216
15224
15225
15218
15226
15219
15227
15220
15228
15221
15229
15222
15230
15223
15231
15224
15232
15225
15233
15234
15227
15235
15228
15236
15229
15237
15230
15238
15231
15239
15232
15240
15233
15241
15234
15242
15243
15236
15244
15237
15245
15238
15246
15239
15247
15240
15248
15241
15249
15242
15250
15243
15251
15252
15245
15253
15246
15254
15247
15255
15248
15256
15249
15257
15250
15258
15251
15259
15252
15260
15261
15254
15262
15255
15263
15256
15264
15257
15265
15258
15266
15259
15267
15260
15268
15261
15269
15270
15263
15271
15264
15272
15265
15273
15266
15274
15267
15275
15268
15276
15269
15277
15270
15278
15279
15272
15280
15273
15281
15274
15282
15275
15283
15276
15284
15277
15285
15278
15286
15279
15287
15288
15281
15289
15282
15290
15283
15291
15284
15292
15285
15293
15286
15294
15287
15295
15288
15296
15297
15290
15298
15291
15299
15292
15300
15293
15301
15294
15302
15295
15303
15296
15304
15297
15305
15306
15299
15307
15300
15308
15301
15309
15302
15310
15303
15311
15304
15312
15305
15313
15306
15314
15315
15308
15316
15309
15317
15310
15318
15311
15319
15312
15320
15313
15321
15314
15322
15315
15323
15324
15317
15325
15318
15326
15319
15327
15320
15328
15321
15329
15322
15330
15323
15331
15324
15332
15333
15326
15334
15327
15335
15328
15336
15329
15337
15330
15338
15331
15339
15332
15340
15333
15341
15342
15335
15343
15336
15344
15337
15345
15338
15346
15339
15347
15340
15348
15341
15349
15342
15350
15351
15344
15352
15345
15353
15346
15354
15347
15355
15348
15356
15349
15357
15350
15358
15351
15359
15360
15353
15361
15354
15362
15355
15363
15356
15364
15357
15365
15358
15366
15359
15367
15360
15368
15369
15362
15370
15363
15371
15364
15372
15365
15373
15366
15374
15367
15375
15368
15376
15369
15377
15378
15371
15379
15372
15380
15373
15381
15374
15382
15375
15383
15376
15384
15377
15385
15378
15386
15387
15380
15388
15381
15389
15382
15390
15383
15391
15384
15392
15385
15393
15386
15394
15387
15395
15396
15389
15397
15390
15398
15391
15399
15392
15400
15393
15401
15394
15402
15395
15403
15396
15404
15405
15398
15406
15399
15407
15400
15408
15401
15409
15402
15410
15403
15411
15404
15412
15405
15413
15414
15407
15415
15408
15416
15409
15417
15410
15418
15411
15419
15412
15420
15413
15421
15414
15422
15423
15416
15424
15417
15425
15418
15426
15419
15427
15420
15428
15421
15429
15422
15430
15423
15431
15432
15425
15433
15426
15434
15427
15435
15428
15436
15429
15437
15430
15438
15431
15439
15432
15440
15441
15434
15442
15435
15443
15436
15444
15437
15445
15438
15446
15439
15447
15440
15448
15441
15449
15450
15443
15451
15444
15452
15445
15453
15446
15454
15447
15455
15448
15456
15449
15457
15450
15458
15459
15452
15460
15453
15461
15454
15462
15455
15463
15456
15464
15457
15465
15458
15466
15459
15467
15468
15461
15469
15462
15470
15463
15471
15464
15472
15465
15473
15466
15474
15467
15475
15468
15476
15477
15470
15478
15471
15479
15472
15480
15473
15481
15474
15482
15475
15483
15476
15484
15477
15485
15486
15479
15487
15480
15488
15481
15489
15482
15490
15483
15491
15484
15492
15485
15493
15486
15494
15495
15488
15496
15489
15497
15490
15498
15491
15499
15492
15500
15493
15501
15494
15502
15495
15503
15504
15497
15505
15498
15506
15499
15507
15500
15508
15501
15509
15502
15510
15503
15511
15504
15512
15513
15506
15514
15507
15515
15508
15516
15509
15517
15510
15518
15511
15519
15512
15520
15513
15521
15522
15515
15523
15516
15524
15517
15525
15518
15526
15519
15527
15520
15528
15521
15529
15522
15530
15531
15524
15532
15525
15533
15526
15534
15527
15535
15528
15536
15529
15537
15530
15538
15531
15539
15540
15533
15541
15534
15542
15535
15543
15536
15544
15537
15545
15538
15546
15539
15547
15540
15548
15549
15542
15550
15543
15551
15544
15552
15545
15553
15546
15554
15547
15555
15548
15556
15549
15557
15558
15551
15559
15552
15560
15553
15561
15554
15562
15555
15563
15556
15564
15557
15565
15558
15566
15567
15560
15568
15561
15569
15562
15570
15563
15571
15564
15572
15565
15573
15566
15574
15567
15575
15576
15569
15577
15570
15578
15571
15579
15572
15580
15573
15581
15574
15582
15575
15583
15576
15584
15585
15578
15586
15579
15587
15580
15588
15581
15589
15582
15590
15583
15591
15584
15592
15585
15593
15594
15587
15595
15588
15596
15589
15597
15590
15598
15591
15599
15592
15600
15593
15601
15594
15602
15603
15596
15604
15597
15605
15598
15606
15599
15607
15600
15608
15601
15609
15602
15610
15603
15611
15612
15605
15613
15606
15614
15607
15615
15608
15616
15609
15617
15610
15618
15611
15619
15612
15620
15621
15614
15622
15615
15623
15616
15624
15617
15625
15618
15626
15619
15627
15620
15628
15621
15629
15630
15623
15631
15624
15632
15625
15633
15626
15634
15627
15635
15628
15636
15629
15637
15630
15638
15639
15632
15640
15633
15641
15634
15642
15635
15643
15636
15644
15637
15645
15638
15646
15639
15647
15648
15641
15649
15642
15650
15643
15651
15644
15652
15645
15653
15646
15654
15647
15655
15648
15656
15657
15650
15658
15651
15659
15652
15660
15653
15661
15654
15662
15655
15663
15656
15664
15657
15665
15666
15659
15667
15660
15668
15661
15669
15662
15670
15663
15671
15664
15672
15665
15673
15666
15674
15675
15668
15676
15669
15677
15670
15678
15671
15679
15672
15680
15673
15681
15674
15682
15675
15683
15684
15677
15685
15678
15686
15679
15687
15680
15688
15681
15689
15682
15690
15683
15691
15684
15692
15693
15686
15687
15688
15689
15690
15691
15692
15693
)


// ************************************************************************* //
