/*--------------------------------*- C++ -*----------------------------------*\
| =========                 |                                                 |
| \\      /  F ield         | OpenFOAM: The Open Source CFD Toolbox           |
|  \\    /   O peration     | Version:  2606                                  |
|   \\  /    A nd           | Website:  www.openfoam.com                      |
|    \\/     M anipulation  |                                                 |
\*---------------------------------------------------------------------------*/
FoamFile
{
    version     2.0;
    format      ascii;
    arch        "LSB;label=32;scalar=64";
    class       labelList;
    location    "constant/fluid/polyMesh";
    object      cellProcAddressing;
}
// * * * * * * * * * * * * * * * * * * * * * * * * * * * * * * * * * * * * * //


33407
(
0
1
2
3
4
5
6
7
8
9
10
11
12
13
14
15
16
17
18
19
20
21
22
23
24
62
63
64
65
66
67
68
69
70
71
72
73
74
75
76
77
78
79
80
81
82
83
84
85
86
124
125
126
127
128
129
130
131
132
133
134
135
136
137
138
139
140
141
142
143
144
145
146
147
148
186
187
188
189
190
191
192
193
194
195
196
197
198
199
200
201
202
203
204
205
206
207
208
209
232
233
234
235
236
237
238
239
240
241
242
243
244
245
246
247
248
249
250
251
252
253
254
255
278
279
280
281
282
283
284
285
286
287
288
289
290
291
292
293
294
295
296
297
298
299
300
301
324
325
326
327
328
329
330
331
332
333
334
335
336
337
338
339
340
341
342
343
344
345
346
347
370
371
372
373
374
375
376
377
378
379
380
381
382
383
384
385
386
387
388
389
390
391
392
393
416
417
418
419
420
421
422
423
424
425
426
427
428
429
430
431
432
433
434
435
436
437
438
439
462
463
464
465
466
467
468
469
470
471
472
473
474
475
476
477
478
479
480
481
482
483
484
485
508
509
510
511
512
513
514
515
516
517
518
519
520
521
522
523
524
525
526
527
528
529
530
531
554
555
556
557
558
559
560
561
562
563
564
565
566
567
568
569
570
571
572
573
574
575
576
577
600
601
602
603
604
605
606
607
608
609
610
611
612
613
614
615
616
617
618
619
620
621
622
623
646
647
648
649
650
651
652
653
654
655
656
657
658
659
660
661
662
663
664
665
666
667
668
669
692
693
694
695
696
697
698
699
700
701
702
703
704
705
706
707
708
709
710
711
712
713
714
715
738
739
740
741
742
743
744
745
746
747
748
749
750
751
752
753
754
755
756
757
758
759
760
761
784
785
786
787
788
789
790
791
792
793
794
795
796
797
798
799
800
801
802
803
804
805
806
807
830
831
832
833
834
835
836
837
838
839
840
841
842
843
844
845
846
847
848
849
850
851
852
853
876
877
878
879
880
881
882
883
884
885
886
887
888
889
890
891
892
893
894
895
896
897
898
899
922
923
924
925
926
927
928
929
930
931
932
933
934
935
936
937
938
939
940
941
942
943
944
945
968
969
970
971
972
973
974
975
976
977
978
979
980
981
982
983
984
985
986
987
988
989
990
991
1014
1015
1016
1017
1018
1019
1020
1021
1022
1023
1024
1025
1026
1027
1028
1029
1030
1031
1032
1033
1034
1035
1036
1037
1060
1061
1062
1063
1064
1065
1066
1067
1068
1069
1070
1071
1072
1073
1074
1075
1076
1077
1078
1079
1080
1081
1082
1083
1106
1107
1108
1109
1110
1111
1112
1113
1114
1115
1116
1117
1118
1119
1120
1121
1122
1123
1124
1125
1126
1127
1128
1129
1152
1153
1154
1155
1156
1157
1158
1159
1160
1161
1162
1163
1164
1165
1166
1167
1168
1169
1170
1171
1172
1173
1174
1175
1198
1199
1200
1201
1202
1203
1204
1205
1206
1207
1208
1209
1210
1211
1212
1213
1214
1215
1216
1217
1218
1219
1220
1221
1244
1245
1246
1247
1248
1249
1250
1251
1252
1253
1254
1255
1256
1257
1258
1259
1260
1261
1262
1263
1264
1265
1266
1267
1290
1291
1292
1293
1294
1295
1296
1297
1298
1299
1300
1301
1302
1303
1304
1305
1306
1307
1308
1309
1310
1311
1312
1313
1336
1337
1338
1339
1340
1341
1342
1343
1344
1345
1346
1347
1348
1349
1350
1351
1352
1353
1354
1355
1356
1357
1358
1359
1382
1383
1384
1385
1386
1387
1388
1389
1390
1391
1392
1393
1394
1395
1396
1397
1398
1399
1400
1401
1402
1403
1404
1405
1428
1429
1430
1431
1432
1433
1434
1435
1436
1437
1438
1439
1440
1441
1442
1443
1444
1445
1446
1447
1448
1449
1450
1451
1474
1475
1476
1477
1478
1479
1480
1481
1482
1483
1484
1485
1486
1487
1488
1489
1490
1491
1492
1493
1494
1495
1496
1497
1520
1521
1522
1523
1524
1525
1526
1527
1528
1529
1530
1531
1532
1533
1534
1535
1536
1537
1538
1539
1540
1541
1542
1543
1566
1567
1568
1569
1570
1571
1572
1573
1574
1575
1576
1577
1578
1579
1580
1581
1582
1583
1584
1585
1586
1587
1588
1589
1612
1613
1614
1615
1616
1617
1618
1619
1620
1621
1622
1623
1624
1625
1626
1627
1628
1629
1630
1631
1632
1633
1634
1635
1658
1659
1660
1661
1662
1663
1664
1665
1666
1667
1668
1669
1670
1671
1672
1673
1674
1675
1676
1677
1678
1679
1680
1681
1704
1705
1706
1707
1708
1709
1710
1711
1712
1713
1714
1715
1716
1717
1718
1719
1720
1721
1722
1723
1724
1725
1726
1727
1750
1751
1752
1753
1754
1755
1756
1757
1758
1759
1760
1761
1762
1763
1764
1765
1766
1767
1768
1769
1770
1771
1772
1773
1796
1797
1798
1799
1800
1801
1802
1803
1804
1805
1806
1807
1808
1809
1810
1811
1812
1813
1814
1815
1816
1817
1818
1819
1842
1843
1844
1845
1846
1847
1848
1849
1850
1851
1852
1853
1854
1855
1856
1857
1858
1859
1860
1861
1862
1863
1864
1865
1888
1889
1890
1891
1892
1893
1894
1895
1896
1897
1898
1899
1900
1901
1902
1903
1904
1905
1906
1907
1908
1909
1910
1911
1934
1935
1936
1937
1938
1939
1940
1941
1942
1943
1944
1945
1946
1947
1948
1949
1950
1951
1952
1953
1954
1955
1956
1957
1996
1997
1998
1999
2000
2001
2002
2003
2004
2005
2006
2007
2008
2009
2010
2011
2012
2013
2014
2015
2016
2017
2058
2059
2060
2061
2062
2063
2064
2065
2066
2067
2068
2069
2070
2071
2072
2073
2074
2075
2076
2077
2078
2079
2120
2121
2122
2123
2124
2125
2126
2127
2128
2129
2130
2131
2132
2133
2134
2135
2136
2137
2138
2139
2140
2141
2182
2183
2184
2185
2186
2187
2188
2189
2190
2191
2192
2193
2194
2195
2196
2197
2198
2199
2200
2201
2202
2203
2244
2245
2246
2247
2248
2249
2250
2251
2252
2253
2254
2255
2256
2257
2258
2259
2260
2261
2262
2263
2306
2307
2308
2309
2310
2311
2312
2313
2314
2315
2316
2317
2318
2319
2320
2321
2322
2323
2324
2325
2368
2369
2370
2371
2372
2373
2374
2375
2376
2377
2378
2379
2380
2381
2382
2430
2431
2432
2433
2434
2435
2436
2437
2438
2439
2440
2441
2442
2443
2444
2492
2493
2494
2495
2496
2497
2498
2499
2500
2501
2502
2503
2504
2505
2506
3918
3919
3920
3921
3922
3923
3924
3925
3926
3927
3928
3929
3930
3931
3932
3933
3934
3935
3936
3937
3938
3939
3940
3941
3942
3980
3981
3982
3983
3984
3985
3986
3987
3988
3989
3990
3991
3992
3993
3994
3995
3996
3997
3998
3999
4000
4001
4002
4003
4004
4042
4043
4044
4045
4046
4047
4048
4049
4050
4051
4052
4053
4054
4055
4056
4057
4058
4059
4060
4061
4062
4063
4064
4065
4066
4104
4105
4106
4107
4108
4109
4110
4111
4112
4113
4114
4115
4116
4117
4118
4119
4120
4121
4122
4123
4124
4125
4126
4127
4150
4151
4152
4153
4154
4155
4156
4157
4158
4159
4160
4161
4162
4163
4164
4165
4166
4167
4168
4169
4170
4171
4172
4173
4210
4211
4212
4213
4214
4215
4216
4217
4218
4219
4220
4221
4222
4223
4224
4225
4226
4227
4228
4229
4230
4231
4232
4233
4270
4271
4272
4273
4274
4275
4276
4277
4278
4279
4280
4281
4282
4283
4284
4285
4286
4287
4288
4289
4290
4291
4292
4293
4330
4331
4332
4333
4334
4335
4336
4337
4338
4339
4340
4341
4342
4343
4344
4345
4346
4347
4348
4349
4350
4351
4352
4353
4390
4391
4392
4393
4394
4395
4396
4397
4398
4399
4400
4401
4402
4403
4404
4405
4406
4407
4408
4409
4410
4411
4412
4413
4450
4451
4452
4453
4454
4455
4456
4457
4458
4459
4460
4461
4462
4463
4464
4465
4466
4467
4468
4469
4470
4471
4472
4473
4510
4511
4512
4513
4514
4515
4516
4517
4518
4519
4520
4521
4522
4523
4524
4525
4526
4527
4528
4529
4530
4531
4532
4533
4570
4571
4572
4573
4574
4575
4576
4577
4578
4579
4580
4581
4582
4583
4584
4585
4586
4587
4588
4589
4590
4591
4592
4593
4630
4631
4632
4633
4634
4635
4636
4637
4638
4639
4640
4641
4642
4643
4644
4645
4646
4647
4648
4649
4650
4651
4652
4653
4690
4691
4692
4693
4694
4695
4696
4697
4698
4699
4700
4701
4702
4703
4704
4705
4706
4707
4708
4709
4710
4711
4712
4713
4750
4751
4752
4753
4754
4755
4756
4757
4758
4759
4760
4761
4762
4763
4764
4765
4766
4767
4768
4769
4770
4771
4772
4773
4810
4811
4812
4813
4814
4815
4816
4817
4818
4819
4820
4821
4822
4823
4824
4825
4826
4827
4828
4829
4830
4831
4832
4833
4870
4871
4872
4873
4874
4875
4876
4877
4878
4879
4880
4881
4882
4883
4884
4885
4886
4887
4888
4889
4890
4891
4892
4893
4930
4931
4932
4933
4934
4935
4936
4937
4938
4939
4940
4941
4942
4943
4944
4945
4946
4947
4948
4949
4950
4951
4952
4953
4990
4991
4992
4993
4994
4995
4996
4997
4998
4999
5000
5001
5002
5003
5004
5005
5006
5007
5008
5009
5010
5011
5012
5013
5050
5051
5052
5053
5054
5055
5056
5057
5058
5059
5060
5061
5062
5063
5064
5065
5066
5067
5068
5069
5070
5071
5072
5073
5110
5111
5112
5113
5114
5115
5116
5117
5118
5119
5120
5121
5122
5123
5124
5125
5126
5127
5128
5129
5130
5131
5132
5133
5170
5171
5172
5173
5174
5175
5176
5177
5178
5179
5180
5181
5182
5183
5184
5185
5186
5187
5188
5189
5190
5191
5192
5193
5230
5231
5232
5233
5234
5235
5236
5237
5238
5239
5240
5241
5242
5243
5244
5245
5246
5247
5248
5249
5250
5251
5252
5253
5290
5291
5292
5293
5294
5295
5296
5297
5298
5299
5300
5301
5302
5303
5304
5305
5306
5307
5308
5309
5310
5311
5312
5313
5350
5351
5352
5353
5354
5355
5356
5357
5358
5359
5360
5361
5362
5363
5364
5365
5366
5367
5368
5369
5370
5371
5372
5373
5410
5411
5412
5413
5414
5415
5416
5417
5418
5419
5420
5421
5422
5423
5424
5425
5426
5427
5428
5429
5430
5431
5432
5433
5470
5471
5472
5473
5474
5475
5476
5477
5478
5479
5480
5481
5482
5483
5484
5485
5486
5487
5488
5489
5490
5491
5492
5493
5530
5531
5532
5533
5534
5535
5536
5537
5538
5539
5540
5541
5542
5543
5544
5545
5546
5547
5548
5549
5550
5551
5552
5553
5590
5591
5592
5593
5594
5595
5596
5597
5598
5599
5600
5601
5602
5603
5604
5605
5606
5607
5608
5609
5610
5611
5612
5613
5650
5651
5652
5653
5654
5655
5656
5657
5658
5659
5660
5661
5662
5663
5664
5665
5666
5667
5668
5669
5670
5671
5672
5673
5710
5711
5712
5713
5714
5715
5716
5717
5718
5719
5720
5721
5722
5723
5724
5725
5726
5727
5728
5729
5730
5731
5732
5733
5770
5771
5772
5773
5774
5775
5776
5777
5778
5779
5780
5781
5782
5783
5784
5785
5786
5787
5788
5789
5790
5791
5792
5793
5830
5831
5832
5833
5834
5835
5836
5837
5838
5839
5840
5841
5842
5843
5844
5845
5846
5847
5848
5849
5850
5851
5852
5853
5890
5891
5892
5893
5894
5895
5896
5897
5898
5899
5900
5901
5902
5903
5904
5905
5906
5907
5908
5909
5910
5911
5912
5913
5950
5951
5952
5953
5954
5955
5956
5957
5958
5959
5960
5961
5962
5963
5964
5965
5966
5967
5968
5969
5970
5971
5972
5973
6010
6011
6012
6013
6014
6015
6016
6017
6018
6019
6020
6021
6022
6023
6024
6025
6026
6027
6028
6029
6030
6031
6032
6033
6070
6071
6072
6073
6074
6075
6076
6077
6078
6079
6080
6081
6082
6083
6084
6085
6086
6087
6088
6089
6090
6091
6092
6093
6130
6131
6132
6133
6134
6135
6136
6137
6138
6139
6140
6141
6142
6143
6144
6145
6146
6147
6148
6149
6150
6151
6152
6153
6190
6191
6192
6193
6194
6195
6196
6197
6198
6199
6200
6201
6202
6203
6204
6205
6206
6207
6208
6209
6210
6211
6212
6213
6250
6251
6252
6253
6254
6255
6256
6257
6258
6259
6260
6261
6262
6263
6264
6265
6266
6267
6268
6269
6270
6271
6272
6273
6310
6311
6312
6313
6314
6315
6316
6317
6318
6319
6320
6321
6322
6323
6324
6325
6326
6327
6328
6329
6330
6331
6332
6333
6356
6357
6358
6359
6360
6361
6362
6363
6364
6365
6366
6367
6368
6369
6370
6371
6372
6373
6374
6375
6376
6377
6378
6379
6418
6419
6420
6421
6422
6423
6424
6425
6426
6427
6428
6429
6430
6431
6432
6433
6434
6435
6436
6437
6438
6439
6480
6481
6482
6483
6484
6485
6486
6487
6488
6489
6490
6491
6492
6493
6494
6495
6496
6497
6498
6499
6500
6501
6542
6543
6544
6545
6546
6547
6548
6549
6550
6551
6552
6553
6554
6555
6556
6557
6558
6559
6560
6561
6562
6563
6604
6605
6606
6607
6608
6609
6610
6611
6612
6613
6614
6615
6616
6617
6618
6619
6620
6621
6622
6623
6624
6625
6666
6667
6668
6669
6670
6671
6672
6673
6674
6675
6676
6677
6678
6679
6680
6681
6682
6683
6684
6685
6728
6729
6730
6731
6732
6733
6734
6735
6736
6737
6738
6739
6740
6741
6742
6743
6744
6745
6746
6747
6790
6791
6792
6793
6794
6795
6796
6797
6798
6799
6800
6801
6802
6803
6804
6852
6853
6854
6855
6856
6857
6858
6859
6860
6861
6862
6863
6864
6865
6866
6914
6915
6916
6917
6918
6919
6920
6921
6922
6923
6924
6925
6926
6927
6928
8340
8341
8342
8343
8344
8345
8346
8347
8348
8349
8350
8351
8352
8353
8354
8355
8356
8357
8358
8359
8360
8361
8362
8363
8364
8402
8403
8404
8405
8406
8407
8408
8409
8410
8411
8412
8413
8414
8415
8416
8417
8418
8419
8420
8421
8422
8423
8424
8425
8426
8464
8465
8466
8467
8468
8469
8470
8471
8472
8473
8474
8475
8476
8477
8526
8527
8528
8529
8530
8531
8532
8533
8534
8535
8536
8537
8538
8539
8582
8583
8584
8585
8586
8587
8588
8589
8590
8591
8592
8593
8594
8595
8642
8643
8644
8645
8646
8647
8648
8649
8650
8651
8652
8653
8654
8655
8702
8703
8704
8705
8706
8707
8708
8709
8710
8711
8712
8713
8714
8715
8762
8763
8764
8765
8766
8767
8768
8769
8770
8771
8772
8773
8774
8775
8822
8823
8824
8825
8826
8827
8828
8829
8830
8831
8832
8833
8834
8835
8882
8883
8884
8885
8886
8887
8888
8889
8890
8891
8892
8893
8894
8895
8942
8943
8944
8945
8946
8947
8948
8949
8950
8951
8952
8953
8954
8955
9002
9003
9004
9005
9006
9007
9008
9009
9010
9011
9012
9013
9014
9015
9062
9063
9064
9065
9066
9067
9068
9069
9070
9071
9072
9073
9074
9075
9122
9123
9124
9125
9126
9127
9128
9129
9130
9131
9132
9133
9134
9135
9182
9183
9184
9185
9186
9187
9188
9189
9190
9191
9192
9193
9194
9195
9242
9243
9244
9245
9246
9247
9248
9249
9250
9251
9252
9253
9254
9255
9302
9303
9304
9305
9306
9307
9308
9309
9310
9311
9312
9313
9314
9315
9362
9363
9364
9365
9366
9367
9368
9369
9370
9371
9372
9373
9374
9375
9422
9423
9424
9425
9426
9427
9428
9429
9430
9431
9432
9433
9434
9435
9482
9483
9484
9485
9486
9487
9488
9489
9490
9491
9492
9493
9494
9495
9542
9543
9544
9545
9546
9547
9548
9549
9550
9551
9552
9553
9554
9555
9602
9603
9604
9605
9606
9607
9608
9609
9610
9611
9612
9613
9614
9615
9662
9663
9664
9665
9666
9667
9668
9669
9670
9671
9672
9673
9674
9675
9722
9723
9724
9725
9726
9727
9728
9729
9730
9731
9732
9733
9734
9735
9782
9783
9784
9785
9786
9787
9788
9789
9790
9791
9792
9793
9794
9795
9842
9843
9844
9845
9846
9847
9848
9849
9850
9851
9852
9853
9854
9855
9902
9903
9904
9905
9906
9907
9908
9909
9910
9911
9912
9913
9914
9915
9962
9963
9964
9965
9966
9967
9968
9969
9970
9971
9972
9973
9974
9975
10022
10023
10024
10025
10026
10027
10028
10029
10030
10031
10032
10033
10034
10035
10082
10083
10084
10085
10086
10087
10088
10089
10090
10091
10092
10093
10094
10095
10142
10143
10144
10145
10146
10147
10148
10149
10150
10151
10152
10153
10154
10155
10202
10203
10204
10205
10206
10207
10208
10209
10210
10211
10212
10213
10214
10215
10262
10263
10264
10265
10266
10267
10268
10269
10270
10271
10272
10273
10274
10275
10322
10323
10324
10325
10326
10327
10328
10329
10330
10331
10332
10333
10334
10335
10382
10383
10384
10385
10386
10387
10388
10389
10390
10391
10392
10393
10394
10395
10442
10443
10444
10445
10446
10447
10448
10449
10450
10451
10452
10453
10454
10455
10502
10503
10504
10505
10506
10507
10508
10509
10510
10511
10512
10513
10514
10515
10562
10563
10564
10565
10566
10567
10568
10569
10570
10571
10572
10573
10574
10575
10622
10623
10624
10625
10626
10627
10628
10629
10630
10631
10632
10633
10634
10635
10682
10683
10684
10685
10686
10687
10688
10689
10690
10691
10692
10693
10694
10695
10742
10743
10744
10745
10746
10747
10748
10749
10750
10751
10752
10753
10754
10755
10800
10801
10802
10803
10804
10805
10806
10807
10808
10809
10810
10811
10812
10813
10862
10863
10864
10865
10866
10867
10868
10869
10870
10871
10872
10873
10874
10875
10924
10925
10926
10927
10928
10929
10930
10931
10932
10933
10934
10935
10936
10937
10986
10987
10988
10989
10990
10991
10992
10993
10994
10995
10996
10997
10998
10999
11048
11049
11050
11051
11052
11053
11054
11055
11056
11057
11058
11059
11060
11061
11110
11111
11112
11113
11114
11115
11116
11117
11118
11119
11120
11121
11122
11123
11172
11173
11174
11175
11176
11177
11178
11179
11180
11181
11182
11183
11184
11185
11234
11235
11236
11237
11238
11239
11240
11241
11242
11243
11244
11245
11246
11247
11296
11297
11298
11299
11300
11301
11302
11303
11304
11305
11306
11307
11308
11309
11358
11359
11360
11361
11362
11363
11364
11365
11366
11367
11368
11369
11370
11371
12784
12785
12786
12787
12788
12789
12790
12791
12792
12793
12794
12795
12796
12797
12798
12799
12800
12801
12802
12803
12804
12805
12806
12807
12846
12847
12848
12849
12850
12851
12852
12853
12854
12855
12856
12857
12858
12859
12860
12861
12862
12863
12864
12865
12866
12867
12868
12869
12908
12909
12910
12911
12912
12913
12914
12915
12916
12917
12918
12919
12920
12921
12970
12971
12972
12973
12974
12975
12976
12977
12978
12979
12980
12981
12982
12983
13017
13018
13019
13020
13021
13022
13023
13024
13025
13026
13027
13028
13029
13030
13068
13069
13070
13071
13072
13073
13074
13075
13076
13077
13078
13079
13080
13081
13119
13120
13121
13122
13123
13124
13125
13126
13127
13128
13129
13130
13131
13132
13170
13171
13172
13173
13174
13175
13176
13177
13178
13179
13180
13181
13182
13183
13221
13222
13223
13224
13225
13226
13227
13228
13229
13230
13231
13232
13233
13234
13272
13273
13274
13275
13276
13277
13278
13279
13280
13281
13282
13283
13284
13285
13323
13324
13325
13326
13327
13328
13329
13330
13331
13332
13333
13334
13335
13336
13374
13375
13376
13377
13378
13379
13380
13381
13382
13383
13384
13385
13386
13387
13425
13426
13427
13428
13429
13430
13431
13432
13433
13434
13435
13436
13437
13438
13476
13477
13478
13479
13480
13481
13482
13483
13484
13485
13486
13487
13488
13489
13527
13528
13529
13530
13531
13532
13533
13534
13535
13536
13537
13538
13539
13540
13578
13579
13580
13581
13582
13583
13584
13585
13586
13587
13588
13589
13590
13591
13629
13630
13631
13632
13633
13634
13635
13636
13637
13638
13639
13640
13641
13642
13680
13681
13682
13683
13684
13685
13686
13687
13688
13689
13690
13691
13692
13693
13731
13732
13733
13734
13735
13736
13737
13738
13739
13740
13741
13742
13743
13744
13782
13783
13784
13785
13786
13787
13788
13789
13790
13791
13792
13793
13794
13795
13833
13834
13835
13836
13837
13838
13839
13840
13841
13842
13843
13844
13845
13846
13884
13885
13886
13887
13888
13889
13890
13891
13892
13893
13894
13895
13896
13897
13935
13936
13937
13938
13939
13940
13941
13942
13943
13944
13945
13946
13947
13948
13986
13987
13988
13989
13990
13991
13992
13993
13994
13995
13996
13997
13998
13999
14037
14038
14039
14040
14041
14042
14043
14044
14045
14046
14047
14048
14049
14050
14088
14089
14090
14091
14092
14093
14094
14095
14096
14097
14098
14099
14100
14101
14139
14140
14141
14142
14143
14144
14145
14146
14147
14148
14149
14150
14151
14152
14190
14191
14192
14193
14194
14195
14196
14197
14198
14199
14200
14201
14202
14203
14241
14242
14243
14244
14245
14246
14247
14248
14249
14250
14251
14252
14253
14254
14292
14293
14294
14295
14296
14297
14298
14299
14300
14301
14302
14303
14304
14305
14343
14344
14345
14346
14347
14348
14349
14350
14351
14352
14353
14354
14355
14356
14394
14395
14396
14397
14398
14399
14400
14401
14402
14403
14404
14405
14406
14407
14445
14446
14447
14448
14449
14450
14451
14452
14453
14454
14455
14456
14457
14458
14496
14497
14498
14499
14500
14501
14502
14503
14504
14505
14506
14507
14508
14509
14547
14548
14549
14550
14551
14552
14553
14554
14555
14556
14557
14558
14559
14560
14598
14599
14600
14601
14602
14603
14604
14605
14606
14607
14608
14609
14610
14611
14649
14650
14651
14652
14653
14654
14655
14656
14657
14658
14659
14660
14661
14662
14700
14701
14702
14703
14704
14705
14706
14707
14708
14709
14710
14711
14712
14713
14751
14752
14753
14754
14755
14756
14757
14758
14759
14760
14761
14762
14763
14764
14802
14803
14804
14805
14806
14807
14808
14809
14810
14811
14812
14813
14814
14815
14853
14854
14855
14856
14857
14858
14859
14860
14861
14862
14863
14864
14865
14866
14902
14903
14904
14905
14906
14907
14908
14909
14910
14911
14912
14913
14914
14915
14955
14956
14957
14958
14959
14960
14961
14962
14963
14964
14965
14966
14967
14968
15008
15009
15010
15011
15012
15013
15014
15015
15016
15017
15018
15019
15020
15021
15061
15062
15063
15064
15065
15066
15067
15068
15069
15070
15071
15072
15073
15074
15114
15115
15116
15117
15118
15119
15120
15121
15122
15123
15124
15125
15126
15127
15167
15168
15169
15170
15171
15172
15173
15174
15175
15176
15177
15178
15179
15180
15220
15221
15222
15223
15224
15225
15226
15227
15228
15229
15230
15231
15232
15233
15273
15274
15275
15276
15277
15278
15279
15280
15281
15282
15283
15284
15285
15286
15326
15327
15328
15329
15330
15331
15332
15333
15334
15335
15336
15337
15338
15339
15379
15380
15381
15382
15383
15384
15385
15386
15387
15388
15389
15390
15391
15392
16679
16680
16681
16682
16683
16684
16685
16686
16687
16688
16689
16690
16691
16692
16693
16694
16695
16696
16697
16698
16699
16700
16701
16702
16741
16742
16743
16744
16745
16746
16747
16748
16749
16750
16751
16752
16753
16754
16755
16756
16757
16758
16759
16760
16761
16762
16763
16764
16803
16804
16805
16806
16807
16808
16809
16810
16811
16812
16813
16814
16815
16816
16865
16866
16867
16868
16869
16870
16871
16872
16873
16874
16875
16876
16877
16878
16912
16913
16914
16915
16916
16917
16918
16919
16920
16921
16922
16923
16924
16925
16970
16971
16972
16973
16974
16975
16976
16977
16978
16979
16980
16981
16982
16983
17028
17029
17030
17031
17032
17033
17034
17035
17036
17037
17038
17039
17040
17041
17086
17087
17088
17089
17090
17091
17092
17093
17094
17095
17096
17097
17098
17099
17144
17145
17146
17147
17148
17149
17150
17151
17152
17153
17154
17155
17156
17157
17202
17203
17204
17205
17206
17207
17208
17209
17210
17211
17212
17213
17214
17215
17260
17261
17262
17263
17264
17265
17266
17267
17268
17269
17270
17271
17272
17273
17318
17319
17320
17321
17322
17323
17324
17325
17326
17327
17328
17329
17330
17331
17376
17377
17378
17379
17380
17381
17382
17383
17384
17385
17386
17387
17388
17389
17434
17435
17436
17437
17438
17439
17440
17441
17442
17443
17444
17445
17446
17447
17492
17493
17494
17495
17496
17497
17498
17499
17500
17501
17502
17503
17504
17505
17550
17551
17552
17553
17554
17555
17556
17557
17558
17559
17560
17561
17562
17563
17608
17609
17610
17611
17612
17613
17614
17615
17616
17617
17618
17619
17620
17621
17666
17667
17668
17669
17670
17671
17672
17673
17674
17675
17676
17677
17678
17679
17724
17725
17726
17727
17728
17729
17730
17731
17732
17733
17734
17735
17736
17737
17782
17783
17784
17785
17786
17787
17788
17789
17790
17791
17792
17793
17794
17795
17840
17841
17842
17843
17844
17845
17846
17847
17848
17849
17850
17851
17852
17853
17898
17899
17900
17901
17902
17903
17904
17905
17906
17907
17908
17909
17910
17911
17956
17957
17958
17959
17960
17961
17962
17963
17964
17965
17966
17967
17968
17969
18014
18015
18016
18017
18018
18019
18020
18021
18022
18023
18024
18025
18026
18027
18072
18073
18074
18075
18076
18077
18078
18079
18080
18081
18082
18083
18084
18085
18130
18131
18132
18133
18134
18135
18136
18137
18138
18139
18140
18141
18142
18143
18188
18189
18190
18191
18192
18193
18194
18195
18196
18197
18198
18199
18200
18201
18246
18247
18248
18249
18250
18251
18252
18253
18254
18255
18256
18257
18258
18259
18304
18305
18306
18307
18308
18309
18310
18311
18312
18313
18314
18315
18316
18317
18362
18363
18364
18365
18366
18367
18368
18369
18370
18371
18372
18373
18374
18375
18420
18421
18422
18423
18424
18425
18426
18427
18428
18429
18430
18431
18432
18433
18478
18479
18480
18481
18482
18483
18484
18485
18486
18487
18488
18489
18490
18491
18536
18537
18538
18539
18540
18541
18542
18543
18544
18545
18546
18547
18548
18549
18594
18595
18596
18597
18598
18599
18600
18601
18602
18603
18604
18605
18606
18607
18652
18653
18654
18655
18656
18657
18658
18659
18660
18661
18662
18663
18664
18665
18710
18711
18712
18713
18714
18715
18716
18717
18718
18719
18720
18721
18722
18723
18768
18769
18770
18771
18772
18773
18774
18775
18776
18777
18778
18779
18780
18781
18826
18827
18828
18829
18830
18831
18832
18833
18834
18835
18836
18837
18838
18839
18884
18885
18886
18887
18888
18889
18890
18891
18892
18893
18894
18895
18896
18897
18942
18943
18944
18945
18946
18947
18948
18949
18950
18951
18952
18953
18954
18955
19000
19001
19002
19003
19004
19005
19006
19007
19008
19009
19010
19011
19012
19013
19056
19057
19058
19059
19060
19061
19062
19063
19064
19065
19066
19067
19068
19069
19116
19117
19118
19119
19120
19121
19122
19123
19124
19125
19126
19127
19128
19129
19176
19177
19178
19179
19180
19181
19182
19183
19184
19185
19186
19187
19188
19189
19236
19237
19238
19239
19240
19241
19242
19243
19244
19245
19246
19247
19248
19249
19296
19297
19298
19299
19300
19301
19302
19303
19304
19305
19306
19307
19308
19309
19356
19357
19358
19359
19360
19361
19362
19363
19364
19365
19366
19367
19368
19369
19416
19417
19418
19419
19420
19421
19422
19423
19424
19425
19426
19427
19428
19429
19476
19477
19478
19479
19480
19481
19482
19483
19484
19485
19486
19487
19488
19489
19536
19537
19538
19539
19540
19541
19542
19543
19544
19545
19546
19547
19548
19549
19596
19597
19598
19599
19600
19601
19602
19603
19604
19605
19606
19607
19608
19609
20987
20988
20989
20990
20991
20992
20993
20994
20995
20996
20997
20998
20999
21000
21001
21002
21003
21004
21005
21006
21007
21008
21009
21010
21049
21050
21051
21052
21053
21054
21055
21056
21057
21058
21059
21060
21061
21062
21063
21064
21065
21066
21067
21068
21069
21070
21071
21072
21121
21122
21123
21124
21183
21184
21185
21186
21230
21231
21232
21233
21288
21289
21290
21291
21294
21295
21296
21297
21298
21346
21347
21348
21349
21352
21353
21354
21355
21356
21404
21405
21406
21407
21410
21411
21412
21413
21414
21462
21463
21464
21465
21468
21469
21470
21471
21472
21520
21521
21522
21523
21526
21527
21528
21529
21530
21578
21579
21580
21581
21584
21585
21586
21587
21588
21636
21637
21638
21639
21642
21643
21644
21645
21646
21694
21695
21696
21697
21700
21701
21702
21703
21704
21752
21753
21754
21755
21758
21759
21760
21761
21762
21810
21811
21812
21813
21816
21817
21818
21819
21820
21868
21869
21870
21871
21874
21875
21876
21877
21878
21926
21927
21928
21929
21932
21933
21934
21935
21936
21984
21985
21986
21987
21990
21991
21992
21993
21994
22042
22043
22044
22045
22048
22049
22050
22051
22052
22100
22101
22102
22103
22106
22107
22108
22109
22110
22158
22159
22160
22161
22164
22165
22166
22167
22168
22216
22217
22218
22219
22222
22223
22224
22225
22226
22274
22275
22276
22277
22280
22281
22282
22283
22284
22332
22333
22334
22335
22338
22339
22340
22341
22342
22390
22391
22392
22393
22396
22397
22398
22399
22400
22448
22449
22450
22451
22454
22455
22456
22457
22458
22506
22507
22508
22509
22512
22513
22514
22515
22516
22564
22565
22566
22567
22570
22571
22572
22573
22574
22622
22623
22624
22625
22628
22629
22630
22631
22632
22680
22681
22682
22683
22686
22687
22688
22689
22690
22738
22739
22740
22741
22744
22745
22746
22747
22748
22796
22797
22798
22799
22802
22803
22804
22805
22806
22850
22851
22852
22853
22856
22857
22858
22859
22860
22904
22905
22906
22907
22910
22911
22912
22913
22914
22958
22959
22960
22961
22964
22965
22966
22967
22968
23012
23013
23014
23015
23018
23019
23020
23021
23022
23066
23067
23068
23069
23072
23073
23074
23075
23076
23120
23121
23122
23123
23126
23127
23128
23129
23130
23178
23179
23180
23181
23184
23185
23186
23187
23188
23236
23237
23238
23239
23242
23243
23244
23245
23246
23294
23295
23296
23297
23300
23301
23302
23303
23304
23350
23351
23352
23353
23356
23357
23358
23359
23360
23410
23411
23412
23413
23416
23417
23418
23419
23420
23470
23471
23472
23473
23476
23477
23478
23479
23480
23530
23531
23532
23533
23536
23537
23538
23539
23540
23590
23591
23592
23593
23596
23597
23598
23599
23600
23650
23651
23652
23653
23656
23657
23658
23659
23660
23710
23711
23712
23713
23716
23717
23718
23719
23720
23770
23771
23772
23773
23776
23777
23778
23779
23780
23830
23831
23832
23833
23836
23837
23838
23839
23840
23880
23881
23882
23883
23884
23885
23886
23887
23888
23889
23896
23897
23898
23899
23900
23956
23957
23958
23959
23960
24016
24017
24018
24019
24020
24076
24077
24078
24079
24080
24136
24137
24138
24139
24140
24196
24197
24198
24199
24200
24256
24257
24258
24259
24260
24316
24317
24318
24319
24320
24376
24377
24378
24379
24380
24436
24437
24438
24439
24440
24496
24497
24498
24499
24500
24556
24557
24558
24559
24560
25271
25272
25273
25274
25275
25276
25277
25278
25279
25280
25281
25282
25283
25284
25285
25286
25287
25288
25289
25290
25291
25292
25293
25294
25333
25334
25335
25336
25337
25338
25339
25340
25341
25342
25343
25344
25345
25346
25347
25348
25349
25350
25351
25352
25353
25354
25355
25356
25405
25406
25407
25408
25458
25459
25460
25461
25496
25497
25498
25499
25545
25546
25547
25548
25551
25552
25553
25554
25555
25594
25595
25596
25597
25600
25601
25602
25603
25604
25643
25644
25645
25646
25649
25650
25651
25652
25653
25692
25693
25694
25695
25698
25699
25700
25701
25702
25741
25742
25743
25744
25747
25748
25749
25750
25751
25790
25791
25792
25793
25796
25797
25798
25799
25800
25839
25840
25841
25842
25845
25846
25847
25848
25849
25888
25889
25890
25891
25894
25895
25896
25897
25898
25937
25938
25939
25940
25943
25944
25945
25946
25947
25986
25987
25988
25989
25992
25993
25994
25995
25996
26035
26036
26037
26038
26041
26042
26043
26044
26045
26084
26085
26086
26087
26090
26091
26092
26093
26094
26133
26134
26135
26136
26139
26140
26141
26142
26143
26182
26183
26184
26185
26188
26189
26190
26191
26192
26231
26232
26233
26234
26237
26238
26239
26240
26241
26280
26281
26282
26283
26286
26287
26288
26289
26290
26329
26330
26331
26332
26335
26336
26337
26338
26339
26378
26379
26380
26381
26384
26385
26386
26387
26388
26427
26428
26429
26430
26433
26434
26435
26436
26437
26476
26477
26478
26479
26482
26483
26484
26485
26486
26525
26526
26527
26528
26531
26532
26533
26534
26535
26574
26575
26576
26577
26580
26581
26582
26583
26584
26623
26624
26625
26626
26629
26630
26631
26632
26633
26672
26673
26674
26675
26678
26679
26680
26681
26682
26721
26722
26723
26724
26727
26728
26729
26730
26731
26770
26771
26772
26773
26776
26777
26778
26779
26780
26819
26820
26821
26822
26825
26826
26827
26828
26829
26864
26865
26866
26867
26870
26871
26872
26873
26874
26909
26910
26911
26912
26915
26916
26917
26918
26919
26954
26955
26956
26957
26960
26961
26962
26963
26964
26999
27000
27001
27002
27005
27006
27007
27008
27009
27044
27045
27046
27047
27050
27051
27052
27053
27054
27089
27090
27091
27092
27095
27096
27097
27098
27099
27138
27139
27140
27141
27144
27145
27146
27147
27148
27187
27188
27189
27190
27193
27194
27195
27196
27197
27236
27237
27238
27239
27242
27243
27244
27245
27246
27283
27284
27285
27286
27289
27290
27291
27292
27293
27334
27335
27336
27337
27340
27341
27342
27343
27344
27385
27386
27387
27388
27391
27392
27393
27394
27395
27436
27437
27438
27439
27442
27443
27444
27445
27446
27487
27488
27489
27490
27493
27494
27495
27496
27497
27538
27539
27540
27541
27544
27545
27546
27547
27548
27589
27590
27591
27592
27595
27596
27597
27598
27599
27640
27641
27642
27643
27646
27647
27648
27649
27650
27700
27701
27702
27703
27706
27707
27708
27709
27710
27750
27751
27752
27753
27754
27755
27756
27757
27758
27759
27766
27767
27768
27769
27770
27826
27827
27828
27829
27830
27886
27887
27888
27889
27890
27946
27947
27948
27949
27950
28006
28007
28008
28009
28010
28066
28067
28068
28069
28070
28126
28127
28128
28129
28130
28186
28187
28188
28189
28190
28246
28247
28248
28249
28250
28306
28307
28308
28309
28310
28366
28367
28368
28369
28370
28426
28427
28428
28429
28430
29147
29148
29149
29150
29151
29152
29153
29154
29155
29156
29157
29158
29159
29160
29161
29162
29163
29164
29165
29166
29167
29168
29169
29170
29209
29210
29211
29212
29213
29214
29215
29216
29217
29218
29219
29220
29221
29222
29223
29224
29225
29226
29227
29228
29229
29230
29231
29232
29281
29282
29283
29284
29341
29342
29343
29344
29392
29393
29394
29395
29448
29449
29450
29451
29454
29455
29456
29457
29458
29504
29505
29506
29507
29510
29511
29512
29513
29514
29560
29561
29562
29563
29566
29567
29568
29569
29570
29616
29617
29618
29619
29622
29623
29624
29625
29626
29672
29673
29674
29675
29678
29679
29680
29681
29682
29728
29729
29730
29731
29734
29735
29736
29737
29738
29784
29785
29786
29787
29790
29791
29792
29793
29794
29840
29841
29842
29843
29846
29847
29848
29849
29850
29896
29897
29898
29899
29902
29903
29904
29905
29906
29952
29953
29954
29955
29958
29959
29960
29961
29962
30008
30009
30010
30011
30014
30015
30016
30017
30018
30064
30065
30066
30067
30070
30071
30072
30073
30074
30120
30121
30122
30123
30126
30127
30128
30129
30130
30176
30177
30178
30179
30182
30183
30184
30185
30186
30232
30233
30234
30235
30238
30239
30240
30241
30242
30288
30289
30290
30291
30294
30295
30296
30297
30298
30344
30345
30346
30347
30350
30351
30352
30353
30354
30400
30401
30402
30403
30406
30407
30408
30409
30410
30456
30457
30458
30459
30462
30463
30464
30465
30466
30512
30513
30514
30515
30518
30519
30520
30521
30522
30568
30569
30570
30571
30574
30575
30576
30577
30578
30624
30625
30626
30627
30630
30631
30632
30633
30634
30680
30681
30682
30683
30686
30687
30688
30689
30690
30736
30737
30738
30739
30742
30743
30744
30745
30746
30792
30793
30794
30795
30798
30799
30800
30801
30802
30848
30849
30850
30851
30854
30855
30856
30857
30858
30904
30905
30906
30907
30910
30911
30912
30913
30914
30956
30957
30958
30959
30962
30963
30964
30965
30966
31008
31009
31010
31011
31014
31015
31016
31017
31018
31060
31061
31062
31063
31066
31067
31068
31069
31070
31112
31113
31114
31115
31118
31119
31120
31121
31122
31164
31165
31166
31167
31170
31171
31172
31173
31174
31216
31217
31218
31219
31222
31223
31224
31225
31226
31272
31273
31274
31275
31278
31279
31280
31281
31282
31328
31329
31330
31331
31334
31335
31336
31337
31338
31384
31385
31386
31387
31390
31391
31392
31393
31394
31438
31439
31440
31441
31444
31445
31446
31447
31448
31496
31497
31498
31499
31502
31503
31504
31505
31506
31554
31555
31556
31557
31560
31561
31562
31563
31564
31612
31613
31614
31615
31618
31619
31620
31621
31622
31670
31671
31672
31673
31676
31677
31678
31679
31680
31728
31729
31730
31731
31734
31735
31736
31737
31738
31786
31787
31788
31789
31792
31793
31794
31795
31796
31837
31838
31839
31840
31843
31844
31845
31846
31847
31897
31898
31899
31900
31903
31904
31905
31906
31907
31947
31948
31949
31950
31951
31952
31953
31954
31955
31956
31963
31964
31965
31966
31967
32023
32024
32025
32026
32027
32083
32084
32085
32086
32087
32143
32144
32145
32146
32147
32203
32204
32205
32206
32207
32263
32264
32265
32266
32267
32323
32324
32325
32326
32327
32383
32384
32385
32386
32387
32443
32444
32445
32446
32447
32503
32504
32505
32506
32507
32563
32564
32565
32566
32567
33344
33345
33346
33347
33348
33349
33350
33351
33352
33353
33354
33355
33356
33357
33358
33359
33360
33361
33362
33363
33364
33365
33366
33367
33406
33407
33408
33409
33410
33411
33412
33413
33414
33415
33416
33417
33418
33419
33420
33421
33422
33423
33424
33425
33426
33427
33428
33429
33470
33471
33472
33473
33474
33478
33479
33480
33481
33485
33486
33487
33488
33531
33532
33533
33534
33535
33538
33539
33540
33541
33544
33545
33546
33547
33582
33583
33584
33585
33586
33589
33590
33591
33592
33595
33596
33597
33598
33638
33639
33640
33641
33642
33645
33646
33647
33648
33651
33652
33653
33654
33655
33694
33695
33696
33697
33698
33701
33702
33703
33704
33707
33708
33709
33710
33711
33750
33751
33752
33753
33754
33757
33758
33759
33760
33763
33764
33765
33766
33767
33806
33807
33808
33809
33810
33813
33814
33815
33816
33819
33820
33821
33822
33823
33862
33863
33864
33865
33866
33869
33870
33871
33872
33875
33876
33877
33878
33879
33918
33919
33920
33921
33922
33925
33926
33927
33928
33931
33932
33933
33934
33935
33974
33975
33976
33977
33978
33981
33982
33983
33984
33987
33988
33989
33990
33991
34030
34031
34032
34033
34034
34037
34038
34039
34040
34043
34044
34045
34046
34047
34082
34083
34084
34085
34086
34089
34090
34091
34092
34095
34096
34097
34098
34099
34134
34135
34136
34137
34138
34141
34142
34143
34144
34147
34148
34149
34150
34151
34186
34187
34188
34189
34190
34193
34194
34195
34196
34199
34200
34201
34202
34203
34238
34239
34240
34241
34242
34245
34246
34247
34248
34251
34252
34253
34254
34255
34290
34291
34292
34293
34294
34297
34298
34299
34300
34303
34304
34305
34306
34307
34342
34343
34344
34345
34346
34349
34350
34351
34352
34355
34356
34357
34358
34359
34394
34395
34396
34397
34398
34401
34402
34403
34404
34407
34408
34409
34410
34411
34446
34447
34448
34449
34450
34453
34454
34455
34456
34459
34460
34461
34462
34463
34498
34499
34500
34501
34502
34505
34506
34507
34508
34511
34512
34513
34514
34515
34550
34551
34552
34553
34554
34557
34558
34559
34560
34563
34564
34565
34566
34567
34602
34603
34604
34605
34606
34609
34610
34611
34612
34615
34616
34617
34618
34619
34654
34655
34656
34657
34658
34661
34662
34663
34664
34667
34668
34669
34670
34671
34706
34707
34708
34709
34710
34713
34714
34715
34716
34719
34720
34721
34722
34723
34758
34759
34760
34761
34762
34765
34766
34767
34768
34771
34772
34773
34774
34775
34810
34811
34812
34813
34814
34817
34818
34819
34820
34823
34824
34825
34826
34827
34862
34863
34864
34865
34866
34869
34870
34871
34872
34875
34876
34877
34878
34879
34914
34915
34916
34917
34918
34921
34922
34923
34924
34927
34928
34929
34930
34931
34970
34971
34972
34973
34974
34977
34978
34979
34980
34983
34984
34985
34986
34987
35026
35027
35028
35029
35030
35033
35034
35035
35036
35039
35040
35041
35042
35043
35078
35079
35080
35081
35082
35085
35086
35087
35088
35091
35092
35093
35094
35095
35130
35131
35132
35133
35134
35137
35138
35139
35140
35143
35144
35145
35146
35147
35182
35183
35184
35185
35186
35189
35190
35191
35192
35195
35196
35197
35198
35199
35234
35235
35236
35237
35238
35241
35242
35243
35244
35247
35248
35249
35250
35251
35286
35287
35288
35289
35290
35293
35294
35295
35296
35299
35300
35301
35302
35303
35338
35339
35340
35341
35342
35345
35346
35347
35348
35351
35352
35353
35354
35355
35394
35395
35396
35397
35398
35401
35402
35403
35404
35407
35408
35409
35410
35411
35450
35451
35452
35453
35454
35457
35458
35459
35460
35463
35464
35465
35466
35467
35506
35507
35508
35509
35510
35513
35514
35515
35516
35519
35520
35521
35522
35523
35560
35561
35562
35563
35564
35567
35568
35569
35570
35573
35574
35575
35576
35577
35618
35619
35620
35621
35622
35625
35626
35627
35628
35631
35632
35633
35634
35635
35676
35677
35678
35679
35680
35683
35684
35685
35686
35689
35690
35691
35692
35693
35734
35735
35736
35737
35738
35741
35742
35743
35744
35747
35748
35749
35750
35751
35792
35793
35794
35795
35796
35799
35800
35801
35802
35805
35806
35807
35808
35809
35850
35851
35852
35853
35854
35857
35858
35859
35860
35863
35864
35865
35866
35867
35915
35916
35917
35918
35921
35922
35923
35924
35925
35966
35967
35968
35969
35972
35973
35974
35975
35976
36026
36027
36028
36029
36032
36033
36034
36035
36036
36076
36077
36078
36079
36080
36081
36082
36083
36084
36085
36092
36093
36094
36095
36096
36152
36153
36154
36155
36156
36212
36213
36214
36215
36216
36272
36273
36274
36275
36276
36332
36333
36334
36335
36336
36392
36393
36394
36395
36396
36452
36453
36454
36455
36456
36512
36513
36514
36515
36516
36572
36573
36574
36575
36576
36632
36633
36634
36635
36636
36692
36693
36694
36695
36696
37473
37474
37475
37476
37477
37478
37479
37480
37481
37482
37483
37484
37485
37486
37487
37488
37489
37490
37491
37492
37493
37494
37495
37496
37535
37536
37537
37538
37539
37540
37541
37542
37543
37544
37545
37546
37547
37548
37549
37550
37551
37552
37553
37554
37555
37556
37557
37558
37599
37600
37601
37602
37603
37607
37608
37609
37610
37614
37615
37616
37617
37660
37661
37662
37663
37664
37667
37668
37669
37670
37673
37674
37675
37676
37711
37712
37713
37714
37715
37718
37719
37720
37721
37724
37725
37726
37727
37767
37768
37769
37770
37771
37774
37775
37776
37777
37823
37824
37825
37826
37827
37830
37831
37832
37833
37879
37880
37881
37882
37883
37886
37887
37888
37889
37935
37936
37937
37938
37939
37942
37943
37944
37945
37991
37992
37993
37994
37995
37998
37999
38000
38001
38047
38048
38049
38050
38051
38054
38055
38056
38057
38103
38104
38105
38106
38107
38110
38111
38112
38113
38159
38160
38161
38162
38163
38166
38167
38168
38169
38211
38212
38213
38214
38215
38218
38219
38220
38221
38263
38264
38265
38266
38267
38270
38271
38272
38273
38315
38316
38317
38318
38319
38322
38323
38324
38325
38367
38368
38369
38370
38371
38374
38375
38376
38377
38419
38420
38421
38422
38423
38426
38427
38428
38429
38471
38472
38473
38474
38475
38478
38479
38480
38481
38484
38485
38486
38487
38488
38523
38524
38525
38526
38527
38530
38531
38532
38533
38536
38537
38538
38539
38540
38575
38576
38577
38578
38579
38582
38583
38584
38585
38588
38589
38590
38591
38592
38627
38628
38629
38630
38631
38634
38635
38636
38637
38640
38641
38642
38643
38644
38679
38680
38681
38682
38683
38686
38687
38688
38689
38692
38693
38694
38695
38696
38731
38732
38733
38734
38735
38738
38739
38740
38741
38744
38745
38746
38747
38748
38783
38784
38785
38786
38787
38790
38791
38792
38793
38796
38797
38798
38799
38800
38835
38836
38837
38838
38839
38842
38843
38844
38845
38848
38849
38850
38851
38852
38887
38888
38889
38890
38891
38894
38895
38896
38897
38900
38901
38902
38903
38904
38939
38940
38941
38942
38943
38946
38947
38948
38949
38952
38953
38954
38955
38956
38991
38992
38993
38994
38995
38998
38999
39000
39001
39004
39005
39006
39007
39008
39043
39044
39045
39046
39047
39050
39051
39052
39053
39056
39057
39058
39059
39060
39099
39100
39101
39102
39103
39106
39107
39108
39109
39112
39113
39114
39115
39116
39155
39156
39157
39158
39159
39162
39163
39164
39165
39168
39169
39170
39171
39172
39207
39208
39209
39210
39211
39214
39215
39216
39217
39220
39221
39222
39223
39224
39259
39260
39261
39262
39263
39266
39267
39268
39269
39272
39273
39274
39275
39276
39311
39312
39313
39314
39315
39318
39319
39320
39321
39324
39325
39326
39327
39328
39363
39364
39365
39366
39367
39370
39371
39372
39373
39376
39377
39378
39379
39380
39415
39416
39417
39418
39419
39422
39423
39424
39425
39428
39429
39430
39431
39432
39467
39468
39469
39470
39471
39474
39475
39476
39477
39480
39481
39482
39483
39484
39523
39524
39525
39526
39527
39530
39531
39532
39533
39536
39537
39538
39539
39540
39579
39580
39581
39582
39583
39586
39587
39588
39589
39592
39593
39594
39595
39596
39635
39636
39637
39638
39639
39642
39643
39644
39645
39648
39649
39650
39651
39652
39689
39690
39691
39692
39693
39696
39697
39698
39699
39702
39703
39704
39705
39706
39747
39748
39749
39750
39751
39754
39755
39756
39757
39760
39761
39762
39763
39764
39805
39806
39807
39808
39809
39812
39813
39814
39815
39818
39819
39820
39821
39822
39863
39864
39865
39866
39867
39870
39871
39872
39873
39876
39877
39878
39879
39880
39921
39922
39923
39924
39925
39928
39929
39930
39931
39934
39935
39936
39937
39938
39979
39980
39981
39982
39983
39986
39987
39988
39989
40044
40045
40046
40047
40095
40096
40097
40098
40155
40156
40157
40158
40205
40206
40207
40208
40209
40210
40211
40212
40213
40214
41602
41603
41604
41605
41606
41607
41608
41609
41610
41611
41612
41613
41614
41615
41616
41617
41618
41619
41620
41621
41622
41623
41624
41625
41664
41665
41666
41667
41668
41669
41670
41671
41672
41673
41674
41675
41676
41677
41678
41679
41680
41681
41682
41683
41684
41685
41686
41687
41728
41729
41730
41731
41732
41736
41737
41738
41739
41743
41744
41745
41746
41789
41790
41791
41792
41793
41796
41797
41798
41799
41802
41803
41804
41805
41840
41841
41842
41843
41844
41847
41848
41849
41850
41853
41854
41855
41856
41896
41897
41898
41899
41900
41903
41904
41905
41906
41952
41953
41954
41955
41956
41959
41960
41961
41962
42002
42003
42004
42005
42006
42009
42010
42011
42012
42052
42053
42054
42055
42056
42059
42060
42061
42062
42102
42103
42104
42105
42106
42109
42110
42111
42112
42152
42153
42154
42155
42156
42159
42160
42161
42162
42202
42203
42204
42205
42206
42209
42210
42211
42212
42252
42253
42254
42255
42256
42259
42260
42261
42262
42305
42306
42307
42308
42351
42352
42353
42354
42397
42398
42399
42400
42443
42444
42445
42446
42489
42490
42491
42492
42541
42542
42543
42544
42547
42548
42549
42550
42551
42593
42594
42595
42596
42599
42600
42601
42602
42603
42645
42646
42647
42648
42651
42652
42653
42654
42655
42697
42698
42699
42700
42703
42704
42705
42706
42707
42749
42750
42751
42752
42755
42756
42757
42758
42759
42801
42802
42803
42804
42807
42808
42809
42810
42811
42853
42854
42855
42856
42859
42860
42861
42862
42863
42905
42906
42907
42908
42911
42912
42913
42914
42915
42957
42958
42959
42960
42963
42964
42965
42966
42967
43009
43010
43011
43012
43015
43016
43017
43018
43019
43061
43062
43063
43064
43067
43068
43069
43070
43071
43113
43114
43115
43116
43119
43120
43121
43122
43123
43169
43170
43171
43172
43175
43176
43177
43178
43179
43225
43226
43227
43228
43231
43232
43233
43234
43235
43277
43278
43279
43280
43283
43284
43285
43286
43287
43329
43330
43331
43332
43335
43336
43337
43338
43339
43381
43382
43383
43384
43387
43388
43389
43390
43391
43433
43434
43435
43436
43439
43440
43441
43442
43443
43478
43479
43480
43481
43482
43485
43486
43487
43488
43491
43492
43493
43494
43495
43530
43531
43532
43533
43534
43537
43538
43539
43540
43543
43544
43545
43546
43547
43586
43587
43588
43589
43590
43593
43594
43595
43596
43599
43600
43601
43602
43603
43642
43643
43644
43645
43646
43649
43650
43651
43652
43655
43656
43657
43658
43659
43698
43699
43700
43701
43702
43705
43706
43707
43708
43711
43712
43713
43714
43715
43752
43753
43754
43755
43756
43759
43760
43761
43762
43765
43766
43767
43768
43769
43810
43811
43812
43813
43814
43817
43818
43819
43820
43823
43824
43825
43826
43827
43868
43869
43870
43871
43872
43875
43876
43877
43878
43881
43882
43883
43884
43885
43926
43927
43928
43929
43930
43933
43934
43935
43936
43939
43940
43941
43942
43943
43984
43985
43986
43987
43988
43991
43992
43993
43994
43997
43998
43999
44000
44001
44042
44043
44044
44045
44046
44049
44050
44051
44052
44107
44108
44109
44110
44152
44153
44154
44155
44206
44207
44208
44209
44250
44251
44252
44253
44254
44255
44256
44257
44258
44259
45587
45588
45589
45590
45591
45592
45593
45594
45595
45596
45597
45598
45599
45600
45601
45602
45603
45604
45605
45606
45607
45608
45609
45610
45649
45650
45651
45652
45653
45654
45655
45656
45657
45658
45659
45660
45661
45662
45663
45664
45665
45666
45667
45668
45669
45670
45671
45672
45713
45714
45715
45716
45717
45721
45722
45723
45724
45728
45729
45730
45731
45774
45775
45776
45777
45778
45781
45782
45783
45784
45787
45788
45789
45790
45825
45826
45827
45828
45829
45832
45833
45834
45835
45838
45839
45840
45841
45881
45882
45883
45884
45885
45888
45889
45890
45891
45937
45938
45939
45940
45941
45944
45945
45946
45947
45987
45988
45989
45990
45991
45994
45995
45996
45997
46037
46038
46039
46040
46041
46044
46045
46046
46047
46087
46088
46089
46090
46091
46094
46095
46096
46097
46137
46138
46139
46140
46141
46144
46145
46146
46147
46187
46188
46189
46190
46191
46194
46195
46196
46197
46237
46238
46239
46240
46241
46244
46245
46246
46247
46290
46291
46292
46293
46331
46332
46333
46334
46372
46373
46374
46375
46413
46414
46415
46416
46454
46455
46456
46457
46501
46502
46503
46504
46507
46508
46509
46510
46511
46548
46549
46550
46551
46554
46555
46556
46557
46558
46595
46596
46597
46598
46601
46602
46603
46604
46605
46642
46643
46644
46645
46648
46649
46650
46651
46652
46689
46690
46691
46692
46695
46696
46697
46698
46699
46736
46737
46738
46739
46742
46743
46744
46745
46746
46783
46784
46785
46786
46789
46790
46791
46792
46793
46830
46831
46832
46833
46836
46837
46838
46839
46840
46877
46878
46879
46880
46883
46884
46885
46886
46887
46924
46925
46926
46927
46930
46931
46932
46933
46934
46971
46972
46973
46974
46977
46978
46979
46980
46981
47018
47019
47020
47021
47024
47025
47026
47027
47028
47069
47070
47071
47072
47075
47076
47077
47078
47079
47120
47121
47122
47123
47126
47127
47128
47129
47130
47167
47168
47169
47170
47173
47174
47175
47176
47177
47214
47215
47216
47217
47220
47221
47222
47223
47224
47261
47262
47263
47264
47267
47268
47269
47270
47271
47313
47314
47315
47316
47319
47320
47321
47322
47323
47358
47359
47360
47361
47362
47365
47366
47367
47368
47371
47372
47373
47374
47375
47410
47411
47412
47413
47414
47417
47418
47419
47420
47423
47424
47425
47426
47427
47466
47467
47468
47469
47470
47473
47474
47475
47476
47479
47480
47481
47482
47483
47522
47523
47524
47525
47526
47529
47530
47531
47532
47535
47536
47537
47538
47539
47578
47579
47580
47581
47582
47585
47586
47587
47588
47591
47592
47593
47594
47595
47632
47633
47634
47635
47636
47639
47640
47641
47642
47645
47646
47647
47648
47649
47690
47691
47692
47693
47694
47697
47698
47699
47700
47703
47704
47705
47706
47707
47748
47749
47750
47751
47752
47755
47756
47757
47758
47761
47762
47763
47764
47765
47806
47807
47808
47809
47810
47813
47814
47815
47816
47819
47820
47821
47822
47823
47864
47865
47866
47867
47868
47871
47872
47873
47874
47877
47878
47879
47880
47881
47922
47923
47924
47925
47926
47929
47930
47931
47932
47987
47988
47989
47990
48032
48033
48034
48035
48086
48087
48088
48089
48130
48131
48132
48133
48134
48135
48136
48137
48138
48139
49467
49468
49469
49470
49471
49472
49473
49474
49475
49476
49477
49478
49479
49480
49481
49482
49483
49484
49485
49486
49487
49488
49489
49490
49529
49530
49531
49532
49533
49534
49535
49536
49537
49538
49539
49540
49541
49542
49543
49544
49545
49546
49547
49548
49549
49550
49551
49552
49593
49594
49595
49596
49597
49601
49602
49603
49604
49608
49609
49610
49611
49654
49655
49656
49657
49658
49661
49662
49663
49664
49667
49668
49669
49670
49705
49706
49707
49708
49709
49712
49713
49714
49715
49718
49719
49720
49721
49761
49762
49763
49764
49765
49768
49769
49770
49771
49817
49818
49819
49820
49821
49824
49825
49826
49827
49867
49868
49869
49870
49871
49874
49875
49876
49877
49917
49918
49919
49920
49921
49924
49925
49926
49927
49967
49968
49969
49970
49971
49974
49975
49976
49977
50017
50018
50019
50020
50021
50024
50025
50026
50027
50067
50068
50069
50070
50071
50074
50075
50076
50077
50117
50118
50119
50120
50121
50124
50125
50126
50127
50170
50171
50172
50173
50211
50212
50213
50214
50252
50253
50254
50255
50293
50294
50295
50296
50334
50335
50336
50337
50381
50382
50383
50384
50387
50388
50389
50390
50391
50428
50429
50430
50431
50434
50435
50436
50437
50438
50475
50476
50477
50478
50481
50482
50483
50484
50485
50522
50523
50524
50525
50528
50529
50530
50531
50532
50569
50570
50571
50572
50575
50576
50577
50578
50579
50616
50617
50618
50619
50622
50623
50624
50625
50626
50663
50664
50665
50666
50669
50670
50671
50672
50673
50710
50711
50712
50713
50716
50717
50718
50719
50720
50757
50758
50759
50760
50767
50804
50805
50806
50807
50814
50851
50852
50853
50854
50861
50898
50899
50900
50901
50908
50949
50950
50951
50952
50959
51000
51001
51002
51003
51010
51047
51048
51049
51050
51057
51094
51095
51096
51097
51104
51141
51142
51143
51144
51151
51193
51194
51195
51196
51203
51238
51239
51240
51241
51242
51245
51246
51247
51248
51255
51290
51291
51292
51293
51294
51297
51298
51299
51300
51307
51346
51347
51348
51349
51350
51353
51354
51355
51356
51363
51402
51403
51404
51405
51406
51409
51410
51411
51412
51419
51458
51459
51460
51461
51462
51465
51466
51467
51468
51475
51512
51513
51514
51515
51516
51519
51520
51521
51522
51529
51570
51571
51572
51573
51574
51577
51578
51579
51580
51587
51628
51629
51630
51631
51632
51635
51636
51637
51638
51645
51686
51687
51688
51689
51690
51693
51694
51695
51696
51703
51744
51745
51746
51747
51748
51751
51752
51753
51754
51757
51758
51759
51760
51761
51802
51803
51804
51805
51806
51809
51810
51811
51812
51867
51868
51869
51870
51912
51913
51914
51915
51966
51967
51968
51969
52010
52011
52012
52013
52014
52015
52016
52017
52018
52019
53347
53348
53349
53350
53351
53352
53353
53354
53355
53356
53357
53358
53359
53360
53361
53362
53363
53364
53365
53366
53367
53368
53369
53370
53409
53410
53411
53412
53413
53414
53415
53416
53417
53418
53419
53420
53421
53422
53423
53424
53425
53426
53427
53428
53429
53430
53431
53432
53473
53474
53475
53476
53477
53481
53482
53483
53484
53488
53489
53490
53491
53534
53535
53536
53537
53538
53541
53542
53543
53544
53547
53548
53549
53550
53585
53586
53587
53588
53589
53592
53593
53594
53595
53598
53599
53600
53601
53641
53642
53643
53644
53645
53648
53649
53650
53651
53697
53698
53699
53700
53701
53704
53705
53706
53707
53747
53748
53749
53750
53751
53754
53755
53756
53757
53797
53798
53799
53800
53801
53804
53805
53806
53807
53847
53848
53849
53850
53851
53854
53855
53856
53857
53897
53898
53899
53900
53901
53904
53905
53906
53907
53947
53948
53949
53950
53951
53954
53955
53956
53957
53997
53998
53999
54000
54001
54004
54005
54006
54007
54050
54051
54052
54053
54091
54092
54093
54094
54132
54133
54134
54135
54173
54174
54175
54176
54214
54215
54216
54217
54261
54262
54263
54264
54267
54268
54269
54270
54271
54308
54309
54310
54311
54314
54315
54316
54317
54318
54355
54356
54357
54358
54361
54362
54363
54364
54365
54402
54403
54404
54405
54408
54409
54410
54411
54412
54449
54450
54451
54452
54455
54456
54457
54458
54459
54496
54497
54498
54499
54502
54503
54504
54505
54506
54543
54544
54545
54546
54549
54550
54551
54552
54553
54590
54591
54592
54593
54596
54597
54598
54599
54600
54637
54638
54639
54640
54647
54684
54685
54686
54687
54690
54727
54728
54729
54730
54733
54770
54771
54772
54773
54776
54817
54818
54819
54820
54823
54864
54865
54866
54867
54870
54907
54908
54909
54910
54913
54950
54951
54952
54953
54956
54993
54994
54995
54996
54999
55041
55042
55043
55044
55047
55082
55083
55084
55085
55086
55089
55090
55091
55092
55095
55130
55131
55132
55133
55134
55137
55138
55139
55140
55143
55182
55183
55184
55185
55186
55189
55190
55191
55192
55195
55234
55235
55236
55237
55238
55241
55242
55243
55244
55247
55286
55287
55288
55289
55290
55293
55294
55295
55296
55299
55336
55337
55338
55339
55340
55343
55344
55345
55346
55349
55390
55391
55392
55393
55394
55397
55398
55399
55400
55403
55444
55445
55446
55447
55448
55451
55452
55453
55454
55457
55498
55499
55500
55501
55502
55505
55506
55507
55508
55515
55556
55557
55558
55559
55560
55563
55564
55565
55566
55569
55570
55571
55572
55573
55614
55615
55616
55617
55618
55621
55622
55623
55624
55679
55680
55681
55682
55724
55725
55726
55727
55778
55779
55780
55781
55822
55823
55824
55825
55826
55827
55828
55829
55830
55831
57159
57160
57161
57162
57163
57164
57165
57166
57167
57168
57169
57170
57171
57172
57173
57174
57175
57176
57177
57178
57179
57180
57181
57182
57221
57222
57223
57224
57225
57226
57227
57228
57229
57230
57231
57232
57233
57234
57235
57236
57237
57238
57239
57240
57241
57242
57243
57244
57285
57286
57287
57288
57289
57293
57294
57295
57296
57300
57301
57302
57303
57346
57347
57348
57349
57350
57353
57354
57355
57356
57359
57360
57361
57362
57397
57398
57399
57400
57401
57404
57405
57406
57407
57410
57411
57412
57413
57453
57454
57455
57456
57457
57460
57461
57462
57463
57509
57510
57511
57512
57513
57516
57517
57518
57519
57559
57560
57561
57562
57563
57566
57567
57568
57569
57609
57610
57611
57612
57613
57616
57617
57618
57619
57659
57660
57661
57662
57663
57666
57667
57668
57669
57709
57710
57711
57712
57713
57716
57717
57718
57719
57759
57760
57761
57762
57763
57766
57767
57768
57769
57809
57810
57811
57812
57813
57816
57817
57818
57819
57862
57863
57864
57865
57903
57904
57905
57906
57944
57945
57946
57947
57985
57986
57987
57988
58026
58027
58028
58029
58073
58074
58075
58076
58079
58080
58081
58082
58083
58120
58121
58122
58123
58126
58127
58128
58129
58130
58167
58168
58169
58170
58173
58174
58175
58176
58177
58214
58215
58216
58217
58220
58221
58222
58223
58224
58261
58262
58263
58264
58267
58268
58269
58270
58271
58308
58309
58310
58311
58314
58315
58316
58317
58318
58355
58356
58357
58358
58361
58362
58363
58364
58365
58402
58403
58404
58405
58408
58409
58410
58411
58412
58449
58450
58451
58452
58459
58496
58497
58498
58499
58502
58539
58540
58541
58542
58545
58582
58583
58584
58585
58588
58629
58630
58631
58632
58635
58676
58677
58678
58679
58682
58719
58720
58721
58722
58725
58762
58763
58764
58765
58768
58805
58806
58807
58808
58811
58853
58854
58855
58856
58859
58894
58895
58896
58897
58898
58901
58902
58903
58904
58907
58942
58943
58944
58945
58946
58949
58950
58951
58952
58955
58994
58995
58996
58997
58998
59001
59002
59003
59004
59007
59046
59047
59048
59049
59050
59053
59054
59055
59056
59059
59098
59099
59100
59101
59102
59105
59106
59107
59108
59111
59148
59149
59150
59151
59152
59155
59156
59157
59158
59161
59202
59203
59204
59205
59206
59209
59210
59211
59212
59215
59256
59257
59258
59259
59260
59263
59264
59265
59266
59269
59310
59311
59312
59313
59314
59317
59318
59319
59320
59327
59368
59369
59370
59371
59372
59375
59376
59377
59378
59381
59382
59383
59384
59385
59426
59427
59428
59429
59430
59433
59434
59435
59436
59491
59492
59493
59494
59536
59537
59538
59539
59590
59591
59592
59593
59634
59635
59636
59637
59638
59639
59640
59641
59642
59643
59644
59645
59646
59647
60971
60972
60973
60974
60975
60976
60977
60978
60979
60980
60981
60982
60983
60984
60985
60986
60987
60988
60989
60990
60991
60992
60993
60994
61033
61034
61035
61036
61037
61038
61039
61040
61041
61042
61043
61044
61045
61046
61047
61048
61049
61050
61051
61052
61053
61054
61055
61056
61097
61098
61099
61100
61101
61105
61106
61107
61108
61112
61113
61114
61115
61158
61159
61160
61161
61162
61165
61166
61167
61168
61171
61172
61173
61174
61209
61210
61211
61212
61213
61216
61217
61218
61219
61222
61223
61224
61225
61265
61266
61267
61268
61269
61272
61273
61274
61275
61321
61322
61323
61324
61325
61328
61329
61330
61331
61371
61372
61373
61374
61375
61378
61379
61380
61381
61421
61422
61423
61424
61425
61428
61429
61430
61431
61471
61472
61473
61474
61475
61478
61479
61480
61481
61521
61522
61523
61524
61525
61528
61529
61530
61531
61571
61572
61573
61574
61575
61578
61579
61580
61581
61621
61622
61623
61624
61625
61628
61629
61630
61631
61674
61675
61676
61677
61715
61716
61717
61718
61756
61757
61758
61759
61797
61798
61799
61800
61838
61839
61840
61841
61885
61886
61887
61888
61891
61892
61893
61894
61895
61932
61933
61934
61935
61938
61939
61940
61941
61942
61979
61980
61981
61982
61985
61986
61987
61988
61989
62026
62027
62028
62029
62032
62033
62034
62035
62036
62073
62074
62075
62076
62079
62080
62081
62082
62083
62120
62121
62122
62123
62126
62127
62128
62129
62130
62167
62168
62169
62170
62173
62174
62175
62176
62177
62214
62215
62216
62217
62220
62221
62222
62223
62224
62261
62262
62263
62264
62271
62308
62309
62310
62311
62314
62351
62352
62353
62354
62357
62394
62395
62396
62397
62400
62441
62442
62443
62444
62447
62488
62489
62490
62491
62494
62531
62532
62533
62534
62537
62574
62575
62576
62577
62580
62617
62618
62619
62620
62623
62665
62666
62667
62668
62671
62706
62707
62708
62709
62710
62713
62714
62715
62716
62719
62754
62755
62756
62757
62758
62761
62762
62763
62764
62767
62806
62807
62808
62809
62810
62813
62814
62815
62816
62819
62858
62859
62860
62861
62862
62865
62866
62867
62868
62871
62910
62911
62912
62913
62914
62917
62918
62919
62920
62923
62960
62961
62962
62963
62964
62967
62968
62969
62970
62973
63014
63015
63016
63017
63018
63021
63022
63023
63024
63027
63068
63069
63070
63071
63072
63075
63076
63077
63078
63081
63122
63123
63124
63125
63126
63129
63130
63131
63132
63139
63180
63181
63182
63183
63184
63187
63188
63189
63190
63193
63194
63195
63196
63197
63238
63239
63240
63241
63242
63245
63246
63247
63248
63303
63304
63305
63306
63348
63349
63350
63351
63402
63403
63404
63405
63446
63447
63448
63449
63450
63451
63452
63453
63454
63455
63456
63457
63458
63459
64783
64784
64785
64786
64787
64788
64789
64790
64791
64792
64793
64794
64795
64796
64797
64798
64799
64800
64801
64802
64803
64804
64805
64806
64845
64846
64847
64848
64849
64850
64851
64852
64853
64854
64855
64856
64857
64858
64859
64860
64861
64862
64863
64864
64865
64866
64867
64868
64909
64910
64911
64912
64913
64917
64918
64919
64920
64924
64925
64926
64927
64970
64971
64972
64973
64974
64977
64978
64979
64980
64983
64984
64985
64986
65021
65022
65023
65024
65025
65028
65029
65030
65031
65034
65035
65036
65037
65077
65078
65079
65080
65081
65084
65085
65086
65087
65133
65134
65135
65136
65137
65140
65141
65142
65143
65183
65184
65185
65186
65187
65190
65191
65192
65193
65233
65234
65235
65236
65237
65240
65241
65242
65243
65283
65284
65285
65286
65287
65290
65291
65292
65293
65333
65334
65335
65336
65337
65340
65341
65342
65343
65383
65384
65385
65386
65387
65390
65391
65392
65393
65433
65434
65435
65436
65437
65440
65441
65442
65443
65486
65487
65488
65489
65527
65528
65529
65530
65568
65569
65570
65571
65609
65610
65611
65612
65650
65651
65652
65653
65697
65698
65699
65700
65703
65704
65705
65706
65707
65744
65745
65746
65747
65750
65751
65752
65753
65754
65791
65792
65793
65794
65797
65798
65799
65800
65801
65838
65839
65840
65841
65844
65845
65846
65847
65848
65885
65886
65887
65888
65891
65892
65893
65894
65895
65932
65933
65934
65935
65938
65939
65940
65941
65942
65979
65980
65981
65982
65985
65986
65987
65988
65989
66026
66027
66028
66029
66032
66033
66034
66035
66036
66073
66074
66075
66076
66083
66120
66121
66122
66123
66126
66163
66164
66165
66166
66169
66206
66207
66208
66209
66212
66253
66254
66255
66256
66259
66300
66301
66302
66303
66306
66343
66344
66345
66346
66349
66386
66387
66388
66389
66392
66429
66430
66431
66432
66435
66477
66478
66479
66480
66483
66518
66519
66520
66521
66522
66525
66526
66527
66528
66531
66566
66567
66568
66569
66570
66573
66574
66575
66576
66579
66618
66619
66620
66621
66622
66625
66626
66627
66628
66631
66670
66671
66672
66673
66674
66677
66678
66679
66680
66683
66722
66723
66724
66725
66726
66729
66730
66731
66732
66735
66772
66773
66774
66775
66776
66779
66780
66781
66782
66785
66826
66827
66828
66829
66830
66833
66834
66835
66836
66839
66880
66881
66882
66883
66884
66887
66888
66889
66890
66893
66934
66935
66936
66937
66938
66941
66942
66943
66944
66951
66992
66993
66994
66995
66996
66999
67000
67001
67002
67005
67006
67007
67008
67009
67050
67051
67052
67053
67054
67057
67058
67059
67060
67115
67116
67117
67118
67160
67161
67162
67163
67214
67215
67216
67217
67258
67259
67260
67261
67262
67263
67264
67265
67266
67267
67268
67269
67270
67271
68595
68596
68597
68598
68599
68600
68601
68602
68603
68604
68605
68606
68607
68608
68609
68610
68611
68612
68613
68614
68615
68616
68617
68618
68657
68658
68659
68660
68661
68662
68663
68664
68665
68666
68667
68668
68669
68670
68671
68672
68673
68674
68675
68676
68677
68678
68679
68680
68721
68722
68723
68724
68725
68729
68730
68731
68732
68736
68737
68738
68739
68782
68783
68784
68785
68786
68789
68790
68791
68792
68795
68796
68797
68798
68833
68834
68835
68836
68837
68840
68841
68842
68843
68846
68847
68848
68849
68889
68890
68891
68892
68893
68896
68897
68898
68899
68945
68946
68947
68948
68949
68952
68953
68954
68955
68995
68996
68997
68998
68999
69002
69003
69004
69005
69045
69046
69047
69048
69049
69052
69053
69054
69055
69095
69096
69097
69098
69099
69102
69103
69104
69105
69145
69146
69147
69148
69149
69152
69153
69154
69155
69195
69196
69197
69198
69199
69202
69203
69204
69205
69245
69246
69247
69248
69249
69252
69253
69254
69255
69298
69299
69300
69301
69339
69340
69341
69342
69380
69381
69382
69383
69421
69422
69423
69424
69462
69463
69464
69465
69509
69510
69511
69512
69515
69516
69517
69518
69519
69556
69557
69558
69559
69562
69563
69564
69565
69566
69603
69604
69605
69606
69609
69610
69611
69612
69613
69650
69651
69652
69653
69656
69657
69658
69659
69660
69697
69698
69699
69700
69703
69704
69705
69706
69707
69744
69745
69746
69747
69750
69751
69752
69753
69754
69791
69792
69793
69794
69797
69798
69799
69800
69801
69838
69839
69840
69841
69844
69845
69846
69847
69848
69885
69886
69887
69888
69895
69932
69933
69934
69935
69938
69975
69976
69977
69978
69981
70018
70019
70020
70021
70024
70065
70066
70067
70068
70071
70112
70113
70114
70115
70118
70155
70156
70157
70158
70161
70198
70199
70200
70201
70204
70241
70242
70243
70244
70247
70289
70290
70291
70292
70295
70330
70331
70332
70333
70334
70337
70338
70339
70340
70343
70378
70379
70380
70381
70382
70385
70386
70387
70388
70391
70430
70431
70432
70433
70434
70437
70438
70439
70440
70443
70482
70483
70484
70485
70486
70489
70490
70491
70492
70495
70534
70535
70536
70537
70538
70541
70542
70543
70544
70547
70584
70585
70586
70587
70588
70591
70592
70593
70594
70597
70638
70639
70640
70641
70642
70645
70646
70647
70648
70651
70692
70693
70694
70695
70696
70699
70700
70701
70702
70705
70746
70747
70748
70749
70750
70753
70754
70755
70756
70763
70804
70805
70806
70807
70808
70811
70812
70813
70814
70817
70818
70819
70820
70821
70862
70863
70864
70865
70866
70869
70870
70871
70872
70927
70928
70929
70930
70972
70973
70974
70975
71026
71027
71028
71029
71070
71071
71072
71073
71074
71075
71076
71077
71078
71079
71080
71081
71082
71083
72407
72408
72409
72410
72411
72412
72413
72414
72415
72416
72417
72418
72419
72420
72421
72422
72423
72424
72425
72426
72427
72428
72429
72430
72469
72470
72471
72472
72473
72474
72475
72476
72477
72478
72479
72480
72481
72482
72483
72484
72485
72486
72487
72488
72489
72490
72491
72492
72533
72534
72535
72536
72537
72541
72542
72543
72544
72548
72549
72550
72551
72594
72595
72596
72597
72598
72601
72602
72603
72604
72607
72608
72609
72610
72645
72646
72647
72648
72649
72652
72653
72654
72655
72658
72659
72660
72661
72701
72702
72703
72704
72705
72708
72709
72710
72711
72757
72758
72759
72760
72761
72764
72765
72766
72767
72807
72808
72809
72810
72811
72814
72815
72816
72817
72857
72858
72859
72860
72861
72864
72865
72866
72867
72907
72908
72909
72910
72911
72914
72915
72916
72917
72957
72958
72959
72960
72961
72964
72965
72966
72967
73007
73008
73009
73010
73011
73014
73015
73016
73017
73057
73058
73059
73060
73061
73064
73065
73066
73067
73110
73111
73112
73113
73151
73152
73153
73154
73192
73193
73194
73195
73233
73234
73235
73236
73274
73275
73276
73277
73321
73322
73323
73324
73327
73328
73329
73330
73331
73368
73369
73370
73371
73374
73375
73376
73377
73378
73415
73416
73417
73418
73421
73422
73423
73424
73425
73462
73463
73464
73465
73468
73469
73470
73471
73472
73509
73510
73511
73512
73515
73516
73517
73518
73519
73556
73557
73558
73559
73562
73563
73564
73565
73566
73603
73604
73605
73606
73609
73610
73611
73612
73613
73650
73651
73652
73653
73656
73657
73658
73659
73660
73697
73698
73699
73700
73707
73744
73745
73746
73747
73750
73787
73788
73789
73790
73793
73830
73831
73832
73833
73836
73877
73878
73879
73880
73883
73924
73925
73926
73927
73930
73967
73968
73969
73970
73973
74010
74011
74012
74013
74016
74053
74054
74055
74056
74059
74101
74102
74103
74104
74107
74142
74143
74144
74145
74146
74149
74150
74151
74152
74155
74190
74191
74192
74193
74194
74197
74198
74199
74200
74203
74242
74243
74244
74245
74246
74249
74250
74251
74252
74255
74294
74295
74296
74297
74298
74301
74302
74303
74304
74307
74346
74347
74348
74349
74350
74353
74354
74355
74356
74359
74396
74397
74398
74399
74400
74403
74404
74405
74406
74409
74450
74451
74452
74453
74454
74457
74458
74459
74460
74463
74504
74505
74506
74507
74508
74511
74512
74513
74514
74517
74558
74559
74560
74561
74562
74565
74566
74567
74568
74575
74616
74617
74618
74619
74620
74623
74624
74625
74626
74629
74630
74631
74632
74633
74674
74675
74676
74677
74678
74681
74682
74683
74684
74739
74740
74741
74742
74784
74785
74786
74787
74838
74839
74840
74841
74882
74883
74884
74885
74886
74887
74888
74889
74890
74891
74892
74893
74894
74895
76219
76220
76221
76222
76223
76224
76225
76226
76227
76228
76229
76230
76231
76232
76233
76234
76235
76236
76237
76238
76239
76240
76241
76242
76281
76282
76283
76284
76285
76286
76287
76288
76289
76290
76291
76292
76293
76294
76295
76296
76297
76298
76299
76300
76301
76302
76303
76304
76345
76346
76347
76348
76349
76353
76354
76355
76356
76360
76361
76362
76363
76406
76407
76408
76409
76410
76413
76414
76415
76416
76419
76420
76421
76422
76457
76458
76459
76460
76461
76464
76465
76466
76467
76470
76471
76472
76473
76513
76514
76515
76516
76517
76520
76521
76522
76523
76569
76570
76571
76572
76573
76576
76577
76578
76579
76619
76620
76621
76622
76623
76626
76627
76628
76629
76669
76670
76671
76672
76673
76676
76677
76678
76679
76719
76720
76721
76722
76723
76726
76727
76728
76729
76769
76770
76771
76772
76773
76776
76777
76778
76779
76819
76820
76821
76822
76823
76826
76827
76828
76829
76869
76870
76871
76872
76873
76876
76877
76878
76879
76922
76923
76924
76925
76963
76964
76965
76966
77004
77005
77006
77007
77045
77046
77047
77048
77086
77087
77088
77089
77133
77134
77135
77136
77139
77140
77141
77142
77143
77180
77181
77182
77183
77186
77187
77188
77189
77190
77227
77228
77229
77230
77233
77234
77235
77236
77237
77274
77275
77276
77277
77280
77281
77282
77283
77284
77321
77322
77323
77324
77327
77328
77329
77330
77331
77368
77369
77370
77371
77374
77375
77376
77377
77378
77415
77416
77417
77418
77421
77422
77423
77424
77425
77462
77463
77464
77465
77468
77469
77470
77471
77472
77509
77510
77511
77512
77519
77556
77557
77558
77559
77562
77599
77600
77601
77602
77605
77642
77643
77644
77645
77648
77689
77690
77691
77692
77695
77736
77737
77738
77739
77742
77779
77780
77781
77782
77785
77822
77823
77824
77825
77828
77865
77866
77867
77868
77871
77913
77914
77915
77916
77919
77954
77955
77956
77957
77958
77961
77962
77963
77964
77967
78002
78003
78004
78005
78006
78009
78010
78011
78012
78015
78054
78055
78056
78057
78058
78061
78062
78063
78064
78067
78106
78107
78108
78109
78110
78113
78114
78115
78116
78119
78158
78159
78160
78161
78162
78165
78166
78167
78168
78171
78208
78209
78210
78211
78212
78215
78216
78217
78218
78221
78262
78263
78264
78265
78266
78269
78270
78271
78272
78275
78316
78317
78318
78319
78320
78323
78324
78325
78326
78329
78370
78371
78372
78373
78374
78377
78378
78379
78380
78387
78428
78429
78430
78431
78432
78435
78436
78437
78438
78441
78442
78443
78444
78445
78486
78487
78488
78489
78490
78493
78494
78495
78496
78551
78552
78553
78554
78596
78597
78598
78599
78650
78651
78652
78653
78694
78695
78696
78697
78698
78699
78700
78701
78702
78703
78704
78705
78706
78707
80031
80032
80033
80034
80035
80036
80037
80038
80039
80040
80041
80042
80043
80044
80045
80046
80047
80048
80049
80050
80051
80052
80053
80054
80093
80094
80095
80096
80097
80098
80099
80100
80101
80102
80103
80104
80105
80106
80107
80108
80109
80110
80111
80112
80113
80114
80115
80116
80165
80166
80167
80168
80172
80173
80174
80175
80225
80226
80227
80228
80231
80232
80233
80234
80276
80277
80278
80279
80282
80283
80284
80285
80325
80326
80327
80328
80329
80332
80333
80334
80335
80381
80382
80383
80384
80385
80388
80389
80390
80391
80431
80432
80433
80434
80435
80438
80439
80440
80441
80481
80482
80483
80484
80485
80488
80489
80490
80491
80531
80532
80533
80534
80535
80538
80539
80540
80541
80581
80582
80583
80584
80585
80588
80589
80590
80591
80631
80632
80633
80634
80635
80638
80639
80640
80641
80681
80682
80683
80684
80685
80688
80689
80690
80691
80734
80735
80736
80737
80775
80776
80777
80778
80816
80817
80818
80819
80857
80858
80859
80860
80898
80899
80900
80901
80945
80946
80947
80948
80951
80952
80953
80954
80955
80992
80993
80994
80995
80998
80999
81000
81001
81002
81039
81040
81041
81042
81045
81046
81047
81048
81049
81086
81087
81088
81089
81092
81093
81094
81095
81096
81133
81134
81135
81136
81139
81140
81141
81142
81143
81180
81181
81182
81183
81186
81187
81188
81189
81190
81227
81228
81229
81230
81233
81234
81235
81236
81237
81274
81275
81276
81277
81280
81281
81282
81283
81284
81321
81322
81323
81324
81331
81368
81369
81370
81371
81374
81411
81412
81413
81414
81417
81454
81455
81456
81457
81460
81501
81502
81503
81504
81507
81548
81549
81550
81551
81554
81591
81592
81593
81594
81597
81634
81635
81636
81637
81640
81677
81678
81679
81680
81683
81725
81726
81727
81728
81731
81766
81767
81768
81769
81770
81773
81774
81775
81776
81779
81814
81815
81816
81817
81818
81821
81822
81823
81824
81827
81866
81867
81868
81869
81870
81873
81874
81875
81876
81879
81918
81919
81920
81921
81922
81925
81926
81927
81928
81931
81970
81971
81972
81973
81974
81977
81978
81979
81980
81983
82020
82021
82022
82023
82024
82027
82028
82029
82030
82033
82074
82075
82076
82077
82078
82081
82082
82083
82084
82087
82128
82129
82130
82131
82132
82135
82136
82137
82138
82141
82182
82183
82184
82185
82186
82189
82190
82191
82192
82199
82240
82241
82242
82243
82244
82247
82248
82249
82250
82253
82254
82255
82256
82257
82298
82299
82300
82301
82302
82305
82306
82307
82308
82363
82364
82365
82366
82408
82409
82410
82411
82462
82463
82464
82465
82506
82507
82508
82509
82510
82511
82512
82513
82514
82515
82516
82517
82518
82519
83843
83844
83845
83846
83847
83848
83849
83850
83851
83852
83853
83854
83855
83856
83857
83858
83859
83860
83861
83862
83863
83864
83865
83866
83905
83906
83907
83908
83909
83910
83911
83912
83913
83914
83915
83916
83917
83918
83919
83920
83921
83922
83923
83924
83925
83926
83927
83928
83977
83978
83979
83980
83984
83985
83986
83987
84030
84031
84032
84033
84036
84037
84038
84039
84081
84082
84083
84084
84087
84088
84089
84090
84130
84131
84132
84133
84134
84137
84138
84139
84140
84186
84187
84188
84189
84190
84193
84194
84195
84196
84236
84237
84238
84239
84240
84243
84244
84245
84246
84286
84287
84288
84289
84290
84293
84294
84295
84296
84336
84337
84338
84339
84340
84343
84344
84345
84346
84386
84387
84388
84389
84390
84393
84394
84395
84396
84436
84437
84438
84439
84440
84443
84444
84445
84446
84486
84487
84488
84489
84490
84493
84494
84495
84496
84539
84540
84541
84542
84580
84581
84582
84583
84621
84622
84623
84624
84662
84663
84664
84665
84703
84704
84705
84706
84750
84751
84752
84753
84756
84757
84758
84759
84760
84797
84798
84799
84800
84803
84804
84805
84806
84807
84844
84845
84846
84847
84850
84851
84852
84853
84854
84891
84892
84893
84894
84897
84898
84899
84900
84901
84938
84939
84940
84941
84944
84945
84946
84947
84948
84985
84986
84987
84988
84991
84992
84993
84994
84995
85032
85033
85034
85035
85038
85039
85040
85041
85042
85079
85080
85081
85082
85085
85086
85087
85088
85089
85126
85127
85128
85129
85136
85173
85174
85175
85176
85179
85216
85217
85218
85219
85222
85259
85260
85261
85262
85265
85306
85307
85308
85309
85312
85353
85354
85355
85356
85359
85396
85397
85398
85399
85402
85439
85440
85441
85442
85445
85482
85483
85484
85485
85488
85530
85531
85532
85533
85536
85571
85572
85573
85574
85575
85578
85579
85580
85581
85584
85619
85620
85621
85622
85623
85626
85627
85628
85629
85632
85671
85672
85673
85674
85675
85678
85679
85680
85681
85684
85723
85724
85725
85726
85727
85730
85731
85732
85733
85736
85775
85776
85777
85778
85779
85782
85783
85784
85785
85788
85825
85826
85827
85828
85829
85832
85833
85834
85835
85838
85879
85880
85881
85882
85883
85886
85887
85888
85889
85892
85933
85934
85935
85936
85937
85940
85941
85942
85943
85946
85987
85988
85989
85990
85991
85994
85995
85996
85997
86004
86045
86046
86047
86048
86049
86052
86053
86054
86055
86058
86059
86060
86061
86062
86103
86104
86105
86106
86107
86110
86111
86112
86113
86168
86169
86170
86171
86213
86214
86215
86216
86267
86268
86269
86270
86311
86312
86313
86314
86315
86316
86317
86318
86319
86320
86321
86322
86323
86324
87648
87649
87650
87651
87652
87653
87654
87655
87656
87657
87658
87659
87660
87661
87662
87663
87664
87665
87666
87667
87668
87669
87670
87671
87710
87711
87712
87713
87714
87715
87716
87717
87718
87719
87720
87721
87722
87723
87724
87725
87726
87727
87728
87729
87730
87731
87732
87733
87782
87783
87784
87785
87789
87790
87791
87792
87835
87836
87837
87838
87841
87842
87843
87844
87886
87887
87888
87889
87892
87893
87894
87895
87935
87936
87937
87938
87939
87942
87943
87944
87945
87991
87992
87993
87994
87995
87998
87999
88000
88001
88041
88042
88043
88044
88045
88048
88049
88050
88051
88091
88092
88093
88094
88095
88098
88099
88100
88101
88141
88142
88143
88144
88145
88148
88149
88150
88151
88191
88192
88193
88194
88195
88198
88199
88200
88201
88241
88242
88243
88244
88245
88248
88249
88250
88251
88291
88292
88293
88294
88295
88298
88299
88300
88301
88344
88345
88346
88347
88385
88386
88387
88388
88426
88427
88428
88429
88467
88468
88469
88470
88508
88509
88510
88511
88555
88556
88557
88558
88561
88562
88563
88564
88565
88602
88603
88604
88605
88608
88609
88610
88611
88612
88649
88650
88651
88652
88655
88656
88657
88658
88659
88696
88697
88698
88699
88702
88703
88704
88705
88706
88743
88744
88745
88746
88749
88750
88751
88752
88753
88790
88791
88792
88793
88796
88797
88798
88799
88800
88837
88838
88839
88840
88843
88844
88845
88846
88847
88884
88885
88886
88887
88890
88891
88892
88893
88894
88931
88932
88933
88934
88941
88978
88979
88980
88981
88984
89021
89022
89023
89024
89027
89064
89065
89066
89067
89070
89111
89112
89113
89114
89117
89158
89159
89160
89161
89164
89201
89202
89203
89204
89207
89244
89245
89246
89247
89250
89287
89288
89289
89290
89293
89335
89336
89337
89338
89341
89376
89377
89378
89379
89380
89383
89384
89385
89386
89389
89424
89425
89426
89427
89428
89431
89432
89433
89434
89437
89476
89477
89478
89479
89480
89483
89484
89485
89486
89489
89528
89529
89530
89531
89532
89535
89536
89537
89538
89541
89580
89581
89582
89583
89584
89587
89588
89589
89590
89593
89630
89631
89632
89633
89634
89637
89638
89639
89640
89643
89684
89685
89686
89687
89688
89691
89692
89693
89694
89697
89738
89739
89740
89741
89742
89745
89746
89747
89748
89751
89792
89793
89794
89795
89796
89799
89800
89801
89802
89809
89850
89851
89852
89853
89854
89857
89858
89859
89860
89863
89864
89865
89866
89867
89908
89909
89910
89911
89912
89915
89916
89917
89918
89973
89974
89975
89976
90018
90019
90020
90021
90072
90073
90074
90075
90116
90117
90118
90119
90120
90121
90122
90123
90124
90125
90126
91453
91454
91455
91456
91457
91458
91459
91460
91461
91462
91463
91464
91465
91466
91467
91468
91469
91470
91471
91472
91473
91474
91475
91476
91515
91516
91517
91518
91519
91520
91521
91522
91523
91524
91525
91526
91527
91528
91529
91530
91531
91532
91533
91534
91535
91536
91537
91538
91587
91588
91589
91590
91594
91595
91596
91597
91640
91641
91642
91643
91646
91647
91648
91649
91691
91692
91693
91694
91697
91698
91699
91700
91740
91741
91742
91743
91744
91747
91748
91749
91750
91796
91797
91798
91799
91800
91803
91804
91805
91806
91846
91847
91848
91849
91850
91853
91854
91855
91856
91896
91897
91898
91899
91900
91903
91904
91905
91906
91946
91947
91948
91949
91950
91953
91954
91955
91956
91996
91997
91998
91999
92000
92003
92004
92005
92006
92046
92047
92048
92049
92050
92053
92054
92055
92056
92096
92097
92098
92099
92100
92103
92104
92105
92106
92149
92150
92151
92152
92190
92191
92192
92193
92231
92232
92233
92234
92272
92273
92274
92275
92313
92314
92315
92316
92360
92361
92362
92363
92366
92367
92368
92369
92370
92407
92408
92409
92410
92413
92414
92415
92416
92417
92454
92455
92456
92457
92460
92461
92462
92463
92464
92501
92502
92503
92504
92507
92508
92509
92510
92511
92548
92549
92550
92551
92554
92555
92556
92557
92558
92595
92596
92597
92598
92601
92602
92603
92604
92605
92642
92643
92644
92645
92648
92649
92650
92651
92652
92689
92690
92691
92692
92695
92696
92697
92698
92699
92736
92737
92738
92739
92746
92783
92784
92785
92786
92789
92826
92827
92828
92829
92832
92869
92870
92871
92872
92875
92916
92917
92918
92919
92922
92963
92964
92965
92966
92969
93006
93007
93008
93009
93012
93049
93050
93051
93052
93055
93092
93093
93094
93095
93098
93140
93141
93142
93143
93146
93181
93182
93183
93184
93185
93188
93189
93190
93191
93194
93229
93230
93231
93232
93233
93236
93237
93238
93239
93242
93281
93282
93283
93284
93285
93288
93289
93290
93291
93294
93333
93334
93335
93336
93337
93340
93341
93342
93343
93346
93385
93386
93387
93388
93389
93392
93393
93394
93395
93398
93435
93436
93437
93438
93439
93442
93443
93444
93445
93448
93489
93490
93491
93492
93493
93496
93497
93498
93499
93502
93543
93544
93545
93546
93547
93550
93551
93552
93553
93556
93597
93598
93599
93600
93601
93604
93605
93606
93607
93614
93655
93656
93657
93658
93659
93662
93663
93664
93665
93668
93669
93670
93671
93672
93713
93714
93715
93716
93717
93720
93721
93722
93723
93778
93779
93780
93781
93823
93824
93825
93826
93877
93878
93879
93880
93921
93922
93923
93924
93925
93926
93927
93928
93929
93930
93931
95258
95259
95260
95261
95262
95263
95264
95265
95266
95267
95268
95269
95270
95271
95272
95273
95274
95275
95276
95277
95278
95279
95280
95281
95320
95321
95322
95323
95324
95325
95326
95327
95328
95329
95330
95331
95332
95333
95334
95335
95336
95337
95338
95339
95340
95341
95342
95343
95392
95393
95394
95395
95399
95400
95401
95402
95445
95446
95447
95448
95451
95452
95453
95454
95496
95497
95498
95499
95502
95503
95504
95505
95545
95546
95547
95548
95549
95552
95553
95554
95555
95601
95602
95603
95604
95605
95608
95609
95610
95611
95651
95652
95653
95654
95655
95658
95659
95660
95661
95701
95702
95703
95704
95705
95708
95709
95710
95711
95751
95752
95753
95754
95755
95758
95759
95760
95761
95801
95802
95803
95804
95805
95808
95809
95810
95811
95851
95852
95853
95854
95855
95858
95859
95860
95861
95901
95902
95903
95904
95905
95908
95909
95910
95911
95954
95955
95956
95957
95995
95996
95997
95998
96036
96037
96038
96039
96077
96078
96079
96080
96118
96119
96120
96121
96165
96166
96167
96168
96171
96172
96173
96174
96175
96212
96213
96214
96215
96218
96219
96220
96221
96222
96259
96260
96261
96262
96265
96266
96267
96268
96269
96306
96307
96308
96309
96312
96313
96314
96315
96316
96353
96354
96355
96356
96359
96360
96361
96362
96363
96400
96401
96402
96403
96406
96407
96408
96409
96410
96447
96448
96449
96450
96453
96454
96455
96456
96457
96494
96495
96496
96497
96500
96501
96502
96503
96504
96541
96542
96543
96544
96551
96588
96589
96590
96591
96594
96631
96632
96633
96634
96637
96674
96675
96676
96677
96680
96721
96722
96723
96724
96727
96768
96769
96770
96771
96774
96811
96812
96813
96814
96817
96854
96855
96856
96857
96860
96897
96898
96899
96900
96903
96945
96946
96947
96948
96951
96986
96987
96988
96989
96990
96993
96994
96995
96996
96999
97034
97035
97036
97037
97038
97041
97042
97043
97044
97047
97086
97087
97088
97089
97090
97093
97094
97095
97096
97099
97138
97139
97140
97141
97142
97145
97146
97147
97148
97151
97190
97191
97192
97193
97194
97197
97198
97199
97200
97203
97240
97241
97242
97243
97244
97247
97248
97249
97250
97253
97294
97295
97296
97297
97298
97301
97302
97303
97304
97307
97348
97349
97350
97351
97352
97355
97356
97357
97358
97361
97402
97403
97404
97405
97406
97409
97410
97411
97412
97419
97460
97461
97462
97463
97464
97467
97468
97469
97470
97473
97474
97475
97476
97477
97518
97519
97520
97521
97522
97525
97526
97527
97528
97583
97584
97585
97586
97628
97629
97630
97631
97682
97683
97684
97685
97726
97727
97728
97729
97730
97731
97732
97733
97734
97735
97736
99063
99064
99065
99066
99067
99068
99069
99070
99071
99072
99073
99074
99075
99076
99077
99078
99079
99080
99081
99082
99083
99084
99085
99086
99125
99126
99127
99128
99129
99130
99131
99132
99133
99134
99135
99136
99137
99138
99139
99140
99141
99142
99143
99144
99145
99146
99147
99148
99197
99198
99199
99200
99204
99205
99206
99207
99250
99251
99252
99253
99256
99257
99258
99259
99301
99302
99303
99304
99307
99308
99309
99310
99350
99351
99352
99353
99354
99357
99358
99359
99360
99406
99407
99408
99409
99410
99413
99414
99415
99416
99456
99457
99458
99459
99460
99463
99464
99465
99466
99506
99507
99508
99509
99510
99513
99514
99515
99516
99556
99557
99558
99559
99560
99563
99564
99565
99566
99606
99607
99608
99609
99610
99613
99614
99615
99616
99656
99657
99658
99659
99660
99663
99664
99665
99666
99706
99707
99708
99709
99710
99713
99714
99715
99716
99759
99760
99761
99762
99800
99801
99802
99803
99841
99842
99843
99844
99882
99883
99884
99885
99923
99924
99925
99926
99970
99971
99972
99973
99976
99977
99978
99979
99980
100017
100018
100019
100020
100023
100024
100025
100026
100027
100064
100065
100066
100067
100070
100071
100072
100073
100074
100111
100112
100113
100114
100117
100118
100119
100120
100121
100158
100159
100160
100161
100164
100165
100166
100167
100168
100205
100206
100207
100208
100211
100212
100213
100214
100215
100252
100253
100254
100255
100258
100259
100260
100261
100262
100299
100300
100301
100302
100305
100306
100307
100308
100309
100346
100347
100348
100349
100356
100393
100394
100395
100396
100399
100436
100437
100438
100439
100442
100479
100480
100481
100482
100485
100526
100527
100528
100529
100532
100573
100574
100575
100576
100579
100620
100621
100622
100623
100626
100667
100668
100669
100670
100673
100714
100715
100716
100717
100720
100766
100767
100768
100769
100772
100811
100812
100813
100814
100815
100818
100819
100820
100821
100824
100863
100864
100865
100866
100867
100870
100871
100872
100873
100876
100915
100916
100917
100918
100919
100922
100923
100924
100925
100928
100967
100968
100969
100970
100971
100974
100975
100976
100977
100980
101019
101020
101021
101022
101023
101026
101027
101028
101029
101032
101069
101070
101071
101072
101073
101076
101077
101078
101079
101082
101123
101124
101125
101126
101127
101130
101131
101132
101133
101136
101177
101178
101179
101180
101181
101184
101185
101186
101187
101190
101231
101232
101233
101234
101235
101238
101239
101240
101241
101248
101289
101290
101291
101292
101293
101296
101297
101298
101299
101302
101303
101304
101305
101306
101347
101348
101349
101350
101351
101354
101355
101356
101357
101412
101413
101414
101415
101457
101458
101459
101460
101511
101512
101513
101514
101555
101556
101557
101558
101559
101560
101561
101562
101563
101564
101565
102892
102893
102894
102895
102896
102897
102898
102899
102900
102901
102902
102903
102904
102905
102906
102907
102908
102909
102910
102911
102912
102913
102914
102915
102954
102955
102956
102957
102958
102959
102960
102961
102962
102963
102964
102965
102966
102967
102968
102969
102970
102971
102972
102973
102974
102975
102976
102977
103026
103027
103028
103029
103033
103034
103035
103036
103079
103080
103081
103082
103085
103086
103087
103088
103130
103131
103132
103133
103136
103137
103138
103139
103179
103180
103181
103182
103183
103186
103187
103188
103189
103235
103236
103237
103238
103239
103242
103243
103244
103245
103285
103286
103287
103288
103289
103292
103293
103294
103295
103335
103336
103337
103338
103339
103342
103343
103344
103345
103385
103386
103387
103388
103389
103392
103393
103394
103395
103435
103436
103437
103438
103439
103442
103443
103444
103445
103485
103486
103487
103488
103489
103492
103493
103494
103495
103535
103536
103537
103538
103539
103542
103543
103544
103545
103588
103589
103590
103591
103629
103630
103631
103632
103670
103671
103672
103673
103711
103712
103713
103714
103752
103753
103754
103755
103799
103800
103801
103802
103805
103806
103807
103808
103809
103846
103847
103848
103849
103852
103853
103854
103855
103856
103893
103894
103895
103896
103899
103900
103901
103902
103903
103940
103941
103942
103943
103946
103947
103948
103949
103950
103987
103988
103989
103990
103993
103994
103995
103996
103997
104034
104035
104036
104037
104040
104041
104042
104043
104044
104081
104082
104083
104084
104087
104088
104089
104090
104091
104128
104129
104130
104131
104134
104135
104136
104137
104138
104175
104176
104177
104178
104185
104222
104223
104224
104225
104228
104265
104266
104267
104268
104271
104308
104309
104310
104311
104314
104355
104356
104357
104358
104361
104402
104403
104404
104405
104408
104443
104444
104445
104446
104449
104484
104485
104486
104487
104490
104525
104526
104527
104528
104531
104571
104572
104573
104574
104577
104610
104611
104612
104613
104614
104617
104618
104619
104620
104623
104656
104657
104658
104659
104660
104663
104664
104665
104666
104669
104702
104703
104704
104705
104706
104709
104710
104711
104712
104715
104754
104755
104756
104757
104758
104761
104762
104763
104764
104767
104806
104807
104808
104809
104810
104813
104814
104815
104816
104819
104856
104857
104858
104859
104860
104863
104864
104865
104866
104869
104910
104911
104912
104913
104914
104917
104918
104919
104920
104923
104964
104965
104966
104967
104968
104971
104972
104973
104974
104977
105018
105019
105020
105021
105022
105025
105026
105027
105028
105035
105076
105077
105078
105079
105080
105083
105084
105085
105086
105089
105090
105091
105092
105093
105134
105135
105136
105137
105138
105141
105142
105143
105144
105199
105200
105201
105202
105244
105245
105246
105247
105298
105299
105300
105301
105342
105343
105344
105345
105346
105347
105348
105349
105350
105351
105352
105353
105354
105355
106679
106680
106681
106682
106683
106684
106685
106686
106687
106688
106689
106690
106691
106692
106693
106694
106695
106696
106697
106698
106699
106700
106701
106702
106741
106742
106743
106744
106745
106746
106747
106748
106749
106750
106751
106752
106753
106754
106755
106756
106757
106758
106759
106760
106761
106762
106763
106764
106813
106814
106815
106816
106820
106821
106822
106823
106866
106867
106868
106869
106872
106873
106874
106875
106917
106918
106919
106920
106923
106924
106925
106926
106966
106967
106968
106969
106970
106973
106974
106975
106976
107022
107023
107024
107025
107026
107029
107030
107031
107032
107072
107073
107074
107075
107076
107079
107080
107081
107082
107122
107123
107124
107125
107126
107129
107130
107131
107132
107172
107173
107174
107175
107176
107179
107180
107181
107182
107222
107223
107224
107225
107226
107229
107230
107231
107232
107272
107273
107274
107275
107276
107279
107280
107281
107282
107322
107323
107324
107325
107326
107329
107330
107331
107332
107375
107376
107377
107378
107416
107417
107418
107419
107457
107458
107459
107460
107498
107499
107500
107501
107539
107540
107541
107542
107586
107587
107588
107589
107592
107593
107594
107595
107596
107633
107634
107635
107636
107639
107640
107641
107642
107643
107680
107681
107682
107683
107686
107687
107688
107689
107690
107727
107728
107729
107730
107733
107734
107735
107736
107737
107774
107775
107776
107777
107780
107781
107782
107783
107784
107821
107822
107823
107824
107827
107828
107829
107830
107831
107868
107869
107870
107871
107874
107875
107876
107877
107878
107915
107916
107917
107918
107921
107922
107923
107924
107925
107962
107963
107964
107965
107972
108009
108010
108011
108012
108015
108052
108053
108054
108055
108058
108095
108096
108097
108098
108101
108142
108143
108144
108145
108148
108189
108190
108191
108192
108195
108230
108231
108232
108233
108236
108271
108272
108273
108274
108277
108312
108313
108314
108315
108318
108358
108359
108360
108361
108364
108397
108398
108399
108400
108401
108404
108405
108406
108407
108410
108443
108444
108445
108446
108447
108450
108451
108452
108453
108456
108489
108490
108491
108492
108493
108496
108497
108498
108499
108502
108541
108542
108543
108544
108545
108548
108549
108550
108551
108554
108593
108594
108595
108596
108597
108600
108601
108602
108603
108606
108643
108644
108645
108646
108647
108650
108651
108652
108653
108656
108697
108698
108699
108700
108701
108704
108705
108706
108707
108710
108751
108752
108753
108754
108755
108758
108759
108760
108761
108764
108805
108806
108807
108808
108809
108812
108813
108814
108815
108822
108863
108864
108865
108866
108867
108870
108871
108872
108873
108876
108877
108878
108879
108880
108921
108922
108923
108924
108925
108928
108929
108930
108931
108986
108987
108988
108989
109031
109032
109033
109034
109085
109086
109087
109088
109129
109130
109131
109132
109133
109134
109135
109136
109137
109138
109139
109140
109141
109142
110466
110467
110468
110469
110470
110471
110472
110473
110474
110475
110476
110477
110478
110479
110480
110481
110482
110483
110484
110485
110486
110487
110488
110489
110528
110529
110530
110531
110532
110533
110534
110535
110536
110537
110538
110539
110540
110541
110542
110543
110544
110545
110546
110547
110548
110549
110550
110551
110600
110601
110602
110603
110607
110608
110609
110610
110653
110654
110655
110656
110659
110660
110661
110662
110704
110705
110706
110707
110710
110711
110712
110713
110753
110754
110755
110756
110757
110760
110761
110762
110763
110809
110810
110811
110812
110813
110816
110817
110818
110819
110859
110860
110861
110862
110863
110866
110867
110868
110869
110909
110910
110911
110912
110913
110916
110917
110918
110919
110959
110960
110961
110962
110963
110966
110967
110968
110969
111009
111010
111011
111012
111013
111016
111017
111018
111019
111059
111060
111061
111062
111063
111066
111067
111068
111069
111109
111110
111111
111112
111113
111116
111117
111118
111119
111162
111163
111164
111165
111208
111209
111210
111211
111254
111255
111256
111257
111300
111301
111302
111303
111346
111347
111348
111349
111398
111399
111400
111401
111404
111405
111406
111407
111408
111450
111451
111452
111453
111456
111457
111458
111459
111460
111502
111503
111504
111505
111508
111509
111510
111511
111512
111554
111555
111556
111557
111560
111561
111562
111563
111564
111606
111607
111608
111609
111612
111613
111614
111615
111616
111658
111659
111660
111661
111664
111665
111666
111667
111668
111710
111711
111712
111713
111716
111717
111718
111719
111720
111762
111763
111764
111765
111768
111769
111770
111771
111772
111814
111815
111816
111817
111824
111866
111867
111868
111869
111872
111914
111915
111916
111917
111920
111962
111963
111964
111965
111968
112014
112015
112016
112017
112020
112066
112067
112068
112069
112072
112112
112113
112114
112115
112118
112158
112159
112160
112161
112164
112204
112205
112206
112207
112210
112250
112251
112252
112253
112256
112289
112290
112291
112292
112293
112296
112297
112298
112299
112302
112335
112336
112337
112338
112339
112342
112343
112344
112345
112348
112381
112382
112383
112384
112385
112388
112389
112390
112391
112394
112433
112434
112435
112436
112437
112440
112441
112442
112443
112446
112485
112486
112487
112488
112489
112492
112493
112494
112495
112498
112535
112536
112537
112538
112539
112542
112543
112544
112545
112548
112589
112590
112591
112592
112593
112596
112597
112598
112599
112602
112643
112644
112645
112646
112647
112650
112651
112652
112653
112656
112697
112698
112699
112700
112701
112704
112705
112706
112707
112714
112755
112756
112757
112758
112759
112762
112763
112764
112765
112768
112769
112770
112771
112772
112813
112814
112815
112816
112817
112820
112821
112822
112823
112878
112879
112880
112881
112923
112924
112925
112926
112977
112978
112979
112980
113021
113022
113023
113024
113025
113026
113027
113028
113029
113030
113031
113032
113033
113034
114358
114359
114360
114361
114362
114363
114364
114365
114366
114367
114368
114369
114370
114371
114372
114373
114374
114375
114376
114377
114378
114379
114380
114381
114420
114421
114422
114423
114424
114425
114426
114427
114428
114429
114430
114431
114432
114433
114434
114435
114436
114437
114438
114439
114440
114441
114442
114443
114492
114493
114494
114495
114499
114500
114501
114502
114545
114546
114547
114548
114551
114552
114553
114554
114596
114597
114598
114599
114602
114603
114604
114605
114645
114646
114647
114648
114649
114652
114653
114654
114655
114701
114702
114703
114704
114705
114708
114709
114710
114711
114751
114752
114753
114754
114755
114758
114759
114760
114761
114801
114802
114803
114804
114805
114808
114809
114810
114811
114851
114852
114853
114854
114855
114858
114859
114860
114861
114901
114902
114903
114904
114905
114908
114909
114910
114911
114951
114952
114953
114954
114955
114958
114959
114960
114961
115001
115002
115003
115004
115005
115008
115009
115010
115011
115047
115048
115049
115050
115051
115054
115055
115056
115057
115093
115094
115095
115096
115097
115100
115101
115102
115103
115139
115140
115141
115142
115143
115146
115147
115148
115149
115185
115186
115187
115188
115189
115192
115193
115194
115195
115231
115232
115233
115234
115235
115238
115239
115240
115241
115283
115284
115285
115286
115287
115290
115291
115292
115293
115296
115297
115298
115299
115300
115335
115336
115337
115338
115339
115342
115343
115344
115345
115348
115349
115350
115351
115352
115387
115388
115389
115390
115391
115394
115395
115396
115397
115400
115401
115402
115403
115404
115439
115440
115441
115442
115443
115446
115447
115448
115449
115452
115453
115454
115455
115456
115491
115492
115493
115494
115495
115498
115499
115500
115501
115504
115505
115506
115507
115508
115543
115544
115545
115546
115547
115550
115551
115552
115553
115556
115557
115558
115559
115560
115595
115596
115597
115598
115599
115602
115603
115604
115605
115608
115609
115610
115611
115612
115647
115648
115649
115650
115651
115654
115655
115656
115657
115660
115661
115662
115663
115664
115699
115700
115701
115702
115703
115706
115707
115708
115709
115716
115751
115752
115753
115754
115755
115758
115759
115760
115761
115764
115799
115800
115801
115802
115803
115806
115807
115808
115809
115812
115847
115848
115849
115850
115851
115854
115855
115856
115857
115860
115899
115900
115901
115902
115903
115906
115907
115908
115909
115912
115951
115952
115953
115954
115955
115958
115959
115960
115961
115964
115997
115998
115999
116000
116001
116004
116005
116006
116007
116010
116043
116044
116045
116046
116047
116050
116051
116052
116053
116056
116089
116090
116091
116092
116093
116096
116097
116098
116099
116102
116135
116136
116137
116138
116139
116142
116143
116144
116145
116148
116181
116182
116183
116184
116185
116188
116189
116190
116191
116194
116227
116228
116229
116230
116231
116234
116235
116236
116237
116240
116273
116274
116275
116276
116277
116280
116281
116282
116283
116286
116325
116326
116327
116328
116329
116332
116333
116334
116335
116338
116377
116378
116379
116380
116381
116384
116385
116386
116387
116390
116427
116428
116429
116430
116431
116434
116435
116436
116437
116440
116481
116482
116483
116484
116485
116488
116489
116490
116491
116494
116535
116536
116537
116538
116539
116542
116543
116544
116545
116548
116589
116590
116591
116592
116593
116596
116597
116598
116599
116606
116647
116648
116649
116650
116651
116654
116655
116656
116657
116660
116661
116662
116663
116664
116705
116706
116707
116708
116709
116712
116713
116714
116715
116770
116771
116772
116773
116815
116816
116817
116818
116869
116870
116871
116872
116913
116914
116915
116916
116917
116918
116919
116920
116921
116922
116923
116924
116925
116926
118250
118251
118252
118253
118254
118255
118256
118257
118258
118259
118260
118261
118262
118263
118264
118265
118266
118267
118268
118269
118270
118271
118272
118273
118312
118313
118314
118315
118316
118317
118318
118319
118320
118321
118322
118323
118324
118325
118326
118327
118328
118329
118330
118331
118332
118333
118334
118335
118384
118385
118386
118387
118391
118392
118393
118394
118437
118438
118439
118440
118443
118444
118445
118446
118488
118489
118490
118491
118494
118495
118496
118497
118537
118538
118539
118540
118541
118544
118545
118546
118547
118593
118594
118595
118596
118597
118600
118601
118602
118603
118643
118644
118645
118646
118647
118650
118651
118652
118653
118693
118694
118695
118696
118697
118700
118701
118702
118703
118743
118744
118745
118746
118747
118750
118751
118752
118753
118793
118794
118795
118796
118797
118800
118801
118802
118803
118843
118844
118845
118846
118847
118850
118851
118852
118853
118893
118894
118895
118896
118897
118900
118901
118902
118903
118939
118940
118941
118942
118943
118946
118947
118948
118949
118985
118986
118987
118988
118989
118992
118993
118994
118995
119031
119032
119033
119034
119035
119038
119039
119040
119041
119077
119078
119079
119080
119081
119084
119085
119086
119087
119123
119124
119125
119126
119127
119130
119131
119132
119133
119175
119176
119177
119178
119179
119182
119183
119184
119185
119188
119189
119190
119191
119192
119227
119228
119229
119230
119231
119234
119235
119236
119237
119240
119241
119242
119243
119244
119279
119280
119281
119282
119283
119286
119287
119288
119289
119292
119293
119294
119295
119296
119331
119332
119333
119334
119335
119338
119339
119340
119341
119344
119345
119346
119347
119348
119383
119384
119385
119386
119387
119390
119391
119392
119393
119396
119397
119398
119399
119400
119435
119436
119437
119438
119439
119442
119443
119444
119445
119448
119449
119450
119451
119452
119487
119488
119489
119490
119491
119494
119495
119496
119497
119500
119501
119502
119503
119504
119539
119540
119541
119542
119543
119546
119547
119548
119549
119552
119553
119554
119555
119556
119591
119592
119593
119594
119595
119598
119599
119600
119601
119608
119643
119644
119645
119646
119647
119650
119651
119652
119653
119656
119691
119692
119693
119694
119695
119698
119699
119700
119701
119704
119739
119740
119741
119742
119743
119746
119747
119748
119749
119752
119791
119792
119793
119794
119795
119798
119799
119800
119801
119804
119843
119844
119845
119846
119847
119850
119851
119852
119853
119856
119889
119890
119891
119892
119893
119896
119897
119898
119899
119902
119935
119936
119937
119938
119939
119942
119943
119944
119945
119948
119981
119982
119983
119984
119985
119988
119989
119990
119991
119994
120027
120028
120029
120030
120031
120034
120035
120036
120037
120040
120073
120074
120075
120076
120077
120080
120081
120082
120083
120086
120119
120120
120121
120122
120123
120126
120127
120128
120129
120132
120165
120166
120167
120168
120169
120172
120173
120174
120175
120178
120217
120218
120219
120220
120221
120224
120225
120226
120227
120230
120269
120270
120271
120272
120273
120276
120277
120278
120279
120282
120319
120320
120321
120322
120323
120326
120327
120328
120329
120332
120373
120374
120375
120376
120377
120380
120381
120382
120383
120386
120427
120428
120429
120430
120431
120434
120435
120436
120437
120440
120481
120482
120483
120484
120485
120488
120489
120490
120491
120498
120539
120540
120541
120542
120543
120546
120547
120548
120549
120552
120553
120554
120555
120556
120597
120598
120599
120600
120601
120604
120605
120606
120607
120662
120663
120664
120665
120707
120708
120709
120710
120761
120762
120763
120764
120805
120806
120807
120808
120809
120810
120811
120812
120813
120814
120815
120816
120817
120818
122142
122143
122144
122145
122146
122147
122148
122149
122150
122151
122152
122153
122154
122155
122156
122157
122158
122159
122160
122161
122162
122163
122164
122165
122204
122205
122206
122207
122208
122209
122210
122211
122212
122213
122214
122215
122216
122217
122218
122219
122220
122221
122222
122223
122224
122225
122226
122227
122276
122277
122278
122279
122283
122284
122285
122286
122329
122330
122331
122332
122335
122336
122337
122338
122380
122381
122382
122383
122386
122387
122388
122389
122429
122430
122431
122432
122433
122436
122437
122438
122439
122485
122486
122487
122488
122489
122492
122493
122494
122495
122535
122536
122537
122538
122539
122542
122543
122544
122545
122585
122586
122587
122588
122589
122592
122593
122594
122595
122635
122636
122637
122638
122639
122642
122643
122644
122645
122685
122686
122687
122688
122689
122692
122693
122694
122695
122735
122736
122737
122738
122739
122742
122743
122744
122745
122785
122786
122787
122788
122789
122792
122793
122794
122795
122831
122832
122833
122834
122835
122838
122839
122840
122841
122877
122878
122879
122880
122881
122884
122885
122886
122887
122923
122924
122925
122926
122927
122930
122931
122932
122933
122969
122970
122971
122972
122973
122976
122977
122978
122979
123015
123016
123017
123018
123019
123022
123023
123024
123025
123067
123068
123069
123070
123071
123074
123075
123076
123077
123080
123081
123082
123083
123084
123119
123120
123121
123122
123123
123126
123127
123128
123129
123132
123133
123134
123135
123136
123171
123172
123173
123174
123175
123178
123179
123180
123181
123184
123185
123186
123187
123188
123223
123224
123225
123226
123227
123230
123231
123232
123233
123236
123237
123238
123239
123240
123275
123276
123277
123278
123279
123282
123283
123284
123285
123288
123289
123290
123291
123292
123327
123328
123329
123330
123331
123334
123335
123336
123337
123340
123341
123342
123343
123344
123379
123380
123381
123382
123383
123386
123387
123388
123389
123392
123393
123394
123395
123396
123431
123432
123433
123434
123435
123438
123439
123440
123441
123444
123445
123446
123447
123448
123483
123484
123485
123486
123487
123490
123491
123492
123493
123500
123535
123536
123537
123538
123539
123542
123543
123544
123545
123548
123583
123584
123585
123586
123587
123590
123591
123592
123593
123596
123631
123632
123633
123634
123635
123638
123639
123640
123641
123644
123683
123684
123685
123686
123687
123690
123691
123692
123693
123696
123735
123736
123737
123738
123739
123742
123743
123744
123745
123748
123781
123782
123783
123784
123785
123788
123789
123790
123791
123794
123827
123828
123829
123830
123831
123834
123835
123836
123837
123840
123873
123874
123875
123876
123877
123880
123881
123882
123883
123886
123919
123920
123921
123922
123923
123926
123927
123928
123929
123932
123965
123966
123967
123968
123969
123972
123973
123974
123975
123978
124011
124012
124013
124014
124015
124018
124019
124020
124021
124024
124057
124058
124059
124060
124061
124064
124065
124066
124067
124070
124109
124110
124111
124112
124113
124116
124117
124118
124119
124122
124161
124162
124163
124164
124165
124168
124169
124170
124171
124174
124211
124212
124213
124214
124215
124218
124219
124220
124221
124224
124265
124266
124267
124268
124269
124272
124273
124274
124275
124278
124319
124320
124321
124322
124323
124326
124327
124328
124329
124332
124373
124374
124375
124376
124377
124380
124381
124382
124383
124390
124431
124432
124433
124434
124435
124438
124439
124440
124441
124444
124445
124446
124447
124448
124489
124490
124491
124492
124493
124496
124497
124498
124499
124554
124555
124556
124557
124599
124600
124601
124602
124653
124654
124655
124656
124697
124698
124699
124700
124701
124702
124703
124704
124705
124706
126034
126035
126036
126037
126038
126039
126040
126041
126042
126043
126044
126045
126046
126047
126048
126049
126050
126051
126052
126053
126054
126055
126056
126057
126096
126097
126098
126099
126100
126101
126102
126103
126104
126105
126106
126107
126108
126109
126110
126111
126112
126113
126114
126115
126116
126117
126118
126119
126168
126169
126170
126171
126175
126176
126177
126178
126221
126222
126223
126224
126227
126228
126229
126230
126272
126273
126274
126275
126278
126279
126280
126281
126321
126322
126323
126324
126325
126328
126329
126330
126331
126377
126378
126379
126380
126381
126384
126385
126386
126387
126427
126428
126429
126430
126431
126434
126435
126436
126437
126477
126478
126479
126480
126481
126484
126485
126486
126487
126527
126528
126529
126530
126531
126534
126535
126536
126537
126577
126578
126579
126580
126581
126584
126585
126586
126587
126627
126628
126629
126630
126631
126634
126635
126636
126637
126669
126670
126671
126672
126673
126676
126677
126678
126679
126711
126712
126713
126714
126715
126718
126719
126720
126721
126753
126754
126755
126756
126757
126760
126761
126762
126763
126795
126796
126797
126798
126799
126802
126803
126804
126805
126837
126838
126839
126840
126841
126844
126845
126846
126847
126879
126880
126881
126882
126883
126886
126887
126888
126889
126927
126928
126929
126930
126931
126934
126935
126936
126937
126940
126941
126942
126943
126944
126975
126976
126977
126978
126979
126982
126983
126984
126985
126988
126989
126990
126991
126992
127023
127024
127025
127026
127027
127030
127031
127032
127033
127036
127037
127038
127039
127040
127071
127072
127073
127074
127075
127078
127079
127080
127081
127084
127085
127086
127087
127088
127119
127120
127121
127122
127123
127126
127127
127128
127129
127132
127133
127134
127135
127136
127167
127168
127169
127170
127171
127174
127175
127176
127177
127180
127181
127182
127183
127184
127215
127216
127217
127218
127219
127222
127223
127224
127225
127228
127229
127230
127231
127232
127263
127264
127265
127266
127267
127270
127271
127272
127273
127276
127277
127278
127279
127280
127311
127312
127313
127314
127315
127318
127319
127320
127321
127328
127359
127360
127361
127362
127363
127366
127367
127368
127369
127372
127403
127404
127405
127406
127407
127410
127411
127412
127413
127416
127447
127448
127449
127450
127451
127454
127455
127456
127457
127460
127491
127492
127493
127494
127495
127498
127499
127500
127501
127504
127543
127544
127545
127546
127547
127550
127551
127552
127553
127556
127589
127590
127591
127592
127593
127596
127597
127598
127599
127602
127635
127636
127637
127638
127639
127642
127643
127644
127645
127648
127681
127682
127683
127684
127685
127688
127689
127690
127691
127694
127727
127728
127729
127730
127731
127734
127735
127736
127737
127740
127773
127774
127775
127776
127777
127780
127781
127782
127783
127786
127819
127820
127821
127822
127823
127826
127827
127828
127829
127832
127865
127866
127867
127868
127869
127872
127873
127874
127875
127878
127917
127918
127919
127920
127921
127924
127925
127926
127927
127930
127969
127970
127971
127972
127973
127976
127977
127978
127979
127982
128019
128020
128021
128022
128023
128026
128027
128028
128029
128032
128073
128074
128075
128076
128077
128080
128081
128082
128083
128086
128127
128128
128129
128130
128131
128134
128135
128136
128137
128140
128181
128182
128183
128184
128185
128188
128189
128190
128191
128198
128239
128240
128241
128242
128243
128246
128247
128248
128249
128252
128253
128254
128255
128256
128297
128298
128299
128300
128301
128304
128305
128306
128307
128362
128363
128364
128365
128407
128408
128409
128410
128461
128462
128463
128464
128505
128506
128507
128508
128509
128510
128511
128512
128513
128514
129842
129843
129844
129845
129846
129847
129848
129849
129850
129851
129852
129853
129854
129855
129856
129857
129858
129859
129860
129861
129862
129863
129864
129865
129904
129905
129906
129907
129908
129909
129910
129911
129912
129913
129914
129915
129916
129917
129918
129919
129920
129921
129922
129923
129924
129925
129926
129927
129976
129977
129978
129979
129983
129984
129985
129986
130029
130030
130031
130032
130035
130036
130037
130038
130080
130081
130082
130083
130086
130087
130088
130089
130129
130130
130131
130132
130133
130136
130137
130138
130139
130189
130192
130193
130194
130195
130239
130242
130243
130244
130245
130289
130292
130293
130294
130295
130339
130342
130343
130344
130345
130389
130392
130393
130394
130395
130439
130442
130443
130444
130445
130481
130484
130485
130486
130487
130523
130526
130527
130528
130529
130565
130568
130569
130570
130571
130607
130610
130611
130612
130613
130649
130652
130653
130654
130655
130691
130694
130695
130696
130697
130739
130742
130743
130744
130745
130748
130749
130750
130751
130752
130787
130790
130791
130792
130793
130796
130797
130798
130799
130800
130835
130838
130839
130840
130841
130844
130845
130846
130847
130848
130883
130886
130887
130888
130889
130892
130893
130894
130895
130896
130931
130934
130935
130936
130937
130940
130941
130942
130943
130944
130979
130982
130983
130984
130985
130988
130989
130990
130991
130992
131027
131030
131031
131032
131033
131036
131037
131038
131039
131040
131075
131078
131079
131080
131081
131084
131085
131086
131087
131088
131123
131126
131127
131128
131129
131136
131171
131174
131175
131176
131177
131180
131215
131218
131219
131220
131221
131224
131259
131262
131263
131264
131265
131268
131303
131306
131307
131308
131309
131312
131355
131358
131359
131360
131361
131364
131397
131398
131399
131400
131401
131404
131405
131406
131407
131410
131443
131444
131445
131446
131447
131450
131451
131452
131453
131456
131489
131490
131491
131492
131493
131496
131497
131498
131499
131502
131535
131536
131537
131538
131539
131542
131543
131544
131545
131548
131581
131582
131583
131584
131585
131588
131589
131590
131591
131594
131627
131628
131629
131630
131631
131634
131635
131636
131637
131640
131673
131674
131675
131676
131677
131680
131681
131682
131683
131686
131725
131726
131727
131728
131729
131732
131733
131734
131735
131738
131777
131778
131779
131780
131781
131784
131785
131786
131787
131790
131827
131828
131829
131830
131831
131834
131835
131836
131837
131840
131881
131882
131883
131884
131885
131888
131889
131890
131891
131894
131935
131936
131937
131938
131939
131942
131943
131944
131945
131948
131989
131990
131991
131992
131993
131996
131997
131998
131999
132006
132047
132048
132049
132050
132051
132054
132055
132056
132057
132060
132061
132062
132063
132064
132105
132106
132107
132108
132109
132112
132113
132114
132115
132170
132171
132172
132173
132215
132216
132217
132218
132269
132270
132271
132272
132313
132314
132315
132316
132317
132318
132319
132320
132321
132322
133650
133651
133652
133653
133654
133655
133656
133657
133658
133659
133660
133661
133662
133663
133664
133665
133666
133667
133668
133669
133670
133671
133672
133673
133712
133713
133714
133715
133716
133717
133718
133719
133720
133721
133722
133723
133724
133725
133726
133727
133728
133729
133730
133731
133732
133733
133734
133735
133784
133785
133786
133787
133791
133792
133793
133794
133837
133838
133839
133840
133843
133844
133845
133846
133888
133889
133890
133891
133894
133895
133896
133897
133937
133938
133939
133940
133941
133944
133945
133946
133947
133997
134000
134001
134002
134003
134045
134048
134049
134050
134051
134093
134096
134097
134098
134099
134141
134144
134145
134146
134147
134189
134192
134193
134194
134195
134237
134240
134241
134242
134243
134277
134280
134281
134282
134283
134317
134320
134321
134322
134323
134357
134360
134361
134362
134363
134397
134400
134401
134402
134403
134437
134440
134441
134442
134443
134477
134480
134481
134482
134483
134523
134526
134527
134528
134529
134532
134533
134534
134535
134536
134569
134572
134573
134574
134575
134578
134579
134580
134581
134582
134615
134618
134619
134620
134621
134624
134625
134626
134627
134628
134661
134664
134665
134666
134667
134670
134671
134672
134673
134674
134707
134710
134711
134712
134713
134716
134717
134718
134719
134720
134753
134756
134757
134758
134759
134762
134763
134764
134765
134766
134799
134802
134803
134804
134805
134808
134809
134810
134811
134812
134845
134848
134849
134850
134851
134854
134855
134856
134857
134858
134891
134894
134895
134896
134897
134904
134937
134940
134941
134942
134943
134946
134979
134982
134983
134984
134985
134988
135021
135024
135025
135026
135027
135030
135063
135066
135067
135068
135069
135072
135115
135118
135119
135120
135121
135124
135157
135158
135159
135160
135161
135164
135165
135166
135167
135170
135203
135204
135205
135206
135207
135210
135211
135212
135213
135216
135249
135250
135251
135252
135253
135256
135257
135258
135259
135262
135295
135296
135297
135298
135299
135302
135303
135304
135305
135308
135341
135342
135343
135344
135345
135348
135349
135350
135351
135354
135387
135388
135389
135390
135391
135394
135395
135396
135397
135400
135433
135434
135435
135436
135437
135440
135441
135442
135443
135446
135485
135486
135487
135488
135489
135492
135493
135494
135495
135498
135537
135538
135539
135540
135541
135544
135545
135546
135547
135550
135587
135588
135589
135590
135591
135594
135595
135596
135597
135600
135641
135642
135643
135644
135645
135648
135649
135650
135651
135654
135695
135696
135697
135698
135699
135702
135703
135704
135705
135708
135749
135750
135751
135752
135753
135756
135757
135758
135759
135766
135807
135808
135809
135810
135811
135814
135815
135816
135817
135820
135821
135822
135823
135824
135865
135866
135867
135868
135869
135872
135873
135874
135875
135930
135931
135932
135933
135975
135976
135977
135978
136029
136030
136031
136032
136073
136074
136075
136076
136077
136078
136079
136080
136081
136082
137410
137411
137412
137413
137414
137415
137416
137417
137418
137419
137420
137421
137422
137423
137424
137425
137426
137427
137428
137429
137430
137431
137432
137433
137472
137473
137474
137475
137476
137477
137478
137479
137480
137481
137482
137483
137484
137485
137486
137487
137488
137489
137490
137491
137492
137493
137494
137495
137544
137545
137546
137547
137551
137552
137553
137554
137597
137598
137599
137600
137603
137604
137605
137606
137648
137649
137650
137651
137654
137655
137656
137657
137697
137698
137699
137700
137701
137704
137705
137706
137707
137757
137760
137761
137762
137763
137805
137808
137809
137810
137811
137853
137856
137857
137858
137859
137901
137904
137905
137906
137907
137949
137952
137953
137954
137955
137997
138000
138001
138002
138003
138037
138040
138041
138042
138043
138077
138080
138081
138082
138083
138117
138120
138121
138122
138123
138157
138160
138161
138162
138163
138197
138200
138201
138202
138203
138237
138240
138241
138242
138243
138283
138286
138287
138288
138289
138292
138293
138294
138295
138296
138329
138332
138333
138334
138335
138338
138339
138340
138341
138342
138375
138378
138379
138380
138381
138384
138385
138386
138387
138388
138421
138424
138425
138426
138427
138430
138431
138432
138433
138434
138467
138470
138471
138472
138473
138476
138477
138478
138479
138480
138513
138516
138517
138518
138519
138522
138523
138524
138525
138526
138559
138562
138563
138564
138565
138568
138569
138570
138571
138572
138605
138608
138609
138610
138611
138614
138615
138616
138617
138618
138651
138654
138655
138656
138657
138664
138697
138700
138701
138702
138703
138706
138739
138742
138743
138744
138745
138748
138781
138784
138785
138786
138787
138790
138823
138826
138827
138828
138829
138832
138875
138878
138879
138880
138881
138884
138917
138918
138919
138920
138921
138924
138925
138926
138927
138930
138963
138964
138965
138966
138967
138970
138971
138972
138973
138976
139009
139010
139011
139012
139013
139016
139017
139018
139019
139022
139055
139056
139057
139058
139059
139062
139063
139064
139065
139068
139101
139102
139103
139104
139105
139108
139109
139110
139111
139114
139147
139148
139149
139150
139151
139154
139155
139156
139157
139160
139193
139194
139195
139196
139197
139200
139201
139202
139203
139206
139245
139246
139247
139248
139249
139252
139253
139254
139255
139258
139297
139298
139299
139300
139301
139304
139305
139306
139307
139310
139347
139348
139349
139350
139351
139354
139355
139356
139357
139360
139401
139402
139403
139404
139405
139408
139409
139410
139411
139414
139455
139456
139457
139458
139459
139462
139463
139464
139465
139468
139509
139510
139511
139512
139513
139516
139517
139518
139519
139526
139567
139568
139569
139570
139571
139574
139575
139576
139577
139580
139581
139582
139583
139584
139625
139626
139627
139628
139629
139632
139633
139634
139635
139690
139691
139692
139693
139735
139736
139737
139738
139789
139790
139791
139792
139833
139834
139835
139836
139837
139838
139839
139840
139841
139842
141170
141171
141172
141173
141174
141175
141176
141177
141178
141179
141180
141181
141182
141183
141184
141185
141186
141187
141188
141189
141190
141191
141192
141193
141232
141233
141234
141235
141236
141237
141238
141239
141240
141241
141242
141243
141244
141245
141246
141247
141248
141249
141250
141251
141252
141253
141254
141255
141304
141305
141306
141307
141311
141312
141313
141314
141364
141365
141366
141367
141370
141371
141372
141373
141415
141416
141417
141418
141421
141422
141423
141424
141464
141465
141466
141467
141468
141471
141472
141473
141474
141524
141527
141528
141529
141530
141572
141575
141576
141577
141578
141620
141623
141624
141625
141626
141668
141671
141672
141673
141674
141716
141719
141720
141721
141722
141764
141767
141768
141769
141770
141804
141807
141808
141809
141810
141844
141847
141848
141849
141850
141884
141887
141888
141889
141890
141924
141927
141928
141929
141930
141964
141967
141968
141969
141970
142004
142007
142008
142009
142010
142050
142053
142054
142055
142056
142059
142060
142061
142062
142063
142096
142099
142100
142101
142102
142105
142106
142107
142108
142109
142142
142145
142146
142147
142148
142151
142152
142153
142154
142155
142188
142191
142192
142193
142194
142197
142198
142199
142200
142201
142234
142237
142238
142239
142240
142243
142244
142245
142246
142247
142280
142283
142284
142285
142286
142289
142290
142291
142292
142293
142326
142329
142330
142331
142332
142335
142336
142337
142338
142339
142372
142375
142376
142377
142378
142381
142382
142383
142384
142385
142418
142421
142422
142423
142424
142431
142464
142467
142468
142469
142470
142473
142506
142509
142510
142511
142512
142515
142548
142551
142552
142553
142554
142557
142590
142593
142594
142595
142596
142599
142642
142645
142646
142647
142648
142651
142684
142685
142686
142687
142688
142691
142692
142693
142694
142697
142730
142731
142732
142733
142734
142737
142738
142739
142740
142743
142776
142777
142778
142779
142780
142783
142784
142785
142786
142789
142822
142823
142824
142825
142826
142829
142830
142831
142832
142835
142868
142869
142870
142871
142872
142875
142876
142877
142878
142881
142914
142915
142916
142917
142918
142921
142922
142923
142924
142927
142960
142961
142962
142963
142964
142967
142968
142969
142970
142973
143012
143013
143014
143015
143016
143019
143020
143021
143022
143025
143064
143065
143066
143067
143068
143071
143072
143073
143074
143077
143114
143115
143116
143117
143118
143121
143122
143123
143124
143127
143168
143169
143170
143171
143172
143175
143176
143177
143178
143181
143222
143223
143224
143225
143226
143229
143230
143231
143232
143235
143276
143277
143278
143279
143280
143283
143284
143285
143286
143293
143334
143335
143336
143337
143338
143341
143342
143343
143344
143347
143348
143349
143350
143351
143392
143393
143394
143395
143396
143399
143400
143401
143402
143457
143458
143459
143460
143502
143503
143504
143505
143556
143557
143558
143559
143600
143601
143602
143603
143604
143605
143606
143607
143608
143609
144937
144938
144939
144940
144941
144942
144943
144944
144945
144946
144947
144948
144949
144950
144951
144952
144953
144954
144955
144956
144957
144958
144959
144960
144999
145000
145001
145002
145003
145004
145005
145006
145007
145008
145009
145010
145011
145012
145013
145014
145015
145016
145017
145018
145019
145020
145021
145022
145063
145064
145065
145066
145067
145071
145072
145073
145074
145078
145079
145080
145081
145124
145125
145126
145127
145128
145131
145132
145133
145134
145137
145138
145139
145140
145175
145176
145177
145178
145179
145182
145183
145184
145185
145188
145189
145190
145191
145231
145232
145233
145234
145235
145238
145239
145240
145241
145291
145294
145295
145296
145297
145339
145342
145343
145344
145345
145387
145390
145391
145392
145393
145435
145438
145439
145440
145441
145483
145486
145487
145488
145489
145531
145534
145535
145536
145537
145571
145574
145575
145576
145577
145611
145614
145615
145616
145617
145651
145654
145655
145656
145657
145691
145694
145695
145696
145697
145731
145734
145735
145736
145737
145771
145774
145775
145776
145777
145817
145820
145821
145822
145823
145826
145827
145828
145829
145830
145863
145866
145867
145868
145869
145872
145873
145874
145875
145876
145909
145912
145913
145914
145915
145918
145919
145920
145921
145922
145955
145958
145959
145960
145961
145964
145965
145966
145967
145968
146001
146004
146005
146006
146007
146010
146011
146012
146013
146014
146047
146050
146051
146052
146053
146056
146057
146058
146059
146060
146093
146096
146097
146098
146099
146102
146103
146104
146105
146106
146139
146142
146143
146144
146145
146148
146149
146150
146151
146152
146185
146188
146189
146190
146191
146198
146231
146234
146235
146236
146237
146240
146273
146276
146277
146278
146279
146282
146315
146318
146319
146320
146321
146324
146357
146360
146361
146362
146363
146366
146409
146412
146413
146414
146415
146418
146451
146452
146453
146454
146455
146458
146459
146460
146461
146464
146497
146498
146499
146500
146501
146504
146505
146506
146507
146510
146543
146544
146545
146546
146547
146550
146551
146552
146553
146556
146589
146590
146591
146592
146593
146596
146597
146598
146599
146602
146635
146636
146637
146638
146639
146642
146643
146644
146645
146648
146681
146682
146683
146684
146685
146688
146689
146690
146691
146694
146727
146728
146729
146730
146731
146734
146735
146736
146737
146740
146779
146780
146781
146782
146783
146786
146787
146788
146789
146792
146831
146832
146833
146834
146835
146838
146839
146840
146841
146844
146881
146882
146883
146884
146885
146888
146889
146890
146891
146894
146935
146936
146937
146938
146939
146942
146943
146944
146945
146948
146989
146990
146991
146992
146993
146996
146997
146998
146999
147002
147043
147044
147045
147046
147047
147050
147051
147052
147053
147060
147101
147102
147103
147104
147105
147108
147109
147110
147111
147114
147115
147116
147117
147118
147159
147160
147161
147162
147163
147166
147167
147168
147169
147224
147225
147226
147227
147269
147270
147271
147272
147323
147324
147325
147326
147367
147368
147369
147370
147371
147372
147373
147374
147375
147376
148704
148705
148706
148707
148708
148709
148710
148711
148712
148713
148714
148715
148716
148717
148718
148719
148720
148721
148722
148723
148724
148725
148726
148727
148766
148767
148768
148769
148770
148771
148772
148773
148774
148775
148776
148777
148778
148779
148780
148781
148782
148783
148784
148785
148786
148787
148788
148789
148830
148831
148832
148833
148834
148838
148839
148840
148841
148845
148846
148847
148848
148891
148892
148893
148894
148895
148898
148899
148900
148901
148904
148905
148906
148907
148942
148943
148944
148945
148946
148949
148950
148951
148952
148955
148956
148957
148958
148998
148999
149000
149001
149002
149005
149006
149007
149008
149058
149061
149062
149063
149064
149106
149109
149110
149111
149112
149154
149157
149158
149159
149160
149202
149205
149206
149207
149208
149250
149253
149254
149255
149256
149298
149301
149302
149303
149304
149338
149341
149342
149343
149344
149378
149381
149382
149383
149384
149418
149421
149422
149423
149424
149458
149461
149462
149463
149464
149498
149501
149502
149503
149504
149538
149541
149542
149543
149544
149584
149587
149588
149589
149590
149593
149594
149595
149596
149597
149630
149633
149634
149635
149636
149639
149640
149641
149642
149643
149676
149679
149680
149681
149682
149685
149686
149687
149688
149689
149722
149725
149726
149727
149728
149731
149732
149733
149734
149735
149768
149771
149772
149773
149774
149777
149778
149779
149780
149781
149814
149817
149818
149819
149820
149823
149824
149825
149826
149827
149860
149863
149864
149865
149866
149869
149870
149871
149872
149873
149906
149909
149910
149911
149912
149915
149916
149917
149918
149919
149952
149955
149956
149957
149958
149965
149998
150001
150002
150003
150004
150007
150040
150043
150044
150045
150046
150049
150082
150085
150086
150087
150088
150091
150124
150127
150128
150129
150130
150133
150176
150179
150180
150181
150182
150185
150218
150219
150220
150221
150222
150225
150226
150227
150228
150231
150264
150265
150266
150267
150268
150271
150272
150273
150274
150277
150310
150311
150312
150313
150314
150317
150318
150319
150320
150323
150356
150357
150358
150359
150360
150363
150364
150365
150366
150369
150402
150403
150404
150405
150406
150409
150410
150411
150412
150415
150448
150449
150450
150451
150452
150455
150456
150457
150458
150461
150494
150495
150496
150497
150498
150501
150502
150503
150504
150507
150546
150547
150548
150549
150550
150553
150554
150555
150556
150559
150598
150599
150600
150601
150602
150605
150606
150607
150608
150611
150648
150649
150650
150651
150652
150655
150656
150657
150658
150661
150702
150703
150704
150705
150706
150709
150710
150711
150712
150715
150756
150757
150758
150759
150760
150763
150764
150765
150766
150769
150810
150811
150812
150813
150814
150817
150818
150819
150820
150827
150868
150869
150870
150871
150872
150875
150876
150877
150878
150881
150882
150883
150884
150885
150926
150927
150928
150929
150930
150933
150934
150935
150936
150991
150992
150993
150994
151036
151037
151038
151039
151090
151091
151092
151093
151134
151135
151136
151137
151138
151139
151140
151141
151142
151143
152471
152472
152473
152474
152475
152476
152477
152478
152479
152480
152481
152482
152483
152484
152485
152486
152487
152488
152489
152490
152491
152492
152493
152494
152533
152534
152535
152536
152537
152538
152539
152540
152541
152542
152543
152544
152545
152546
152547
152548
152549
152550
152551
152552
152553
152554
152555
152556
152597
152598
152599
152600
152601
152605
152606
152607
152608
152612
152613
152614
152615
152658
152659
152660
152661
152662
152665
152666
152667
152668
152671
152672
152673
152674
152709
152710
152711
152712
152713
152716
152717
152718
152719
152722
152723
152724
152725
152765
152766
152767
152768
152769
152772
152773
152774
152775
152825
152828
152829
152830
152831
152873
152876
152877
152878
152879
152921
152924
152925
152926
152927
152969
152972
152973
152974
152975
153017
153020
153021
153022
153023
153065
153068
153069
153070
153071
153105
153108
153109
153110
153111
153145
153148
153149
153150
153151
153185
153188
153189
153190
153191
153225
153228
153229
153230
153231
153265
153268
153269
153270
153271
153305
153308
153309
153310
153311
153351
153354
153355
153356
153357
153360
153361
153362
153363
153364
153397
153400
153401
153402
153403
153406
153407
153408
153409
153410
153443
153446
153447
153448
153449
153452
153453
153454
153455
153456
153489
153492
153493
153494
153495
153498
153499
153500
153501
153502
153535
153538
153539
153540
153541
153544
153545
153546
153547
153548
153581
153584
153585
153586
153587
153590
153591
153592
153593
153594
153627
153630
153631
153632
153633
153636
153637
153638
153639
153640
153673
153676
153677
153678
153679
153682
153683
153684
153685
153686
153719
153722
153723
153724
153725
153732
153765
153768
153769
153770
153771
153774
153807
153810
153811
153812
153813
153816
153849
153852
153853
153854
153855
153858
153891
153894
153895
153896
153897
153900
153943
153946
153947
153948
153949
153952
153985
153986
153987
153988
153989
153992
153993
153994
153995
153998
154031
154032
154033
154034
154035
154038
154039
154040
154041
154044
154077
154078
154079
154080
154081
154084
154085
154086
154087
154090
154123
154124
154125
154126
154127
154130
154131
154132
154133
154136
154169
154170
154171
154172
154173
154176
154177
154178
154179
154182
154215
154216
154217
154218
154219
154222
154223
154224
154225
154228
154261
154262
154263
154264
154265
154268
154269
154270
154271
154274
154313
154314
154315
154316
154317
154320
154321
154322
154323
154326
154365
154366
154367
154368
154369
154372
154373
154374
154375
154378
154415
154416
154417
154418
154419
154422
154423
154424
154425
154428
154469
154470
154471
154472
154473
154476
154477
154478
154479
154482
154523
154524
154525
154526
154527
154530
154531
154532
154533
154536
154577
154578
154579
154580
154581
154584
154585
154586
154587
154594
154635
154636
154637
154638
154639
154642
154643
154644
154645
154648
154649
154650
154651
154652
154693
154694
154695
154696
154697
154700
154701
154702
154703
154758
154759
154760
154761
154812
154813
154814
154815
154872
154873
154874
154875
154922
154923
154924
154925
154926
154927
154928
154929
154930
154931
156319
156320
156321
156322
156323
156324
156325
156326
156327
156328
156329
156330
156331
156332
156333
156334
156335
156336
156337
156338
156339
156340
156341
156342
156381
156382
156383
156384
156385
156386
156387
156388
156389
156390
156391
156392
156393
156394
156395
156396
156397
156398
156399
156400
156401
156402
156403
156404
156445
156446
156447
156448
156449
156453
156454
156455
156456
156460
156461
156462
156463
156506
156507
156508
156509
156510
156513
156514
156515
156516
156519
156520
156521
156522
156557
156558
156559
156560
156561
156564
156565
156566
156567
156570
156571
156572
156573
156613
156614
156615
156616
156617
156620
156621
156622
156623
156673
156676
156677
156678
156679
156721
156724
156725
156726
156727
156769
156772
156773
156774
156775
156817
156820
156821
156822
156823
156865
156868
156869
156870
156871
156913
156916
156917
156918
156919
156953
156956
156957
156958
156959
156993
156996
156997
156998
156999
157033
157036
157037
157038
157039
157073
157076
157077
157078
157079
157113
157116
157117
157118
157119
157153
157156
157157
157158
157159
157199
157202
157203
157204
157205
157208
157209
157210
157211
157212
157245
157248
157249
157250
157251
157254
157255
157256
157257
157258
157291
157294
157295
157296
157297
157300
157301
157302
157303
157304
157337
157340
157341
157342
157343
157346
157347
157348
157349
157350
157383
157386
157387
157388
157389
157392
157393
157394
157395
157396
157429
157432
157433
157434
157435
157438
157439
157440
157441
157442
157475
157478
157479
157480
157481
157484
157485
157486
157487
157488
157521
157524
157525
157526
157527
157530
157531
157532
157533
157534
157567
157570
157571
157572
157573
157580
157613
157616
157617
157618
157619
157622
157655
157658
157659
157660
157661
157664
157697
157700
157701
157702
157703
157706
157739
157742
157743
157744
157745
157748
157791
157794
157795
157796
157797
157800
157833
157834
157835
157836
157837
157840
157841
157842
157843
157846
157879
157880
157881
157882
157883
157886
157887
157888
157889
157892
157925
157926
157927
157928
157929
157932
157933
157934
157935
157938
157971
157972
157973
157974
157975
157978
157979
157980
157981
157984
158017
158018
158019
158020
158021
158024
158025
158026
158027
158030
158063
158064
158065
158066
158067
158070
158071
158072
158073
158076
158109
158110
158111
158112
158113
158116
158117
158118
158119
158122
158161
158162
158163
158164
158165
158168
158169
158170
158171
158174
158213
158214
158215
158216
158217
158220
158221
158222
158223
158226
158263
158264
158265
158266
158267
158270
158271
158272
158273
158276
158317
158318
158319
158320
158321
158324
158325
158326
158327
158330
158371
158372
158373
158374
158375
158378
158379
158380
158381
158384
158425
158426
158427
158428
158429
158432
158433
158434
158435
158442
158483
158484
158485
158486
158487
158490
158491
158492
158493
158496
158497
158498
158499
158500
158541
158542
158543
158544
158545
158548
158549
158550
158551
158601
158606
158607
158608
158609
158656
158660
158661
158662
158663
158711
158717
158718
158719
158720
158764
158765
158766
158767
158768
158769
158770
158771
158772
158773
160134
160135
160136
160137
160138
160139
160140
160141
160142
160143
160144
160145
160146
160147
160148
160149
160150
160151
160152
160153
160154
160155
160156
160157
160196
160197
160198
160199
160200
160201
160202
160203
160204
160205
160206
160207
160208
160209
160210
160211
160212
160213
160214
160215
160216
160217
160218
160219
160260
160261
160262
160263
160264
160268
160269
160270
160271
160275
160276
160277
160278
160321
160322
160323
160324
160325
160328
160329
160330
160331
160334
160335
160336
160337
160372
160373
160374
160375
160376
160379
160380
160381
160382
160385
160386
160387
160388
160428
160429
160430
160431
160432
160435
160436
160437
160438
160488
160491
160492
160493
160494
160536
160539
160540
160541
160542
160584
160587
160588
160589
160590
160632
160635
160636
160637
160638
160680
160683
160684
160685
160686
160728
160731
160732
160733
160734
160768
160771
160772
160773
160774
160808
160811
160812
160813
160814
160848
160851
160852
160853
160854
160888
160891
160892
160893
160894
160928
160931
160932
160933
160934
160968
160971
160972
160973
160974
161014
161017
161018
161019
161020
161023
161024
161025
161026
161027
161060
161063
161064
161065
161066
161069
161070
161071
161072
161073
161106
161109
161110
161111
161112
161115
161116
161117
161118
161119
161152
161155
161156
161157
161158
161161
161162
161163
161164
161165
161198
161201
161202
161203
161204
161207
161208
161209
161210
161211
161244
161247
161248
161249
161250
161253
161254
161255
161256
161257
161290
161293
161294
161295
161296
161299
161300
161301
161302
161303
161336
161339
161340
161341
161342
161345
161346
161347
161348
161349
161382
161385
161386
161387
161388
161395
161428
161431
161432
161433
161434
161437
161470
161473
161474
161475
161476
161479
161512
161515
161516
161517
161518
161521
161554
161557
161558
161559
161560
161563
161606
161609
161610
161611
161612
161615
161648
161649
161650
161651
161652
161655
161656
161657
161658
161661
161694
161695
161696
161697
161698
161701
161702
161703
161704
161707
161740
161741
161742
161743
161744
161747
161748
161749
161750
161753
161786
161787
161788
161789
161790
161793
161794
161795
161796
161799
161832
161833
161834
161835
161836
161839
161840
161841
161842
161845
161878
161879
161880
161881
161882
161885
161886
161887
161888
161891
161924
161925
161926
161927
161928
161931
161932
161933
161934
161937
161976
161977
161978
161979
161980
161983
161984
161985
161986
161989
162028
162029
162030
162031
162032
162035
162036
162037
162038
162041
162078
162079
162080
162081
162082
162085
162086
162087
162088
162091
162132
162133
162134
162135
162136
162139
162140
162141
162142
162145
162186
162187
162188
162189
162190
162193
162194
162195
162196
162199
162240
162241
162242
162243
162244
162247
162248
162249
162250
162257
162298
162299
162300
162301
162302
162305
162306
162307
162308
162311
162312
162313
162314
162315
162356
162357
162358
162359
162360
162363
162364
162365
162366
162414
162415
162416
162417
162421
162422
162423
162424
162469
162470
162471
162472
162476
162477
162478
162479
162525
162526
162527
162528
162533
162534
162535
162536
162580
162581
162582
162586
162587
162588
162589
163950
163951
163952
163953
163954
163955
163956
163957
163958
163959
163960
163961
163962
163963
163964
163965
163966
163967
163968
163969
163970
163971
163972
163973
164012
164013
164014
164015
164016
164017
164018
164019
164020
164021
164022
164023
164024
164025
164026
164027
164028
164029
164030
164031
164032
164033
164034
164035
164076
164077
164078
164079
164080
164084
164085
164086
164087
164091
164092
164093
164094
164137
164138
164139
164140
164141
164144
164145
164146
164147
164150
164151
164152
164153
164188
164189
164190
164191
164192
164195
164196
164197
164198
164201
164202
164203
164204
164244
164245
164246
164247
164248
164251
164252
164253
164254
164304
164307
164308
164309
164310
164352
164355
164356
164357
164358
164400
164403
164404
164405
164406
164448
164451
164452
164453
164454
164496
164499
164500
164501
164502
164544
164547
164548
164549
164550
164584
164587
164588
164589
164590
164624
164627
164628
164629
164630
164664
164667
164668
164669
164670
164704
164707
164708
164709
164710
164744
164747
164748
164749
164750
164784
164787
164788
164789
164790
164830
164833
164834
164835
164836
164839
164840
164841
164842
164843
164876
164879
164880
164881
164882
164885
164886
164887
164888
164889
164922
164925
164926
164927
164928
164931
164932
164933
164934
164935
164968
164971
164972
164973
164974
164977
164978
164979
164980
164981
165014
165017
165018
165019
165020
165023
165024
165025
165026
165027
165060
165063
165064
165065
165066
165069
165070
165071
165072
165073
165106
165109
165110
165111
165112
165115
165116
165117
165118
165119
165152
165155
165156
165157
165158
165161
165162
165163
165164
165165
165198
165201
165202
165203
165204
165211
165244
165247
165248
165249
165250
165253
165286
165289
165290
165291
165292
165295
165328
165331
165332
165333
165334
165337
165370
165373
165374
165375
165376
165379
165422
165425
165426
165427
165428
165431
165464
165465
165466
165467
165468
165471
165472
165473
165474
165477
165510
165511
165512
165513
165514
165517
165518
165519
165520
165523
165556
165557
165558
165559
165560
165563
165564
165565
165566
165569
165602
165603
165604
165605
165606
165609
165610
165611
165612
165615
165648
165649
165650
165651
165652
165655
165656
165657
165658
165661
165694
165695
165696
165697
165698
165701
165702
165703
165704
165707
165740
165741
165742
165743
165744
165747
165748
165749
165750
165753
165792
165793
165794
165795
165796
165799
165800
165801
165802
165805
165844
165845
165846
165847
165848
165851
165852
165853
165854
165857
165894
165895
165896
165897
165898
165901
165902
165903
165904
165907
165948
165949
165950
165951
165952
165955
165956
165957
165958
165961
166002
166003
166004
166005
166006
166009
166010
166011
166012
166015
166056
166057
166058
166059
166060
166063
166064
166065
166066
166073
166114
166115
166116
166117
166118
166121
166122
166123
166124
166127
166128
166129
166130
166131
166172
166173
166174
166175
166176
166179
166180
166181
166182
166231
166232
166233
166237
166238
166239
166240
166286
166287
166288
166292
166293
166294
166295
166342
166343
166344
166349
166350
166351
166352
166396
166397
166398
166402
166403
166404
166405
167766
167767
167768
167769
167770
167771
167772
167773
167774
167775
167776
167777
167778
167779
167780
167781
167782
167783
167784
167785
167786
167787
167788
167789
167828
167829
167830
167831
167832
167833
167834
167835
167836
167837
167838
167839
167840
167841
167842
167843
167844
167845
167846
167847
167848
167849
167850
167851
167892
167893
167894
167895
167896
167900
167901
167902
167903
167907
167908
167909
167910
167953
167954
167955
167956
167957
167960
167961
167962
167963
167966
167967
167968
167969
168004
168005
168006
168007
168008
168011
168012
168013
168014
168017
168018
168019
168020
168060
168061
168062
168063
168064
168067
168068
168069
168070
168120
168123
168124
168125
168126
168168
168171
168172
168173
168174
168216
168219
168220
168221
168222
168264
168267
168268
168269
168270
168312
168315
168316
168317
168318
168360
168363
168364
168365
168366
168400
168403
168404
168405
168406
168440
168443
168444
168445
168446
168480
168483
168484
168485
168486
168520
168523
168524
168525
168526
168560
168563
168564
168565
168566
168600
168603
168604
168605
168606
168646
168649
168650
168651
168652
168655
168656
168657
168658
168659
168692
168695
168696
168697
168698
168701
168702
168703
168704
168705
168738
168741
168742
168743
168744
168747
168748
168749
168750
168751
168784
168787
168788
168789
168790
168793
168794
168795
168796
168797
168830
168833
168834
168835
168836
168839
168840
168841
168842
168843
168876
168879
168880
168881
168882
168885
168886
168887
168888
168889
168922
168925
168926
168927
168928
168931
168932
168933
168934
168935
168968
168971
168972
168973
168974
168977
168978
168979
168980
168981
169014
169017
169018
169019
169020
169027
169060
169063
169064
169065
169066
169069
169102
169105
169106
169107
169108
169111
169144
169147
169148
169149
169150
169153
169186
169189
169190
169191
169192
169195
169238
169241
169242
169243
169244
169247
169280
169281
169282
169283
169284
169287
169288
169289
169290
169293
169326
169327
169328
169329
169330
169333
169334
169335
169336
169339
169372
169373
169374
169375
169376
169379
169380
169381
169382
169385
169418
169419
169420
169421
169422
169425
169426
169427
169428
169431
169464
169465
169466
169467
169468
169471
169472
169473
169474
169477
169510
169511
169512
169513
169514
169517
169518
169519
169520
169523
169556
169557
169558
169559
169560
169563
169564
169565
169566
169569
169608
169609
169610
169611
169612
169615
169616
169617
169618
169621
169660
169661
169662
169663
169664
169667
169668
169669
169670
169673
169710
169711
169712
169713
169714
169717
169718
169719
169720
169723
169764
169765
169766
169767
169768
169771
169772
169773
169774
169777
169818
169819
169820
169821
169822
169825
169826
169827
169828
169831
169872
169873
169874
169875
169876
169879
169880
169881
169882
169889
169930
169931
169932
169933
169934
169937
169938
169939
169940
169943
169944
169945
169946
169947
169988
169989
169990
169991
169992
169995
169996
169997
169998
170048
170053
170054
170055
170056
170102
170106
170107
170108
170109
170157
170163
170164
170165
170166
170210
170211
170212
170213
170214
170215
170216
170217
170218
170219
171580
171581
171582
171583
171584
171585
171586
171587
171588
171589
171590
171591
171592
171593
171594
171595
171596
171597
171598
171599
171600
171601
171602
171603
171642
171643
171644
171645
171646
171647
171648
171649
171650
171651
171652
171653
171654
171655
171656
171657
171658
171659
171660
171661
171662
171663
171664
171665
171706
171707
171708
171709
171710
171714
171715
171716
171717
171721
171722
171723
171724
171767
171768
171769
171770
171771
171774
171775
171776
171777
171780
171781
171782
171783
171818
171819
171820
171821
171822
171825
171826
171827
171828
171831
171832
171833
171834
171874
171875
171876
171877
171878
171881
171882
171883
171884
171934
171937
171938
171939
171940
171982
171985
171986
171987
171988
172030
172033
172034
172035
172036
172078
172081
172082
172083
172084
172126
172129
172130
172131
172132
172174
172177
172178
172179
172180
172214
172217
172218
172219
172220
172254
172257
172258
172259
172260
172294
172297
172298
172299
172300
172334
172337
172338
172339
172340
172374
172377
172378
172379
172380
172414
172417
172418
172419
172420
172460
172463
172464
172465
172466
172469
172470
172471
172472
172473
172506
172509
172510
172511
172512
172515
172516
172517
172518
172519
172552
172555
172556
172557
172558
172561
172562
172563
172564
172565
172598
172601
172602
172603
172604
172607
172608
172609
172610
172611
172644
172647
172648
172649
172650
172653
172654
172655
172656
172657
172690
172693
172694
172695
172696
172699
172700
172701
172702
172703
172736
172739
172740
172741
172742
172745
172746
172747
172748
172749
172782
172785
172786
172787
172788
172791
172792
172793
172794
172795
172828
172831
172832
172833
172834
172841
172874
172877
172878
172879
172880
172883
172916
172919
172920
172921
172922
172925
172958
172961
172962
172963
172964
172967
173000
173003
173004
173005
173006
173009
173052
173055
173056
173057
173058
173061
173094
173095
173096
173097
173098
173101
173102
173103
173104
173107
173140
173141
173142
173143
173144
173147
173148
173149
173150
173153
173186
173187
173188
173189
173190
173193
173194
173195
173196
173199
173232
173233
173234
173235
173236
173239
173240
173241
173242
173245
173278
173279
173280
173281
173282
173285
173286
173287
173288
173291
173324
173325
173326
173327
173328
173331
173332
173333
173334
173337
173370
173371
173372
173373
173374
173377
173378
173379
173380
173383
173422
173423
173424
173425
173426
173429
173430
173431
173432
173435
173474
173475
173476
173477
173478
173481
173482
173483
173484
173487
173524
173525
173526
173527
173528
173531
173532
173533
173534
173537
173578
173579
173580
173581
173582
173585
173586
173587
173588
173591
173632
173633
173634
173635
173636
173639
173640
173641
173642
173645
173686
173687
173688
173689
173690
173693
173694
173695
173696
173703
173744
173745
173746
173747
173748
173751
173752
173753
173754
173757
173758
173759
173760
173761
173802
173803
173804
173805
173806
173809
173810
173811
173812
173867
173868
173869
173870
173918
173919
173920
173921
173975
173976
173977
173978
174022
174023
174024
174025
174026
174027
174028
174029
174030
174031
175392
175393
175394
175395
175396
175397
175398
175399
175400
175401
175402
175403
175404
175405
175406
175407
175408
175409
175410
175411
175412
175413
175414
175415
175454
175455
175456
175457
175458
175459
175460
175461
175462
175463
175464
175465
175466
175467
175468
175469
175470
175471
175472
175473
175474
175475
175476
175477
175518
175519
175520
175521
175522
175526
175527
175528
175529
175533
175534
175535
175536
175579
175580
175581
175582
175583
175586
175587
175588
175589
175592
175593
175594
175595
175630
175631
175632
175633
175634
175637
175638
175639
175640
175643
175644
175645
175646
175686
175687
175688
175689
175690
175693
175694
175695
175696
175746
175749
175750
175751
175752
175794
175797
175798
175799
175800
175842
175845
175846
175847
175848
175890
175893
175894
175895
175896
175938
175941
175942
175943
175944
175986
175989
175990
175991
175992
176026
176029
176030
176031
176032
176066
176069
176070
176071
176072
176106
176109
176110
176111
176112
176146
176149
176150
176151
176152
176186
176189
176190
176191
176192
176226
176229
176230
176231
176232
176272
176275
176276
176277
176278
176281
176282
176283
176284
176285
176318
176321
176322
176323
176324
176327
176328
176329
176330
176331
176364
176367
176368
176369
176370
176373
176374
176375
176376
176377
176410
176413
176414
176415
176416
176419
176420
176421
176422
176423
176456
176459
176460
176461
176462
176465
176466
176467
176468
176469
176502
176505
176506
176507
176508
176511
176512
176513
176514
176515
176548
176551
176552
176553
176554
176557
176558
176559
176560
176561
176594
176597
176598
176599
176600
176603
176604
176605
176606
176607
176640
176643
176644
176645
176646
176653
176686
176689
176690
176691
176692
176695
176728
176731
176732
176733
176734
176737
176770
176773
176774
176775
176776
176779
176812
176815
176816
176817
176818
176821
176864
176867
176868
176869
176870
176873
176906
176907
176908
176909
176910
176913
176914
176915
176916
176919
176952
176953
176954
176955
176956
176959
176960
176961
176962
176965
176998
176999
177000
177001
177002
177005
177006
177007
177008
177011
177044
177045
177046
177047
177048
177051
177052
177053
177054
177057
177090
177091
177092
177093
177094
177097
177098
177099
177100
177103
177136
177137
177138
177139
177140
177143
177144
177145
177146
177149
177182
177183
177184
177185
177186
177189
177190
177191
177192
177195
177234
177235
177236
177237
177238
177241
177242
177243
177244
177247
177286
177287
177288
177289
177290
177293
177294
177295
177296
177299
177336
177337
177338
177339
177340
177343
177344
177345
177346
177349
177390
177391
177392
177393
177394
177397
177398
177399
177400
177403
177444
177445
177446
177447
177448
177451
177452
177453
177454
177457
177498
177499
177500
177501
177502
177505
177506
177507
177508
177515
177556
177557
177558
177559
177560
177563
177564
177565
177566
177569
177570
177571
177572
177573
177614
177615
177616
177617
177618
177621
177622
177623
177624
177679
177680
177681
177682
177727
177728
177729
177730
177784
177785
177786
177787
177831
177832
177833
177834
177835
177836
177837
177838
177839
177840
179201
179202
179203
179204
179205
179206
179207
179208
179209
179210
179211
179212
179213
179214
179215
179216
179217
179218
179219
179220
179221
179222
179223
179224
179263
179264
179265
179266
179267
179268
179269
179270
179271
179272
179273
179274
179275
179276
179277
179278
179279
179280
179281
179282
179283
179284
179285
179286
179327
179328
179329
179330
179331
179335
179336
179337
179338
179342
179343
179344
179345
179388
179389
179390
179391
179392
179395
179396
179397
179398
179401
179402
179403
179404
179439
179440
179441
179442
179443
179446
179447
179448
179449
179452
179453
179454
179455
179495
179496
179497
179498
179499
179502
179503
179504
179505
179555
179558
179559
179560
179561
179603
179606
179607
179608
179609
179651
179654
179655
179656
179657
179699
179702
179703
179704
179705
179747
179750
179751
179752
179753
179795
179798
179799
179800
179801
179835
179838
179839
179840
179841
179875
179878
179879
179880
179881
179915
179918
179919
179920
179921
179955
179958
179959
179960
179961
179995
179998
179999
180000
180001
180035
180038
180039
180040
180041
180081
180084
180085
180086
180087
180090
180091
180092
180093
180094
180127
180130
180131
180132
180133
180136
180137
180138
180139
180140
180173
180176
180177
180178
180179
180182
180183
180184
180185
180186
180219
180222
180223
180224
180225
180228
180229
180230
180231
180232
180265
180268
180269
180270
180271
180274
180275
180276
180277
180278
180311
180314
180315
180316
180317
180320
180321
180322
180323
180324
180357
180360
180361
180362
180363
180366
180367
180368
180369
180370
180403
180406
180407
180408
180409
180412
180413
180414
180415
180416
180449
180452
180453
180454
180455
180462
180495
180498
180499
180500
180501
180504
180537
180540
180541
180542
180543
180546
180579
180582
180583
180584
180585
180588
180621
180624
180625
180626
180627
180630
180673
180676
180677
180678
180679
180682
180715
180716
180717
180718
180719
180722
180723
180724
180725
180728
180761
180762
180763
180764
180765
180768
180769
180770
180771
180774
180807
180808
180809
180810
180811
180814
180815
180816
180817
180820
180853
180854
180855
180856
180857
180860
180861
180862
180863
180866
180899
180900
180901
180902
180903
180906
180907
180908
180909
180912
180945
180946
180947
180948
180949
180952
180953
180954
180955
180958
180991
180992
180993
180994
180995
180998
180999
181000
181001
181004
181043
181044
181045
181046
181047
181050
181051
181052
181053
181056
181095
181096
181097
181098
181099
181102
181103
181104
181105
181108
181145
181146
181147
181148
181149
181152
181153
181154
181155
181158
181199
181200
181201
181202
181203
181206
181207
181208
181209
181212
181253
181254
181255
181256
181257
181260
181261
181262
181263
181266
181307
181308
181309
181310
181311
181314
181315
181316
181317
181324
181365
181366
181367
181368
181369
181372
181373
181374
181375
181378
181379
181380
181381
181382
181423
181424
181425
181426
181427
181430
181431
181432
181433
181488
181489
181490
181491
181536
181537
181538
181539
181593
181594
181595
181596
181640
181641
181642
181643
181644
181645
181646
181647
181648
181649
183010
183011
183012
183013
183014
183015
183016
183017
183018
183019
183020
183021
183022
183023
183024
183025
183026
183027
183028
183029
183030
183031
183032
183033
183072
183073
183074
183075
183076
183077
183078
183079
183080
183081
183082
183083
183084
183085
183086
183087
183088
183089
183090
183091
183092
183093
183094
183095
183136
183137
183138
183139
183140
183144
183145
183146
183147
183151
183152
183153
183154
183197
183198
183199
183200
183201
183204
183205
183206
183207
183210
183211
183212
183213
183248
183249
183250
183251
183252
183255
183256
183257
183258
183261
183262
183263
183264
183304
183305
183306
183307
183308
183311
183312
183313
183314
183364
183367
183368
183369
183370
183412
183415
183416
183417
183418
183460
183463
183464
183465
183466
183508
183511
183512
183513
183514
183556
183559
183560
183561
183562
183604
183607
183608
183609
183610
183652
183655
183656
183657
183658
183700
183703
183704
183705
183706
183748
183751
183752
183753
183754
183796
183799
183800
183801
183802
183844
183847
183848
183849
183850
183892
183895
183896
183897
183898
183946
183949
183950
183951
183952
183955
183956
183957
183958
183959
184000
184003
184004
184005
184006
184009
184010
184011
184012
184013
184054
184057
184058
184059
184060
184063
184064
184065
184066
184067
184108
184111
184112
184113
184114
184117
184118
184119
184120
184121
184162
184165
184166
184167
184168
184171
184172
184173
184174
184175
184216
184219
184220
184221
184222
184225
184226
184227
184228
184229
184270
184273
184274
184275
184276
184279
184280
184281
184282
184283
184324
184327
184328
184329
184330
184333
184334
184335
184336
184337
184378
184381
184382
184383
184384
184391
184432
184435
184436
184437
184438
184441
184482
184485
184486
184487
184488
184491
184532
184535
184536
184537
184538
184541
184582
184585
184586
184587
184588
184591
184634
184637
184638
184639
184640
184643
184682
184683
184684
184685
184686
184689
184690
184691
184692
184695
184734
184735
184736
184737
184738
184741
184742
184743
184744
184747
184786
184787
184788
184789
184790
184793
184794
184795
184796
184799
184838
184839
184840
184841
184842
184845
184846
184847
184848
184851
184890
184891
184892
184893
184894
184897
184898
184899
184900
184903
184942
184943
184944
184945
184946
184949
184950
184951
184952
184955
184994
184995
184996
184997
184998
185001
185002
185003
185004
185007
185046
185047
185048
185049
185050
185053
185054
185055
185056
185059
185098
185099
185100
185101
185102
185105
185106
185107
185108
185111
185148
185149
185150
185151
185152
185155
185156
185157
185158
185161
185202
185203
185204
185205
185206
185209
185210
185211
185212
185215
185256
185257
185258
185259
185260
185263
185264
185265
185266
185269
185310
185311
185312
185313
185314
185317
185318
185319
185320
185327
185368
185369
185370
185371
185372
185375
185376
185377
185378
185381
185382
185383
185384
185385
185426
185427
185428
185429
185430
185433
185434
185435
185436
185491
185492
185493
185494
185539
185540
185541
185542
185596
185597
185598
185599
185643
185644
185645
185646
185647
185648
185649
185650
185651
185652
187013
187014
187015
187016
187017
187018
187019
187020
187021
187022
187023
187024
187025
187026
187027
187028
187029
187030
187031
187032
187033
187034
187035
187036
187075
187076
187077
187078
187079
187080
187081
187082
187083
187084
187085
187086
187087
187088
187089
187090
187091
187092
187093
187094
187095
187096
187097
187098
187139
187140
187141
187142
187143
187147
187148
187149
187150
187154
187155
187156
187157
187200
187201
187202
187203
187204
187207
187208
187209
187210
187213
187214
187215
187216
187251
187252
187253
187254
187255
187258
187259
187260
187261
187264
187265
187266
187267
187307
187308
187309
187310
187311
187314
187315
187316
187317
187367
187370
187371
187372
187373
187415
187418
187419
187420
187421
187463
187466
187467
187468
187469
187511
187514
187515
187516
187517
187559
187562
187563
187564
187565
187607
187610
187611
187612
187613
187655
187658
187659
187660
187661
187703
187706
187707
187708
187709
187751
187754
187755
187756
187757
187799
187802
187803
187804
187805
187847
187850
187851
187852
187853
187895
187898
187899
187900
187901
187949
187952
187953
187954
187955
187958
187959
187960
187961
187962
188003
188006
188007
188008
188009
188012
188013
188014
188015
188016
188057
188060
188061
188062
188063
188066
188067
188068
188069
188070
188111
188114
188115
188116
188117
188120
188121
188122
188123
188124
188165
188168
188169
188170
188171
188174
188175
188176
188177
188178
188219
188222
188223
188224
188225
188228
188229
188230
188231
188232
188273
188276
188277
188278
188279
188282
188283
188284
188285
188286
188327
188330
188331
188332
188333
188336
188337
188338
188339
188340
188381
188384
188385
188386
188387
188394
188435
188438
188439
188440
188441
188448
188489
188492
188493
188494
188495
188502
188543
188546
188547
188548
188549
188556
188597
188600
188601
188602
188603
188610
188653
188656
188657
188658
188659
188666
188705
188706
188707
188708
188709
188712
188713
188714
188715
188722
188761
188762
188763
188764
188765
188768
188769
188770
188771
188778
188817
188818
188819
188820
188821
188824
188825
188826
188827
188834
188873
188874
188875
188876
188877
188880
188881
188882
188883
188890
188929
188930
188931
188932
188933
188936
188937
188938
188939
188946
188985
188986
188987
188988
188989
188992
188993
188994
188995
189002
189041
189042
189043
189044
189045
189048
189049
189050
189051
189058
189097
189098
189099
189100
189101
189104
189105
189106
189107
189114
189153
189154
189155
189156
189157
189160
189161
189162
189163
189170
189207
189208
189209
189210
189211
189214
189215
189216
189217
189224
189265
189266
189267
189268
189269
189272
189273
189274
189275
189282
189323
189324
189325
189326
189327
189330
189331
189332
189333
189340
189381
189382
189383
189384
189385
189388
189389
189390
189391
189398
189439
189440
189441
189442
189443
189446
189447
189448
189449
189452
189453
189454
189455
189456
189497
189498
189499
189500
189501
189504
189505
189506
189507
189562
189563
189564
189565
189610
189611
189612
189613
189667
189668
189669
189670
189714
189715
189716
189717
189718
189719
189720
189721
189722
189723
191084
191085
191086
191087
191088
191089
191090
191091
191092
191093
191094
191095
191096
191097
191098
191099
191100
191101
191102
191103
191104
191105
191106
191107
191146
191147
191148
191149
191150
191151
191152
191153
191154
191155
191156
191157
191158
191159
191160
191161
191162
191163
191164
191165
191166
191167
191168
191169
191210
191211
191212
191213
191214
191218
191219
191220
191221
191225
191226
191227
191228
191271
191272
191273
191274
191275
191278
191279
191280
191281
191284
191285
191286
191287
191312
191313
191314
191315
191316
191319
191320
191321
191322
191325
191326
191327
191328
191368
191369
191370
191371
191372
191375
191376
191377
191378
191428
191431
191432
191433
191434
191476
191479
191480
191481
191482
191524
191527
191528
191529
191530
191572
191575
191576
191577
191578
191620
191623
191624
191625
191626
191668
191671
191672
191673
191674
191716
191719
191720
191721
191722
191764
191767
191768
191769
191770
191812
191815
191816
191817
191818
191860
191863
191864
191865
191866
191908
191911
191912
191913
191914
191956
191959
191960
191961
191962
192010
192013
192014
192015
192016
192019
192020
192021
192022
192023
192064
192067
192068
192069
192070
192073
192074
192075
192076
192077
192118
192121
192122
192123
192124
192127
192128
192129
192130
192131
192172
192175
192176
192177
192178
192181
192182
192183
192184
192185
192226
192229
192230
192231
192232
192235
192236
192237
192238
192239
192280
192283
192284
192285
192286
192289
192290
192291
192292
192293
192334
192337
192338
192339
192340
192343
192344
192345
192346
192347
192388
192391
192392
192393
192394
192397
192398
192399
192400
192401
192442
192445
192446
192447
192448
192451
192452
192453
192454
192455
192496
192499
192500
192501
192502
192505
192506
192507
192508
192509
192550
192553
192554
192555
192556
192559
192560
192561
192562
192563
192604
192607
192608
192609
192610
192613
192614
192615
192616
192617
192658
192661
192662
192663
192664
192667
192668
192669
192670
192671
192714
192717
192718
192719
192720
192723
192724
192725
192726
192727
192766
192767
192768
192769
192770
192773
192774
192775
192776
192779
192780
192781
192782
192783
192822
192823
192824
192825
192826
192829
192830
192831
192832
192835
192836
192837
192838
192839
192878
192879
192880
192881
192882
192885
192886
192887
192888
192891
192892
192893
192894
192895
192934
192935
192936
192937
192938
192941
192942
192943
192944
192947
192948
192949
192950
192951
192990
192991
192992
192993
192994
192997
192998
192999
193000
193003
193004
193005
193006
193007
193046
193047
193048
193049
193050
193053
193054
193055
193056
193059
193060
193061
193062
193063
193102
193103
193104
193105
193106
193109
193110
193111
193112
193115
193116
193117
193118
193119
193158
193159
193160
193161
193162
193165
193166
193167
193168
193171
193172
193173
193174
193175
193214
193215
193216
193217
193218
193221
193222
193223
193224
193227
193228
193229
193230
193231
193256
193257
193258
193259
193260
193263
193264
193265
193266
193269
193270
193271
193272
193273
193314
193315
193316
193317
193318
193321
193322
193323
193324
193327
193328
193329
193330
193331
193372
193373
193374
193375
193376
193379
193380
193381
193382
193385
193386
193387
193388
193389
193430
193431
193432
193433
193434
193437
193438
193439
193440
193443
193444
193445
193446
193447
193488
193489
193490
193491
193492
193495
193496
193497
193498
193501
193502
193503
193504
193505
193546
193547
193548
193549
193550
193553
193554
193555
193556
193611
193612
193613
193614
193659
193660
193661
193662
193716
193717
193718
193719
193763
193764
193765
193766
193767
193768
193769
193770
193771
193772
195133
195134
195135
195136
195137
195138
195139
195140
195141
195142
195143
195144
195145
195146
195147
195148
195149
195150
195151
195152
195153
195154
195155
195156
195195
195196
195197
195198
195199
195200
195201
195202
195203
195204
195205
195206
195207
195208
195209
195210
195211
195212
195213
195214
195215
195216
195217
195218
195259
195260
195261
195262
195263
195267
195268
195269
195270
195274
195275
195276
195277
195320
195321
195322
195323
195324
195327
195328
195329
195330
195333
195334
195335
195336
195361
195362
195363
195364
195365
195368
195369
195370
195371
195374
195375
195376
195377
195417
195418
195419
195420
195421
195424
195425
195426
195427
195477
195480
195481
195482
195483
195527
195530
195531
195532
195533
195577
195580
195581
195582
195583
195627
195630
195631
195632
195633
195677
195680
195681
195682
195683
195727
195730
195731
195732
195733
195777
195780
195781
195782
195783
195827
195830
195831
195832
195833
195877
195880
195881
195882
195883
195927
195930
195931
195932
195933
195977
195980
195981
195982
195983
196027
196030
196031
196032
196033
196083
196086
196087
196088
196089
196092
196093
196094
196095
196096
196139
196142
196143
196144
196145
196148
196149
196150
196151
196152
196195
196198
196199
196200
196201
196204
196205
196206
196207
196208
196251
196254
196255
196256
196257
196260
196261
196262
196263
196264
196307
196310
196311
196312
196313
196316
196317
196318
196319
196320
196363
196366
196367
196368
196369
196372
196373
196374
196375
196376
196419
196422
196423
196424
196425
196428
196429
196430
196431
196432
196475
196478
196479
196480
196481
196484
196485
196486
196487
196488
196531
196534
196535
196536
196537
196540
196541
196542
196543
196544
196587
196590
196591
196592
196593
196596
196597
196598
196599
196600
196643
196646
196647
196648
196649
196652
196653
196654
196655
196656
196699
196702
196703
196704
196705
196708
196709
196710
196711
196712
196755
196758
196759
196760
196761
196764
196765
196766
196767
196768
196811
196814
196815
196816
196817
196820
196821
196822
196823
196824
196863
196864
196865
196866
196867
196870
196871
196872
196873
196876
196877
196878
196879
196880
196919
196920
196921
196922
196923
196926
196927
196928
196929
196932
196933
196934
196935
196936
196975
196976
196977
196978
196979
196982
196983
196984
196985
196988
196989
196990
196991
196992
197031
197032
197033
197034
197035
197038
197039
197040
197041
197044
197045
197046
197047
197048
197087
197088
197089
197090
197091
197094
197095
197096
197097
197100
197101
197102
197103
197104
197143
197144
197145
197146
197147
197150
197151
197152
197153
197156
197157
197158
197159
197160
197199
197200
197201
197202
197203
197206
197207
197208
197209
197212
197213
197214
197215
197216
197255
197256
197257
197258
197259
197262
197263
197264
197265
197268
197269
197270
197271
197272
197311
197312
197313
197314
197315
197318
197319
197320
197321
197324
197325
197326
197327
197328
197353
197354
197355
197356
197357
197360
197361
197362
197363
197366
197367
197368
197369
197370
197411
197412
197413
197414
197415
197418
197419
197420
197421
197424
197425
197426
197427
197428
197469
197470
197471
197472
197473
197476
197477
197478
197479
197482
197483
197484
197485
197486
197527
197528
197529
197530
197531
197534
197535
197536
197537
197540
197541
197542
197543
197544
197585
197586
197587
197588
197589
197592
197593
197594
197595
197598
197599
197600
197601
197602
197643
197644
197645
197646
197647
197650
197651
197652
197653
197708
197709
197710
197711
197756
197757
197758
197759
197813
197814
197815
197816
197860
197861
197862
197863
197864
197865
197866
197867
197868
197869
199230
199231
199232
199233
199234
199235
199236
199237
199238
199239
199240
199241
199242
199243
199244
199245
199246
199247
199248
199249
199250
199251
199252
199253
199292
199293
199294
199295
199296
199297
199298
199299
199300
199301
199302
199303
199304
199305
199306
199307
199308
199309
199310
199311
199312
199313
199314
199315
199356
199357
199358
199359
199360
199364
199365
199366
199367
199371
199372
199373
199374
199417
199418
199419
199420
199421
199424
199425
199426
199427
199430
199431
199432
199433
199458
199459
199460
199461
199462
199465
199466
199467
199468
199471
199472
199473
199474
199514
199515
199516
199517
199518
199521
199522
199523
199524
199570
199571
199572
199573
199574
199577
199578
199579
199580
199620
199621
199622
199623
199624
199627
199628
199629
199630
199670
199671
199672
199673
199674
199677
199678
199679
199680
199720
199721
199722
199723
199724
199727
199728
199729
199730
199770
199771
199772
199773
199774
199777
199778
199779
199780
199820
199821
199822
199823
199824
199827
199828
199829
199830
199870
199871
199872
199873
199874
199877
199878
199879
199880
199920
199921
199922
199923
199924
199927
199928
199929
199930
199970
199971
199972
199973
199974
199977
199978
199979
199980
200020
200021
200022
200023
200024
200027
200028
200029
200030
200070
200071
200072
200073
200074
200077
200078
200079
200080
200120
200121
200122
200123
200124
200127
200128
200129
200130
200176
200177
200178
200179
200180
200183
200184
200185
200186
200189
200190
200191
200192
200193
200232
200233
200234
200235
200236
200239
200240
200241
200242
200245
200246
200247
200248
200249
200288
200289
200290
200291
200292
200295
200296
200297
200298
200301
200302
200303
200304
200305
200344
200345
200346
200347
200348
200351
200352
200353
200354
200357
200358
200359
200360
200361
200400
200401
200402
200403
200404
200407
200408
200409
200410
200413
200414
200415
200416
200417
200456
200457
200458
200459
200460
200463
200464
200465
200466
200469
200470
200471
200472
200473
200512
200513
200514
200515
200516
200519
200520
200521
200522
200525
200526
200527
200528
200529
200568
200569
200570
200571
200572
200575
200576
200577
200578
200581
200582
200583
200584
200585
200624
200625
200626
200627
200628
200631
200632
200633
200634
200637
200638
200639
200640
200641
200680
200681
200682
200683
200684
200687
200688
200689
200690
200693
200694
200695
200696
200697
200736
200737
200738
200739
200740
200743
200744
200745
200746
200749
200750
200751
200752
200753
200792
200793
200794
200795
200796
200799
200800
200801
200802
200805
200806
200807
200808
200809
200848
200849
200850
200851
200852
200855
200856
200857
200858
200861
200862
200863
200864
200865
200904
200905
200906
200907
200908
200911
200912
200913
200914
200917
200918
200919
200920
200921
200960
200961
200962
200963
200964
200967
200968
200969
200970
200973
200974
200975
200976
200977
201016
201017
201018
201019
201020
201023
201024
201025
201026
201029
201030
201031
201032
201033
201072
201073
201074
201075
201076
201079
201080
201081
201082
201085
201086
201087
201088
201089
201128
201129
201130
201131
201132
201135
201136
201137
201138
201141
201142
201143
201144
201145
201184
201185
201186
201187
201188
201191
201192
201193
201194
201197
201198
201199
201200
201201
201240
201241
201242
201243
201244
201247
201248
201249
201250
201253
201254
201255
201256
201257
201296
201297
201298
201299
201300
201303
201304
201305
201306
201309
201310
201311
201312
201313
201352
201353
201354
201355
201356
201359
201360
201361
201362
201365
201366
201367
201368
201369
201408
201409
201410
201411
201412
201415
201416
201417
201418
201421
201422
201423
201424
201425
201450
201451
201452
201453
201454
201457
201458
201459
201460
201463
201464
201465
201466
201467
201508
201509
201510
201511
201512
201515
201516
201517
201518
201521
201522
201523
201524
201525
201566
201567
201568
201569
201570
201573
201574
201575
201576
201579
201580
201581
201582
201583
201624
201625
201626
201627
201628
201631
201632
201633
201634
201637
201638
201639
201640
201641
201682
201683
201684
201685
201686
201689
201690
201691
201692
201695
201696
201697
201698
201699
201740
201741
201742
201743
201744
201747
201748
201749
201750
201805
201806
201807
201808
201853
201854
201855
201856
201910
201911
201912
201913
201957
201958
201959
201960
201961
201962
201963
201964
201965
201966
203327
203328
203329
203330
203331
203332
203333
203334
203335
203336
203337
203338
203339
203340
203341
203342
203343
203344
203345
203346
203347
203348
203349
203389
203390
203391
203392
203393
203394
203395
203396
203397
203398
203399
203400
203401
203402
203403
203404
203405
203406
203407
203408
203409
203410
203411
203453
203454
203455
203456
203457
203461
203462
203463
203464
203468
203469
203470
203471
203514
203515
203516
203517
203518
203521
203522
203523
203524
203527
203528
203529
203530
203555
203556
203557
203558
203559
203562
203563
203564
203565
203568
203569
203570
203571
203611
203612
203613
203614
203615
203618
203619
203620
203621
203667
203668
203669
203670
203671
203674
203675
203676
203677
203723
203724
203725
203726
203727
203730
203731
203732
203733
203779
203780
203781
203782
203783
203786
203787
203788
203789
203835
203836
203837
203838
203839
203842
203843
203844
203845
203891
203892
203893
203894
203895
203898
203899
203900
203901
203947
203948
203949
203950
203951
203954
203955
203956
203957
204003
204004
204005
204006
204007
204010
204011
204012
204013
204059
204060
204061
204062
204063
204066
204067
204068
204069
204115
204116
204117
204118
204119
204122
204123
204124
204125
204171
204172
204173
204174
204175
204178
204179
204180
204181
204227
204228
204229
204230
204231
204234
204235
204236
204237
204283
204284
204285
204286
204287
204290
204291
204292
204293
204339
204340
204341
204342
204343
204346
204347
204348
204349
204352
204353
204354
204355
204356
204395
204396
204397
204398
204399
204402
204403
204404
204405
204408
204409
204410
204411
204412
204451
204452
204453
204454
204455
204458
204459
204460
204461
204464
204465
204466
204467
204468
204507
204508
204509
204510
204511
204514
204515
204516
204517
204520
204521
204522
204523
204524
204563
204564
204565
204566
204567
204570
204571
204572
204573
204576
204577
204578
204579
204580
204619
204620
204621
204622
204623
204626
204627
204628
204629
204632
204633
204634
204635
204636
204675
204676
204677
204678
204679
204682
204683
204684
204685
204688
204689
204690
204691
204692
204731
204732
204733
204734
204735
204738
204739
204740
204741
204744
204745
204746
204747
204748
204787
204788
204789
204790
204791
204794
204795
204796
204797
204800
204801
204802
204803
204804
204843
204844
204845
204846
204847
204850
204851
204852
204853
204856
204857
204858
204859
204860
204899
204900
204901
204902
204903
204906
204907
204908
204909
204912
204913
204914
204915
204916
204955
204956
204957
204958
204959
204962
204963
204964
204965
204968
204969
204970
204971
204972
205011
205012
205013
205014
205015
205018
205019
205020
205021
205024
205025
205026
205027
205028
205067
205068
205069
205070
205071
205074
205075
205076
205077
205080
205081
205082
205083
205084
205123
205124
205125
205126
205127
205130
205131
205132
205133
205136
205137
205138
205139
205140
205179
205180
205181
205182
205183
205186
205187
205188
205189
205192
205193
205194
205195
205196
205235
205236
205237
205238
205239
205242
205243
205244
205245
205248
205249
205250
205251
205252
205291
205292
205293
205294
205295
205298
205299
205300
205301
205304
205305
205306
205307
205308
205347
205348
205349
205350
205351
205354
205355
205356
205357
205360
205361
205362
205363
205364
205403
205404
205405
205406
205407
205410
205411
205412
205413
205416
205417
205418
205419
205420
205459
205460
205461
205462
205463
205466
205467
205468
205469
205472
205473
205474
205475
205476
205515
205516
205517
205518
205519
205522
205523
205524
205525
205528
205529
205530
205531
205532
205571
205572
205573
205574
205575
205578
205579
205580
205581
205584
205585
205586
205587
205588
205613
205614
205615
205616
205617
205620
205621
205622
205623
205626
205627
205628
205629
205630
205671
205672
205673
205674
205675
205678
205679
205680
205681
205684
205685
205686
205687
205688
205729
205730
205731
205732
205733
205736
205737
205738
205739
205742
205743
205744
205745
205746
205787
205788
205789
205790
205791
205794
205795
205796
205797
205800
205801
205802
205803
205804
205845
205846
205847
205848
205849
205852
205853
205854
205855
205858
205859
205860
205861
205862
205903
205904
205905
205906
205907
205910
205911
205912
205913
205968
205969
205970
205971
206019
206020
206021
206022
206079
206080
206081
206082
206129
206130
206131
206132
206133
206134
206135
206136
206137
206138
207526
207527
207528
207529
207530
207531
207532
207533
207534
207535
207536
207537
207538
207539
207540
207541
207542
207543
207544
207545
207546
207547
207548
207588
207589
207590
207591
207592
207593
207594
207595
207596
207597
207598
207599
207600
207601
207602
207603
207604
207605
207606
207607
207608
207609
207610
207652
207653
207654
207655
207656
207660
207661
207662
207663
207667
207668
207669
207670
207713
207714
207715
207716
207717
207720
207721
207722
207723
207726
207727
207728
207729
207754
207755
207756
207757
207758
207761
207762
207763
207764
207767
207768
207769
207770
207796
207797
207798
207799
207800
207803
207804
207805
207806
207809
207810
207811
207812
207813
207838
207839
207840
207841
207842
207845
207846
207847
207848
207851
207852
207853
207854
207855
207880
207881
207882
207883
207884
207887
207888
207889
207890
207893
207894
207895
207896
207897
207922
207923
207924
207925
207926
207929
207930
207931
207932
207935
207936
207937
207938
207939
207964
207965
207966
207967
207968
207971
207972
207973
207974
207977
207978
207979
207980
207981
208006
208007
208008
208009
208010
208013
208014
208015
208016
208019
208020
208021
208022
208023
208048
208049
208050
208051
208052
208055
208056
208057
208058
208061
208062
208063
208064
208065
208090
208091
208092
208093
208094
208097
208098
208099
208100
208103
208104
208105
208106
208107
208132
208133
208134
208135
208136
208139
208140
208141
208142
208145
208146
208147
208148
208149
208174
208175
208176
208177
208178
208181
208182
208183
208184
208187
208188
208189
208190
208191
208216
208217
208218
208219
208220
208223
208224
208225
208226
208229
208230
208231
208232
208233
208258
208259
208260
208261
208262
208265
208266
208267
208268
208271
208272
208273
208274
208275
208300
208301
208302
208303
208304
208307
208308
208309
208310
208313
208314
208315
208316
208317
208342
208343
208344
208345
208346
208349
208350
208351
208352
208355
208356
208357
208358
208359
208384
208385
208386
208387
208388
208391
208392
208393
208394
208397
208398
208399
208400
208401
208426
208427
208428
208429
208430
208433
208434
208435
208436
208439
208440
208441
208442
208443
208468
208469
208470
208471
208472
208475
208476
208477
208478
208481
208482
208483
208484
208485
208510
208511
208512
208513
208514
208517
208518
208519
208520
208523
208524
208525
208526
208527
208552
208553
208554
208555
208556
208559
208560
208561
208562
208565
208566
208567
208568
208569
208594
208595
208596
208597
208598
208601
208602
208603
208604
208607
208608
208609
208610
208611
208636
208637
208638
208639
208640
208643
208644
208645
208646
208649
208650
208651
208652
208653
208678
208679
208680
208681
208682
208685
208686
208687
208688
208691
208692
208693
208694
208695
208720
208721
208722
208723
208724
208727
208728
208729
208730
208733
208734
208735
208736
208737
208762
208763
208764
208765
208766
208769
208770
208771
208772
208775
208776
208777
208778
208779
208804
208805
208806
208807
208808
208811
208812
208813
208814
208817
208818
208819
208820
208821
208846
208847
208848
208849
208850
208853
208854
208855
208856
208859
208860
208861
208862
208863
208888
208889
208890
208891
208892
208895
208896
208897
208898
208901
208902
208903
208904
208905
208930
208931
208932
208933
208934
208937
208938
208939
208940
208943
208944
208945
208946
208947
208972
208973
208974
208975
208976
208979
208980
208981
208982
208985
208986
208987
208988
208989
209014
209015
209016
209017
209018
209021
209022
209023
209024
209027
209028
209029
209030
209031
209056
209057
209058
209059
209060
209063
209064
209065
209066
209069
209070
209071
209072
209073
209098
209099
209100
209101
209102
209105
209106
209107
209108
209111
209112
209113
209114
209115
209140
209141
209142
209143
209144
209147
209148
209149
209150
209153
209154
209155
209156
209157
209182
209183
209184
209185
209186
209189
209190
209191
209192
209195
209196
209197
209198
209199
209224
209225
209226
209227
209228
209231
209232
209233
209234
209237
209238
209239
209240
209241
209266
209267
209268
209269
209270
209273
209274
209275
209276
209279
209280
209281
209282
209283
209308
209309
209310
209311
209312
209315
209316
209317
209318
209321
209322
209323
209324
209325
209366
209367
209368
209369
209370
209373
209374
209375
209376
209379
209380
209381
209382
209383
209424
209425
209426
209427
209428
209431
209432
209433
209434
209437
209438
209439
209440
209441
209482
209483
209484
209485
209486
209489
209490
209491
209492
209495
209496
209497
209498
209499
209540
209541
209542
209543
209544
209547
209548
209549
209550
209553
209554
209555
209556
209557
209598
209599
209600
209601
209602
209605
209606
209607
209608
209611
209612
209613
209614
209615
209663
209664
209665
209666
209669
209670
209671
209672
209673
209714
209715
209716
209717
209720
209721
209722
209723
209724
209774
209775
209776
209777
209780
209781
209782
209783
209784
209824
209825
209826
209827
209828
209829
209830
209831
209832
209833
209840
209841
209842
209843
209844
209900
209901
209902
209903
209904
209960
209961
209962
209963
209964
210020
210021
210022
210023
210024
210080
210081
210082
210083
210084
210140
210141
210142
210143
210144
210200
210201
210202
210203
210204
210260
210261
210262
210263
210264
210320
210321
210322
210323
210324
210380
210381
210382
210383
210384
210440
210500
211221
211222
211223
211224
211225
211226
211227
211228
211229
211230
211231
211232
211233
211234
211235
211236
211237
211238
211239
211240
211241
211242
211243
211283
211284
211285
211286
211287
211288
211289
211290
211291
211292
211293
211294
211295
211296
211297
211298
211299
211300
211301
211302
211303
211304
211305
211355
211356
211357
211358
211415
211416
211417
211418
211472
211473
211474
211475
211530
211531
211532
211533
211536
211537
211538
211539
211540
211588
211589
211590
211591
211594
211595
211596
211597
211598
211646
211647
211648
211649
211652
211653
211654
211655
211656
211704
211705
211706
211707
211710
211711
211712
211713
211714
211762
211763
211764
211765
211768
211769
211770
211771
211772
211820
211821
211822
211823
211826
211827
211828
211829
211830
211878
211879
211880
211881
211884
211885
211886
211887
211888
211936
211937
211938
211939
211942
211943
211944
211945
211946
211994
211995
211996
211997
212000
212001
212002
212003
212004
212052
212053
212054
212055
212058
212059
212060
212061
212062
212110
212111
212112
212113
212116
212117
212118
212119
212120
212168
212169
212170
212171
212174
212175
212176
212177
212178
212226
212227
212228
212229
212232
212233
212234
212235
212236
212284
212285
212286
212287
212290
212291
212292
212293
212294
212342
212343
212344
212345
212348
212349
212350
212351
212352
212400
212401
212402
212403
212406
212407
212408
212409
212410
212458
212459
212460
212461
212464
212465
212466
212467
212468
212516
212517
212518
212519
212522
212523
212524
212525
212526
212574
212575
212576
212577
212580
212581
212582
212583
212584
212632
212633
212634
212635
212638
212639
212640
212641
212642
212690
212691
212692
212693
212696
212697
212698
212699
212700
212748
212749
212750
212751
212754
212755
212756
212757
212758
212806
212807
212808
212809
212812
212813
212814
212815
212816
212864
212865
212866
212867
212870
212871
212872
212873
212874
212922
212923
212924
212925
212928
212929
212930
212931
212932
212980
212981
212982
212983
212986
212987
212988
212989
212990
213038
213039
213040
213041
213044
213045
213046
213047
213048
213096
213097
213098
213099
213102
213103
213104
213105
213106
213154
213155
213156
213157
213160
213161
213162
213163
213164
213212
213213
213214
213215
213218
213219
213220
213221
213222
213270
213271
213272
213273
213276
213277
213278
213279
213280
213328
213329
213330
213331
213334
213335
213336
213337
213338
213386
213387
213388
213389
213392
213393
213394
213395
213396
213444
213445
213446
213447
213450
213451
213452
213453
213454
213502
213503
213504
213505
213508
213509
213510
213511
213512
213560
213561
213562
213563
213566
213567
213568
213569
213570
213618
213619
213620
213621
213624
213625
213626
213627
213628
213676
213677
213678
213679
213682
213683
213684
213685
213686
213734
213735
213736
213737
213740
213741
213742
213743
213744
213792
213793
213794
213795
213798
213799
213800
213801
213802
213850
213851
213852
213853
213856
213857
213858
213859
213860
213908
213909
213910
213911
213914
213915
213916
213917
213918
213966
213967
213968
213969
213972
213973
213974
213975
213976
214017
214018
214019
214020
214023
214024
214025
214026
214027
214077
214078
214079
214080
214083
214084
214085
214086
214087
214127
214128
214129
214130
214131
214132
214133
214134
214135
214136
214143
214144
214145
214146
214147
214203
214204
214205
214206
214207
214263
214264
214265
214266
214267
214323
214324
214325
214326
214327
214383
214384
214385
214386
214387
214443
214444
214445
214446
214447
214503
214504
214505
214506
214507
214563
214564
214565
214566
214567
214623
214624
214625
214626
214627
214683
214684
214685
214686
214687
214743
214744
214745
214746
214747
214803
215524
215525
215526
215527
215528
215529
215530
215531
215532
215533
215534
215535
215536
215537
215538
215539
215540
215541
215542
215543
215544
215545
215546
215586
215587
215588
215589
215590
215591
215592
215593
215594
215595
215596
215597
215598
215599
215600
215601
215602
215603
215604
215605
215606
215607
215608
215658
215659
215660
215661
215711
215712
215713
215714
215755
215756
215757
215758
215806
215807
215808
215809
215812
215813
215814
215815
215816
215857
215858
215859
215860
215863
215864
215865
215866
215867
215908
215909
215910
215911
215914
215915
215916
215917
215918
215959
215960
215961
215962
215965
215966
215967
215968
215969
216010
216011
216012
216013
216016
216017
216018
216019
216020
216061
216062
216063
216064
216067
216068
216069
216070
216071
216112
216113
216114
216115
216118
216119
216120
216121
216122
216163
216164
216165
216166
216169
216170
216171
216172
216173
216214
216215
216216
216217
216220
216221
216222
216223
216224
216265
216266
216267
216268
216271
216272
216273
216274
216275
216316
216317
216318
216319
216322
216323
216324
216325
216326
216367
216368
216369
216370
216373
216374
216375
216376
216377
216418
216419
216420
216421
216424
216425
216426
216427
216428
216469
216470
216471
216472
216475
216476
216477
216478
216479
216520
216521
216522
216523
216526
216527
216528
216529
216530
216571
216572
216573
216574
216577
216578
216579
216580
216581
216622
216623
216624
216625
216628
216629
216630
216631
216632
216673
216674
216675
216676
216679
216680
216681
216682
216683
216724
216725
216726
216727
216730
216731
216732
216733
216734
216775
216776
216777
216778
216781
216782
216783
216784
216785
216826
216827
216828
216829
216832
216833
216834
216835
216836
216877
216878
216879
216880
216883
216884
216885
216886
216887
216928
216929
216930
216931
216934
216935
216936
216937
216938
216979
216980
216981
216982
216985
216986
216987
216988
216989
217030
217031
217032
217033
217036
217037
217038
217039
217040
217081
217082
217083
217084
217087
217088
217089
217090
217091
217132
217133
217134
217135
217138
217139
217140
217141
217142
217183
217184
217185
217186
217189
217190
217191
217192
217193
217234
217235
217236
217237
217240
217241
217242
217243
217244
217285
217286
217287
217288
217291
217292
217293
217294
217295
217336
217337
217338
217339
217342
217343
217344
217345
217346
217387
217388
217389
217390
217393
217394
217395
217396
217397
217438
217439
217440
217441
217444
217445
217446
217447
217448
217489
217490
217491
217492
217495
217496
217497
217498
217499
217540
217541
217542
217543
217546
217547
217548
217549
217550
217591
217592
217593
217594
217597
217598
217599
217600
217601
217642
217643
217644
217645
217648
217649
217650
217651
217652
217693
217694
217695
217696
217699
217700
217701
217702
217703
217744
217745
217746
217747
217750
217751
217752
217753
217754
217795
217796
217797
217798
217801
217802
217803
217804
217805
217846
217847
217848
217849
217852
217853
217854
217855
217856
217897
217898
217899
217900
217903
217904
217905
217906
217907
217948
217949
217950
217951
217954
217955
217956
217957
217958
217999
218000
218001
218002
218005
218006
218007
218008
218009
218059
218060
218061
218062
218065
218066
218067
218068
218069
218109
218110
218111
218112
218113
218114
218115
218116
218117
218118
218125
218126
218127
218128
218129
218185
218186
218187
218188
218189
218245
218246
218247
218248
218249
218305
218306
218307
218308
218309
218365
218366
218367
218368
218369
218425
218426
218427
218428
218429
218485
218486
218487
218488
218489
218545
218546
218547
218548
218549
218605
218606
218607
218608
218609
218665
218666
218667
218668
218669
218725
218726
218727
218728
218729
218785
218786
218787
218788
218789
219506
219507
219508
219509
219510
219511
219512
219513
219514
219515
219516
219517
219518
219519
219520
219521
219522
219523
219524
219525
219526
219527
219528
219568
219569
219570
219571
219572
219573
219574
219575
219576
219577
219578
219579
219580
219581
219582
219583
219584
219585
219586
219587
219588
219589
219590
219640
219641
219642
219643
219702
219703
219704
219705
219755
219756
219757
219758
219815
219816
219817
219818
219821
219822
219823
219824
219825
219875
219876
219877
219878
219881
219882
219883
219884
219885
219935
219936
219937
219938
219941
219942
219943
219944
219945
219995
219996
219997
219998
220001
220002
220003
220004
220005
220055
220056
220057
220058
220061
220062
220063
220064
220065
220115
220116
220117
220118
220121
220122
220123
220124
220125
220175
220176
220177
220178
220181
220182
220183
220184
220185
220235
220236
220237
220238
220241
220242
220243
220244
220245
220295
220296
220297
220298
220301
220302
220303
220304
220305
220355
220356
220357
220358
220361
220362
220363
220364
220365
220415
220416
220417
220418
220421
220422
220423
220424
220425
220475
220476
220477
220478
220481
220482
220483
220484
220485
220535
220536
220537
220538
220541
220542
220543
220544
220545
220595
220596
220597
220598
220601
220602
220603
220604
220605
220655
220656
220657
220658
220661
220662
220663
220664
220665
220715
220716
220717
220718
220721
220722
220723
220724
220725
220775
220776
220777
220778
220781
220782
220783
220784
220785
220835
220836
220837
220838
220841
220842
220843
220844
220845
220895
220896
220897
220898
220901
220902
220903
220904
220905
220955
220956
220957
220958
220961
220962
220963
220964
220965
221015
221016
221017
221018
221021
221022
221023
221024
221025
221075
221076
221077
221078
221081
221082
221083
221084
221085
221135
221136
221137
221138
221141
221142
221143
221144
221145
221195
221196
221197
221198
221201
221202
221203
221204
221205
221255
221256
221257
221258
221261
221262
221263
221264
221265
221315
221316
221317
221318
221321
221322
221323
221324
221325
221375
221376
221377
221378
221381
221382
221383
221384
221385
221435
221436
221437
221438
221441
221442
221443
221444
221445
221495
221496
221497
221498
221501
221502
221503
221504
221505
221555
221556
221557
221558
221561
221562
221563
221564
221565
221615
221616
221617
221618
221621
221622
221623
221624
221625
221675
221676
221677
221678
221681
221682
221683
221684
221685
221735
221736
221737
221738
221741
221742
221743
221744
221745
221795
221796
221797
221798
221801
221802
221803
221804
221805
221855
221856
221857
221858
221861
221862
221863
221864
221865
221915
221916
221917
221918
221921
221922
221923
221924
221925
221975
221976
221977
221978
221981
221982
221983
221984
221985
222035
222036
222037
222038
222041
222042
222043
222044
222045
222095
222096
222097
222098
222101
222102
222103
222104
222105
222155
222156
222157
222158
222161
222162
222163
222164
222165
222215
222216
222217
222218
222221
222222
222223
222224
222225
222275
222276
222277
222278
222281
222282
222283
222284
222285
222335
222336
222337
222338
222341
222342
222343
222344
222345
222395
222396
222397
222398
222401
222402
222403
222404
222405
222455
222456
222457
222458
222461
222462
222463
222464
222465
222505
222506
222507
222508
222509
222510
222511
222512
222513
222514
222521
222522
222523
222524
222525
222581
222582
222583
222584
222585
222641
222642
222643
222644
222645
222701
222702
222703
222704
222705
222761
222762
222763
222764
222765
222821
222822
222823
222824
222825
222881
222882
222883
222884
222885
222941
222942
222943
222944
222945
223001
223002
223003
223004
223005
223061
223062
223063
223064
223065
223121
223122
223123
223124
223125
223181
223182
223183
223184
223185
223902
223903
223904
223905
223906
223907
223908
223909
223910
223911
223912
223913
223914
223915
223916
223917
223918
223919
223920
223921
223922
223923
223964
223965
223966
223967
223968
223969
223970
223971
223972
223973
223974
223975
223976
223977
223978
223979
223980
223981
223982
223983
223984
223985
224026
224027
224028
224029
224030
224031
224032
224033
224034
224035
224036
224037
224038
224039
224088
224089
224090
224091
224092
224093
224094
224095
224096
224097
224098
224099
224100
224101
224141
224142
224143
224144
224145
224146
224147
224148
224149
224150
224151
224152
224153
224154
224201
224202
224203
224204
224205
224206
224207
224208
224209
224210
224211
224212
224213
224214
224261
224262
224263
224264
224265
224266
224267
224268
224269
224270
224271
224272
224273
224274
224321
224322
224323
224324
224325
224326
224327
224328
224329
224330
224331
224332
224333
224334
224381
224382
224383
224384
224385
224386
224387
224388
224389
224390
224391
224392
224393
224394
224441
224442
224443
224444
224445
224446
224447
224448
224449
224450
224451
224452
224453
224454
224501
224502
224503
224504
224505
224506
224507
224508
224509
224510
224511
224512
224513
224514
224561
224562
224563
224564
224565
224566
224567
224568
224569
224570
224571
224572
224573
224574
224621
224622
224623
224624
224625
224626
224627
224628
224629
224630
224631
224632
224633
224634
224681
224682
224683
224684
224685
224686
224687
224688
224689
224690
224691
224692
224693
224694
224741
224742
224743
224744
224745
224746
224747
224748
224749
224750
224751
224752
224753
224754
224801
224802
224803
224804
224805
224806
224807
224808
224809
224810
224811
224812
224813
224814
224861
224862
224863
224864
224865
224866
224867
224868
224869
224870
224871
224872
224873
224874
224921
224922
224923
224924
224925
224926
224927
224928
224929
224930
224931
224932
224933
224934
224981
224982
224983
224984
224985
224986
224987
224988
224989
224990
224991
224992
224993
224994
225041
225042
225043
225044
225045
225046
225047
225048
225049
225050
225051
225052
225053
225054
225101
225102
225103
225104
225105
225106
225107
225108
225109
225110
225111
225112
225113
225114
225161
225162
225163
225164
225165
225166
225167
225168
225169
225170
225171
225172
225173
225174
225221
225222
225223
225224
225225
225226
225227
225228
225229
225230
225231
225232
225233
225234
225281
225282
225283
225284
225285
225286
225287
225288
225289
225290
225291
225292
225293
225294
225341
225342
225343
225344
225345
225346
225347
225348
225349
225350
225351
225352
225353
225354
225401
225402
225403
225404
225405
225406
225407
225408
225409
225410
225411
225412
225413
225414
225461
225462
225463
225464
225465
225466
225467
225468
225469
225470
225471
225472
225473
225474
225521
225522
225523
225524
225525
225526
225527
225528
225529
225530
225531
225532
225533
225534
225581
225582
225583
225584
225585
225586
225587
225588
225589
225590
225591
225592
225593
225594
225641
225642
225643
225644
225645
225646
225647
225648
225649
225650
225651
225652
225653
225654
225701
225702
225703
225704
225705
225706
225707
225708
225709
225710
225711
225712
225713
225714
225761
225762
225763
225764
225765
225766
225767
225768
225769
225770
225771
225772
225773
225774
225821
225822
225823
225824
225825
225826
225827
225828
225829
225830
225831
225832
225833
225834
225881
225882
225883
225884
225885
225886
225887
225888
225889
225890
225891
225892
225893
225894
225941
225942
225943
225944
225945
225946
225947
225948
225949
225950
225951
225952
225953
225954
226001
226002
226003
226004
226005
226006
226007
226008
226009
226010
226011
226012
226013
226014
226061
226062
226063
226064
226065
226066
226067
226068
226069
226070
226071
226072
226073
226074
226121
226122
226123
226124
226125
226126
226127
226128
226129
226130
226131
226132
226133
226134
226181
226182
226183
226184
226185
226186
226187
226188
226189
226190
226191
226192
226193
226194
226241
226242
226243
226244
226245
226246
226247
226248
226249
226250
226251
226252
226253
226254
226301
226302
226303
226304
226305
226306
226307
226308
226309
226310
226311
226312
226313
226314
226361
226362
226363
226364
226365
226366
226367
226368
226369
226370
226371
226372
226373
226374
226421
226422
226423
226424
226425
226426
226427
226428
226429
226430
226431
226432
226433
226434
226481
226482
226483
226484
226485
226486
226487
226488
226489
226490
226491
226492
226493
226494
226541
226542
226543
226544
226545
226546
226547
226548
226549
226550
226551
226552
226553
226554
226601
226602
226603
226604
226605
226606
226607
226608
226609
226610
226611
226612
226613
226614
226661
226662
226663
226664
226665
226666
226667
226668
226669
226670
226671
226672
226673
226674
226721
226722
226723
226724
226725
226726
226727
226728
226729
226730
226731
226732
226733
226734
226781
226782
226783
226784
226785
226786
226787
226788
226789
226790
226791
226792
226793
226794
226841
226842
226843
226844
226845
226846
226847
226848
226849
226850
226851
226852
226853
226854
226901
226902
226903
226904
226905
226906
226907
226908
226909
226910
228292
228293
228294
228295
228296
228297
228298
228299
228300
228301
228302
228303
228304
228305
228306
228307
228308
228309
228310
228311
228312
228313
228354
228355
228356
228357
228358
228359
228360
228361
228362
228363
228364
228365
228366
228367
228368
228369
228370
228371
228372
228373
228374
228375
228416
228417
228418
228419
228420
228421
228422
228423
228424
228425
228426
228427
228428
228429
228478
228479
228480
228481
228482
228483
228484
228485
228486
228487
228488
228489
228490
228491
228531
228532
228533
228534
228535
228536
228537
228538
228539
228540
228541
228542
228543
228544
228584
228585
228586
228587
228588
228589
228590
228591
228592
228593
228594
228595
228596
228597
228637
228638
228639
228640
228641
228642
228643
228644
228645
228646
228647
228648
228649
228650
228690
228691
228692
228693
228694
228695
228696
228697
228698
228699
228700
228701
228702
228703
228743
228744
228745
228746
228747
228748
228749
228750
228751
228752
228753
228754
228755
228756
228796
228797
228798
228799
228800
228801
228802
228803
228804
228805
228806
228807
228808
228809
228849
228850
228851
228852
228853
228854
228855
228856
228857
228858
228859
228860
228861
228862
228902
228903
228904
228905
228906
228907
228908
228909
228910
228911
228912
228913
228914
228915
228955
228956
228957
228958
228959
228960
228961
228962
228963
228964
228965
228966
228967
228968
229008
229009
229010
229011
229012
229013
229014
229015
229016
229017
229018
229019
229020
229021
229061
229062
229063
229064
229065
229066
229067
229068
229069
229070
229071
229072
229073
229074
229114
229115
229116
229117
229118
229119
229120
229121
229122
229123
229124
229125
229126
229127
229167
229168
229169
229170
229171
229172
229173
229174
229175
229176
229177
229178
229179
229180
229220
229221
229222
229223
229224
229225
229226
229227
229228
229229
229230
229231
229232
229233
229273
229274
229275
229276
229277
229278
229279
229280
229281
229282
229283
229284
229285
229286
229326
229327
229328
229329
229330
229331
229332
229333
229334
229335
229336
229337
229338
229339
229379
229380
229381
229382
229383
229384
229385
229386
229387
229388
229389
229390
229391
229392
229432
229433
229434
229435
229436
229437
229438
229439
229440
229441
229442
229443
229444
229445
229485
229486
229487
229488
229489
229490
229491
229492
229493
229494
229495
229496
229497
229498
229538
229539
229540
229541
229542
229543
229544
229545
229546
229547
229548
229549
229550
229551
229591
229592
229593
229594
229595
229596
229597
229598
229599
229600
229601
229602
229603
229604
229644
229645
229646
229647
229648
229649
229650
229651
229652
229653
229654
229655
229656
229657
229697
229698
229699
229700
229701
229702
229703
229704
229705
229706
229707
229708
229709
229710
229750
229751
229752
229753
229754
229755
229756
229757
229758
229759
229760
229761
229762
229763
229803
229804
229805
229806
229807
229808
229809
229810
229811
229812
229813
229814
229815
229816
229856
229857
229858
229859
229860
229861
229862
229863
229864
229865
229866
229867
229868
229869
229909
229910
229911
229912
229913
229914
229915
229916
229917
229918
229919
229920
229921
229922
229962
229963
229964
229965
229966
229967
229968
229969
229970
229971
229972
229973
229974
229975
230015
230016
230017
230018
230019
230020
230021
230022
230023
230024
230025
230026
230027
230028
230068
230069
230070
230071
230072
230073
230074
230075
230076
230077
230078
230079
230080
230081
230121
230122
230123
230124
230125
230126
230127
230128
230129
230130
230131
230132
230133
230134
230174
230175
230176
230177
230178
230179
230180
230181
230182
230183
230184
230185
230186
230187
230227
230228
230229
230230
230231
230232
230233
230234
230235
230236
230237
230238
230239
230240
230280
230281
230282
230283
230284
230285
230286
230287
230288
230289
230290
230291
230292
230293
230333
230334
230335
230336
230337
230338
230339
230340
230341
230342
230343
230344
230345
230346
230386
230387
230388
230389
230390
230391
230392
230393
230394
230395
230396
230397
230398
230399
230439
230440
230441
230442
230443
230444
230445
230446
230447
230448
230449
230450
230451
230452
230492
230493
230494
230495
230496
230497
230498
230499
230500
230501
230502
230503
230504
230505
230545
230546
230547
230548
230549
230550
230551
230552
230553
230554
230555
230556
230557
230558
230598
230599
230600
230601
230602
230603
230604
230605
230606
230607
230608
230609
230610
230611
230651
230652
230653
230654
230655
230656
230657
230658
230659
230660
230661
230662
230663
230664
230704
230705
230706
230707
230708
230709
230710
230711
230712
230713
230714
230715
230716
230717
230757
230758
230759
230760
230761
230762
230763
230764
230765
230766
230767
230768
230769
230770
230810
230811
230812
230813
230814
230815
230816
230817
230818
230819
230820
230821
230822
230823
230863
230864
230865
230866
230867
230868
230869
230870
230871
230872
230873
230874
230875
230876
230916
230917
230918
230919
230920
230921
230922
230923
230924
230925
230926
230927
230928
230929
230969
230970
230971
230972
230973
230974
230975
230976
230977
230978
230979
230980
230981
230982
232269
232270
232271
232272
232273
232274
232275
232276
232277
232278
232279
232280
232281
232282
232283
232284
232285
232286
232287
232288
232289
232290
232331
232332
232333
232334
232335
232336
232337
232338
232339
232340
232341
232342
232343
232344
232345
232346
232347
232348
232349
232350
232351
232352
232393
232394
232395
232396
232397
232398
232399
232400
232401
232402
232403
232404
232405
232406
232455
232456
232457
232458
232459
232460
232461
232462
232463
232464
232465
232466
232467
232468
232517
232518
232519
232520
232521
232522
232523
232524
232525
232526
232527
232528
232529
232530
232579
232580
232581
232582
232583
232584
232585
232586
232587
232588
232589
232590
232591
232592
232641
232642
232643
232644
232645
232646
232647
232648
232649
232650
232651
232652
232653
232654
232703
232704
232705
232706
232707
232708
232709
232710
232711
232712
232713
232714
232715
232716
232765
232766
232767
232768
232769
232770
232771
232772
232773
232774
232775
232776
232777
232778
232827
232828
232829
232830
232831
232832
232833
232834
232835
232836
232837
232838
232839
232840
232889
232890
232891
232892
232893
232894
232895
232896
232897
232898
232899
232900
232901
232902
232951
232952
232953
232954
232955
232956
232957
232958
232959
232960
232961
232962
232963
232964
233013
233014
233015
233016
233017
233018
233019
233020
233021
233022
233023
233024
233025
233026
233075
233076
233077
233078
233079
233080
233081
233082
233083
233084
233085
233086
233087
233088
233137
233138
233139
233140
233141
233142
233143
233144
233145
233146
233147
233148
233149
233150
233199
233200
233201
233202
233203
233204
233205
233206
233207
233208
233209
233210
233211
233212
233261
233262
233263
233264
233265
233266
233267
233268
233269
233270
233271
233272
233273
233274
233323
233324
233325
233326
233327
233328
233329
233330
233331
233332
233333
233334
233335
233336
233385
233386
233387
233388
233389
233390
233391
233392
233393
233394
233395
233396
233397
233398
233447
233448
233449
233450
233451
233452
233453
233454
233455
233456
233457
233458
233459
233460
233509
233510
233511
233512
233513
233514
233515
233516
233517
233518
233519
233520
233521
233522
233571
233572
233573
233574
233575
233576
233577
233578
233579
233580
233581
233582
233583
233584
233633
233634
233635
233636
233637
233638
233639
233640
233641
233642
233643
233644
233645
233646
233695
233696
233697
233698
233699
233700
233701
233702
233703
233704
233705
233706
233707
233708
233757
233758
233759
233760
233761
233762
233763
233764
233765
233766
233767
233768
233769
233770
233819
233820
233821
233822
233823
233824
233825
233826
233827
233828
233829
233830
233831
233832
233881
233882
233883
233884
233885
233886
233887
233888
233889
233890
233891
233892
233893
233894
233943
233944
233945
233946
233947
233948
233949
233950
233951
233952
233953
233954
233955
233956
234005
234006
234007
234008
234009
234010
234011
234012
234013
234014
234015
234016
234017
234018
234067
234068
234069
234070
234071
234072
234073
234074
234075
234076
234077
234078
234079
234080
234129
234130
234131
234132
234133
234134
234135
234136
234137
234138
234139
234140
234141
234142
234191
234192
234193
234194
234195
234196
234197
234198
234199
234200
234201
234202
234203
234204
234253
234254
234255
234256
234257
234258
234259
234260
234261
234262
234263
234264
234265
234266
234315
234316
234317
234318
234319
234320
234321
234322
234323
234324
234325
234326
234327
234328
234377
234378
234379
234380
234381
234382
234383
234384
234385
234386
234387
234388
234389
234390
234439
234440
234441
234442
234443
234444
234445
234446
234447
234448
234449
234450
234451
234452
234501
234502
234503
234504
234505
234506
234507
234508
234509
234510
234511
234512
234513
234514
234563
234564
234565
234566
234567
234568
234569
234570
234571
234572
234573
234574
234575
234576
234625
234626
234627
234628
234629
234630
234631
234632
234633
234634
234635
234636
234637
234638
234687
234688
234689
234690
234691
234692
234693
234694
234695
234696
234697
234698
234699
234700
234749
234750
234751
234752
234753
234754
234755
234756
234757
234758
234759
234760
234761
234762
234811
234812
234813
234814
234815
234816
234817
234818
234819
234820
234821
234822
234823
234824
234873
234874
234875
234876
234877
234878
234879
234880
234881
234882
234883
234884
234885
234886
234935
234936
234937
234938
234939
234940
234941
234942
234943
234944
234945
234946
234947
234948
234997
234998
234999
235000
235001
235002
235003
235004
235005
235006
235007
235008
235009
235010
235059
235060
235061
235062
235063
235064
235065
235066
235067
235068
235069
235070
235071
235072
235121
235122
235123
235124
235125
235126
235127
235128
235129
235130
235131
235132
235133
235134
235183
235184
235185
235186
235187
235188
235189
235190
235191
235192
235193
235194
235195
235196
235245
235246
235247
235248
235249
235250
235251
235252
235253
235254
235255
235256
235257
235258
235307
235308
235309
235310
235311
235312
235313
235314
235315
235316
235317
235318
235319
235320
235369
235370
235371
235372
235373
235374
235375
235376
235377
235378
235379
235380
235381
235382
236795
236796
236797
236798
236799
236800
236801
236802
236803
236804
236805
236806
236807
236808
236809
236810
236811
236812
236813
236814
236815
236816
236857
236858
236859
236860
236861
236862
236863
236864
236865
236866
236867
236868
236869
236870
236871
236872
236873
236874
236875
236876
236877
236878
236919
236920
236921
236922
236923
236924
236925
236926
236927
236928
236929
236930
236931
236932
236933
236934
236935
236936
236937
236938
236939
236940
236981
236982
236983
236984
236985
236986
236987
236988
236989
236990
236991
236992
236993
236994
236995
236996
236997
236998
236999
237000
237001
237002
237003
237004
237043
237044
237045
237046
237047
237048
237049
237050
237051
237052
237053
237054
237055
237056
237057
237058
237059
237060
237061
237062
237063
237064
237065
237066
237067
237105
237106
237107
237108
237109
237110
237111
237112
237113
237114
237115
237116
237117
237118
237119
237120
237121
237122
237123
237124
237125
237126
237127
237128
237129
237167
237168
237169
237170
237171
237172
237173
237174
237175
237176
237177
237178
237179
237180
237181
237182
237183
237184
237185
237186
237187
237188
237189
237190
237191
237229
237230
237231
237232
237233
237234
237235
237236
237237
237238
237239
237240
237241
237242
237243
237244
237245
237246
237247
237248
237249
237250
237251
237252
237253
237291
237292
237293
237294
237295
237296
237297
237298
237299
237300
237301
237302
237303
237304
237305
237306
237307
237308
237309
237310
237311
237312
237313
237314
237315
237353
237354
237355
237356
237357
237358
237359
237360
237361
237362
237363
237364
237365
237366
237367
237368
237369
237370
237371
237372
237373
237374
237375
237376
237377
237415
237416
237417
237418
237419
237420
237421
237422
237423
237424
237425
237426
237427
237428
237429
237430
237431
237432
237433
237434
237435
237436
237437
237438
237439
237477
237478
237479
237480
237481
237482
237483
237484
237485
237486
237487
237488
237489
237490
237491
237492
237493
237494
237495
237496
237497
237498
237499
237500
237501
237539
237540
237541
237542
237543
237544
237545
237546
237547
237548
237549
237550
237551
237552
237553
237554
237555
237556
237557
237558
237559
237560
237561
237562
237563
237601
237602
237603
237604
237605
237606
237607
237608
237609
237610
237611
237612
237613
237614
237615
237616
237617
237618
237619
237620
237621
237622
237623
237624
237625
237663
237664
237665
237666
237667
237668
237669
237670
237671
237672
237673
237674
237675
237676
237677
237678
237679
237680
237681
237682
237683
237684
237685
237686
237687
237725
237726
237727
237728
237729
237730
237731
237732
237733
237734
237735
237736
237737
237738
237739
237740
237741
237742
237743
237744
237745
237746
237747
237748
237749
237787
237788
237789
237790
237791
237792
237793
237794
237795
237796
237797
237798
237799
237800
237801
237802
237803
237804
237805
237806
237807
237808
237809
237810
237811
237849
237850
237851
237852
237853
237854
237855
237856
237857
237858
237859
237860
237861
237862
237863
237864
237865
237866
237867
237868
237869
237870
237871
237872
237873
237911
237912
237913
237914
237915
237916
237917
237918
237919
237920
237921
237922
237923
237924
237925
237926
237927
237928
237929
237930
237931
237932
237933
237934
237935
237973
237974
237975
237976
237977
237978
237979
237980
237981
237982
237983
237984
237985
237986
237987
237988
237989
237990
237991
237992
237993
237994
237995
237996
237997
238035
238036
238037
238038
238039
238040
238041
238042
238043
238044
238045
238046
238047
238048
238049
238050
238051
238052
238053
238054
238055
238056
238057
238058
238059
238097
238098
238099
238100
238101
238102
238103
238104
238105
238106
238107
238108
238109
238110
238111
238112
238113
238114
238115
238116
238117
238118
238119
238120
238121
238159
238160
238161
238162
238163
238164
238165
238166
238167
238168
238169
238170
238171
238172
238173
238174
238175
238176
238177
238178
238179
238180
238181
238182
238183
238221
238222
238223
238224
238225
238226
238227
238228
238229
238230
238231
238232
238233
238234
238235
238236
238237
238238
238239
238240
238241
238242
238243
238244
238245
238283
238284
238285
238286
238287
238288
238289
238290
238291
238292
238293
238294
238295
238296
238297
238298
238299
238300
238301
238302
238303
238304
238305
238306
238307
238345
238346
238347
238348
238349
238350
238351
238352
238353
238354
238355
238356
238357
238358
238359
238360
238361
238362
238363
238364
238365
238366
238367
238368
238369
238407
238408
238409
238410
238411
238412
238413
238414
238415
238416
238417
238418
238419
238420
238421
238422
238423
238424
238425
238426
238427
238428
238429
238430
238431
238469
238470
238471
238472
238473
238474
238475
238476
238477
238478
238479
238480
238481
238482
238483
238484
238485
238486
238487
238488
238489
238490
238491
238492
238493
238531
238532
238533
238534
238535
238536
238537
238538
238539
238540
238541
238542
238543
238544
238545
238546
238547
238548
238549
238550
238551
238552
238553
238554
238555
238593
238594
238595
238596
238597
238598
238599
238600
238601
238602
238603
238604
238605
238606
238607
238608
238609
238610
238611
238612
238613
238614
238615
238616
238617
238655
238656
238657
238658
238659
238660
238661
238662
238663
238664
238665
238666
238667
238668
238669
238670
238671
238672
238673
238674
238675
238676
238677
238678
238679
238717
238718
238719
238720
238721
238722
238723
238724
238725
238726
238727
238728
238729
238730
238731
238732
238733
238734
238735
238736
238737
238738
238739
238740
238741
238779
238780
238781
238782
238783
238784
238785
238786
238787
238788
238789
238790
238791
238792
238793
238794
238795
238796
238797
238798
238799
238800
238801
238802
238803
238841
238842
238843
238844
238845
238846
238847
238848
238849
238850
238851
238852
238853
238854
238855
238856
238857
238858
238859
238860
238861
238862
238863
238864
238865
238903
238904
238905
238906
238907
238908
238909
238910
238911
238912
238913
238914
238915
238916
238917
238918
238919
238920
238921
238922
238923
238924
238925
238926
238927
238965
238966
238967
238968
238969
238970
238971
238972
238973
238974
238975
238976
238977
238978
238979
238980
238981
238982
238983
238984
238985
238986
238987
238988
238989
239027
239028
239029
239030
239031
239032
239033
239034
239035
239036
239037
239038
239039
239040
239041
239042
239043
239044
239045
239046
239047
239048
239049
239050
239051
239089
239090
239091
239092
239093
239094
239095
239096
239097
239098
239099
239100
239101
239102
239103
239104
239105
239106
239107
239108
239109
239110
239111
239112
239113
239151
239152
239153
239154
239155
239156
239157
239158
239159
239160
239161
239162
239163
239164
239165
239166
239167
239168
239169
239170
239171
239172
239173
239174
239175
239213
239214
239215
239216
239217
239218
239219
239220
239221
239222
239223
239224
239225
239226
239227
239228
239229
239230
239231
239232
239233
239234
239235
239236
239237
239275
239276
239277
239278
239279
239280
239281
239282
239283
239284
239285
239286
239287
239288
239289
239290
239291
239292
239293
239294
239295
239296
239297
239298
239299
239337
239338
239339
239340
239341
239342
239343
239344
239345
239346
239347
239348
239349
239350
239351
239352
239353
239354
239355
239356
239357
239358
239359
239360
239361
239399
239400
239401
239402
239403
239404
239405
239406
239407
239408
239409
239410
239411
239412
239413
239414
239415
239416
239417
239418
239419
239420
239421
239422
239423
239461
239462
239463
239464
239465
239466
239467
239468
239469
239470
239471
239472
239473
239474
239475
239476
239477
239478
239479
239480
239481
239482
239483
239484
239485
239523
239524
239525
239526
239527
239528
239529
239530
239531
239532
239533
239534
239535
239536
239537
239538
239539
239540
239541
239542
239543
239544
239545
239546
239547
239585
239586
239587
239588
239589
239590
239591
239592
239593
239594
239595
239596
239597
239598
239599
239600
239601
239602
239603
239604
239605
239606
239607
239608
239609
239647
239648
239649
239650
239651
239652
239653
239654
239655
239656
239657
239658
239659
239660
239661
239662
239663
239664
239665
239666
239667
239668
239669
239670
239671
239709
239710
239711
239712
239713
239714
239715
239716
239717
239718
239719
239720
239721
239722
239723
239724
239725
239726
239727
239728
239729
239730
239731
239732
239733
239771
239772
239773
239774
239775
239776
239777
239778
239779
239780
239781
239782
239783
239784
239785
239786
239787
239788
239789
239790
239791
239792
239793
239794
239795
239833
239834
239835
239836
239837
239838
239839
239840
239841
239842
239843
239844
239845
239846
239847
239848
239849
239850
239851
239852
239853
239854
239855
239856
239857
239895
239896
239897
239898
239899
239900
239901
239902
239903
239904
239905
239906
239907
239908
239909
239910
239911
239912
239913
239914
239915
239916
239917
239918
239919
239971
239972
239973
239974
239975
239976
239977
239978
239979
239980
239981
240033
240034
240035
240036
240037
240038
240039
240040
240041
240042
240043
240095
240096
240097
240098
240099
240100
240101
240102
240103
240104
240105
240157
240158
240159
240160
240161
240162
240163
240164
240165
240166
240167
240219
240220
240221
240222
240223
240224
240225
240226
240227
240228
240229
240282
240283
240284
240285
240286
240287
240288
240289
240290
240291
240345
240346
240347
240348
240349
240350
240351
240352
240353
240407
240408
240409
240410
240411
240412
240413
240414
240415
240469
240470
240471
240472
240473
240474
240475
240476
240477
240531
240532
240533
240534
240535
240536
240537
240538
240539
240593
240594
240595
240596
240597
240598
240599
240600
240601
240655
240656
240657
240658
240717
240718
240719
240720
240780
240781
240782
)


// ************************************************************************* //
